username,total_posts,total_views,political_posts,electoral_posts,military_posts,economy_posts,religion_posts,international_posts,political_views,electoral_views,military_views,economy_views,religion_views,international_views
A3Noticias,25,111160,0,0,0,0,0,0,0,0,0,0,0,0
A4PRODUCTION_TG,12,55616,0,0,0,0,0,0,0,0,0,0,0,0
A4omg,115,29130400,0,0,0,0,0,0,0,0,0,0,0,0
A5ssa,2,0,0,0,0,0,0,0,0,0,0,0,0,0
AAMO26SK,2,161,0,0,0,0,0,0,0,0,0,0,0,0
AAPGujaratOfficial,19,5941,0,0,0,0,0,0,0,0,0,0,0,0
ABSOLUTELY_ABSTRACT_BLONDE,4,5319,0,0,0,0,0,0,0,0,0,0,0,0
ABesNews,38,36736,0,0,0,0,1,0,0,0,0,0,1800,0
ACRains,31,202896,1,0,0,0,3,0,3830,0,0,0,11910,0
ACityThatSmog,23,69958,1,0,0,0,0,0,3850,0,0,0,0,0
ADRA_SDC,1,1500,0,0,0,0,0,0,0,0,0,0,0,0
AFUStratCom,131,1304856,1,0,0,0,0,0,5510,0,0,0,0,0
AGStakhanov,11,9318,0,0,0,0,0,0,0,0,0,0,0,0
AG_DPR,15,196490,0,0,0,0,0,0,0,0,0,0,0,0
AJalife,55,313564,0,0,0,0,0,0,0,0,0,0,0,0
ALBORZ,3,1054,0,0,0,0,0,0,0,0,0,0,0,0
ALKORN_life,1,1570,0,0,0,0,0,0,0,0,0,0,0,0
ALTER_NATIV,14,2001,0,0,0,0,0,0,0,0,0,0,0,0
ALYEMENNETV,764,407870,0,0,0,0,0,0,0,0,0,0,0,0
AMANATPartiyasy,17,3628,0,0,0,0,0,0,0,0,0,0,0,0
AMGaranin,9,10136,0,0,0,0,0,0,0,0,0,0,0,0
AMolotnikov2020,22,51239,0,0,0,0,0,0,0,0,0,0,0,0
ANDUZBEK,20,35145,0,0,0,0,0,0,0,0,0,0,0,0
ANGRENLIKLAR,4,1050,0,0,0,0,0,0,0,0,0,0,0,0
ANKVIDEO,11,51353,0,0,0,0,0,0,0,0,0,0,0,0
ANMTarnoldmyotint,17,39160,0,0,0,0,0,0,0,0,0,0,0,0
ANRed,3,209,0,0,0,0,0,0,0,0,0,0,0,0
ANTIPYTKI138,3,3730,0,0,0,0,0,0,0,0,0,0,0,0
AO_Hududgaztaminot,11,27989,0,0,0,0,0,0,0,0,0,0,0,0
APCyabloko,2,902,0,0,0,0,0,0,0,0,0,0,0,0
APDevyatov,39,151749,1,0,0,1,0,0,1310,0,0,3670,0,0
APKMQ,41,1050900,0,0,0,0,0,0,0,0,0,0,0,0
APSMAGIC,3,2493,0,0,0,0,0,0,0,0,0,0,0,0
AQYNDAR,3,1440,0,0,0,0,0,0,0,0,0,0,0,0
ARCconstruction,18,25340,5,0,0,0,0,0,7080,0,0,0,0,0
ARMARUSSIA1,2,5240,1,0,0,0,0,0,2250,0,0,0,0,0
ASFAR9920,17,57865,0,0,0,0,0,0,0,0,0,0,0,0
ASGasparyan,2301,120101481,66,0,1,9,9,0,3236500,0,51900,450700,526200,0
ASHERprod,9,13133,0,0,0,0,0,0,0,0,0,0,0,0
ASI_RU,9,8035,0,0,0,0,0,0,0,0,0,0,0,0
ASMRbykos,2,13740,0,0,0,0,0,0,0,0,0,0,0,0
ASOYROJHELAT,33,43835,0,0,0,0,0,0,0,0,0,0,0,0
ASerikov,3,4306,1,0,0,0,0,0,1430,0,0,0,0,0
ASupersharij,8826,8180739400,600,0,0,17,10,0,547634400,0,0,16273000,9297000,0
ATL_IS_DEAD,29,1968299,0,0,0,0,0,0,0,0,0,0,0,0
ATROTV,3,364,0,0,0,0,0,0,0,0,0,0,0,0
ATR_Crimea,3,781,0,0,0,0,0,0,0,0,0,0,0,0
ATV_BAIKAL,62,187332,5,0,0,0,0,0,10764,0,0,0,0,0
AUDITIONBOYSS,4,88,0,0,0,0,0,0,0,0,0,0,0,0
AUGC_COMUNICA,18,18709,0,0,0,0,0,0,0,0,0,0,0,0
AV77777AV,43,303820,0,0,0,0,0,0,0,0,0,0,0,0
AVATODAYDollar,217,6676444,0,0,0,0,0,0,0,0,0,0,0,0
AZcsgo,9,2391,0,0,0,0,0,0,0,0,0,0,0,0
AZweatherAZswfc,47,715254,0,0,0,0,0,0,0,0,0,0,0,0
A_S_Sukonkin,18,231509,0,0,0,0,0,0,0,0,0,0,0,0
A_purm,40,70858,0,0,0,0,0,0,0,0,0,0,0,0
AavaNews,1,695,0,0,0,0,0,0,0,0,0,0,0,0
Aazhich,31,47499,0,0,0,0,0,0,0,0,0,0,0,0
Ab_book,22,24437,0,0,0,0,0,0,0,0,0,0,0,0
Abakan_true,51,304785,1,0,0,0,0,0,18400,0,0,0,0,0
Abbasdjuma,33,327920,0,0,0,0,0,0,0,0,0,0,0,0
AbdiMedia,36,771030,0,0,0,0,0,0,0,0,0,0,0,0
Abdrasheva_FM,21,44280,0,0,0,0,0,0,0,0,0,0,0,0
Abdugaforrr,3,31130,0,0,0,0,0,0,0,0,0,0,0,0
AbdulboriyQodirov,6,5315,0,0,0,0,0,0,0,0,0,0,0,0
Abdurazzoq_Khanov,15,225660,0,0,0,0,0,0,0,0,0,0,0,0
AbiyAhmedAliofficial,113,4423799,0,0,0,0,0,0,0,0,0,0,0,0
About_the_War_in_Ukraine,1,33,0,0,0,0,0,0,0,0,0,0,0,0
AbyssiniaMedia,2,0,0,0,0,0,0,0,0,0,0,0,0,0
Achinsk2018_Zheleznogorsk,44,62,2,0,0,0,0,0,3,0,0,0,0,0
Achinsk_true,49,382780,1,0,0,0,0,0,7410,0,0,0,0,0
ActualNewsUz,23,77197,0,0,0,0,0,0,0,0,0,0,0,0
Adam_Gold,36,638800,0,0,0,0,0,0,0,0,0,0,0,0
Addis_Reporter,74,326933,0,0,0,0,0,0,0,0,0,0,0,0
AdskayaRuletkaLIVE,32,360500,1,0,0,0,0,0,3440,0,0,0,0,0
AdskiyDrochila123,12,22530,0,0,0,0,0,0,0,0,0,0,0,0
Adushkinaa,57,2193850,0,0,0,0,0,0,0,0,0,0,0,0
AehamLM,5,899,0,0,0,0,0,0,0,0,0,0,0,0
Aekaposhchat,50,666572,1,0,0,0,0,0,13000,0,0,0,0,0
Afghanembassy,1,1540,0,0,0,0,0,0,0,0,0,0,0,0
AfghanistanInternational_2,36,66978,0,0,0,0,0,0,0,0,0,0,0,0
AfghanistanLatest,114,8261,0,0,0,0,0,0,0,0,0,0,0,0
AfrikantovaM,12,278200,0,0,0,0,0,0,0,0,0,0,0,0
Afsha_News_iR,2616,26587817,0,0,0,0,0,0,0,0,0,0,0,0
AfterShock_News,20,59170,1,0,0,0,0,0,2400,0,0,0,0,0
AgataMucenieceLife,26,1713300,0,0,0,0,0,0,0,0,0,0,0,0
Agdchan,48,1153530,1,0,0,0,0,0,4890,0,0,0,0,0
AgeofAquariusuncensored,38,691180,1,0,0,0,0,0,33300,0,0,0,0,0
Agitblog,448,13123680,3,0,0,0,2,0,70100,0,0,0,62300,0
Ags_Donbass,9561,236813378,138,0,1,13,9,0,2929330,0,22100,309200,152740,0
Ags_Donbassa_Rezerv,23,113080,0,0,0,0,0,0,0,0,0,0,0,0
AharEmroz,28,6019,0,0,0,0,0,0,0,0,0,0,0,0
AharNews,60,143451,0,0,0,0,0,0,0,0,0,0,0,0
AiFHab,12,27760,0,0,0,0,0,0,0,0,0,0,0,0
Airborne1126,13,31997,0,0,0,0,0,0,0,0,0,0,0,0
AjaNews,39514,2142467546,0,0,0,0,0,0,0,0,0,0,0,0
Akak1yYT,38,160830,0,0,0,0,0,0,0,0,0,0,0,0
Akhbar100,23,11106,0,0,0,0,0,0,0,0,0,0,0,0
AkhbarMasr,48,203900,0,0,0,0,0,0,0,0,0,0,0,0
Akhbaretap,287,5086,0,0,0,0,0,0,0,0,0,0,0,0
AkhboriTojikiston,24,74224,0,0,0,0,0,0,0,0,0,0,0,0
AkhmatsilaVZ,16,139996,0,0,0,0,0,0,0,0,0,0,0,0
AkkermanOfficial,6,17690,0,0,0,0,0,0,0,0,0,0,0,0
Aksakov_online,7,935,1,0,0,0,0,0,187,0,0,0,0,0
Aksenov82,156,12296840,0,0,0,0,1,0,0,0,0,0,36500,0
Aktanysh_Tatarstan,5,396,0,0,0,0,0,0,0,0,0,0,0,0
Al_thawaq,6475,122662891,0,0,0,0,0,0,0,0,0,0,0,0
Alahly29,38,75038,0,0,0,0,0,0,0,0,0,0,0,0
AlanMamiati,58,644580,1,0,0,0,0,0,17200,0,0,0,0,0
AlaniaDaily,1,1,0,0,0,0,0,0,0,0,0,0,0,0
AlaviShahed,34,23940,0,0,0,0,0,0,0,0,0,0,0,0
Alberto_Rodriguez,4,579,0,0,0,0,0,0,0,0,0,0,0,0
AlbinaDzhanabaevaOfficial,6,24590,0,0,0,0,0,0,0,0,0,0,0,0
AlborzChannel,2,2470,0,0,0,0,0,0,0,0,0,0,0,0
Alekhin_Telega,76,1771951,4,0,0,1,0,0,63390,0,0,29300,0,0
AleksBessonov,25,462780,1,0,0,0,0,0,11100,0,0,0,0,0
Aleksa_Daycheva,7,83980,0,0,0,0,0,0,0,0,0,0,0,0
AleksandrBobylev,19,62065,0,0,0,0,0,0,0,0,0,0,0,0
AleksandrSemchenko,4699,281816478,55,0,0,15,46,1,3330100,0,0,997800,2722700,64800
AleksandraStepanova95,32,229560,0,0,0,0,0,0,0,0,0,0,0,0
AlekseevDNS,23,566539,0,0,0,0,0,0,0,0,0,0,0,0
AlekseyMukhin,20,31806,0,0,0,1,0,0,0,0,0,717,0,0
AlenaFMG,27,17845,0,0,0,0,0,0,0,0,0,0,0,0
Aleshkovski,2,8130,0,0,0,0,0,0,0,0,0,0,0,0
AlexCarrier,20,962200,0,0,0,0,0,0,0,0,0,0,0,0
AlexWeakly,21,1866,0,0,0,0,0,0,0,0,0,0,0,0
AlexanderEmelianenko,56,377761,0,0,0,0,0,0,0,0,0,0,0,0
Alexander_Nevzorov_m,23,174,0,0,0,0,0,0,0,0,0,0,0,0
AlexeiVoron,10,9139,0,0,0,0,0,0,0,0,0,0,0,0
AlexeyErlikh,2,3820,0,0,0,0,0,0,0,0,0,0,0,0
AlexeyZhuravko,28,410470,0,0,0,0,3,0,0,0,0,0,23750,0
Alferovayulya,10,2507,0,0,0,0,0,0,0,0,0,0,0,0
AlfredKoh_1,38,126060,11,0,0,2,0,0,38730,0,0,8140,0,0
AliEgamberdiyev,25,236,0,0,0,0,0,0,0,0,0,0,0,0
AliRahmon2020,3,2103,0,0,0,0,0,0,0,0,0,0,0,0
Ali_Nikzad_samarein,30,2137,0,0,0,0,0,0,0,0,0,0,0,0
Alimofflive,20,79010,0,0,0,0,0,0,0,0,0,0,0,0
AllesAusserMainstream,997,14638388,0,0,0,0,0,0,0,0,0,0,0,0
AlmaneNazi,31,197935,0,0,0,0,0,0,0,0,0,0,0,0
AloyaVeraClub,38,1080720,0,0,0,0,0,0,0,0,0,0,0,0
Alqodsona,1,17,0,0,0,0,0,0,0,0,0,0,0,0
AltSkull48,25,90910,0,0,0,0,0,0,0,0,0,0,0,0
Alviseperez,736,110742800,0,0,0,0,0,0,0,0,0,0,0,0
AmRenOfficial,30,102477,0,0,0,0,0,0,0,0,0,0,0,0
AmanatAtok,15,26690,0,0,0,0,0,0,0,0,0,0,0,0
Amaztalks,29,64300,0,0,0,0,0,0,0,0,0,0,0,0
America_News_USA,23,211,0,0,0,0,0,0,0,0,0,0,0,0
Americana_ir,20,22161,0,0,0,0,0,0,0,0,0,0,0,0
AmharaMassMedia,250,826843,0,0,0,0,0,0,0,0,0,0,0,0
Amichai_Chikli,34,81446,0,0,0,0,0,0,0,0,0,0,0,0
Amikiri_AL,15,11956,0,0,0,0,0,0,0,0,0,0,0,0
Amini_Yek_kalameh,20,22529,0,0,0,0,0,0,0,0,0,0,0,0
AmirHossein_injast,210,2966419,0,0,0,0,0,0,0,0,0,0,0,0
AmirTaheri4,23,86970,0,0,0,0,0,0,0,0,0,0,0,0
AmurInfo_news,57,422716,0,0,0,0,0,0,0,0,0,0,0,0
Amur_Inside,17,23233,1,0,0,0,0,0,1070,0,0,0,0,0
Amur_telega,18,15984,0,0,0,0,0,0,0,0,0,0,0,0
AnarProstoSuperOriginal,4,32960,0,0,0,0,0,0,0,0,0,0,0,0
Anatoly_Fursov,8,90660,1,0,0,0,0,0,12000,0,0,0,0,0
AndijanBugun_Andijonliklar,2539,21533839,0,0,0,0,0,0,0,0,0,0,0,0
Andijon,62,614350,0,0,0,0,0,0,0,0,0,0,0,0
AndijonRadarReyd,24,29880,1,0,0,0,0,0,2260,0,0,0,0,0
Andijonliklar_Bugun_Axli,2,4010,0,0,0,0,0,0,0,0,0,0,0,0
Andijonliklar_TV,2382,29835150,0,0,0,0,0,0,0,0,0,0,0,0
Andrafanaslive,23,324577,0,0,0,0,0,0,0,0,0,0,0,0
Andreev_actor,16,157844,0,0,0,0,0,0,0,0,0,0,0,0
Andrejanonestelegram,64,547429,0,0,0,0,0,0,0,0,0,0,0,0
AndreyArmand,24,10827,2,0,0,0,0,0,1071,0,0,0,0,0
AndreyDevyatov,50,2134580,1,0,0,1,5,0,40200,0,0,60800,304400,0
AndreyMalginItalia,25,167580,1,0,0,0,0,0,7030,0,0,0,0,0
AndreySpasatel,9,82640,0,0,0,0,0,0,0,0,0,0,0,0
AngarskNews,32,99855,0,0,0,0,0,0,0,0,0,0,0,0
Angarsk_true,45,238990,5,0,0,0,0,0,21900,0,0,0,0,0
AnginNusantaraOfficial,24,6737,0,0,0,0,0,0,0,0,0,0,0,0
AniLibriaLupin,33,71018,0,0,0,0,0,0,0,0,0,0,0,0
AnimalsQuotes,19,399900,0,0,0,0,0,0,0,0,0,0,0,0
AnimeNewsIran,13,4990,0,0,0,0,0,0,0,0,0,0,0,0
AnjomanEslami_SU,14,1376,0,0,0,0,0,0,0,0,0,0,0,0
AnnVandersteelTruth,30,74210,0,0,0,0,0,0,0,0,0,0,0,0
Ann_Margera,14,62930,0,0,0,0,0,0,0,0,0,0,0,0
AnnaKnishenkoRT,18,646417,0,0,0,0,0,0,0,0,0,0,0,0
AnnaRose0102,9,3602,1,0,0,0,0,0,289,0,0,0,0,0
Anna_Jurjevna,8,3697,0,0,0,0,0,0,0,0,0,0,0,0
Anna_akinina,153,35514,1,0,0,0,0,0,143,0,0,0,0,0
AnsChM,32,43574,0,0,0,0,0,0,0,0,0,0,0,0
AnsaNewsIT,33,49307,0,0,0,0,0,0,0,0,0,0,0,0
Anticor_Kharkov,1,677,0,0,0,0,0,0,0,0,0,0,0,0
AntifaPublicWatch,25,41460,0,0,0,0,0,0,0,0,0,0,0,0
Antiglobalist1,28,9455,2,0,0,0,0,0,542,0,0,0,0,0
Antikor_UA,72,138673,2,0,0,0,0,0,4280,0,0,0,0,0
AntonPrednaznachenie,1,7600,0,0,0,0,0,0,0,0,0,0,0,0
AntonShagin,26,123700,0,0,0,0,0,0,0,0,0,0,0,0
Anuar_nurpeisov,1,1930,0,0,0,0,0,0,0,0,0,0,0,0
AnyaKurbat,11,36320,0,0,0,0,0,0,0,0,0,0,0,0
AoMurmansk,13,18810,0,0,0,0,0,0,0,0,0,0,0,0
AosFatos,32,18366,0,0,0,0,0,0,0,0,0,0,0,0
Apaladon,3,7320,0,0,0,0,0,0,0,0,0,0,0,0
AppDoDo,49,297670,0,0,0,0,0,0,0,0,0,0,0,0
AppleStas,21,47962,1,0,0,0,0,0,2990,0,0,0,0,0
ApsaraMediaServices,128,53318,0,0,0,0,0,0,0,0,0,0,0,0
AptiAlaudinovAKHMAT,73,2730170,3,0,0,0,0,0,111700,0,0,0,0,0
Aq701,93,994701,0,0,0,0,0,0,0,0,0,0,0,0
Aqmangituz,6,5136,0,0,0,0,0,0,0,0,0,0,0,0
Arakihai,20,59740,0,0,0,0,0,0,0,0,0,0,0,0
AramanNews,22,5749,0,0,0,0,0,0,0,0,0,0,0,0
Arbuzov_S,4,4930,0,0,0,0,0,0,0,0,0,0,0,0
ArcelorMittal_Ua,22,71110,0,0,0,0,0,0,0,0,0,0,0,0
Archet,24,139619,0,0,0,0,0,0,0,0,0,0,0,0
Arctik_Obline,1,19,0,0,0,0,0,0,0,0,0,0,0,0
AreaOutlawys,7,631,0,0,0,0,0,0,0,0,0,0,0,0
Areefshaltakh,65,39560,0,0,0,0,0,0,0,0,0,0,0,0
Arhangelsk_crazy,49,682600,0,0,0,0,0,0,0,0,0,0,0,0
Arhangelsk_podslushal,51,960900,0,0,0,0,0,0,0,0,0,0,0,0
Arhipovadarya,26,280050,1,0,0,0,0,0,11200,0,0,0,0,0
Arhyz24,17,9101,0,0,0,0,0,0,0,0,0,0,0,0
Ariana_TV,21,5056,0,0,0,0,0,0,0,0,0,0,0,0
Arijinal,27,53160,1,0,0,0,0,0,5000,0,0,0,0,0
ArizonaAuditLiveFeeds,40,11802,0,0,0,0,0,0,0,0,0,0,0,0
ArkHelps,284,2301669,12,0,0,0,0,0,99820,0,0,0,0,0
Arkhangelsk_peace,41,324480,0,0,0,0,0,0,0,0,0,0,0,0
ArmavirCHP,19,54130,0,0,0,0,0,0,0,0,0,0,0,0
Armavir_true,45,246430,0,0,0,0,0,0,0,0,0,0,0,0
ArmenSarkissian,1,2230,0,0,0,0,0,0,0,0,0,0,0,0
Armen_Gevorgyan,2,2610,0,0,0,0,0,0,0,0,0,0,0,0
Armeniaembassy,10,4269,0,0,0,0,0,0,0,0,0,0,0,0
ArmenianVendetta,44,251127,2,0,0,0,0,0,10940,0,0,0,0,0
Armenian_Diaspora,3,6720,0,0,0,0,0,0,0,0,0,0,0,0
Armenian_Life,20,37469,0,0,0,0,0,0,0,0,0,0,0,0
Armillary,147,162685,0,0,0,0,0,0,0,0,0,0,0,0
Armiya_TV_kanali,24,79646,0,0,0,0,0,0,0,0,0,0,0,0
ArmyHouseLove,5,2228,0,0,0,0,0,0,0,0,0,0,0,0
Army_Russia,20,8853,0,0,0,0,0,0,0,0,0,0,0,0
ArnoGujonSrbija,27,34542,0,0,0,0,0,0,0,0,0,0,0,0
ArseniyYatsenyuk,25,41439,1,0,0,0,0,0,1750,0,0,0,0,0
ArtMassesMedia,30,33974,0,0,0,0,0,0,0,0,0,0,0,0
Artelmatbuotxizmati,99,178523,0,0,0,0,0,0,0,0,0,0,0,0
ArtemDimitrov,2,1479,0,0,0,0,0,0,0,0,0,0,0,0
Artem_Nakhodka,40,239059,2,0,0,0,0,0,10930,0,0,0,0,0
Artem_true_tg,44,243530,1,0,0,0,0,0,4560,0,0,0,0,0
ArticulationBureau,13,7324,0,0,0,0,0,0,0,0,0,0,0,0
ArzamasLive,67,432830,0,0,0,0,0,0,0,0,0,0,0,0
Arzamas_true,45,345350,0,0,0,0,0,0,0,0,0,0,0,0
ArzonUylar_Toshkent,22,1307,0,0,0,0,0,0,0,0,0,0,0,0
AsanovEldar,36,173830,0,0,0,0,0,0,0,0,0,0,0,0
AsiaOnecom,24,25859,0,0,0,0,0,0,0,0,0,0,0,0
Aslanovsblog,3,1445,0,0,0,0,0,0,0,0,0,0,0,0
AsreFori,26356,135977745,0,0,0,0,0,0,0,0,0,0,0,0
AssadStash,35,152650,2,0,0,0,0,0,7260,0,0,0,0,0
Astrakhan_peace,52,477509,1,0,0,0,0,0,12000,0,0,0,0,0
Astrakhan_podslushal,55,1042400,0,0,0,0,0,0,0,0,0,0,0,0
Astrakhan_true,42,316600,1,0,0,0,0,0,6060,0,0,0,0,0
AstralionicaYuryLyr,1,2700,0,0,0,0,0,0,0,0,0,0,0,0
AtamanDyakonov,37,123630,0,0,0,0,1,0,0,0,0,0,2310,0
AteoGo,289,19356600,11,0,0,1,0,0,723600,0,0,76000,0,0
Ateobreaking,12069,2576237801,75,0,0,8,1,0,15787000,0,0,1767200,195000,0
Attractive_cliip,101,27668,0,0,0,0,0,0,0,0,0,0,0,0
AufklaerungFuerDeutschland,7,1918,0,0,0,0,0,0,0,0,0,0,0,0
AussieTruckiesUnited,26,1510,0,0,0,0,0,0,0,0,0,0,0,0
AustraliaAwakens,18,5461,0,0,0,0,0,0,0,0,0,0,0,0
AvakovArsen,1,11300,0,0,0,0,0,0,0,0,0,0,0,0
AvantTV,2,0,0,0,0,0,0,0,0,0,0,0,0,0
Avayyeiran,158,541270,0,0,0,0,0,0,0,0,0,0,0,0
AviaCT,16,92663,0,0,0,0,0,0,0,0,0,0,0,0
AviaComments,12,24827,1,0,0,0,0,0,2290,0,0,0,0,0
Aviatsiya_Uz,11,12527,0,0,0,0,0,0,0,0,0,0,0,0
Avodonaeva,207,11655290,0,0,0,0,0,0,0,0,0,0,0,0
Avtorskayakomnata,9,37810,1,0,0,0,0,0,2620,0,0,0,0,0
AvvisiTerremotiIT,14,22280,0,0,0,0,0,0,0,0,0,0,0,0
Axaraz,10,6041,0,0,0,0,0,0,0,0,0,0,0,0
Axborot25Tv,17,75529,0,0,0,0,0,0,0,0,0,0,0,0
AxeSay,90,2338880,0,0,0,0,0,0,0,0,0,0,0,0
AzPostFactum21,9,2806,0,0,0,0,0,0,0,0,0,0,0,0
AzarBakhish_ir,196,253763,0,0,0,0,0,0,0,0,0,0,0,0
Azar_MATNA,4,1503,0,0,0,0,0,0,0,0,0,0,0,0
AzeSputnik,20,781800,0,0,0,0,0,0,0,0,0,0,0,0
AzerbaijanSSR,2,28100,0,0,0,0,0,0,0,0,0,0,0,0
Azerbaijan_MOD,25,44867,0,0,0,0,0,0,0,0,0,0,0,0
Azizbek_Habibullayev,8,4624,0,0,0,0,0,0,0,0,0,0,0,0
Azizbek_SK,4,1043,0,0,0,0,0,0,0,0,0,0,0,0
Azizbek_Zubaydullayev,22,26601,0,0,0,0,0,0,0,0,0,0,0,0
AzovstalFamilies,22,92690,0,0,0,0,0,0,0,0,0,0,0,0
BA4UA,36,88894,0,0,0,0,0,0,0,0,0,0,0,0
BAGIROVANews,71,566895,6,0,0,0,0,0,41650,0,0,0,0,0
BATYALesha,21,18974,0,0,0,0,0,0,0,0,0,0,0,0
BAZARPRO,1,26,0,0,0,0,0,0,0,0,0,0,0,0
BBC_news_ru,4,63,0,0,0,0,0,0,0,0,0,0,0,0
BCPDMC,1,22,0,0,0,0,0,0,0,0,0,0,0,0
BCS_channel,6,1119,0,0,0,0,0,0,0,0,0,0,0,0
BDK022,19,109129,0,0,0,0,0,0,0,0,0,0,0,0
BD_group,11,6186,0,0,0,0,0,0,0,0,0,0,0,0
BEmoeNUG,35,611800,0,0,0,0,0,0,0,0,0,0,0,0
BFMnews,148,2265840,3,0,0,1,0,0,35630,0,0,8100,0,0
BGazeta,2,44,0,0,0,0,0,0,0,0,0,0,0,0
BILD_Russian,62,639480,6,0,0,0,0,0,61900,0,0,0,0,0
BIRINCHI_UZ,3789,184012098,1,0,0,0,0,0,41000,0,0,0,0,0
BIoomberg,6,60570,0,0,0,0,0,0,0,0,0,0,0,0
BKhodakovsky,17,8252,0,0,0,0,0,0,0,0,0,0,0,0
BNK11,18,42598,0,0,0,0,0,0,0,0,0,0,0,0
BORGAPUZ,4106,186615371,0,0,0,0,0,0,0,0,0,0,0,0
BO_AK_reborn,43,52329,10,0,0,0,1,0,12177,0,0,0,1040,0
BPinf,20,46050,0,0,0,0,0,0,0,0,0,0,0,0
BREAKINGHEADLINES,1143,5603186,0,0,0,0,0,0,0,0,0,0,0,0
BREAK_ING,128,20410,0,0,0,0,0,0,0,0,0,0,0,0
BRIGANZORGANIZER,18,9741,0,0,0,0,0,0,0,0,0,0,0,0
BROTHERSIRQ,103,3942960,0,0,0,0,0,0,0,0,0,0,0,0
BabkaNews,745,4684547,23,0,0,1,1,0,147880,0,0,7900,6300,0
Babyshka33,12,76950,2,0,0,0,0,0,15020,0,0,0,0,0
BadFutballl,132,170843,0,0,0,0,0,0,0,0,0,0,0,0
Bagdodliklar_Bogdodliklar_Bagdad,51,12899,0,0,0,0,0,0,0,0,0,0,0,0
BagnenkoDaily,2,310,0,0,0,0,0,0,0,0,0,0,0,0
Baikal_Daily,81,200289,0,0,0,0,0,0,0,0,0,0,0,0
Baikal_People,32,100288,2,0,0,0,0,0,4019,0,0,0,0,0
Bajov_Skaz,40,408800,2,0,0,0,0,0,23200,0,0,0,0,0
Balakovo_true,45,248800,1,0,0,0,0,0,4050,0,0,0,0,0
Balashiha_Podslushan,13,6688,0,0,0,0,0,0,0,0,0,0,0,0
Balashiha_crazy,49,678100,0,0,0,0,0,0,0,0,0,0,0,0
Balashiha_podslushal,52,981100,0,0,0,0,0,0,0,0,0,0,0,0
Balashiha_true,42,236807,0,0,0,0,0,0,0,0,0,0,0,0
Balashikha_peace,43,305660,0,0,0,0,0,0,0,0,0,0,0,0
Balashov_volsk,48,311140,2,0,0,0,0,0,12280,0,0,0,0,0
BalitskyEV,13,496044,0,0,0,0,0,0,0,0,0,0,0,0
Bandaralgaloud,8,36300,0,0,0,0,0,0,0,0,0,0,0,0
Bandarnews1,16,2874,0,0,0,0,0,0,0,0,0,0,0,0
Barbarossa_SMGI,19,376100,0,0,0,0,0,0,0,0,0,0,0,0
BarnaulAnalytics,17,223570,0,0,0,0,0,0,0,0,0,0,0,0
Barnaul_crazy,40,556800,0,0,0,0,0,0,0,0,0,0,0,0
Barnaul_inside,43,304682,1,0,0,0,0,0,6200,0,0,0,0,0
Barnaul_peace,43,307050,0,0,0,0,0,0,0,0,0,0,0,0
Barnaul_podslushal,50,978300,1,0,0,0,0,0,18600,0,0,0,0,0
Barnaul_true,44,330980,0,0,0,0,0,0,0,0,0,0,0,0
Baronova,12,11173,0,0,0,0,0,0,0,0,0,0,0,0
BarrrsGroup,26,28177,2,0,0,0,0,0,2122,0,0,0,0,0
Bash_ufa,2,1155,0,0,0,0,0,0,0,0,0,0,0,0
BasicMoscow,499,6394100,5,0,0,1,0,0,59050,0,0,13700,0,0
Basij_SharifU,25,44224,0,0,0,0,0,0,0,0,0,0,0,0
BasijeMadarsag,8,11129,0,0,0,0,0,0,0,0,0,0,0,0
BatalionBratstvo,8,31842,0,0,0,0,0,0,0,0,0,0,0,0
Batalon_Shayha_Mansura,9,2573,1,0,0,0,0,0,386,0,0,0,0,0
Bataysk_true,44,327750,2,0,0,0,0,0,14090,0,0,0,0,0
Batman_DNR,4,54000,0,0,0,0,0,0,0,0,0,0,0,0
Bayraktar_News_UA,649,5052204,42,0,0,0,0,0,332010,0,0,0,0,0
Bazimag,17,3298,0,0,0,0,0,0,0,0,0,0,0,0
BehzadMehrani77,16,10393,0,0,0,0,0,0,0,0,0,0,0,0
BehzistiKomiteNews,71,942000,0,0,0,0,0,0,0,0,0,0,0,0
BehzistiKomite_News,1,3900,0,0,0,0,0,0,0,0,0,0,0,0
Behzod_Qobulov,2,1694,0,0,0,0,0,0,0,0,0,0,0,0
Belarus_Files,15,38410,1,0,0,0,0,0,2400,0,0,0,0,0
Belarus_VPO,96,339075,5,0,0,0,0,0,8442,0,0,0,0,0
Belarus_now,16,322,0,0,0,0,0,0,0,0,0,0,0,0
BelayaRysOficial,49,65335,3,0,0,0,0,0,3782,0,0,0,0,0
Belgorod00,22,757,0,0,0,0,0,0,0,0,0,0,0,0
Belgorod_crazy,31,433300,0,0,0,0,0,0,0,0,0,0,0,0
Belgorod_peace,41,358719,0,0,0,0,0,0,0,0,0,0,0,0
Belgorod_podslushal,51,953400,0,0,0,0,0,0,0,0,0,0,0,0
Belgorod_true,25,170810,0,0,0,0,0,0,0,0,0,0,0,0
BellumActaNews,117,591980,0,0,0,0,0,0,0,0,0,0,0,0
Belorusneft_official,9,4740,0,0,0,0,0,0,0,0,0,0,0,0
BenShapiroGang,136,473930,0,0,0,0,0,0,0,0,0,0,0,0
BennyJohnson,141,1511281,0,0,0,0,0,0,0,0,0,0,0,0
Beqanews,32,7445,0,0,0,0,0,1,0,0,0,0,0,389
BeregTime,11,230900,0,0,0,0,0,0,0,0,0,0,0,0
BerezaJuice,2502,76594057,368,0,0,31,10,1,11185049,0,0,978700,312300,29500
Berezniki_true,45,337030,0,0,0,0,0,0,0,0,0,0,0,0
BesLive,20,10709,0,0,0,0,0,0,0,0,0,0,0,0
Beshariq_Furqat_Yaypan_Rishton,43,793,0,0,0,0,0,0,0,0,0,0,0,0
Beshariqliklar_UZ,39,48665,0,0,0,0,0,0,0,0,0,0,0,0
BessovestniiDagestan,11,7503,0,0,0,0,0,0,0,0,0,0,0,0
Bessro4ka,3,1111,0,0,0,0,0,0,0,0,0,0,0,0
Bevafoyim_rasmiy,14,596,0,0,0,0,0,0,0,0,0,0,0,0
BigPicture_ru,104,25273,0,0,0,0,0,0,0,0,0,0,0,0
Big_goncharova,18,215810,0,0,0,0,0,0,0,0,0,0,0,0
BilaTserkvaBT,45,746540,0,0,0,0,0,0,0,0,0,0,0,0
BilmeitinimizJoq,2,341,0,0,0,0,0,0,0,0,0,0,0,0
BilohorodkaOnline,24,45137,0,0,0,0,0,0,0,0,0,0,0,0
Bilond_Online,9,9257,0,0,0,0,0,0,0,0,0,0,0,0
Biplexer_channel,6,6665,1,0,0,0,0,0,985,0,0,0,0,0
BitchBotBoiiLive,187,3418540,0,0,0,0,0,0,0,0,0,0,0,0
Bittleguaka,37,624040,0,0,0,0,0,0,0,0,0,0,0,0
Biysk_true,45,250700,0,0,0,0,0,0,0,0,0,0,0,0
BlackSeaStrategyInstitute,29,66869,0,0,0,0,0,0,0,0,0,0,0,0
Black_water_division,9,8033,0,0,0,0,0,0,0,0,0,0,0,0
BlackoutNewsDE,21,54122,0,0,0,0,0,0,0,0,0,0,0,0
BlagoPoluchny_Official,12,70560,0,0,0,0,0,0,0,0,0,0,0,0
Blagoveshchensk_sluh,49,669100,0,0,0,0,0,0,0,0,0,0,0,0
Blagoveshchensk_sobitie,55,746500,0,0,0,0,0,0,0,0,0,0,0,0
Blagoveshchensk_true,42,871800,0,0,0,0,0,0,0,0,0,0,0,0
Blog_Zhurnalistki,12,1238,0,0,0,0,0,0,0,0,0,0,0,0
BloggersWindow,10,2631,0,0,0,0,0,0,0,0,0,0,0,0
BodoSchiffmann,38,358568,0,0,0,0,0,0,0,0,0,0,0,0
BogodistovAA,3,938,0,0,0,0,0,0,0,0,0,0,0,0
Bogot24,36,5563,0,0,0,0,0,0,0,0,0,0,0,0
Bojnourdtv,1,24,0,0,0,0,0,0,0,0,0,0,0,0
Bolshaya_P,39,205110,1,0,0,0,0,0,6100,0,0,0,0,0
Bolsheshymaa1,112,352170,0,0,0,0,0,0,0,0,0,0,0,0
Boombl4K,63,1075320,0,0,0,0,0,0,0,0,0,0,0,0
BoredPandablog,2,155,0,0,0,0,0,0,0,0,0,0,0,0
BorodaV,14,879,0,0,0,0,0,0,0,0,0,0,0,0
BorodaVZ,24,8215,0,0,0,0,0,0,0,0,0,0,0,0
BorodavchenkoZnaet,1,185,0,0,0,0,0,0,0,0,0,0,0,0
BorshchagovkaNews,58,467131,0,0,0,0,0,0,0,0,0,0,0,0
BourseNews,1257,4396420,0,0,0,0,0,0,0,0,0,0,0,0
BourseNewsvoc,36,23505,0,0,0,0,0,0,0,0,0,0,0,0
BoursenewsTV,9,36680,0,0,0,0,0,0,0,0,0,0,0,0
Boyovutliklar,9,8125,0,0,0,0,0,0,0,0,0,0,0,0
BrandonTatum,65,31160,0,0,0,0,0,0,0,0,0,0,0,0
Bratchuk_Sergey,1118,8376552,11,0,3,0,1,0,69780,0,22230,0,10900,0
Bratsk_true,46,268030,0,0,0,0,0,0,0,0,0,0,0,0
BreakingNews_af,18,2245,0,0,0,0,0,0,0,0,0,0,0,0
Breaking_News_TG,33,19466,0,0,0,0,0,0,0,0,0,0,0,0
Brend_Botlar,2,28740,0,0,0,0,0,0,0,0,0,0,0,0
BritainFirst,30,53612,0,0,0,0,0,0,0,0,0,0,0,0
Britania,18,33920,0,0,0,0,0,0,0,0,0,0,0,0
BritishEmbSpokesperson,16,21501,1,0,1,0,0,0,829,0,714,0,0,0
BroDude_ru,1,459,0,0,0,0,0,0,0,0,0,0,0,0
BroadwayStream,14,6417,0,0,0,0,0,0,0,0,0,0,0,0
BruceWillisReal,20,2422,0,0,0,0,0,0,0,0,0,0,0,0
Bryansk4,2,19350,0,0,0,0,0,0,0,0,0,0,0,0
Bryansk_crazy,40,557600,0,0,0,0,0,0,0,0,0,0,0,0
Bryansk_peace,41,327460,0,0,0,0,0,0,0,0,0,0,0,0
Bryansk_podslushal,51,961700,1,0,0,0,0,0,19800,0,0,0,0,0
Bryansk_true,44,330960,0,0,0,0,0,0,0,0,0,0,0,0
Brykova_irina_lives,27,978000,1,0,0,0,0,0,45900,0,0,0,0,0
Budanzev_channel,7,3013,0,0,0,0,0,0,0,0,0,0,0,0
Budennovsk_chp,17,57933,0,0,0,0,0,0,0,0,0,0,0,0
BudniDeputata,22,99060,0,0,0,0,0,0,0,0,0,0,0,0
Bugorgua,17,32018,0,0,0,0,0,0,0,0,0,0,0,0
BugungiGap,4951,509207755,1,0,0,0,0,0,112000,0,0,0,0,0
BugungiKunda,2,7740,0,0,0,0,0,0,0,0,0,0,0,0
Buka_tumani,23,103300,0,0,0,0,0,0,0,0,0,0,0,0
BukharaInfo_potrebitel_pvbux,110,1082262,0,0,0,0,0,0,0,0,0,0,0,0
BukharaNewsUz,123,1194246,0,0,0,0,0,0,0,0,0,0,0,0
Bukharainfo,40,149650,0,0,0,0,0,0,0,0,0,0,0,0
Bukharatv_pvbux_potrebitel,57,560916,0,0,0,0,0,0,0,0,0,0,0,0
BuninCo,48,301782,8,0,0,0,0,0,24594,0,0,0,0,0
BurkovskoePole,8,18840,0,0,0,0,0,0,0,0,0,0,0,0
Buro247_ru,5,4468,0,0,0,0,0,0,0,0,0,0,0,0
Burovaia,46,372920,1,0,0,0,0,0,4570,0,0,0,0,0
Buster_z,24,66,0,0,0,0,0,0,0,0,0,0,0,0
Butenko,7,14990,0,0,0,0,0,0,0,0,0,0,0,0
Buxarabest,14,2026,0,0,0,0,0,0,0,0,0,0,0,0
Buxoro24_Live,52,222550,0,0,0,0,0,0,0,0,0,0,0,0
BuyukTurkHaber,75,12016,0,0,0,0,0,0,0,0,0,0,0,0
ByPoland,20,452,0,0,0,0,0,0,0,0,0,0,0,0
Byudjet_xodimlari,37,247431,0,0,0,0,0,0,0,0,0,0,0,0
CANALFeministaPodemita,1,397,0,0,0,0,0,0,0,0,0,0,0,0
CAOOKO,7,85,0,0,0,0,0,0,0,0,0,0,0,0
CBNnewsonline,20,7511,0,0,0,0,0,0,0,0,0,0,0,0
CENmedia,13,1768,0,0,0,0,0,0,0,0,0,0,0,0
CHILEDIGNOCANAL,7,48936,0,0,0,0,0,0,0,0,0,0,0,0
CHODAKNEWSUZ,72,405065,0,0,0,0,0,0,0,0,0,0,0,0
CHORTOQLIKLAR24,47,45275,0,0,0,0,0,0,0,0,0,0,0,0
CHORTOQLIK_UZ,2,0,0,0,0,0,0,0,0,0,0,0,0,0
CHORTOQ_AXLI,33,5778,0,0,0,0,0,0,0,0,0,0,0,0
CHUSTLIKLAR_TG,7,6816,0,0,0,0,0,0,0,0,0,0,0,0
CHUST_24,75,3762,0,0,0,0,0,0,0,0,0,0,0,0
CIG_telegram,14,52220,0,0,0,0,0,0,0,0,0,0,0,0
CIS91,85,740133,2,0,0,0,0,0,21800,0,0,0,0,0
CITeam,363,4653585,0,0,0,3,0,0,0,0,0,46500,0,0
CNNBRASIL,286,41032,0,0,0,0,0,0,0,0,0,0,0,0
CN_news,29,66597,0,0,0,0,0,0,0,0,0,0,0,0
CNewsDaily,20,34739,0,0,0,0,0,0,0,0,0,0,0,0
COVID19Up,28,56901,0,0,0,0,0,0,0,0,0,0,0,0
COVID19north,1,2500,0,0,0,0,0,0,0,0,0,0,0,0
CPFBoard,17,194140,0,0,0,0,0,0,0,0,0,0,0,0
CPIMKerala,4,1092,0,0,0,0,0,0,0,0,0,0,0,0
CREEPBAza,19,24367,0,0,0,0,0,0,0,0,0,0,0,0
CYCPP,30,42167,0,0,0,0,0,0,0,0,0,0,0,0
California_Reklama,4,4,0,0,0,0,0,0,0,0,0,0,0,0
CanalREDCOM,2,199,0,0,0,0,0,0,0,0,0,0,0,0
CaptainNews,8,24740,0,0,0,0,0,0,0,0,0,0,0,0
Carstvo_39,40,283507,0,0,0,0,0,0,0,0,0,0,0,0
CaschysBlogFeed,2,161,0,0,0,0,0,0,0,0,0,0,0,0
CasosAislados,33,155420,0,0,0,0,0,0,0,0,0,0,0,0
CassandRaSach,138,471699,11,0,0,1,1,0,33660,0,0,3260,425,0
Castaneda2020k,1,199,0,0,0,0,0,0,0,0,0,0,0,0
CatturdFanClub,26,294580,0,0,0,0,0,0,0,0,0,0,0,0
CaucasianLive,20,17323,0,0,0,0,0,0,0,0,0,0,0,0
Caucasian_bureau,128,216181,2,0,0,0,0,0,3640,0,0,0,0,0
Celno3or,113,62269,2,0,0,0,0,0,936,0,0,0,0,0
CenterCIGR,3,5,0,0,0,0,0,0,0,0,0,0,0,0
CenterCounteringDisinformation,126,989599,1,0,0,0,1,0,4020,0,0,0,5500,0
CenterTONa,245,21674,0,0,0,0,0,0,0,0,0,0,0,0
CentrVED,21,7255,0,0,0,0,0,0,0,0,0,0,0,0
Centre_Iridia,13,14007,0,0,0,0,0,0,0,0,0,0,0,0
ChDambiev,297,6700070,1,0,0,0,1,1,10400,0,0,0,30000,23300
ChP_Kaliningrad,19,1760,0,0,0,0,0,0,0,0,0,0,0,0
Ch_allengs,26,30089,0,0,0,0,0,0,0,0,0,0,0,0
Chainsawman_ANISTAR,20,1509,0,0,0,0,0,0,0,0,0,0,0,0
Channel_No5,11,7860,0,0,0,0,0,0,0,0,0,0,0,0
CharlieKirk,36,9495800,0,0,0,0,0,0,0,0,0,0,0,0
CheLineTv,90,203603,0,0,0,0,0,0,0,0,0,0,0,0
Chebikk,8,1322,0,0,0,0,0,0,0,0,0,0,0,0
Cheboksari_crazy,49,682500,0,0,0,0,0,0,0,0,0,0,0,0
Cheboksari_podslushal,51,954700,0,0,0,0,0,0,0,0,0,0,0,0
Cheboksari_true,42,934900,2,0,0,0,0,0,48600,0,0,0,0,0
CheboksaryNovosty,37,33460,0,0,0,0,0,0,0,0,0,0,0,0
Cheboksary_peace,40,310751,1,0,0,0,0,0,7040,0,0,0,0,0
ChechnyaNews,6,9850,0,0,0,0,0,0,0,0,0,0,0,0
CheckMateNews,581,2351493,0,0,0,0,0,0,0,0,0,0,0,0
CheckRu1,5,210,0,0,0,0,0,0,0,0,0,0,0,0
ChefPeteEvans,10,29240,0,0,0,0,0,0,0,0,0,0,0,0
Chelyabinsk_crazy,40,538249,0,0,0,0,0,0,0,0,0,0,0,0
Chelyabinsk_cult,46,627030,0,0,0,0,0,0,0,0,0,0,0,0
Chelyabinsk_inside,43,308600,0,0,0,0,0,0,0,0,0,0,0,0
Chelyabinsk_peace,40,311653,0,0,0,0,0,0,0,0,0,0,0,0
Chelyabinsk_podslushal,51,936252,0,0,0,0,0,0,0,0,0,0,0,0
Chelyabinsk_true,52,294798,0,0,0,0,0,0,0,0,0,0,0,0
Chelyabinsk_vesti,7,16356,0,0,0,0,0,0,0,0,0,0,0,0
Chennel_33TV,295,584827,6,0,0,0,0,0,12440,0,0,0,0,0
Cherepovets_peace,41,326480,0,0,0,0,0,0,0,0,0,0,0,0
Cherepovez_crazy,49,683900,1,0,0,0,0,0,13300,0,0,0,0,0
Cherepovez_podslushal,51,969700,0,0,0,0,0,0,0,0,0,0,0,0
Cherepovez_true,42,236970,0,0,0,0,0,0,0,0,0,0,0,0
CherkassyPolice,5,2172,0,0,0,0,0,0,0,0,0,0,0,0
ChernigivOperative,59,641904,0,0,0,0,0,0,0,0,0,0,0,0
ChernivtsiCityCouncil,16,82990,0,0,0,0,0,0,0,0,0,0,0,0
Chesnakov,33,583142,5,0,0,0,0,0,34050,0,0,0,0,0
ChetyrePera,10,1357,0,0,0,0,0,0,0,0,0,0,0,0
Chinoz_yoshlar,22,10851,0,0,0,0,0,0,0,0,0,0,0,0
Chipmunkstore,20,76634,0,0,0,0,0,0,0,0,0,0,0,0
ChipsUZ,12,656,0,0,0,0,0,0,0,0,0,0,0,0
ChirchikNews_Uz,2,10360,0,0,0,0,0,0,0,0,0,0,0,0
Chiroqchi_Chiroqchiliklar_24,24,141694,0,0,0,0,0,0,0,0,0,0,0,0
Chita_crazy,53,736400,0,0,0,0,0,0,0,0,0,0,0,0
Chita_peace,49,396910,0,0,0,0,0,0,0,0,0,0,0,0
Chita_podslushal,51,933700,1,0,0,0,0,0,19200,0,0,0,0,0
Chita_true,43,237318,0,0,0,0,0,0,0,0,0,0,0,0
ChizNewz,1842,27244164,0,0,0,0,0,0,0,0,0,0,0,0
Chornovil_official,61,428265,19,0,0,0,0,0,146980,0,0,0,0,0
ChortoqLive,2,1622,0,0,0,0,0,0,0,0,0,0,0,0
Chp_Osetia,17,4011,0,0,0,0,0,0,0,0,0,0,0,0
Chp_volgograd,35,215335,1,0,0,0,0,0,1100,0,0,0,0,0
Chugunovmedia,34,319800,0,0,0,0,0,0,0,0,0,0,0,0
ChupisClub_Ru,14,5016,1,0,0,0,0,0,332,0,0,0,0,0
Chustliklar_24,42,34754,0,0,0,0,0,0,0,0,0,0,0,0
ChuvashiaDream,13,788600,0,0,0,0,0,0,0,0,0,0,0,0
Chuzhbinka,2,806,0,0,0,0,0,0,0,0,0,0,0,0
ChyhyrynTG,1,544,0,0,0,0,0,0,0,0,0,0,0,0
Citizenshiprights57,27,228360,0,0,0,0,0,0,0,0,0,0,0,0
CityprofLife,30,107061,0,0,0,0,0,0,0,0,0,0,0,0
Civil_Society_of_Abkhazia,2,459,0,0,0,0,0,0,0,0,0,0,0,0
Climategate,1,408,0,0,0,0,0,0,0,0,0,0,0,0
ClosET_iPhone,2,3405,0,0,0,0,0,0,0,0,0,0,0,0
CoKofIran,12,19130,0,0,0,0,0,0,0,0,0,0,0,0
Coala_russia,32,214250,1,0,0,0,0,0,5440,0,0,0,0,0
CodeMonkeyZ,45,2488198,0,0,0,0,0,0,0,0,0,0,0,0
ComGeGenovaAlert,234,5196480,0,0,0,0,0,0,0,0,0,0,0,0
CompromatSNG,181,1860385,24,0,0,1,0,0,241970,0,0,10100,0,0
ComunicacaoePolitica,31,21272,0,0,0,0,0,0,0,0,0,0,0,0
Concentracion_masiva_16A,2,519,0,0,0,0,0,0,0,0,0,0,0,0
ConflictChronicles,25,59680,0,0,0,0,0,0,0,0,0,0,0,0
CongresodelosDiputados,24,16525,0,0,0,0,0,0,0,0,0,0,0,0
ConstitutionCowboy,15,59670,0,0,0,0,0,0,0,0,0,0,0,0
Contora_Pishet,124,2462930,10,0,1,1,0,0,197700,0,21100,20200,0,0
CoronaIDF,6,37350,0,0,0,0,0,0,0,0,0,0,0,0
CoronaObjektiv,1,544,0,0,0,0,0,0,0,0,0,0,0,0
CoronaTransition,20,12936,0,0,0,0,0,0,0,0,0,0,0,0
Corona_Ausschuss,45,1225120,0,0,0,0,0,0,0,0,0,0,0,0
Corona_Fakten,42,218369,0,0,0,0,0,0,0,0,0,0,0,0
Corona_Reset,24,1877,0,0,0,0,0,0,0,0,0,0,0,0
CottageOfCards,20,88370,1,0,0,0,0,0,4740,0,0,0,0,0
CovidUncensoredTruth,2,613,0,0,0,0,0,0,0,0,0,0,0,0
Covin19Italia,15,1036,0,0,0,0,0,0,0,0,0,0,0,0
CreativeProductionUnite,26,353119,0,0,0,0,0,0,0,0,0,0,0,0
Crexcrexcrex,25,317439,2,0,0,0,0,0,4339,0,0,0,0,0
Crimeanwind,14,260530,0,0,0,0,0,0,0,0,0,0,0,0
CrypBaza,17,30190,0,0,0,0,0,0,0,0,0,0,0,0
Crypto_News_and_Tech_Updates,37,153945,0,0,0,0,0,0,0,0,0,0,0,0
CryptopolitanOfficial,6,144,0,0,0,0,0,0,0,0,0,0,0,0
CubaCute_RSS,3,6690,0,0,0,0,0,0,0,0,0,0,0,0
CubacelResponde,51,1088410,0,0,0,0,0,0,0,0,0,0,0,0
Cubanos_Por_El_Mundo,5,26080,0,0,0,0,0,0,0,0,0,0,0,0
CultureWarRoom,17,156420,0,0,0,0,0,0,0,0,0,0,0,0
CumtaAlertsRussianChannel,18,263580,0,0,0,0,0,0,0,0,0,0,0,0
CyberPalyanitsa,2,2950,0,0,0,0,0,0,0,0,0,0,0,0
Cyberferocious_OFC,20,1290,0,0,0,0,0,0,0,0,0,0,0,0
CyberspecNews,66,49176,0,0,0,0,0,0,0,0,0,0,0,0
D7_channel,116,601859,5,0,0,0,1,0,53100,0,0,0,2990,0
DASHKOY,4,15850,0,0,0,0,0,0,0,0,0,0,0,0
DBRgovua,20,68510,0,0,0,0,0,0,0,0,0,0,0,0
DBongino,70,939300,0,0,0,0,0,0,0,0,0,0,0,0
DCSpeaker,4,5012,0,0,0,0,0,0,0,0,0,0,0,0
DDEcW,42,366150,0,0,0,0,3,0,0,0,0,0,26960,0
DD_UFO,13,14017,1,0,0,0,0,0,989,0,0,0,0,0
DDrobnitski,45,1543900,3,0,0,0,0,0,311700,0,0,0,0,0
DEKurier,20,38280,0,0,0,0,0,0,0,0,0,0,0,0
DIES2022,17,313890,0,0,0,0,0,0,0,0,0,0,0,0
DIUkraine,443,40381379,8,0,0,0,0,0,419300,0,0,0,0,0
DKNASASAL,64,18429500,0,0,0,0,0,0,0,0,0,0,0,0
DK_RU_news,2,467,0,0,0,0,0,0,0,0,0,0,0,0
DKulko,48,923299,1,0,1,0,0,0,167000,0,15500,0,0,0
DMaxnoVosti,169,659870,1,0,0,1,1,0,6300,0,0,4500,6800,0
DNAbkhazia,38,169420,0,0,0,0,0,0,0,0,0,0,0,0
DNK_wiki,20,21498,0,0,0,0,0,0,0,0,0,0,0,0
DNR_SCKK,20,44432,0,0,0,0,0,0,0,0,0,0,0,0
DN_Kherson,42,6316,0,0,0,0,0,0,0,0,0,0,0,0
DOONDY,2,2620,0,0,0,0,0,0,0,0,0,0,0,0
DPSUkr,42,232970,0,0,0,0,0,0,0,0,0,0,0,0
DRPCSiciliaNews,17,100470,0,0,0,0,0,0,0,0,0,0,0,0
DRRobertM,48,448060,2,0,0,0,0,0,20900,0,0,0,0,0
DSNS_Kharkiv,2,765,0,0,0,0,0,0,0,0,0,0,0,0
DTFmagazine,10,13074,0,0,0,0,0,0,0,0,0,0,0,0
DUNYO_YANGILIKLARI_UZBEKISTON,89,112929,0,0,0,0,0,0,0,0,0,0,0,0
DVPasler,8,109900,0,0,0,0,0,0,0,0,0,0,0,0
DV_5ua,14,5755,1,0,0,0,0,0,88,0,0,0,0,0
DV_Sablin,22,298524,0,0,0,0,0,0,0,0,0,0,0,0
D_4an,15,44322,0,0,0,0,0,0,0,0,0,0,0,0
D_of_P72,1,636,0,0,0,0,0,0,0,0,0,0,0,0
DaVosDV,50,96473,0,0,0,0,0,0,0,0,0,0,0,0
DailyNation,22,4666,0,0,0,0,0,0,0,0,0,0,0,0
DailyUkrainianNews,37,349380,1,0,0,0,0,0,10400,0,0,0,0,0
DailyWar,17,40850,1,0,0,0,0,0,1580,0,0,0,0,0
Daily_Caller,34,30315,0,0,0,0,0,0,0,0,0,0,0,0
Daliluz,3,0,0,0,0,0,0,0,0,0,0,0,0,0
Dalstroy,7,1488,0,0,0,0,0,0,0,0,0,0,0,0
Dan_Zapashny_Live,13,47011,0,0,0,0,0,0,0,0,0,0,0,0
DanielPrinzOffiziell,65,406300,0,0,0,0,0,0,0,0,0,0,0,0
DanilchenkoGV,13,11814,0,0,0,0,0,0,0,0,0,0,0,0
DaphniaBlog,23,59110,2,0,0,0,0,0,4750,0,0,0,0,0
DariaAshihmina,4,12140,0,0,0,0,0,0,0,0,0,0,0,0
Daria_Kaplan,223,20320300,0,0,0,0,0,0,0,0,0,0,0,0
DarkSideBusiness,39,29249,6,0,0,0,0,0,3736,0,0,0,0,0
DaryaPinzar86,27,641600,0,0,0,0,0,0,0,0,0,0,0,0
Daryo,6574,554287257,0,0,0,0,0,0,0,0,0,0,0,0
Daryo_uz,4,8380,0,0,0,0,0,0,0,0,0,0,0,0
DavMelik,20,84180,0,0,0,0,0,0,0,0,0,0,0,0
Davron_Fayziev,721,103983800,0,0,0,0,0,0,0,0,0,0,0,0
DavydovIn,326,216331310,5,0,0,2,0,0,1785800,0,0,1410500,0,0
Day_Zed,27,269,0,0,0,0,0,0,0,0,0,0,0,0
DeZaDNR,33,57559,0,0,0,0,0,0,0,0,0,0,0,0
DeepStateUA,499,114453900,8,0,0,0,2,0,1945000,0,0,0,491000,0
DefyCableNews,37,7478,0,0,0,0,0,0,0,0,0,0,0,0
Degtyarev_Info,7,60882,0,0,0,0,0,0,0,0,0,0,0,0
DemasterCristalix,46,2145400,0,0,0,0,0,0,0,0,0,0,0,0
DeminNikitka,30,226730,0,0,0,0,0,0,0,0,0,0,0,0
DemokratischerWiderstandTelegram,25,21974,0,0,0,0,0,0,0,0,0,0,0,0
Demotermine,297,195718,0,0,0,0,0,0,0,0,0,0,0,0
DenMinPR,14,5219,0,0,0,0,0,0,0,0,0,0,0,0
DenisDorokhov1987,34,367540,0,0,0,0,0,0,0,0,0,0,0,0
DenisPulenkov1,1,1500,0,0,0,0,0,0,0,0,0,0,0,0
DenisVidevich,3,1827,0,0,0,0,0,0,0,0,0,0,0,0
DenovYangiliklar,43,338139,0,0,0,0,0,0,0,0,0,0,0,0
Denys_Smyhal,23,149126,0,0,0,0,0,0,0,0,0,0,0,0
Department_uz,9,36170,0,0,0,0,0,0,0,0,0,0,0,0
DeputatZhuravlev,18,22778,0,0,0,0,1,0,0,0,0,0,1190,0
DerDritteWeg,42,110892,0,0,0,0,0,0,0,0,0,0,0,0
Derbent_true,45,237700,2,0,0,0,0,0,8780,0,0,0,0,0
DereckBlanco,8,4352,0,0,0,0,0,0,0,0,0,0,0,0
DerhachiLIVE,116,652703,0,0,0,0,0,0,0,0,0,0,0,0
DerinmedyaGRup,1,0,0,0,0,0,0,0,0,0,0,0,0,0
DerzkiyKvadrat,55,133434,0,0,0,0,0,0,0,0,0,0,0,0
Detiipleti,13,21107,1,0,0,0,0,0,1320,0,0,0,0,0
Deutschkurs4,13,6975,0,0,0,0,0,0,0,0,0,0,0,0
DevendraGFadnavis,87,8729,0,0,0,0,0,0,0,0,0,0,0,0
DevonStack,48,361310,0,0,0,0,0,0,0,0,0,0,0,0
DianaAnkudinovaOfficial,21,96800,0,0,0,0,0,0,0,0,0,0,0,0
DianaDeleva,36,60762,0,0,0,0,0,0,0,0,0,0,0,0
DianaRice,20,232770,0,0,0,0,0,0,0,0,0,0,0,0
DiasporaGovAm,6,2282,0,0,0,0,0,0,0,0,0,0,0,0
DifusionKurdistan,5,1727,0,0,0,0,0,0,0,0,0,0,0,0
DigitalRightsCenter,20,11591,3,0,0,0,0,0,4002,0,0,0,0,0
DikiysnamibogOfficial,38,583379,0,0,0,0,0,0,0,0,0,0,0,0
DimaMakuper,10,24456,0,0,0,0,0,0,0,0,0,0,0,0
Dimaks_TV,3,12470,0,0,0,0,0,0,0,0,0,0,0,0
Dimitrovgrad_true,45,255880,0,0,0,2,0,0,0,0,0,9150,0,0
DineshJDSouza,220,1299028,0,0,0,0,0,0,0,0,0,0,0,0
DmitriAlexeevich_911thology_Rus,22,27830,0,0,0,0,0,0,0,0,0,0,0,0
DmitriyDemushkin,20,223330,1,0,0,0,0,0,10800,0,0,0,0,0
DmitriySteshin,745,30465864,14,0,0,0,6,0,531600,0,0,0,332200,0
DmitryGudkov,42,212010,1,0,0,0,0,0,6260,0,0,0,0,0
Dnepr_Info_New,62,30699,0,0,0,0,0,0,0,0,0,0,0,0
DnevnikKat,3,672,0,0,0,0,0,0,0,0,0,0,0,0
DnevnikLaovaya,12,13587,0,0,0,0,0,0,0,0,0,0,0,0
Dnevnik_rf,30,8418,0,0,0,0,0,0,0,0,0,0,0,0
Do4aMedia,42,684850,0,0,0,0,0,0,0,0,0,0,0,0
DoC_inform,20,30143,0,0,0,0,0,0,0,0,0,0,0,0
Dobrovoleec,20,110557,4,0,0,0,0,0,23810,0,0,0,0,0
Dobryak_official,51,2488399,0,0,0,0,0,0,0,0,0,0,0,0
Dojyaaanwhogivingyouanightcall,34,216190,0,0,0,0,0,0,0,0,0,0,0,0
Doksezemlja_okosuncakrece,16,95420,0,0,0,0,0,0,0,0,0,0,0,0
DokukinIvan,17,93970,0,0,0,0,0,0,0,0,0,0,0,0
Dolzarbx,246,3395864,0,0,0,0,0,0,0,0,0,0,0,0
DomerGrief,167,41968600,0,0,0,0,0,0,0,0,0,0,0,0
Domodedovo_true,45,335450,1,0,0,1,0,0,6150,0,0,6190,0,0
DonDay,4,1751,0,0,0,0,0,0,0,0,0,0,0,0
DonUkraine,18,375200,3,0,0,0,0,0,67700,0,0,0,0,0
DonaldTrumpOffice,68,640380,0,0,0,0,0,0,0,0,0,0,0,0
DonbassMediaGroup,1005,35102111,12,0,0,0,0,0,439300,0,0,0,0,0
DonbassYasinovatayanaliniiOgnia,20,290324,0,0,0,0,0,0,0,0,0,0,0,0
Doninside,84,90048,0,0,0,0,1,0,0,0,0,0,78,0
Dopomoga_Konstiantynivka,34,4049,2,0,0,0,0,0,311,0,0,0,0,0
DorrTV1,20,2688,0,0,0,0,0,0,0,0,0,0,0,0
Dosvitni_vogni,26,17747,1,0,0,0,0,0,921,0,0,0,0,0
DpBlack,4,0,0,0,0,0,0,0,0,0,0,0,0,0
DrKruOfficial,9,126270,0,0,0,0,0,0,0,0,0,0,0,0
Dr_BetsyChannel,21,4723,0,0,0,0,0,0,0,0,0,0,0,0
Dr_Heinrich_Fiechtner,32,61131,0,0,0,0,0,0,0,0,0,0,0,0
Dr_Orvandine,58,116543,0,0,0,0,0,0,0,0,0,0,0,0
Drmohsenibandpei,23,12866,0,0,0,0,0,0,0,0,0,0,0,0
DroneCenterDNR,20,24942,0,0,0,0,0,0,0,0,0,0,0,0
Drunkenpolitolog,28,205960,0,0,0,0,0,0,0,0,0,0,0,0
Duh_provincii,15,84410,0,0,0,0,0,0,0,0,0,0,0,0
DumitruCiorici,18,154920,0,0,0,0,0,0,0,0,0,0,0,0
Dumskaya,1,91,0,0,0,0,0,0,0,0,0,0,0,0
Dunyo_Xabarlari,372,2978340,0,0,0,0,0,0,0,0,0,0,0,0
Dunyoxabarlari_Tv,52,27026,0,0,0,0,0,0,0,0,0,0,0,0
DvuglavyiOrel,14,7925,0,0,0,0,1,0,0,0,0,0,1500,0
Dzaytseva,1,136,0,0,0,0,0,0,0,0,0,0,0,0
Dzen_z,2,123,0,0,0,0,0,0,0,0,0,0,0,0
Dzerzhinsk_true,45,251160,0,0,0,0,0,0,0,0,0,0,0,0
EB_official,7,12450,0,0,0,0,0,0,0,0,0,0,0,0
EGonline,1,924,0,0,0,0,0,0,0,0,0,0,0,0
EKB_international,11,2570,0,0,0,0,0,0,0,0,0,0,0,0
ENews112,1213,136344635,23,0,0,0,0,0,2658900,0,0,0,0,0
ERD1ERD,8,285,0,0,0,0,0,0,0,0,0,0,0,0
EROZANOVA,1,975,0,0,0,0,0,0,0,0,0,0,0,0
ESICAChannel,35,193923,0,0,0,0,0,0,0,0,0,0,0,0
EUinRU,20,99465,1,0,0,0,0,0,21700,0,0,0,0,0
EanNews,6,1648,0,0,0,0,0,0,0,0,0,0,0,0
East_Watchman,1,116,0,0,0,0,0,0,0,0,0,0,0,0
Echtdevol,42,555060,1,0,0,0,0,0,12200,0,0,0,0,0
EdYurchenko,2,3800,0,0,0,0,0,0,0,0,0,0,0,0
Eduvtatarstan,113,595108,2,0,0,0,0,0,21640,0,0,0,0,0
EficienciaoNadaNacional,8,32080,0,0,0,0,0,0,0,0,0,0,0,0
EgovKzBot2_01,70,272648,0,0,0,0,0,0,0,0,0,0,0,0
EgovKzBot2_03,47,48770,1,0,0,0,0,0,529,0,0,0,0,0
EgovKzBotOfficial,2,75200,0,0,0,0,0,0,0,0,0,0,0,0
Ehodamlar,5,74620,0,0,0,0,0,0,0,0,0,0,0,0
Ehurope,4,10,0,0,0,0,0,0,0,0,0,0,0,0
EisamayNews,20,8894,0,0,0,0,0,0,0,0,0,0,0,0
EkaterinaPatyulina,5,11570,0,0,0,0,0,0,0,0,0,0,0,0
Ekaterinburg_cult,56,840420,0,0,0,0,0,0,0,0,0,0,0,0
EkatskoeChtivo,108,942947,2,0,0,0,0,0,13570,0,0,0,0,0
ElDalakz,4,656,0,0,0,0,0,0,0,0,0,0,0,0
ElDiestro,87,227128,0,0,0,0,0,0,0,0,0,0,0,0
ElDostorEgypt,43,423,0,0,0,0,0,0,0,0,0,0,0,0
El_Arsenal,165,36075,0,0,0,0,0,0,0,0,0,0,0,0
El_bolashagy,17,14728,0,0,0,0,0,0,0,0,0,0,0,0
Elec_true,44,332530,0,0,0,0,0,0,0,0,0,0,0,0
Elektrostal_true,51,341980,0,0,0,0,0,0,0,0,0,0,0,0
ElenaValushkina,6,11896,0,0,0,0,0,0,0,0,0,0,0,0
EliseevTalk,5,884,0,0,0,0,0,0,0,0,0,0,0,0
Elista_true,45,330180,2,0,0,0,0,0,28050,0,0,0,0,0
EmbRusiaEnArg,7,6487,0,0,0,0,0,0,0,0,0,0,0,0
EmbassyInRome,14,7823,0,0,0,0,0,0,0,0,0,0,0,0
EmbassyofChinaInUzbekistan,1,112,0,0,0,0,0,0,0,0,0,0,0,0
Empire21V,16,45,0,0,0,0,0,0,0,0,0,0,0,0
Endgnews,41,57262,0,0,0,0,0,0,0,0,0,0,0,0
Energetika,21,81577,0,0,0,0,0,0,0,0,0,0,0,0
EngareNet,2,17500,0,0,0,0,0,0,0,0,0,0,0,0
Engelsa1,69,106685,1,0,0,0,0,0,2030,0,0,0,0,0
EnglishFess,18,7757,0,0,0,0,0,0,0,0,0,0,0,0
EnjoyProkonova,9,5235,0,0,0,0,0,0,0,0,0,0,0,0
Epsuzbekistan,54,340589,0,0,0,0,0,0,0,0,0,0,0,0
Eqamatoman,1,793,0,0,0,0,0,0,0,0,0,0,0,0
ErikArutunov,11,5173,1,0,0,0,0,0,128,0,0,0,0,0
Ermakova_live,79,1295972,0,0,0,0,0,0,0,0,0,0,0,0
ErnestV_2020,16,42307,1,0,0,0,0,0,4010,0,0,0,0,0
Erz_skke_ir,59,24820,0,0,0,0,0,0,0,0,0,0,0,0
Esat_tv1,196,14311229,0,0,0,0,0,0,0,0,0,0,0,0
EsfahanPnu,18,18444,0,0,0,0,0,0,0,0,0,0,0,0
EsfahanPress,1,0,0,0,0,0,0,0,0,0,0,0,0,0
EsfandiarKhodaee,40,342560,0,0,0,0,0,0,0,0,0,0,0,0
Eslahatnews,3787,39202399,0,0,0,0,0,0,0,0,0,0,0,0
Eslamshahr,40,39780,0,0,0,0,0,0,0,0,0,0,0,0
Essentuki_true,42,319460,0,0,0,0,0,0,0,0,0,0,0,0
EtecsaCubaOficial,38,245710,0,0,0,0,0,0,0,0,0,0,0,0
EtemadOnline,391,687875,0,0,0,0,0,0,0,0,0,0,0,0
EternalMuscovite,30,49710,0,0,0,0,0,0,0,0,0,0,0,0
EthiopianReporterAmharic,27,86480,0,0,0,0,0,0,0,0,0,0,0,0
Etilaat_roz,21,1780,0,0,0,0,0,0,0,0,0,0,0,0
EurointegrationComUA,20,20507,0,0,0,0,0,0,0,0,0,0,0,0
EurointegrationUA,22,12569,2,0,0,0,0,0,816,0,0,0,0,0
EvPanina,73,2836033,17,0,0,1,0,0,572613,0,0,48200,0,0
EvaHerman,15,14899,0,0,0,0,0,0,0,0,0,0,0,0
EvaHermanOffiziell,7760,197734422,0,0,0,0,0,0,0,0,0,0,0,0
Eva_Rain_Gr,2,1633,0,0,0,0,0,0,0,0,0,0,0,0
Evachug,35,1193230,2,0,0,0,0,0,84100,0,0,0,0,0
EventsAndTexts,36,37753,5,0,0,0,0,0,5171,0,0,0,0,0
EventsEthiopia,39,182020,0,0,0,0,0,0,0,0,0,0,0,0
EverOnn,41,26736,0,0,0,0,0,0,0,0,0,0,0,0
EvgeniyGorbunovER,11,2232,0,0,0,0,0,0,0,0,0,0,0,0
Evgeniy_Nifantiev,14,9793,0,0,0,0,0,0,0,0,0,0,0,0
Evgeniy_Serkin,13,63913,0,0,0,0,0,0,0,0,0,0,0,0
Evgeniye_bakulin,2,753,0,0,0,0,0,0,0,0,0,0,0,0
EvgenyGrigorev,11,28837,0,0,0,0,0,0,0,0,0,0,0,0
EvilOrisBrut,7,150278,0,0,0,0,0,0,0,0,0,0,0,0
Evpatoria_true,45,359360,0,0,0,0,0,0,0,0,0,0,0,0
EvteevVlad,2,327,0,0,0,0,0,0,0,0,0,0,0,0
ExDaa,8,3210,0,0,0,0,0,0,0,0,0,0,0,0
ExoUzbekistana,26,266550,0,0,0,0,0,0,0,0,0,0,0,0
FAKEcemetery,27,185680,0,0,0,0,0,0,0,0,0,0,0,0
FAKTY_ICTV,253,2196889,7,0,0,0,0,0,62110,0,0,0,0,0
FARGONALIKLAR,7,34438,0,0,0,0,0,0,0,0,0,0,0,0
FBR_channel,61,2265172,2,0,0,0,0,0,75200,0,0,0,0,0
FC_BVB09,4,0,0,0,0,0,0,0,0,0,0,0,0,0
FLTnews,35,2121,0,0,0,0,0,0,0,0,0,0,0,0
FNPR_official,31,191585,0,0,0,0,0,0,0,0,0,0,0,0
FREEDOM_finance,22,28447,0,0,0,0,0,0,0,0,0,0,0,0
FSBRyazan,22,1783600,0,0,0,0,0,0,0,0,0,0,0,0
FSIN_Life,20,89730,0,0,0,0,0,0,0,0,0,0,0,0
FUCK_WEEDI,20,213600,0,0,0,0,0,0,0,0,0,0,0,0
F_S_C_P,52,46309,2,0,0,1,0,0,1459,0,0,590,0,0
F_esfehan,38,3773,0,0,0,0,0,0,0,0,0,0,0,0
Fall_of_the_Cabal,35,252980,0,0,0,0,0,0,0,0,0,0,0,0
FamilyValues,8,21650,0,0,0,0,0,0,0,0,0,0,0,0
Fana_Education,6,4421,0,0,0,0,0,0,0,0,0,0,0,0
Fanderafandera,8,74220,0,0,0,0,0,0,0,0,0,0,0,0
FanslyFromGinger,24,119980,0,0,0,0,0,0,0,0,0,0,0,0
Fargonaliklaaar,4,0,0,0,0,0,0,0,0,0,0,0,0,0
Fargonaliklar_uz_Qoqonliklar,1928,12176989,0,0,0,0,0,0,0,0,0,0,0,0
FarhangianNews1,53,182816,0,0,0,0,0,0,0,0,0,0,0,0
FarsiVOA_tv,64,392363,0,0,0,0,0,0,0,0,0,0,0,0
FaschismusfreiesDeutschland,9,3023,0,0,0,0,0,0,0,0,0,0,0,0
FashaTV,1,220,0,0,0,0,0,0,0,0,0,0,0,0
FastFocus,640,2289455,53,0,0,1,0,0,186970,0,0,3400,0,0
FastStockNews,208,2972070,0,0,0,0,0,0,0,0,0,0,0,0
FearlessReport,1476,3981687,0,0,0,0,0,0,0,0,0,0,0,0
Federalcity,59,202494,0,0,0,1,0,0,0,0,0,204,0,0
Fedos911,40,369837,2,0,0,0,0,0,22650,0,0,0,0,0
Feederman1,12,42850,0,0,0,0,0,0,0,0,0,0,0,0
Felezatonline_ir,27,37457,0,0,0,0,0,0,0,0,0,0,0,0
Felix_Dz,4,3471,0,0,0,0,0,0,0,0,0,0,0,0
Felixstories,14,52411,2,0,0,0,0,0,7580,0,0,0,0,0
Fennoscandia,5,8009,0,0,0,0,0,0,0,0,0,0,0,0
FeofilaktovaEvgeniya,9,60360,0,0,0,0,0,0,0,0,0,0,0,0
FilimonoviBLOG,52,399400,0,0,0,0,0,0,0,0,0,0,0,0
Film_Umar_Bin_Khattab,1,6480,0,0,0,0,0,0,0,0,0,0,0,0
FinClub_ua,20,14518,0,0,0,0,0,0,0,0,0,0,0,0
Fio100,2,628,0,0,0,0,0,0,0,0,0,0,0,0
FirmBonyan,3,5100,0,0,0,0,0,0,0,0,0,0,0,0
FirstLadyOfUkraine,26,231075,1,0,0,0,0,0,4560,0,0,0,0,0
Fit4lifeRu,16,2641800,2,0,0,0,0,0,383000,0,0,0,0,0
FitnessTop1,1,0,0,0,0,0,0,0,0,0,0,0,0,0
FlowersforAl,37,45671,13,0,0,0,0,0,17177,0,0,0,0,0
Fluffik_blog,9,8009,0,0,0,0,0,0,0,0,0,0,0,0
FoLlink,2,5860,0,0,0,0,0,0,0,0,0,0,0,0
FoRGO_official,45,712790,2,2,0,0,0,0,105200,21210,0,0,0,0
FoadTMU,9,5961,0,0,0,0,0,0,0,0,0,0,0,0
Followupiran,20,29143,0,0,0,0,0,0,0,0,0,0,0,0
ForbesKaz,23,59807,3,0,0,0,0,0,9480,0,0,0,0,0
ForbesLifeRussia,21,42965,0,0,0,0,0,0,0,0,0,0,0,0
ForbesWomanRussia,39,142553,4,0,0,0,0,0,24990,0,0,0,0,0
Forbes_Ukraine_official,19,69930,1,0,0,0,0,0,4460,0,0,0,0,0
Fori_Akhbar,40,54319,0,0,0,0,0,0,0,0,0,0,0,0
ForumDailyTel,1,141,0,0,0,0,0,0,0,0,0,0,0,0
Fotball_KiriNews,23,4568,0,0,0,0,0,0,0,0,0,0,0,0
FoxNewsTV7,30,21368,0,0,0,0,0,0,0,0,0,0,0,0
Fox_News_Novozybkov,13,24358,0,0,0,0,0,0,0,0,0,0,0,0
FranceProvence,8,5856,0,0,0,0,0,0,0,0,0,0,0,0
FranceenRussie,15,22169,1,0,0,0,0,0,2250,0,0,0,0,0
FrankSpeech,26,10213,0,0,0,0,0,0,0,0,0,0,0,0
FreeRussia_Georgia,2,0,0,0,0,0,0,0,0,0,0,0,0,0
Freedom_Convoy1,13,15,0,0,0,0,0,0,0,0,0,0,0,0
FreieMedienTV,719,14556060,0,0,0,0,0,0,0,0,0,0,0,0
FreshKarta,5,4558,0,0,0,0,0,0,0,0,0,0,0,0
Friday13MM,3,2375,0,0,0,0,0,0,0,0,0,0,0,0
FridrihShow,155,1180690,7,0,0,0,0,0,82130,0,0,0,0,0
FromTashkent,22,45541,0,0,0,0,0,0,0,0,0,0,0,0
Fuguesblog,20,9962,0,0,0,0,0,0,0,0,0,0,0,0
Futgol_UZ,50,694680,0,0,0,0,0,0,0,0,0,0,0,0
GALICH_onok,719,71099598,7,0,0,0,0,0,498600,0,0,0,0,0
GARIUS,12,179,0,0,0,0,0,0,0,0,0,0,0,0
GEOSHOW,23,714460,0,0,0,0,0,0,0,0,0,0,0,0
GLOBAL_Telegram_MOKED,205,926721,0,0,0,0,0,0,0,0,0,0,0,0
GMRERA,1,63,0,0,0,0,0,0,0,0,0,0,0,0
GORBACHEVAGORBACHEVA,9,106860,0,0,0,0,0,0,0,0,0,0,0,0
GORDEYLIVE,269,41967400,1,0,0,0,0,0,198000,0,0,0,0,0
GO_Afisha,13,8649,0,0,0,0,0,0,0,0,0,0,0,0
GPP_Nadia_Savchenko,4,69090,0,0,0,0,0,0,0,0,0,0,0,0
GTRKLNR_Lugansk24,17,6546,0,0,0,0,0,0,0,0,0,0,0,0
GULISTONUZ24,6,1296,0,0,0,0,0,0,0,0,0,0,0,0
GWisnewski,127,1097440,0,0,0,0,0,0,0,0,0,0,0,0
GZo6EJ0Cz0diYzk6,8,13420,0,0,0,0,0,0,0,0,0,0,0,0
G_Savych,2,0,0,0,0,0,0,0,0,0,0,0,0,0
G_demerdji,14,3139,0,0,0,0,0,0,0,0,0,0,0,0
GalitskySasha,3,3930,0,0,0,0,0,0,0,0,0,0,0,0
Gallaorollik_yoshlar,1,112,0,0,0,0,0,0,0,0,0,0,0,0
Gallaorolliklaruz,1562,2643200,0,0,0,0,0,0,0,0,0,0,0,0
GalliaDaily,2,15620,0,0,0,0,0,0,0,0,0,0,0,0
GamidAmirov,2,2590,0,0,0,0,0,0,0,0,0,0,0,0
Ganjineh_news,50,5181,0,0,0,0,0,0,0,0,0,0,0,0
Gaon_gallery,3,257,0,0,0,0,0,0,0,0,0,0,0,0
GardeZ66,1096,82905499,50,0,0,2,1,0,3797700,0,0,181600,88500,0
Gavril1nna,168,12183200,0,0,0,0,0,0,0,0,0,0,0,0
Gaza30,14,12043,0,0,0,0,0,0,0,0,0,0,0,0
Gazkooh,6,8130,0,0,0,0,0,0,0,0,0,0,0,0
GazpromNews,2,1256,0,0,0,0,0,0,0,0,0,0,0,0
Gbmonlinegroupfb,1,913,0,0,0,0,0,0,0,0,0,0,0,0
GeRussia,2,13700,0,0,0,0,0,0,0,0,0,0,0,0
Gelendzhik_Maykop2018,10,114,0,0,0,0,0,0,0,0,0,0,0,0
GeneralFlynnExposed,33,19993,0,0,0,0,0,0,0,0,0,0,0,0
GeneralStaffZSU,35,679289,0,0,0,0,0,0,0,0,0,0,0,0
General_PattonQ,33,272169,0,0,0,0,0,0,0,0,0,0,0,0
Genichesk_ru,75,1061402,0,0,0,0,0,0,0,0,0,0,0,0
GeoPolitico,21,120755,0,0,0,0,0,0,0,0,0,0,0,0
Geosiyosatuz,42,10004,0,0,0,0,0,0,0,0,0,0,0,0
Ghaemshahr_News,20,8349,0,0,0,0,0,0,0,0,0,0,0,0
Gilin_Gilin,21181,482881973,0,0,0,0,0,0,0,0,0,0,0,0
Gillotina,32,398960,0,0,0,0,0,0,0,0,0,0,0,0
Gilticus,20,523450,0,0,0,0,0,0,0,0,0,0,0,0
GiyasovShakhram,19,41550,0,0,0,0,0,0,0,0,0,0,0,0
GladiatorValakas,37,697830,0,0,0,0,0,0,0,0,0,0,0,0
Gladkov_l,48,7815,0,0,0,0,0,0,0,0,0,0,0,0
GlavAgronom,4,1118,0,0,0,0,0,0,0,0,0,0,0,0
GlavPahar,1,36,0,0,0,0,0,0,0,0,0,0,0,0
GlavTema_Narod,20,7828,0,0,0,0,0,0,0,0,0,0,0,0
GlavnyNewsBelarus,45,179085,0,0,0,0,0,0,0,0,0,0,0,0
GlnNews,15,6224,0,0,0,0,0,0,0,0,0,0,0,0
Globin_problems,11,15610,1,0,0,0,0,0,1710,0,0,0,0,0
GlobusUkraine1,18,638,0,0,0,0,0,0,0,0,0,0,0,0
GlookiPail,35,176600,0,0,0,0,0,0,0,0,0,0,0,0
GloriaAlvarezPresidente,24,36120,0,0,0,0,0,0,0,0,0,0,0,0
GlorijaGrevcova1,26,44720,0,0,0,0,0,0,0,0,0,0,0,0
Godunov2020,21,193890,4,0,0,0,0,0,33170,0,0,0,0,0
GolangStack,39,225560,0,0,0,0,0,0,0,0,0,0,0,0
GolosGermanii,66,313060,3,0,0,0,0,0,14110,0,0,0,0,0
GolosTabasarana,14,49830,0,0,0,0,0,0,0,0,0,0,0,0
Golyshak74,5,26840,1,0,0,0,0,0,5250,0,0,0,0,0
GoncharenkoCentreKrop,1,1200,0,0,0,0,0,0,0,0,0,0,0,0
GorSovetOmsk,1,551,0,0,0,0,0,0,0,0,0,0,0,0
Gordeen,19,185510,0,0,0,0,0,0,0,0,0,0,0,0
Gorlovka_Kramatorsk,3,14120,0,0,0,0,0,0,0,0,0,0,0,0
GorodCheboksary,21,56496,0,0,0,0,0,0,0,0,0,0,0,0
Gorod_Orehovo_Zuevo,12,5567,0,0,0,0,0,0,0,0,0,0,0,0
Gorod_Podolsk,7,1812,0,0,0,0,0,0,0,0,0,0,0,0
Gorod_Vidnoe,5,1178,0,0,0,0,0,0,0,0,0,0,0,0
Gorod_Zelenograd,10,4498,0,0,0,0,0,0,0,0,0,0,0,0
GosSovet,12,171030,2,0,0,0,0,0,26300,0,0,0,0,0
GosdepSHA,76,6873200,1,0,0,0,0,0,136000,0,0,0,0,0
GospelTvEthiopia,32,138550,0,0,0,0,0,0,0,0,0,0,0,0
GovoritOmar,21,49035,0,0,0,0,0,0,0,0,0,0,0,0
Govorit_Magadan,2,53,0,0,0,0,0,0,0,0,0,0,0,0
Govorit_NeMoskva,21,80324,0,0,0,0,0,0,0,0,0,0,0,0
Govsg,81,5316100,0,0,0,0,0,0,0,0,0,0,0,0
GrArtamonov,4,87960,0,0,0,0,0,0,0,0,0,0,0,0
GrafinyaNegoduet,34,449477,0,0,0,0,0,0,0,0,0,0,0,0
Grantoed_by,13,782,0,0,0,0,0,0,0,0,0,0,0,0
GreaterKashmirNews,20,58,0,0,0,0,0,0,0,0,0,0,0,0
Grigory_Karasin,21,138895,0,0,0,0,0,0,0,0,0,0,0,0
Group_IB,32,32922,0,0,0,0,0,0,0,0,0,0,0,0
Group_etalon,12,11490,0,0,0,0,0,0,0,0,0,0,0,0
GrowInFaithh,131,14725,0,0,0,0,0,0,0,0,0,0,0,0
Grozniy_peace,43,492534,0,0,0,0,0,0,0,0,0,0,0,0
Grozny_crazy,40,546000,0,0,0,0,0,0,0,0,0,0,0,0
Grozny_podslushal,51,943300,0,0,0,0,0,0,0,0,0,0,0,0
Grozny_true,25,162050,0,0,0,0,0,0,0,0,0,0,0,0
GrpatKZ,20,55229,0,0,0,0,0,0,0,0,0,0,0,0
Grudin,1,324,0,0,0,0,0,0,0,0,0,0,0,0
Gryshyna_channel,23,19677,1,0,0,0,0,0,2080,0,0,0,0,0
Gubery,251,3383606,14,0,0,0,0,0,203000,0,0,0,0,0
Gudokru,20,25396,0,0,0,0,0,0,0,0,0,0,0,0
GuerreroCubano,2,1274,0,0,0,0,0,0,0,0,0,0,0,0
GuerrillaMorada,8,13350,0,0,0,0,0,0,0,0,0,0,0,0
Gugland,5,2609,0,0,0,0,0,0,0,0,0,0,0,0
GulistanUz,1,72,0,0,0,0,0,0,0,0,0,0,0,0
Gulistonliklar_Sirdaryo,2,12,0,0,0,0,0,0,0,0,0,0,0,0
Gulistonliklar_uz,105,620183,0,0,0,0,0,0,0,0,0,0,0,0
Gulnaz_gadzhikurbanova,11,35635,0,0,0,0,0,0,0,0,0,0,0,0
Gulrukhbonu_official,11,119930,0,0,0,0,0,0,0,0,0,0,0,0
Gulvira_ustaz,22,123120,0,0,0,0,0,0,0,0,0,0,0,0
GusyAndrew,18,15361,0,0,0,0,0,0,0,0,0,0,0,0
Guzor_Guzorliklar_Yangiliklari24,13,70070,0,0,0,0,0,0,0,0,0,0,0,0
GwinGlade,44,305210,1,0,0,0,0,0,4530,0,0,0,0,0
HASSANAL_haroobi,13,7827,0,0,0,0,0,0,0,0,0,0,0,0
HEXTA_Russia,25,5495,0,0,0,0,0,0,0,0,0,0,0,0
HHHHHH19,40,31481,0,0,0,0,0,0,0,0,0,0,0,0
HKHistoryphilo,8,12146,0,0,0,0,0,0,0,0,0,0,0,0
HK_Schedule,44,22480,0,0,0,0,0,0,0,0,0,0,0,0
HK_Traffic_News,251,325819,0,0,0,0,0,0,0,0,0,0,0,0
HOFMANNITATELEGRAM,2,0,0,0,0,0,0,0,0,0,0,0,0,0
HORNC,2,250,0,0,0,0,0,0,0,0,0,0,0,0
HShamsutdinov,11,89850,0,0,0,0,0,0,0,0,0,0,0,0
HUDAPARbasin,3,3600,0,0,0,0,0,0,0,0,0,0,0,0
HUhmuroeutro,35,121054,2,0,0,1,0,0,5258,0,0,1310,0,0
HVSchannel,20,14471,0,0,0,0,1,0,0,0,0,0,581,0
HYanchenko,1,315,0,0,0,0,0,0,0,0,0,0,0,0
H_12_6,2,923,0,0,0,0,0,0,0,0,0,0,0,0
HaberGundem,1,1,0,0,0,0,0,0,0,0,0,0,0,0
Haidukevych,24,88309,0,0,0,0,0,0,0,0,0,0,0,0
Haintz,200,2421950,0,0,0,0,0,0,0,0,0,0,0,0
HamburgDemoUkraine,6,10858,0,0,0,0,0,0,0,0,0,0,0,0
HamedanIRIBnews,12,14186,0,0,0,0,0,0,0,0,0,0,0,0
HaminEN,2,4460,0,0,0,0,0,0,0,0,0,0,0,0
HantyMoney,36,148305,2,0,0,0,0,0,7070,0,0,0,0,0
HappyZK,8,37180,0,0,0,0,0,0,0,0,0,0,0,0
Happyvrot,14,83130,0,0,0,0,0,0,0,0,0,0,0,0
HaqiqaFa,40,87,0,0,0,0,0,0,0,0,0,0,0,0
Hard_Blog_Line,71,3492900,8,0,0,0,0,0,429100,0,0,0,0,0
Harkivlife,28,30394,0,0,0,0,0,0,0,0,0,0,0,0
HarrisonMclean,7,1012,0,0,0,0,0,0,0,0,0,0,0,0
HartungStefan,40,320285,0,0,0,0,0,0,0,0,0,0,0,0
HastaQueCaigaLaTirania,42,272520,0,0,0,0,0,0,0,0,0,0,0,0
Hazorasp_hokimligi,10,5822,0,0,0,0,0,0,0,0,0,0,0,0
Hazoraspliklar_uz,20,24687,0,0,0,0,0,0,0,0,0,0,0,0
Hdr0_one,5,31990,0,0,0,0,0,0,0,0,0,0,0,0
HealthReportTV,41,139170,0,0,0,0,0,0,0,0,0,0,0,0
Healthfory0u,31,85871,0,0,0,0,0,0,0,0,0,0,0,0
Hegemony_culture,23,7164,0,0,0,0,0,0,0,0,0,0,0,0
HeiltonProgramming,41,47345,0,0,0,0,0,0,0,0,0,0,0,0
Heinrichs_Gedanken,39,74548,0,0,0,0,0,0,0,0,0,0,0,0
Helen_yes1,254,10514400,1,0,0,0,0,0,47800,0,0,0,0,0
Hello_Galochka,26,226030,0,0,0,0,0,0,0,0,0,0,0,0
Hello_Rada,52,222000,2,0,0,1,0,0,6160,0,0,4780,0,0
HelpVictimsChannel,2,1647,0,0,0,0,0,0,0,0,0,0,0,0
HemnSeyedi,41,122230,0,0,0,0,0,0,0,0,0,0,0,0
Hengaw_Org,60,171945,0,0,0,0,0,0,0,0,0,0,0,0
Herai_Times,5,3604,0,0,0,0,0,0,0,0,0,0,0,0
Herat24,18,24165,0,0,0,0,0,0,0,0,0,0,0,0
HeratTimess,13046,230667881,0,0,0,0,0,0,0,0,0,0,0,0
HersonVestnik,123,769204,7,0,0,0,0,0,42151,0,0,0,0,0
HersonskiyGorodovoy,8,219,0,0,0,0,0,0,0,0,0,0,0,0
Hiberradio,29,3918,0,0,0,0,0,0,0,0,0,0,0,0
HikoyaNew,54,231930,0,0,0,0,0,0,0,0,0,0,0,0
Himki_crazy,49,686400,0,0,0,0,0,0,0,0,0,0,0,0
Himki_podslushal,51,967400,0,0,0,0,0,0,0,0,0,0,0,0
Himki_true,45,250519,0,0,0,0,0,0,0,0,0,0,0,0
Hinshtein,39,2586620,2,0,0,0,2,0,75960,0,0,0,159400,0
HispanTVcanal,569,1914390,0,0,0,0,0,0,0,0,0,0,0,0
Hodiyev,6,12000,0,0,0,0,0,0,0,0,0,0,0,0
Hoja_uz,17,69409,0,0,0,0,0,0,0,0,0,0,0,0
HolodniyYar,1,0,0,0,0,0,0,0,0,0,0,0,0,0
HomoNotes,18,42710,0,0,0,0,0,0,0,0,0,0,0,0
Hoteliernews,14,41500,0,0,0,0,0,0,0,0,0,0,0,0
HouseOfCardsEurope,43,142000,2,0,0,0,0,0,5710,0,0,0,0,0
HouseOfCardsMoscow,9,1212,0,0,0,0,0,0,0,0,0,0,0,0
HouseOfCardsRussia,40,55106,0,0,0,0,0,0,0,0,0,0,0,0
HouseOfCardsSPB,9,1753,0,0,0,0,0,0,0,0,0,0,0,0
HousesCat,27,35014,0,0,0,0,0,0,0,0,0,0,0,0
HousingUnion,8,3889,1,0,0,0,0,0,571,0,0,0,0,0
Hroniki_ua1,190,690669,5,0,0,0,0,0,20170,0,0,0,0,0
Hslftg,10,29400,0,0,0,0,0,0,0,0,0,0,0,0
HtoSho,16,510400,0,0,0,0,0,0,0,0,0,0,0,0
Humor_and_Politics,214,1049205,1,0,1,0,0,0,5850,0,6100,0,0,0
Hurfikruznews,246,59710,0,0,0,0,0,0,0,0,0,0,0,0
IABelRu,18,85546,0,0,0,0,0,0,0,0,0,0,0,0
IADAT,25,639300,1,0,0,0,0,0,19700,0,0,0,0,0
IAMTERNOVOY,1,974,0,0,0,0,0,0,0,0,0,0,0,0
IAS_Polity_Quiz,10,19101,0,0,0,0,0,0,0,0,0,0,0,0
IA_ASD,20,36260,0,0,0,0,0,0,0,0,0,0,0,0
IA_Kam24,467,6415685,0,0,0,0,0,0,0,0,0,0,0,0
IA_VGOLOS,2,1733,0,0,0,0,0,0,0,0,0,0,0,0
ICATriplex,11,6383,0,0,0,0,0,0,0,0,0,0,0,0
ICE_DAYS_TG,2,4500,0,0,0,0,0,0,0,0,0,0,0,0
IF112,13,25470,0,0,0,0,0,0,0,0,0,0,0,0
ILONA_LUNDEN,9,7964,0,0,0,0,0,0,0,0,0,0,0,0
INFO1612,23,3347,0,0,1,0,0,0,0,0,114,0,0,0
INFOLPM,3,17579,0,0,0,0,0,0,0,0,0,0,0,0
IOHRiraq,9,4717,0,0,0,0,0,0,0,0,0,0,0,0
IRANinRUSSIA,15,4574,0,0,0,0,0,0,0,0,0,0,0,0
IRANist1,23,107709,1,0,0,0,0,0,1320,0,0,0,0,0
IR_Pakistan,2,492,0,0,0,0,0,0,0,0,0,0,0,0
ISOFGOLD,2,10780,0,0,0,0,0,0,0,0,0,0,0,0
ITHard,4,3908,1,0,0,0,0,0,796,0,0,0,0,0
IWriteYouRead,18,9508,0,0,0,0,0,0,0,0,0,0,0,0
Ice_City_Tashkent,3,2793,0,0,0,0,0,0,0,0,0,0,0,0
IchBinHera,3,1137,0,0,0,0,0,0,0,0,0,0,0,0
IdramandIDBank,29,181120,0,0,0,0,0,0,0,0,0,0,0,0
IgnacioGarrigaVaz,4,1943,0,0,0,0,0,0,0,0,0,0,0,0
IgorGrigoriev,26,137560,0,0,0,0,0,0,0,0,0,0,0,0
IgorLevitas,37,19769,2,0,0,0,1,0,993,0,0,0,73,0
IgorLinkChannel,74,3091000,0,0,0,0,0,0,0,0,0,0,0,0
Igor_Sapozhko,45,321709,1,0,0,0,0,0,5580,0,0,0,0,0
Igorfresh,17,18537,0,0,0,0,0,0,0,0,0,0,0,0
Ikbomb,5,116,0,0,0,0,0,0,0,0,0,0,0,0
IlMM1lLPbhBhODAy,16,916,0,0,0,0,0,0,0,0,0,0,0,0
Ilin_Evgeny,1,0,0,0,0,0,0,0,0,0,0,0,0,0
ImashevNB,11,8198,0,0,0,0,0,0,0,0,0,0,0,0
ImpNavigator,9,31398,0,0,0,0,0,0,0,0,0,0,0,0
Imperat0p,24,14857,1,0,0,0,0,0,565,0,0,0,0,0
Inamalina,23,90710,2,0,0,0,0,0,15210,0,0,0,0,0
Indian_Armyy,2,13640,0,0,0,0,0,0,0,0,0,0,0,0
Indian_Navy_Agnipath_Ke_Agniveer,110,91445,0,0,0,0,0,0,0,0,0,0,0,0
Indypersian,1043,7132941,0,0,0,0,0,0,0,0,0,0,0,0
InfoVojnaOfficial,69,704800,0,0,0,0,0,0,0,0,0,0,0,0
Info_Krasnoyarsk,2,319,0,0,0,0,0,0,0,0,0,0,0,0
Infotek_Russia,20,108550,2,0,0,0,0,0,31080,0,0,0,0,0
IngSVO,11,3216,0,0,0,0,0,0,0,0,0,0,0,0
InsightPeople,16,7384,0,0,0,0,0,0,0,0,0,0,0,0
Instablog9jaofficial,11321,65011152,0,0,0,0,0,0,0,0,0,0,0,0
IntelRepublic,32,725898,0,0,0,0,0,0,0,0,0,0,0,0
InvesttMen,6,20,0,0,0,0,0,0,0,0,0,0,0,0
Iran6Rang,18,9532,0,0,0,0,0,0,0,0,0,0,0,0
IranAzadie,34,2684,0,0,0,0,0,0,0,0,0,0,0,0
IranPakistanAfganistan,4,18530,0,0,0,0,0,0,0,0,0,0,0,0
IranProtestsMap,6,1864,0,0,0,0,0,0,0,0,0,0,0,0
IranintlTV,39177,3088757935,0,0,0,0,0,0,0,0,0,0,0,0
IraqiMediaNetwork,42,38843,0,0,0,0,0,0,0,0,0,0,0,0
IrinaBabloyan,40,177230,0,0,0,0,0,0,0,0,0,0,0,0
IrinaSmirnova1,390,25964350,0,0,0,0,0,0,0,0,0,0,0,0
Irina_Blonskaya,22,62670,0,0,0,0,0,0,0,0,0,0,0,0
Irinaagibalova,8,30500,0,0,0,0,0,0,0,0,0,0,0,0
Irinamar_Z,61,560215,0,0,0,0,0,0,0,0,0,0,0,0
Irkpolicy,36,73086,0,0,0,0,0,0,0,0,0,0,0,0
IrkutskNovosti,35,56730,0,0,0,0,0,0,0,0,0,0,0,0
Irkutsk_crazy,49,684600,1,0,0,0,0,0,14000,0,0,0,0,0
Irkutsk_inside,52,465957,1,0,0,1,0,0,6130,0,0,6140,0,0
Irkutsk_peace,43,310190,0,0,0,1,0,0,0,0,0,6050,0,0
Irkutsk_podslushal,52,983900,0,0,0,0,0,0,0,0,0,0,0,0
Irkutsk_true,44,413300,0,0,0,1,0,0,0,0,0,4080,0,0
Ironvoter,33,7283,0,0,0,0,0,0,0,0,0,0,0,0
Irzabekov_russkoe_solnce,16,16424,0,0,0,0,0,0,0,0,0,0,0,0
Ishtixonliklar_24,97,230209,0,0,0,0,0,0,0,0,0,0,0,0
IslomKarimov,23,113698,0,0,0,0,0,0,0,0,0,0,0,0
IslomYoli_Kanali,2,20,0,0,0,0,0,0,0,0,0,0,0,0
IsraelInRussia,9,32506,0,0,0,0,0,0,0,0,0,0,0,0
Israel_BreakingNews,5,4427,0,0,0,0,0,0,0,0,0,0,0,0
Israel_novosti,1,8,0,0,0,0,0,0,0,0,0,0,0,0
IsraelinRussian,50,346044,0,0,0,0,0,0,0,0,0,0,0,0
Istochnic_i_litera,1,71,0,0,0,0,0,0,0,0,0,0,0,0
Istokinfo,115,529937,0,0,0,0,0,0,0,0,0,0,0,0
ItalyQanons,43,89079,0,0,0,0,0,0,0,0,0,0,0,0
Iudmurikluda,33,251619,0,0,0,0,0,0,0,0,0,0,0,0
Iutsk,63,670384,3,0,0,0,0,0,19410,0,0,0,0,0
Ivan_Sergeevich_Prikhodko,7,976,0,0,0,0,0,0,0,0,0,0,0,0
IvanovoPolitika,2,1512,0,0,0,0,0,0,0,0,0,0,0,0
Ivanovo_crazy,49,697900,0,0,0,0,0,0,0,0,0,0,0,0
Ivanovo_peace,41,328360,0,0,0,0,0,0,0,0,0,0,0,0
Ivanovo_podslushal,51,973900,1,0,0,0,0,0,20100,0,0,0,0,0
Ivanovo_true,43,321920,3,0,0,0,0,0,19430,0,0,0,0,0
IvanovskoeMSK,1,2,0,0,0,0,0,0,0,0,0,0,0,0
Ivorytowers,31,411326,1,0,0,0,0,0,2610,0,0,0,0,0
Izboskan_uz,31,276322,0,0,0,0,0,0,0,0,0,0,0,0
Izhevsk6,2,3310,0,0,0,0,0,0,0,0,0,0,0,0
Izhevsk_crazy,48,684400,0,0,0,0,0,0,0,0,0,0,0,0
Izhevsk_inside,43,306672,0,0,0,0,0,0,0,0,0,0,0,0
Izhevsk_peace,39,301154,0,0,0,0,0,0,0,0,0,0,0,0
Izhevsk_podslushal,54,1023500,0,0,0,0,0,0,0,0,0,0,0,0
Izhevsk_true,43,243440,1,0,0,0,0,0,4380,0,0,0,0,0
IzumrudnyGorod,2,1581,0,0,0,0,0,0,0,0,0,0,0,0
IzzatShukurov,9,147230,0,0,0,0,0,0,0,0,0,0,0,0
JAHONSIYOSATI,2,29800,0,0,0,0,0,0,0,0,0,0,0,0
JECHAMA,40,374000,0,0,0,0,0,0,0,0,0,0,0,0
JERELIA_Public,1,545,0,0,0,0,0,0,0,0,0,0,0,0
JEVELINA2022,2,0,0,0,0,0,0,0,0,0,0,0,0,0
JFNews,9,171,0,0,0,0,0,0,0,0,0,0,0,0
JOHAN_telega,73,9561700,0,0,0,0,0,0,0,0,0,0,0,0
JOYESHOP,4,3742,0,0,0,0,0,0,0,0,0,0,0,0
JR_TwitGram,22,105070,0,0,0,0,0,0,0,0,0,0,0,0
JSlayUSofA,7,5595,0,0,0,0,0,0,0,0,0,0,0,0
JULIEGREENMINISTRIES,48,582970,0,0,0,0,0,0,0,0,0,0,0,0
JabheSunnat,2,110,0,0,0,0,0,0,0,0,0,0,0,0
Jack_Posobiec,2678,34796949,0,0,0,0,0,0,0,0,0,0,0,0
Jahon_uzz,5,569,0,0,0,0,0,0,0,0,0,0,0,0
JahongirSagdullayev,20,492740,0,0,0,0,0,0,0,0,0,0,0,0
Jalaquduq_BozorUZ,129,199476,0,0,0,0,0,0,0,0,0,0,0,0
JamejamDaily,10310,3005660,0,0,0,0,0,0,0,0,0,0,0,0
JamesOKeefeIII,68,2349700,0,0,0,0,0,0,0,0,0,0,0,0
JamesWoodsFans,1072,3198692,0,0,0,0,0,0,0,0,0,0,0,0
Jareda_iqq,20,2526,0,0,0,0,0,0,0,0,0,0,0,0
JarrinJackson,150,633390,0,0,0,0,0,0,0,0,0,0,0,0
Jasur_Mavlonov_Jasur_Mavlonov,4,4199,0,0,0,0,0,0,0,0,0,0,0,0
JasurbekOfficiall,13,29010,0,0,0,0,0,0,0,0,0,0,0,0
JavazZz1,3,5250,0,0,0,0,0,0,0,0,0,0,0,0
JavierOrtegaSmith,23,43528,0,0,0,0,0,0,0,0,0,0,0,0
Jaxon_Yangliklar,551,1354455,0,0,0,0,0,0,0,0,0,0,0,0
Jelezobetonniyzames,32,536589,1,0,0,0,0,0,15700,0,0,0,0,0
Jenny_Mosienko_official,2,4650,0,0,0,0,0,0,0,0,0,0,0,0
JewishMedia,6,21690,0,0,0,0,0,0,0,0,0,0,0,0
JewishNews,3,2105,0,0,0,0,0,0,0,0,0,0,0,0
Jiguli_Moskvich_bozori,2,0,0,0,0,0,0,0,0,0,0,0,0,0
Jizzax,5232,158162185,1,0,0,0,0,0,34400,0,0,0,0,0
Jizzax24kanal,49,79084,0,0,0,0,0,0,0,0,0,0,0,0
Jizzaxlik,77,161587,0,0,0,0,0,0,0,0,0,0,0,0
Jizzaxliklar_Info_Paxtakor_Zomin,464,2351928,0,0,0,0,0,0,0,0,0,0,0,0
JoePags,29,15067,0,0,0,0,0,0,0,0,0,0,0,0
JohnStrandUSA,40,56336,0,0,0,0,0,0,0,0,0,0,0,0
JoinSheykhdarAbad,1,256,0,0,0,0,0,0,0,0,0,0,0,0
JokerBaku,29,84497,0,0,0,0,0,0,0,0,0,0,0,0
Jonli_Bolta,703,24200800,0,0,0,0,0,0,0,0,0,0,0,0
JoshDeveloper,20,68790,0,0,0,0,0,0,0,0,0,0,0,0
Jsnewsir,21,922,0,0,0,0,0,0,0,0,0,0,0,0
JuditaLassakova,41,574460,0,0,0,0,0,0,0,0,0,0,0,0
JuliaMenshovaJulia,601,85351659,11,0,0,0,0,0,1647700,0,0,0,0,0
JustBusinessUA,18,8532,0,0,0,0,0,0,0,0,0,0,0,0
JustTruthChannel,36,101630,0,0,0,0,0,0,0,0,0,0,0,0
JustusWalker,4,20110,0,0,0,0,0,0,0,0,0,0,0,0
Jx_uzb,14231,812678098,1,0,0,1,0,0,46000,0,0,63500,0,0
KAIF_Dagestana,11,13953,0,0,0,0,0,0,0,0,0,0,0,0
KARACHUNua,27,163780,0,0,0,0,0,0,0,0,0,0,0,0
KARAGODINorg,28,71447,1,0,0,0,0,0,14400,0,0,0,0,0
KARAKALPAK24,537,20858569,0,0,0,0,0,0,0,0,0,0,0,0
KARAS_EVGEN,177,12973580,11,0,0,1,2,0,812800,0,0,216000,216000,0
KARONAVIRUSI_kun_uz_daryo_uz,4,1211,0,0,0,0,0,0,0,0,0,0,0,0
KATTAQORGON,87,6766,0,0,0,0,0,0,0,0,0,0,0,0
KB_Announcments,1336,12240374,22,0,0,1,6,0,205780,0,0,7800,52830,0
KChRx,4,1650,0,0,0,0,0,0,0,0,0,0,0,0
KDnews_ir,28,18849,0,0,0,0,0,0,0,0,0,0,0,0
KELES,29,61138,0,0,0,0,0,0,0,0,0,0,0,0
KES_help,44,119698,0,0,0,0,0,0,0,0,0,0,0,0
KIMMARINA,35,913570,1,0,0,0,0,0,1880,0,0,0,0,0
KMcEnanyChannel,20,36,0,0,0,0,0,0,0,0,0,0,0,0
KOSONSOY,85,1166170,0,0,0,0,0,0,0,0,0,0,0,0
KOSONSOYLIK_UZ,56,658135,0,0,0,0,0,0,0,0,0,0,0,0
KRA_ZV,213,45902,3,0,0,0,3,0,671,0,0,0,735,0
KSP74,12,30730,0,0,0,0,0,0,0,0,0,0,0,0
KYRGSOC,6,6115,0,0,0,0,0,0,0,0,0,0,0,0
KZembassyinUKR,2,1102,0,0,0,0,0,0,0,0,0,0,0,0
KZgovernment,6,9490,0,0,0,0,0,0,0,0,0,0,0,0
KagarlykCity,3,6200,0,0,0,0,0,0,0,0,0,0,0,0
Kai_Enderes_Kanal,2,480,0,0,0,0,0,0,0,0,0,0,0,0
KakieLudi_IL,27,21451,2,0,0,0,0,0,1046,0,0,0,0,0
Kalinin_PRM,16,18818,2,0,0,0,0,0,2650,0,0,0,0,0
Kaliningrad_crazy,40,559000,0,0,0,0,0,0,0,0,0,0,0,0
Kaliningrad_peace,41,363317,0,0,0,0,0,0,0,0,0,0,0,0
Kaliningrad_podslushal,51,957600,0,0,0,0,0,0,0,0,0,0,0,0
Kaliningrad_true,45,247890,0,0,0,0,0,0,0,0,0,0,0,0
Kaluga_crazy,40,554700,1,0,0,0,0,0,13800,0,0,0,0,0
Kaluga_peace,40,305503,0,0,0,0,0,0,0,0,0,0,0,0
Kaluga_podslushal,49,926400,0,0,0,0,0,0,0,0,0,0,0,0
Kaluga_true,45,246260,0,0,0,0,0,0,0,0,0,0,0,0
KalushMR,25,86912,0,0,0,0,0,0,0,0,0,0,0,0
KamalaHarris,20,16646,0,0,0,0,0,0,0,0,0,0,0,0
KamenskUralsky_sluh,49,629800,0,0,0,0,0,0,0,0,0,0,0,0
KamenskUralsky_sobitie,50,646600,0,0,0,0,0,0,0,0,0,0,0,0
KamenskUralsky_true,44,244970,0,0,0,0,0,0,0,0,0,0,0,0
KamolovSher,9,47530,0,0,0,0,0,0,0,0,0,0,0,0
KamranLeaks,19,14498,0,0,0,0,0,0,0,0,0,0,0,0
Kamyshin_true,45,353490,0,0,0,0,0,0,0,0,0,0,0,0
Kanallar_Guruhlar_Savdosi,34,19729,0,0,0,0,0,0,0,0,0,0,0,0
Kangavar_today,20,12710,0,0,0,0,0,0,0,0,0,0,0,0
KaosCanal,16,4815,0,0,0,0,0,0,0,0,0,0,0,0
Kaparzo_Islam,26,304060,0,0,0,0,0,0,0,0,0,0,0,0
Kapgiridze,5,2265,0,0,0,0,0,0,0,0,0,0,0,0
Kar24Uz,59,396711,0,0,0,0,0,0,0,0,0,0,0,0
KarabakhBulletin,2,0,0,0,0,0,0,0,0,0,0,0,0,0
KarabakhRecords,20,20496,0,0,0,0,0,0,0,0,0,0,0,0
KarabakhRu,19,14136,0,0,0,0,0,0,0,0,0,0,0,0
Karatsuba661,20,69510,0,0,0,0,0,0,0,0,0,0,0,0
KarauLnet,17,7368,0,0,0,0,0,0,0,0,0,0,0,0
KariLakeAZ,29,10805,0,0,0,0,0,0,0,0,0,0,0,0
KarimbekToshpulatov,5,36620,0,0,0,0,0,0,0,0,0,0,0,0
Kartatverog,256,418511,0,0,0,1,0,0,0,0,0,1900,0,0
Kasbi_tuman_hokimligi,2,13140,0,0,0,0,0,0,0,0,0,0,0,0
Kashef_Rasu,17,2436,0,0,0,0,0,0,0,0,0,0,0,0
KaskadNerv,28,186370,0,0,0,0,0,0,0,0,0,0,0,0
Kaspiysk_true,45,334230,1,0,0,0,0,0,6880,0,0,0,0,0
KateClappTelegram,123,10393400,1,0,0,0,0,0,83400,0,0,0,0,0
Katie_pro,10,7267,0,0,0,0,0,0,0,0,0,0,0,0
Katimsya,18,83200,0,0,0,0,0,0,0,0,0,0,0,0
KatorovSA,3,573,0,0,0,0,0,0,0,0,0,0,0,0
KatyaGolyshevaaaaa,25,272880,0,0,0,0,0,0,0,0,0,0,0,0
KavehMadani,38,398630,0,0,0,0,0,0,0,0,0,0,0,0
Kavkazskaya_pravda,3,15852,0,0,0,0,0,0,0,0,0,0,0,0
KayleighMcEnany,45,26138,0,0,0,0,0,0,0,0,0,0,0,0
KazPress_Telegram,1,17,0,0,0,0,0,0,0,0,0,0,0,0
Kazan_ChP_DTP,32,73644,0,0,0,0,0,0,0,0,0,0,0,0
Kazan_cult,46,632530,0,0,0,0,0,0,0,0,0,0,0,0
Kazan_podslushal,51,949500,0,0,0,0,0,0,0,0,0,0,0,0
Kazan_true,43,324250,0,0,0,0,0,0,0,0,0,0,0,0
Kazanab,3,2208,0,0,0,0,0,0,0,0,0,0,0,0
Kazaninside,43,328740,0,0,0,0,0,0,0,0,0,0,0,0
Kazanreal,2,2555,0,0,0,0,0,0,0,0,0,0,0,0
Kdvinsky,50,397520,0,0,0,0,0,0,0,0,0,0,0,0
KeanuReevesOfficiaI,6,3138,0,0,0,0,0,0,0,0,0,0,0,0
Kemal_Kilicdaroglu,6,64640,0,0,0,0,0,0,0,0,0,0,0,0
Kemerovo_crazy,40,554900,1,0,0,0,0,0,13200,0,0,0,0,0
Kemerovo_inside,43,307959,0,0,0,0,0,0,0,0,0,0,0,0
Kemerovo_peace,52,384900,0,0,0,0,0,0,0,0,0,0,0,0
Kemerovo_podslushal,55,1050900,0,0,0,0,0,0,0,0,0,0,0,0
Kemerovo_true,43,241499,0,0,0,0,0,0,0,0,0,0,0,0
Kerch_true,45,253260,0,0,0,0,0,0,0,0,0,0,0,0
KhabarAzMa,21909,189218816,0,0,0,0,0,0,0,0,0,0,0,0
Khabar_Fouri,52770,4122700141,0,0,0,0,0,0,0,0,0,0,0,0
Khabare_vije,35951,1634320132,0,0,0,0,0,0,0,0,0,0,0,0
Khabarooli,277,589009,0,0,0,0,0,0,0,0,0,0,0,0
Khabarovsk4,80,112831,1,0,0,0,0,0,2500,0,0,0,0,0
KhabarovskNovosty,36,33644,0,0,0,0,0,0,0,0,0,0,0,0
Khabarovsk_crazy,49,703600,1,0,0,0,0,0,14300,0,0,0,0,0
Khabarovsk_inside,43,309239,1,0,0,0,0,0,6200,0,0,0,0,0
Khabarovsk_peace,43,307950,0,0,0,0,0,0,0,0,0,0,0,0
Khabarovsk_podslushal,53,1003600,0,0,0,0,0,0,0,0,0,0,0,0
Khabarovsk_true,45,331050,0,0,0,0,0,0,0,0,0,0,0,0
KhabarraK,313,2884191,0,0,0,0,0,0,0,0,0,0,0,0
KhantyMansiysk_true,49,362520,0,0,0,0,0,0,0,0,0,0,0,0
KharkivPolitics,53,208777,0,0,0,0,0,0,0,0,0,0,0,0
KharkivTODAY1,20,10495,0,0,0,0,0,0,0,0,0,0,0,0
Kharkiv_1562,14,70601,1,0,0,0,0,0,5710,0,0,0,0,0
Kharkiv_antiFA,6,22974,1,0,0,0,0,0,2490,0,0,0,0,0
KharkovZV,15,78510,0,0,0,0,0,0,0,0,0,0,0,0
Kharkov_Perviy,141,1133854,3,0,0,0,0,0,21560,0,0,0,0,0
Kharkov_sky,18,18963,0,0,0,0,0,0,0,0,0,0,0,0
Khasavyurt_true,45,328300,0,0,0,0,0,0,0,0,0,0,0,0
KhetibadiPB,6,4102,0,0,0,0,0,0,0,0,0,0,0,0
Khimki_Podslushano,9,4825,0,0,0,0,0,0,0,0,0,0,0,0
Khmelnytskyi_Dopomoga,11,66430,0,0,0,0,0,0,0,0,0,0,0,0
Khmelnytskyinovosty,3,3498,0,0,0,0,0,0,0,0,0,0,0,0
KhomenkoRoman,18,178070,1,0,0,0,0,0,3920,0,0,0,0,0
KhomichM,36,158770,0,0,0,0,0,0,0,0,0,0,0,0
KhosroshahNews_ir,22,2231,0,0,0,0,0,0,0,0,0,0,0,0
Khrial,20,1887,0,0,0,0,0,0,0,0,0,0,0,0
KievOblNews,3,84,0,0,0,0,0,0,0,0,0,0,0,0
Kiev_na_provode,18,19990,0,0,0,0,0,0,0,0,0,0,0,0
Kiliya_ua,2,244,0,0,0,0,0,0,0,0,0,0,0,0
KimKataguiri,47,62364,0,0,0,0,0,0,0,0,0,0,0,0
Kinder_schuetzen,37,192800,0,0,0,0,0,0,0,0,0,0,0,0
KirillandhisFriends,19,125950,1,0,0,0,0,0,5730,0,0,0,0,0
Kirilovolodimirovich,81,1968280,2,0,0,0,1,0,54400,0,0,0,30400,0
Kirov_crazy,40,580000,0,0,0,0,0,0,0,0,0,0,0,0
Kirov_peace,43,305250,1,0,0,0,0,0,6230,0,0,0,0,0
Kirov_podslushal,55,1022700,2,0,0,0,0,0,36700,0,0,0,0,0
Kirov_true,45,246459,1,0,0,0,0,0,4040,0,0,0,0,0
Kislovodsk_true,45,376170,1,0,0,0,0,0,7830,0,0,0,0,0
Kitob_kitobliklar_yangiliklar_24,30,138530,0,0,0,0,0,0,0,0,0,0,0,0
Kitobliklar24,468,2528135,0,0,0,0,0,0,0,0,0,0,0,0
KiwoomResearch,35,32046,0,0,0,0,0,0,0,0,0,0,0,0
Kkkrem_daily,32,929309,1,0,0,0,0,0,22100,0,0,0,0,0
KlagePATEN_eu,57,213736,0,0,0,0,0,0,0,0,0,0,0,0
KlagemauerTV,50,695870,0,0,0,0,0,0,0,0,0,0,0,0
KlagepatenElternInfo,17,37090,0,0,0,0,0,0,0,0,0,0,0,0
KlavaBelova,23,49006,0,0,0,0,0,0,0,0,0,0,0,0
KlgMechta,35,320380,0,0,0,0,0,0,0,0,0,0,0,0
Klimovnews,18,115730,0,0,0,0,0,0,0,0,0,0,0,0
Klukva_ka,15,35370,0,0,0,0,0,0,0,0,0,0,0,0
Klychkov_Andrey,26,875320,0,0,0,0,0,0,0,0,0,0,0,0
Kol49,4,667,0,0,0,0,0,0,0,0,0,0,0,0
KolesoRP,20,7324,0,0,0,0,0,0,0,0,0,0,0,0
Kolmachevski,12,5724,0,0,0,0,0,0,0,0,0,0,0,0
Kolodin89,1,789,0,0,0,0,0,0,0,0,0,0,0,0
Kolomna_Gorod,7,2855,0,0,0,0,0,0,0,0,0,0,0,0
Kolomna_true,45,259590,0,0,0,1,0,0,0,0,0,4750,0,0
KolyaZhe,4,2009,1,0,0,0,0,0,582,0,0,0,0,0
Kolymaplus,9,760,0,0,0,0,0,0,0,0,0,0,0,0
KomaRepublic,8,17181,0,0,0,0,0,0,0,0,0,0,0,0
Komenda24,18,120904,0,0,0,0,0,0,0,0,0,0,0,0
Kommunar_Ussuriisk,14,3026,0,0,0,0,0,0,0,0,0,0,0,0
KomsomolskAmur_crazy,49,695300,1,0,0,0,0,0,13800,0,0,0,0,0
KomsomolskAmur_lyudi,41,753900,1,0,0,0,0,0,13500,0,0,0,0,0
KomsomolskAmur_podslushal,51,960700,1,0,0,0,0,0,18100,0,0,0,0,0
KomsomolskAmur_sluh,46,584200,0,0,0,0,0,0,0,0,0,0,0,0
KomsomolskAmur_sobitie,49,623100,0,0,0,0,0,0,0,0,0,0,0,0
KomsomolskAmur_true,45,331530,1,0,0,0,0,0,6780,0,0,0,0,0
KomytoZa,38,97784,2,0,0,0,0,0,6920,0,0,0,0,0
KonstantinEggert,33,83050,0,0,0,0,0,0,0,0,0,0,0,0
Kopeysk_true,42,918600,0,0,0,0,0,0,0,0,0,0,0,0
Koraxabaruz,43,174880,0,0,0,0,0,0,0,0,0,0,0,0
KoreaSouthNorthnews2020,7,999,0,0,0,0,0,0,0,0,0,0,0,0
KoreaTimes,13,3533,0,0,0,0,0,0,0,0,0,0,0,0
Korea_Light,42,117199,1,0,0,0,0,0,3050,0,0,0,0,0
Korolev_true,39,223140,1,0,0,1,0,0,4160,0,0,4400,0,0
Kortros,33,17285,0,0,0,0,0,0,0,0,0,0,0,0
Kosachev62,7,16413,0,0,0,0,0,0,0,0,0,0,0,0
Koshkin_sibiryak,27,80814,0,0,0,0,0,0,0,0,0,0,0,0
Koson_Kosonliklar_24_yangiliklar,33,159516,0,0,0,0,0,0,0,0,0,0,0,0
Kostroma_crazy,49,684200,0,0,0,0,0,0,0,0,0,0,0,0
Kostroma_lyudi,40,368979,0,0,0,0,0,0,0,0,0,0,0,0
Kostroma_podslushal,55,1101100,0,0,0,0,0,0,0,0,0,0,0,0
Kostroma_true,44,310896,0,0,0,0,0,0,0,0,0,0,0,0
KotNaMirotvorze,20,79101,0,0,0,0,0,0,0,0,0,0,0,0
Kotokrabs,30,419800,0,0,0,0,0,0,0,0,0,0,0,0
Kovalenkosvyat,48,2537999,0,0,0,0,0,0,0,0,0,0,0,0
Kovrov_true,45,247270,0,0,0,0,0,0,0,0,0,0,0,0
KozhevnikovaMaria,21,204320,0,0,0,0,0,0,0,0,0,0,0,0
KpMoldova,32,49210,2,0,0,0,0,0,4370,0,0,0,0,0
Krasnodar_crazy,49,684200,0,0,0,0,0,0,0,0,0,0,0,0
Krasnodar_cult,46,633110,0,0,0,0,0,0,0,0,0,0,0,0
Krasnodar_inside,43,311990,0,0,0,0,0,0,0,0,0,0,0,0
Krasnodar_peace,42,360262,0,0,0,0,0,0,0,0,0,0,0,0
Krasnodar_podslushal,51,953200,1,0,0,0,0,0,14700,0,0,0,0,0
Krasnogorsk_true,53,259625,0,0,0,0,0,0,0,0,0,0,0,0
KrasnohradOTG,1,77,0,0,0,0,0,0,0,0,0,0,0,0
Krasnov_55,42,1360490,0,0,0,0,0,0,0,0,0,0,0,0
Krasnoyarsk_cult,56,840350,0,0,0,0,0,0,0,0,0,0,0,0
Krasnoyarsk_inside,52,415423,0,0,0,0,0,0,0,0,0,0,0,0
Krasnoyarsk_peace,28,206260,0,0,0,0,0,0,0,0,0,0,0,0
KremlinOne,38,167610,0,0,0,0,0,0,0,0,0,0,0,0
KremlinPeresmeshnik,300,6411895,9,0,0,0,1,0,159305,0,0,0,13400,0
KremlinRussian,4412,60845328,38,0,0,7,0,0,497330,0,0,102150,0,0
KreshnikOsmani,1,318,0,0,0,0,0,0,0,0,0,0,0,0
Krierenko,2,413,0,0,0,0,0,0,0,0,0,0,0,0
KristiNilova,5,1089,1,0,0,0,0,0,177,0,0,0,0,0
KrokooDil,84,1599050,0,0,0,0,0,0,0,0,0,0,0,0
KrokusTV,32,151336,0,0,0,0,0,0,0,0,0,0,0,0
KrylatskoeLIVE,17,109010,1,0,0,0,0,0,2430,0,0,0,0,0
Krymchanin_Z,14,4325,0,0,0,0,1,0,0,0,0,0,126,0
KuMarDnUa,22,150,0,0,0,0,0,0,0,0,0,0,0,0
Kuban_libre,15,880,0,0,0,0,0,0,0,0,0,0,0,0
Kugayliklar_uz,132,268016,0,0,0,0,0,0,0,0,0,0,0,0
Kukdala_kokdala_chiyal_chiroqchi,40,157110,0,0,0,0,0,0,0,0,0,0,0,0
Kun_Yangiliklari_Xabarlari,2,3030,0,0,0,0,0,0,0,0,0,0,0,0
Kun_uz,268,3790854,0,0,0,0,0,0,0,0,0,0,0,0
Kunvideolari24,5105,438304010,0,0,0,0,0,0,0,0,0,0,0,0
Kunxabari,61,116399,0,0,0,0,0,0,0,0,0,0,0,0
Kuplinov_Telegram,182,137602600,3,0,0,0,0,0,2327000,0,0,0,0,0
Kurbech,1,3710,0,0,0,0,0,0,0,0,0,0,0,0
Kurdistan24news,42,17511,0,0,0,0,0,0,0,0,0,0,0,0
Kurgan_crazy,40,543010,2,0,0,0,0,0,27300,0,0,0,0,0
Kurgan_peace,40,311426,1,0,0,0,0,0,7120,0,0,0,0,0
Kurgan_podslushal,51,965900,0,0,0,0,0,0,0,0,0,0,0,0
Kurgan_true,25,162670,0,0,0,0,0,0,0,0,0,0,0,0
Kurganistan45,33,476540,2,0,0,0,0,0,22660,0,0,0,0,0
KurskAnomalia,14,19655,0,0,0,0,0,0,0,0,0,0,0,0
Kursk_crazy,40,544720,1,0,0,0,0,0,14500,0,0,0,0,0
Kursk_peace,41,358798,0,0,0,0,0,0,0,0,0,0,0,0
Kursk_podslushal,51,964200,0,0,0,0,0,0,0,0,0,0,0,0
Kursk_true,44,228959,3,0,0,0,0,0,12330,0,0,0,0,0
KurskayaTelega,12,10961,0,0,0,0,0,0,0,0,0,0,0,0
Kurskk,23,9647,0,0,0,0,0,0,0,0,0,0,0,0
Kusherbayevga_murojaat,21,292845,0,0,0,0,0,0,0,0,0,0,0,0
KuskaChannel,2,2267,0,0,0,0,0,0,0,0,0,0,0,0
KussiaOfficial,48,12036400,0,0,0,0,0,0,0,0,0,0,0,0
KuvshinnikovLive,41,148529,0,0,0,0,0,0,0,0,0,0,0,0
KuzinBoris,23,401315,0,0,0,0,0,0,0,0,0,0,0,0
KyivCityOfficial,2083,278863100,3,0,0,1,0,0,389000,0,0,120000,0,0
KyivEventsToday,6,1172,0,0,0,0,0,0,0,0,0,0,0,0
KyivIndependent_official,86,256075,0,0,0,0,0,0,0,0,0,0,0,0
KyivMetroAlert,15,29720,0,0,0,0,0,0,0,0,0,0,0,0
KyivNOW,468,1958231,6,0,1,0,0,0,29540,0,1480,0,0,0
KyivPolitics,13,422300,0,0,0,0,0,0,0,0,0,0,0,0
KyivSegodna,1628,8453345,37,0,0,11,3,0,190490,0,0,60630,17120,0
Kyiv_Live,25,117663,0,0,0,0,0,0,0,0,0,0,0,0
Kyiv_by_Grishyn,22,58614,0,0,0,0,0,0,0,0,0,0,0,0
Kyiv_voyna,13,11745,0,0,0,0,0,0,0,0,0,0,0,0
Kyzyl_true,50,341560,1,0,0,0,0,0,15700,0,0,0,0,0
L0HMATIY,56,323046,2,0,0,0,0,0,13640,0,0,0,0,0
LBSIndusa,14,12189,1,0,0,0,0,0,611,0,0,0,0,0
LBua_official,346,632352,28,0,0,0,0,0,51220,0,0,0,0,0
LHVC_info,16,68710,0,0,0,0,0,0,0,0,0,0,0,0
LIC_LPR,96,831840,0,0,0,0,0,0,0,0,0,0,0,0
LIFEBSNEWS,11,15150,0,0,0,0,0,0,0,0,0,0,0,0
LIONMediaNews,534,24849576,0,0,0,0,0,0,0,0,0,0,0,0
LIS_News,9,43360,0,0,0,0,0,0,0,0,0,0,0,0
LIVANDU,33,10305,0,0,0,0,0,0,0,0,0,0,0,0
LKNews2,58,251070,0,0,0,0,0,0,0,0,0,0,0,0
LN1210,53,155685,0,0,0,0,0,0,0,0,0,0,0,0
LOANJINGGANKOFC,3,11430,0,0,0,0,0,0,0,0,0,0,0,0
LTASingapore,16,109740,0,0,0,0,0,0,0,0,0,0,0,0
LUTSKNOVOSTY,11,13626,0,0,0,0,0,0,0,0,0,0,0,0
LaActualidadNoticias,20,12741,0,0,0,0,0,0,0,0,0,0,0,0
LaVozGalicia,5,98,0,0,0,0,0,0,0,0,0,0,0,0
LadyD_Q17,35,46047,0,0,0,0,0,0,0,0,0,0,0,0
LailaAndLiza,2,1286,0,0,0,0,0,0,0,0,0,0,0,0
LaraLoganTV,33,32638,0,0,0,0,0,0,0,0,0,0,0,0
Larinpost,21,90930,0,0,0,0,0,0,0,0,0,0,0,0
LarisaNew,10,7591,0,0,0,0,0,0,0,0,0,0,0,0
LastBP,9,56691,0,0,0,0,0,0,0,0,0,0,0,0
LastOfRus,215,2063912,12,0,0,0,0,0,120690,0,0,0,0,0
LateNightUrgant,37,10874900,0,0,0,0,0,0,0,0,0,0,0,0
LauraRuHK,32,95107,0,0,0,0,0,0,0,0,0,0,0,0
Lauradjagadiary,73,1721320,0,0,0,0,0,0,0,0,0,0,0,0
LazarevLAV,17,208690,0,0,0,0,0,0,0,0,0,0,0,0
LebUpdate,18,42510,0,0,0,0,0,0,0,0,0,0,0,0
Legenda_Komenda,36,55986,1,0,0,0,0,0,2230,0,0,0,0,0
LehaTehnar,8,140400,0,0,0,0,0,0,0,0,0,0,0,0
Lena_mom,30,111220,0,0,0,0,0,0,0,0,0,0,0,0
LenarRakipov,1,54,0,0,0,0,0,0,0,0,0,0,0,0
Leninskiy42,2,1329,0,0,0,0,0,0,0,0,0,0,0,0
LeshchenkoS,24,34411,0,0,0,0,0,0,0,0,0,0,0,0
LesyaLitvinova,13,43890,0,0,0,0,0,0,0,0,0,0,0,0
LetsGoBrandon,25,12451,0,0,0,0,0,0,0,0,0,0,0,0
Lev_Nik_Myshkin,32,79799,1,0,0,0,1,0,3840,0,0,0,2380,0
LevberD,7,6569,0,0,0,1,0,0,0,0,0,1030,0,0
LevonKocharyan,32,246919,0,0,0,0,0,0,0,0,0,0,0,0
Lex_Energetica,20,69280,0,0,0,0,0,0,0,0,0,0,0,0
Leylaguseinova,3,4530,0,0,0,0,0,0,0,0,0,0,0,0
Libertarianism_with_VZ,2,1020,0,0,0,0,0,0,0,0,0,0,0,0
LidaKomLife,25,21337,0,0,0,0,0,0,0,0,0,0,0,0
Likeerrt,4,120,0,0,0,0,0,0,0,0,0,0,0,0
Lilly_Thueringen,1,0,0,0,0,0,0,0,0,0,0,0,0,0
Lilya_pravda_life,3,3284,0,0,0,0,0,0,0,0,0,0,0,0
LimarevIvan,10,69600,0,0,0,0,0,0,0,0,0,0,0,0
LinkUpAddis,19,27190,0,0,0,0,0,0,0,0,0,0,0,0
LinkdoniAct,1131,6690630,0,0,0,0,0,0,0,0,0,0,0,0
Lipetsk_peace,40,350678,0,0,0,0,0,0,0,0,0,0,0,0
Lipezk_crazy,40,545630,0,0,0,0,0,0,0,0,0,0,0,0
Lipezk_podslushal,51,966100,0,0,0,0,0,0,0,0,0,0,0,0
Lipezk_true,43,321940,0,0,0,0,0,0,0,0,0,0,0,0
Lisichanskinfo,116,274300,4,0,0,0,2,0,11600,0,0,0,5400,0
LittleOwlRu,4,996,0,0,0,1,0,0,0,0,0,263,0,0
LiveTyumen,17,11844,0,0,0,0,0,0,0,0,0,0,0,0
LiveWellMOH,8,42050,0,0,0,0,0,0,0,0,0,0,0,0
Live_Breaking_News,23,106,0,0,0,0,0,0,0,0,0,0,0,0
Livesalarevo,10,105430,0,0,0,0,0,0,0,0,0,0,0,0
LizaArzamasova,18,90490,0,0,0,0,0,0,0,0,0,0,0,0
Lobnya_Podslushano,7,4333,0,0,0,0,0,0,0,0,0,0,0,0
LokalFess,2,1386,0,0,0,0,0,0,0,0,0,0,0,0
LololoshkaUSE,46,25411200,0,0,0,0,0,0,0,0,0,0,0,0
Loookbooook,1,14,0,0,0,0,0,0,0,0,0,0,0,0
Loqiemeantg,34,1079400,1,0,0,0,0,0,25100,0,0,0,0,0
Lorenzobagnati,24,579430,0,0,0,0,0,0,0,0,0,0,0,0
Los_Angeles_Rabota,2,67,0,0,0,0,0,0,0,0,0,0,0,0
Los_Angeles_Reklama,23,1120,1,0,0,0,0,0,58,0,0,0,0,0
Losevatalks,20,84034,1,0,0,0,0,0,4880,0,0,0,0,0
LoveGreece,18,18091,1,0,0,0,0,0,2200,0,0,0,0,0
LowPozzi,104,7176800,0,0,0,0,0,0,0,0,0,0,0,0
Lubertsy_LIVE,12,3578,0,0,0,0,0,0,0,0,0,0,0,0
LubosBlahaSmer,40,816090,0,0,0,0,0,0,0,0,0,0,0,0
LuguevaS,41,158487,0,0,0,0,0,0,0,0,0,0,0,0
LurerH1,92,698170,0,0,0,0,0,0,0,0,0,0,0,0
Lv1256,162,4252580,0,0,0,0,0,0,0,0,0,0,0,0
LvivNovyny,6,11879,0,0,0,0,0,0,0,0,0,0,0,0
LyBlog,54,113471,0,0,0,0,0,0,0,0,0,0,0,0
LyChat,1,16800,0,0,0,0,0,0,0,0,0,0,0,0
Lyubertsy_sluh,49,625100,0,0,0,0,0,0,0,0,0,0,0,0
Lyubertsy_sobitie,49,623700,1,0,0,0,0,0,10600,0,0,0,0,0
Lyubertsy_true,45,240339,0,0,0,0,0,0,0,0,0,0,0,0
Lyubovc,2,1289,0,0,0,0,0,0,0,0,0,0,0,0
MADONNKA,51,451930,0,0,0,0,0,0,0,0,0,0,0,0
MAFIAMUNDIAL,2,8939,0,0,0,0,0,0,0,0,0,0,0,0
MAGARevolution,36,10370,0,0,0,0,0,0,0,0,0,0,0,0
MAHVAREHNEWS1,30,40919,0,0,0,0,0,0,0,0,0,0,0,0
MAKalimatovvv,17,16592,0,0,0,0,0,0,0,0,0,0,0,0
MASALNEWS,26,4466,0,0,0,0,0,0,0,0,0,0,0,0
MATywka,2,1612,0,0,0,0,0,0,0,0,0,0,0,0
MAYDAYMog,2,4367,0,0,0,0,0,0,0,0,0,0,0,0
MAYDNR,11,1425,0,0,0,0,0,0,0,0,0,0,0,0
MBrazgovskaia,45,489540,0,0,0,0,0,0,0,0,0,0,0,0
MC_LAO,21,111059,0,0,0,0,0,0,0,0,0,0,0,0
MDJHX,13,6009,1,0,0,0,0,0,624,0,0,0,0,0
MDK_Bashkiria,11,2123,0,0,0,0,0,0,0,0,0,0,0,0
MDK_Chelyabinsk,16,12545,0,0,0,0,0,0,0,0,0,0,0,0
MDK_Crimea,7,1469,0,0,0,0,0,0,0,0,0,0,0,0
MDK_Kavkaz,16,1681,1,0,0,0,0,0,148,0,0,0,0,0
MDK_Kuzbass,132,139475,0,0,0,0,0,0,0,0,0,0,0,0
MDK_LNR,13,671,0,0,0,0,0,0,0,0,0,0,0,0
MDK_NN,20,17598,0,0,0,0,0,0,0,0,0,0,0,0
MDK_Novosibirsk,51,78307,0,0,0,0,0,0,0,0,0,0,0,0
MDK_RnD,16,31185,0,0,0,0,0,0,0,0,0,0,0,0
MDaudov_95,222,5920311,3,0,0,0,0,0,84800,0,0,0,0,0
MDziadok,1,114,0,0,0,0,0,0,0,0,0,0,0,0
MEASTru,33,92360,2,0,0,0,0,0,5810,0,0,0,0,0
MFAIran,21,12759,0,0,0,0,0,0,0,0,0,0,0,0
MFARussia,1137,3349017,0,0,0,0,0,0,0,0,0,0,0,0
MFAofArmenia,12,20432,0,0,0,0,0,0,0,0,0,0,0,0
MFAsg,26,31152,0,0,0,0,0,0,0,0,0,0,0,0
MIABOYKA3,22,311140,0,0,0,0,0,0,0,0,0,0,0,0
MICHAELWENDLEROFFICIAL,17,4142,0,0,0,0,0,0,0,0,0,0,0,0
MID_Russia,7303,69827757,400,0,3,4,49,0,5062586,0,24890,21180,679820,0
MIG_INFO,20,8402,3,0,0,0,0,0,825,0,0,0,0,0
MIKAYOUTUBERS,16,7448,0,0,0,0,0,0,0,0,0,0,0,0
MILASHKINATELEGKA,21,2470800,0,0,0,0,0,0,0,0,0,0,0,0
MILITSIYA_UZB,8963,588446664,4,0,0,0,0,0,273700,0,0,0,0,0
MINGBULOQ,24,181400,0,0,0,0,0,0,0,0,0,0,0,0
MINGBULOQLIKLAR_TV,30,2629,0,0,0,0,0,0,0,0,0,0,0,0
MINORITYREPORTz,1,9420,0,0,0,0,0,0,0,0,0,0,0,0
MINSAPCuba,51,141676,0,0,0,0,0,0,0,0,0,0,0,0
MIRISHKORPRESS,7,13771,0,0,0,0,0,0,0,0,0,0,0,0
MIRZACHOLOVOZI,5,5069,0,0,0,0,0,0,0,0,0,0,0,0
MIrvMomente,26,394850,0,0,0,0,0,0,0,0,0,0,0,0
MJ_Innocent,43,21291,0,0,0,0,0,0,0,0,0,0,0,0
MKNRasmi,142,24850200,0,0,0,0,0,0,0,0,0,0,0,0
MMAD_MMAXX,3,35600,0,0,0,0,0,0,0,0,0,0,0,0
MMPPRESS,25,2534,0,0,0,0,0,0,0,0,0,0,0,0
MNPavlova,8,835,0,0,0,0,0,0,0,0,0,0,0,0
MODcmi,1,312,0,0,0,0,0,0,0,0,0,0,0,0
MOHreport,166,1932827,0,0,0,0,0,0,0,0,0,0,0,0
MOJAHEDIN_ORG,14,1618,0,0,0,0,0,0,0,0,0,0,0,0
MOOVeche,13,183230,0,0,0,0,0,0,0,0,0,0,0,0
MRI_pressa,2,146,0,0,0,0,0,0,0,0,0,0,0,0
MRZLKVK,184,5832499,4,0,0,0,0,0,133200,0,0,0,0,0
MSNorbekov,29,84970,2,0,0,0,0,0,5840,0,0,0,0,0
MSSJohor,7,6675,0,0,0,0,0,0,0,0,0,0,0,0
MSeverydayaesthetics,4,4368,0,0,0,0,0,0,0,0,0,0,0,0
MTWTU,30,116300,2,0,0,0,0,0,10680,0,0,0,0,0
MV_007_Pskov,42,357190,1,0,0,0,0,0,8470,0,0,0,0,0
MWlLKY,9,62560,0,0,0,0,0,0,0,0,0,0,0,0
M_Khasanova,4,3439,0,0,0,0,0,0,0,0,0,0,0,0
M_Kosenkov,3,1205,0,0,0,0,0,0,0,0,0,0,0,0
M_Kruglov,14,74660,2,0,0,0,0,0,5080,0,0,0,0,0
M_Podolyak,42,1535600,3,0,0,0,0,0,89700,0,0,0,0,0
MacKenzieKhan,6,273,0,0,0,0,0,0,0,0,0,0,0,0
MadinaNurman,19,42406,0,0,0,0,0,0,0,0,0,0,0,0
Madina_Aknazarova_M,5,5348,0,0,0,0,0,0,0,0,0,0,0,0
Madnifique,26,95370,0,0,0,0,0,0,0,0,0,0,0,0
MafiaNewsAz,13,5716,0,0,0,0,0,0,0,0,0,0,0,0
MagadanRegion,7,134,0,0,0,0,0,0,0,0,0,0,0,0
Magnitogorsk_crazy,40,537900,0,0,0,0,0,0,0,0,0,0,0,0
Magnitogorsk_peace,42,339462,1,0,0,0,0,0,8040,0,0,0,0,0
Magnitogorsk_podslushal,50,980200,0,0,0,0,0,0,0,0,0,0,0,0
Magnitogorsk_true,42,239029,1,0,0,0,0,0,21300,0,0,0,0,0
MahmoudMiariRT,18,30118,0,0,0,0,0,0,0,0,0,0,0,0
MaidenTower,57,427060,0,0,0,0,0,0,0,0,0,0,0,0
MajorPatriot,40,73854,0,0,0,0,0,0,0,0,0,0,0,0
Makarr80,13,9445,0,0,0,0,0,0,0,0,0,0,0,0
Makhachkala_crazy,40,538090,3,0,0,0,0,0,40400,0,0,0,0,0
Makhachkala_inside,43,343753,0,0,0,0,0,0,0,0,0,0,0,0
Makhachkala_peace,53,412080,1,0,0,0,0,0,6350,0,0,0,0,0
Makhachkala_podslushal,51,950800,1,0,0,0,0,0,18100,0,0,0,0,0
Makhachkala_true,45,329290,1,0,0,0,0,0,6150,0,0,0,0,0
Makin36,24,141280,2,0,0,0,0,0,26100,0,0,0,0,0
MaksymZhorin,54,2444300,0,0,0,0,0,0,0,0,0,0,0,0
Malalayko,3,7020,0,0,0,0,0,0,0,0,0,0,0,0
Malyn_nevs,23,9026,0,0,0,0,0,0,0,0,0,0,0,0
Mamelekat,2,0,0,0,0,0,0,0,0,0,0,0,0,0
ManaUyat,1,340,0,0,0,0,0,0,0,0,0,0,0,0
ManarsRituals,10,25264,0,0,0,0,0,0,0,0,0,0,0,0
MandarinNewsOfficial,6,296,0,0,0,0,0,0,0,0,0,0,0,0
Mannerheimline,7,3770,0,0,0,0,0,0,0,0,0,0,0,0
Manoli,39,96239,0,0,0,0,0,0,0,0,0,0,0,0
ManotoTV,6430,201235877,0,0,0,0,0,0,0,0,0,0,0,0
Manucharovofficial,5,27220,0,0,0,0,0,0,0,0,0,0,0,0
MaraghehGram,56,64926,0,0,0,0,0,0,0,0,0,0,0,0
MaraghehOnline_Com,88,19114,0,0,0,0,0,0,0,0,0,0,0,0
Margilonliklar_24,3560,14278961,0,0,0,0,0,0,0,0,0,0,0,0
Margilonliklaruzb,24,13427,0,0,0,0,0,0,0,0,0,0,0,0
MargulanSeissembai,55,2472200,0,0,0,0,0,0,0,0,0,0,0,0
MariaVladimirovnaZakharova,1682,193269709,89,0,0,1,33,0,10217800,0,0,89600,4320000,0
Maria_Melnikova23,34,1252779,0,0,0,0,0,0,0,0,0,0,0,0
Marialogvinovaofficial,29,79358,0,0,0,0,0,0,0,0,0,0,0,0
Mariamsecrets,7,92060,0,0,0,0,0,0,0,0,0,0,0,0
Mariapogas,35,652840,1,0,0,0,0,0,25000,0,0,0,0,0
MarieNews,39,29664510,0,0,0,0,0,0,0,0,0,0,0,0
MarinaDbar32,2,1205,0,0,0,0,0,0,0,0,0,0,0,0
Marina_media,15,981,0,0,0,0,0,0,0,0,0,0,0,0
Marinaslovo,101,5263190,7,0,0,1,0,0,404900,0,0,31800,0,0
MarioOrtizMartinez,10,5245,0,0,0,0,0,0,0,0,0,0,0,0
MariyaViskunova,37,119709,0,0,0,0,0,0,0,0,0,0,0,0
Mariya_Allabyan,19,114120,1,0,0,0,0,0,3540,0,0,0,0,0
MarkDice,24,130989,0,0,0,0,0,0,0,0,0,0,0,0
MarkFeygin,397,18667320,1,0,0,0,1,0,34800,0,0,0,64800,0
MarkasATM,1,3210,0,0,0,0,0,0,0,0,0,0,0,0
Markazi_today,26,8131,0,0,0,0,0,0,0,0,0,0,0,0
Markazvokala,8,25850,0,0,0,0,0,0,0,0,0,0,0,0
Markus,4,40030,0,0,0,0,0,0,0,0,0,0,0,0
MarugovaSlovo,20,46011,0,0,0,0,0,0,0,0,0,0,0,0
Marvel_Brasil,98,172403,0,0,0,0,0,0,0,0,0,0,0,0
MarvinBS,37,145192,0,0,0,0,0,0,0,0,0,0,0,0
Maryanaro,37,2182600,1,0,0,0,0,0,50600,0,0,0,0,0
MasMadridCM,27,33643,0,0,0,0,0,0,0,0,0,0,0,0
Masha_Domaa,29,1415030,0,0,0,0,0,0,0,0,0,0,0,0
Masher_63pokupki,2,425,0,0,0,0,0,0,0,0,0,0,0,0
Maslennikov_t,46,154,0,0,0,0,0,0,0,0,0,0,0,0
MasterPoll,2,16560,0,0,0,0,0,0,0,0,0,0,0,0
MatarifeTelegram,5,57090,0,0,0,0,0,0,0,0,0,0,0,0
Matskevich,25,527450,0,0,0,0,0,0,0,0,0,0,0,0
MatteoMontevecchi,22,49999,0,0,0,0,0,0,0,0,0,0,0,0
MaxBuzhanskiy,47,429316,5,0,0,0,0,0,49340,0,0,0,0,0
MaxListov,26,48310,0,0,0,0,0,0,0,0,0,0,0,0
Max_Odin1,7,1397,0,0,0,0,0,0,0,0,0,0,0,0
MaximGorkyNN,39,281700,0,0,0,0,0,0,0,0,0,0,0,0
MaximYusin,20,64129,1,0,0,0,0,0,3390,0,0,0,0,0
Maxim_Batyrev,42,134428,0,0,0,0,0,0,0,0,0,0,0,0
Maxim_Shelkov,62,6997100,1,0,0,0,0,0,79500,0,0,0,0,0
MayorFSB,39,82079,0,0,0,0,0,0,0,0,0,0,0,0
MazenMuhammad,32,642000,0,0,0,0,0,0,0,0,0,0,0,0
MazhidovAslan,12,18110,0,0,0,0,0,0,0,0,0,0,0,0
McLarek,22,62728,0,0,0,0,1,0,0,0,0,0,6340,0
MdSmol,9,5455,0,0,0,0,0,0,0,0,0,0,0,0
MeNeFreg8,19,33712,0,0,0,0,0,0,0,0,0,0,0,0
Mecklenburger_Petersburger,17,24393,0,0,0,0,0,0,0,0,0,0,0,0
MediaHabalki,270,6975980,1,0,0,0,0,0,43000,0,0,0,0,0
MediaOfficers,6,749,0,0,0,0,0,0,0,0,0,0,0,0
Media_Post_UA,677,8177740,45,0,0,0,1,0,700000,0,0,0,9430,0
Medianova,2,355,0,0,0,0,0,0,0,0,0,0,0,0
Medical_News_Channel,22,3081,0,0,0,0,0,0,0,0,0,0,0,0
MediterraneoDGT,20,8505,0,0,0,0,0,0,0,0,0,0,0,0
MedvedevVesti,1063,75149604,44,0,3,2,9,2,2043100,0,262700,77600,3143700,338700
Medvedeva_Olesya,46,831580,8,0,0,0,0,0,170700,0,0,0,0,0
Mefisto_Studio,27,238510,0,0,0,0,0,0,0,0,0,0,0,0
MegaShowTV,20,15570,0,0,0,0,0,0,0,0,0,0,0,0
MegaVata,5,810,2,0,0,0,0,0,275,0,0,0,0,0
Megapolisonline,79,1091490,2,0,0,0,0,0,23530,0,0,0,0,0
MeghUpdates,60,286245,0,0,0,0,0,0,0,0,0,0,0,0
Mehre_Mihan,33,27907,0,0,0,0,0,0,0,0,0,0,0,0
MehriranTV,29,17408,0,0,0,0,0,0,0,0,0,0,0,0
Mellig,153,1743577,0,0,0,0,0,0,0,0,0,0,0,0
MelnikovPolitika,2,373,0,0,0,0,0,0,0,0,0,0,0,0
Melnitsa21,68,594314,2,0,0,0,0,0,5317,0,0,0,0,0
Metametrica,1869,46301836,32,0,0,9,3,1,1144600,0,0,216900,70700,19400
Metro6,34,342980,0,0,0,0,0,0,0,0,0,0,0,0
MezinoYuri,11,19551,0,0,0,0,0,0,0,0,0,0,0,0
Mgmaung969,90,35194,0,0,0,0,0,0,0,0,0,0,0,0
Miass_true,45,333130,0,0,0,0,0,0,0,0,0,0,0,0
MiddleEastinUkrainian,38,38025,0,0,0,0,0,0,0,0,0,0,0,0
Middleeastdeadend,21,51000,0,0,0,0,0,0,0,0,0,0,0,0
MiguelUrban,20,8805,0,0,0,0,0,0,0,0,0,0,0,0
Mikhail_Onufrienko_t,60,2762,1,0,0,0,0,0,38,0,0,0,0,0
Mikle1On,6972,1157486709,151,0,9,19,32,1,25834100,0,1503400,2564800,5476100,170000
MilHeliPilot,32,54239,1,0,0,0,0,0,1620,0,0,0,0,0
MilanaFilimonova,18,190310,1,0,0,0,0,0,10800,0,0,0,0,0
MilhaNews,76,56668,0,0,0,0,0,0,0,0,0,0,0,0
MilitaryMediaY,21,356010,0,0,0,0,0,0,0,0,0,0,0,0
MilitaryMediaYVideos1,49,306119,0,0,0,0,0,0,0,0,0,0,0,0
MillNews,109,14001,2,0,0,0,0,0,164,0,0,0,0,0
Millar_Milliy_Millar,16,7841,0,0,0,0,0,0,0,0,0,0,0,0
MilosBikovic,20,378690,0,0,0,0,0,0,0,0,0,0,0,0
Miloserdierulite,11,2373,0,0,0,0,0,0,0,0,0,0,0,0
MinSocUA,16,54790,0,0,0,0,0,0,0,0,0,0,0,0
MinchenkoConsulting,7,209090,2,0,0,0,0,0,76860,0,0,0,0,0
MinchenkoTrump,3,3970,0,0,0,0,0,0,0,0,0,0,0,0
Minenergo_by,14,57019,0,0,0,0,0,0,0,0,0,0,0,0
Minenergokz,2,353,0,0,0,0,0,0,0,0,0,0,0,0
MinisteriodaDefesaOficial,64,107350,0,0,0,0,0,0,0,0,0,0,0,0
MinisteroSalute,81,9749100,0,0,0,0,0,0,0,0,0,0,0,0
MinisterstvoDizaina,7,2925,0,0,0,0,0,0,0,0,0,0,0,0
MinogarovaNews,27,656100,0,0,0,0,0,0,0,0,0,0,0,0
Minsk_kudaGo,18,51300,0,0,0,0,0,0,0,0,0,0,0,0
Minsportuz,4,6390,0,0,0,0,0,0,0,0,0,0,0,0
Mintrudri,14,5067,0,0,0,0,0,0,0,0,0,0,0,0
MirovichMedia,142,6109470,1,0,0,0,0,0,47700,0,0,0,0,0
MirrorRB,124,1556714,5,0,0,0,0,0,64250,0,0,0,0,0
Mirzobek_Ochilov,16,34108,0,0,0,0,0,0,0,0,0,0,0,0
Mitishi_news,5,1101,0,0,0,0,0,0,0,0,0,0,0,0
MitrofanovaMM,17,148600,0,0,0,0,0,0,0,0,0,0,0,0
Mmmargaaret,29,56674,0,0,0,0,0,0,0,0,0,0,0,0
Mobarezane_pishro,13,2883,0,0,0,0,0,0,0,0,0,0,0,0
ModelsDrive,10,44850,0,0,0,0,0,0,0,0,0,0,0,0
MoeMicto,2,406,0,0,0,0,0,0,0,0,0,0,0,0
MohamedShiaAlsudanii,17,137579,0,0,0,0,0,0,0,0,0,0,0,0
MoheSilte,32,42189,0,0,0,0,0,0,0,0,0,0,0,0
MoldovaPolitics,19,4442,0,0,0,0,0,0,0,0,0,0,0,0
MolniaChannel,538,3681846,2,0,0,0,0,0,11080,0,0,0,0,0
MolniyaTopNews,4,0,0,0,0,0,0,0,0,0,0,0,0,0
Molniyakavkaz,6,465,0,0,0,0,0,0,0,0,0,0,0,0
Mona_Lee,8,8840,0,0,0,0,0,0,0,0,0,0,0,0
Monedero,21,27368,0,0,0,0,0,0,0,0,0,0,0,0
MonitoringBY,53,47636,1,0,0,0,0,0,2250,0,0,0,0,0
MonitoringMD,104,26255,6,0,0,1,0,0,958,0,0,486,0,0
MonitoringUA,131,22907,9,0,0,1,0,0,1586,0,0,301,0,0
Monuzel,11,26307,1,0,0,0,0,0,2920,0,0,0,0,0
MordvinZaBugrom,2,76,0,0,0,0,0,0,0,0,0,0,0,0
MoreOz,67,559034,0,0,0,0,0,0,0,0,0,0,0,0
MorgothsReview,42,347590,0,0,0,0,0,0,0,0,0,0,0,0
Moris_News,821,7142836,0,0,0,0,0,0,0,0,0,0,0,0
MorozTanyka,18,3575,0,0,0,0,0,0,0,0,0,0,0,0
MosGorod,8,2847,0,0,0,0,0,0,0,0,0,0,0,0
Mos_stroi,1,0,0,0,0,0,0,0,0,0,0,0,0,0
MoscowDigest,62,2132480,0,0,0,0,0,0,0,0,0,0,0,0
MoscowEcon,50,179937,1,0,0,0,0,0,4500,0,0,0,0,0
MoscowEgo,17,6396,0,0,0,0,0,0,0,0,0,0,0,0
MoscowME,12,1861,0,0,0,0,0,0,0,0,0,0,0,0
MoscowRoutesChanges,1,1800,0,0,0,0,0,0,0,0,0,0,0,0
MoscowTelega,2,342,0,0,0,0,0,0,0,0,0,0,0,0
Moscow_00,87,900859,0,0,0,0,0,0,0,0,0,0,0,0
Moscow_Instructions,2,59,0,0,0,0,0,0,0,0,0,0,0,0
Moscow_peacee,40,342507,0,0,0,0,0,0,0,0,0,0,0,0
Moscow_true,45,249399,2,0,0,0,0,0,8220,0,0,0,0,0
Moscowagenda,40,87710,0,0,0,0,0,0,0,0,0,0,0,0
Moscowcurrent,30,83285,0,0,0,0,0,0,0,0,0,0,0,0
Moscowparks,13,11213,0,0,0,0,0,0,0,0,0,0,0,0
MoskRussia,23,25409,1,0,0,0,0,0,1090,0,0,0,0,0
MoskvaRuss,43,5914,1,0,0,0,0,0,136,0,0,0,0,0
Mosul_Mosul1,88,953905,0,0,0,0,0,0,0,0,0,0,0,0
Motivatsiya_olamiHD,3,7540,0,0,0,0,0,0,0,0,0,0,0,0
Motoninja_youtube,51,370470,0,0,0,0,0,0,0,0,0,0,0,0
MovieClubUpdates,37,387800,0,0,0,0,0,0,0,0,0,0,0,0
MovixNews,7,7123,0,0,0,0,0,0,0,0,0,0,0,0
MoyshaSheckel,14,89940,0,0,0,0,0,0,0,0,0,0,0,0
Mr_DeKart,37,827400,2,0,0,0,0,0,47100,0,0,0,0,0
MrsMagrat,4,7890,0,0,0,0,0,0,0,0,0,0,0,0
Ms_krasota,33,425830,3,0,0,0,0,0,46400,0,0,0,0,0
MshoAxjik_AnnaAbrahamian,23,15690,1,0,0,0,0,0,255,0,0,0,0,0
Muhammadali_Muhammadkarimov,23,26746,0,0,0,0,0,0,0,0,0,0,0,0
Mukachivska_rada,9,2683,0,0,0,0,0,0,0,0,0,0,0,0
MuktarovichOusmanova,82,1524040,0,0,0,0,0,0,0,0,0,0,0,0
Mumishka_chat,18,211479,0,0,0,0,0,0,0,0,0,0,0,0
MundoTecnologico,20,1601,0,0,0,0,0,0,0,0,0,0,0,0
Murcci,4,9676,0,0,0,0,0,0,0,0,0,0,0,0
Murmansk_crazy,40,559200,0,0,0,0,0,0,0,0,0,0,0,0
Murmansk_insaid,8,117600,0,0,0,0,0,0,0,0,0,0,0,0
Murmansk_lyudi,41,645200,0,0,0,0,0,0,0,0,0,0,0,0
Murmansk_podslushal,51,964700,0,0,0,0,0,0,0,0,0,0,0,0
Murom_true,54,366869,0,0,0,0,0,0,0,0,0,0,0,0
MusannifAdham,3,2873,0,0,0,0,0,0,0,0,0,0,0,0
MuslimahNews,38,67174,0,0,0,0,0,0,0,0,0,0,0,0
MustacheGordon,6,182,0,0,0,0,0,0,0,0,0,0,0,0
MyAska_AL,4,7830,0,0,0,0,0,0,0,0,0,0,0,0
MyDniproNews,5,3654,0,0,0,0,0,0,0,0,0,0,0,0
MyGovCoronaNewsdesk,94,3725300,0,0,0,0,0,0,0,0,0,0,0,0
MyGovUz,40,2992600,0,0,0,0,0,0,0,0,0,0,0,0
MyKMV26,6,2599,0,0,0,0,0,0,0,0,0,0,0,0
MyLifeinukraine,3,1752,0,0,0,0,0,0,0,0,0,0,0,0
My_Police,142,1895714,3,0,0,0,0,0,37100,0,0,0,0,0
MyanmarNews24,3,171,0,0,0,0,0,0,0,0,0,0,0,0
MykolaBaksheev,6,12860,0,0,0,0,0,0,0,0,0,0,0,0
Myliskiru,1,22,0,0,0,0,0,0,0,0,0,0,0,0
MyronivkaOnline,2,126,0,0,0,0,0,0,0,0,0,0,0,0
Myslivsluh999,17,26160,1,0,0,0,0,0,1570,0,0,0,0,0
MysteryChtoto,26,936290,0,0,0,0,0,0,0,0,0,0,0,0
Mytishchi_crazy,49,677600,1,0,0,0,0,0,21100,0,0,0,0,0
Mytishchi_podslushal,50,940200,0,0,0,0,0,0,0,0,0,0,0,0
Mytishchi_true,43,318530,0,0,0,0,0,0,0,0,0,0,0,0
N8oyabr,15,48199,0,0,0,0,0,0,0,0,0,0,0,0
NAEVTZYOFC,31,6273,0,0,0,0,0,0,0,0,0,0,0,0
NAMAGA,42,168839,0,0,0,0,0,0,0,0,0,0,0,0
NAMANGANLIKLAR_UZ,6068,630052999,2,0,0,0,0,0,152300,0,0,0,0,0
NAMANGAN_MASHINA_BOZORl,17,25461,0,0,0,0,0,0,0,0,0,0,0,0
NAMANGAN_ZONA,72,707172,0,0,0,0,0,0,0,0,0,0,0,0
NASTYASOZONIKK,814,27000486,3,0,0,0,0,0,95400,0,0,0,0,0
NAT_news,1,562,0,0,0,0,0,0,0,0,0,0,0,0
NAZAR,32,301130,0,0,0,0,0,0,0,0,0,0,0,0
NAZK_gov_ua,15,52130,2,0,0,0,0,0,5180,0,0,0,0,0
NA_STRAGE,10,34710,0,0,0,0,0,0,0,0,0,0,0,0
NBR_DNR,47,125096,0,0,0,0,0,0,0,0,0,0,0,0
NBR_DONETSK,20,2817,0,0,0,0,0,0,0,0,0,0,0,0
NBS24,40,164421,0,0,0,0,0,0,0,0,0,0,0,0
NEASingapore,28,86070,0,0,0,0,0,0,0,0,0,0,0,0
NEWS_GOLESTAN,9,1128,0,0,0,0,0,0,0,0,0,0,0,0
NEWSruIsrael,54,248641,0,0,0,0,0,0,0,0,0,0,0,0
NFE4Y,5,26120,0,0,0,0,0,0,0,0,0,0,0,0
NFSCHimalayaNews,144,39391,0,0,0,0,0,0,0,0,0,0,0,0
NGUkr,1,0,0,0,0,0,0,0,0,0,0,0,0,0
NGnewsgeorgia,14,43340,1,0,0,0,0,0,3390,0,0,0,0,0
NKruk,14,14746,0,0,0,0,1,0,0,0,0,0,678,0
NMFTE,23,361119,0,0,0,0,0,0,0,0,0,0,0,0
NMOdessa,19,33611,1,0,0,0,0,0,1320,0,0,0,0,0
NMitrokhinPublicTalk,6,10500,0,0,0,0,0,0,0,0,0,0,0,0
NNN0UL,62,374619,0,0,0,0,0,0,0,0,0,0,0,0
NN_now,20,116710,1,0,0,0,0,0,4880,0,0,0,0,0
NN_strelka,39,57661,0,0,0,0,0,0,0,0,0,0,0,0
NODTV,3,69,0,0,0,0,0,0,0,0,0,0,0,0
NODrus,22,23090,0,0,0,0,0,0,0,0,0,0,0,0
NORSFS2,98,3477900,0,0,0,0,0,0,0,0,0,0,0,0
NOTOISLAMICREPUBLIC,22,720,0,0,0,0,0,0,0,0,0,0,0,0
NPNewsMyanmar,98,990960,0,0,0,0,0,0,0,0,0,0,0,0
NPU_Rivne,7,6278,0,0,0,0,0,0,0,0,0,0,0,0
NParksBuzz,21,65070,0,0,0,0,0,0,0,0,0,0,0,0
NR_novosti,37,20562,0,0,0,0,0,0,0,0,0,0,0,0
NSDVKharkove,51,1257400,2,0,0,0,2,0,67300,0,0,0,39650,0
NSDVKhersone,27,56307,1,0,0,0,0,0,2800,0,0,0,0,0
NSZU_gov,14,57356,0,0,0,0,0,0,0,0,0,0,0,0
NTDNews,245,239392,0,0,0,0,0,0,0,0,0,0,0,0
NUR24RU,13,28576,0,0,0,0,0,0,0,0,0,0,0,0
NY_USA_World,36,683130,1,0,0,0,0,0,11500,0,0,0,0,0
NaFrontiUkrainu,42,185110,0,0,0,2,0,0,0,0,0,9820,0,0
NabChelny_inside,43,322387,2,0,0,0,0,0,6877,0,0,0,0,0
NabChelny_peace,40,273340,0,0,0,0,0,0,0,0,0,0,0,0
Nabard_Nabarabar,32,13114,0,0,0,0,0,0,0,0,0,0,0,0
Nabludatelvtomske,25,103060,0,0,0,0,0,0,0,0,0,0,0,0
NachDenkSeiten_DE,35,129940,0,0,0,0,0,0,0,0,0,0,0,0
Nackepelo,184,19350000,8,0,0,2,0,0,895000,0,0,186000,0,0
NadezhdaKubyshkina,26,116860,0,0,0,0,0,0,0,0,0,0,0,0
NaftogazUA,27,246120,0,0,0,0,0,0,0,0,0,0,0,0
NagNews,1,585,0,0,0,0,0,0,0,0,0,0,0,0
NagornyVmeste,11,780,0,0,0,0,0,0,0,0,0,0,0,0
Naimov_Akmalkhan,15,7542,0,0,0,0,0,0,0,0,0,0,0,0
NajNewsy,14,2786,0,0,0,0,0,0,0,0,0,0,0,0
Nakhodka_true,52,387340,0,0,0,1,0,0,0,0,0,22100,0,0
Nalchik_crazy,49,688800,0,0,0,0,0,0,0,0,0,0,0,0
Nalchik_lyudi,41,569100,0,0,0,0,0,0,0,0,0,0,0,0
Nalchik_podslushal,51,962100,0,0,0,0,0,0,0,0,0,0,0,0
Nalchik_true,45,246768,1,0,0,0,0,0,4050,0,0,0,0,0
NamanganTuman,28,5777,0,0,0,0,0,0,0,0,0,0,0,0
Namanganim_Bugun,1064,17920711,0,0,0,0,0,0,0,0,0,0,0,0
Namayandeh3oma,1386,59285089,0,0,0,0,0,0,0,0,0,0,0,0
Nardaran313,23,9360,0,0,0,0,0,0,0,0,0,0,0,0
NarendraModi_Official,23,3891,0,0,0,0,0,0,0,0,0,0,0,0
NargizWorld,23,15293,0,0,0,0,1,0,0,0,0,0,515,0
NarodnayaRyazan,6,13720,0,0,0,0,0,0,0,0,0,0,0,0
Narodnyy_ultimatum,1,832,0,0,0,0,0,0,0,0,0,0,0,0
Narpay_tuman_hokimligi,217,1088942,0,0,0,0,0,0,0,0,0,0,0,0
NashGorodru,14,39118,0,0,0,0,0,0,0,0,0,0,0,0
Nash_Temryuk,1,199,0,0,0,0,0,0,0,0,0,0,0,0
NashaGazetaKst,14,19343,0,0,0,0,0,0,0,0,0,0,0,0
Nashazemla,18,8798,0,0,0,0,0,0,0,0,0,0,0,0
Nasimov,1,72,0,0,0,0,0,0,0,0,0,0,0,0
Nasobin,24,109113,0,0,0,0,0,0,0,0,0,0,0,0
Nastavnik_vbiznes,7,10766,0,0,0,0,0,0,0,0,0,0,0,0
Nastik_tg,23,196280,1,0,0,0,0,0,3050,0,0,0,0,0
NataliaKox,20,1144550,0,0,0,0,0,0,0,0,0,0,0,0
Natalya_zayceva,1,99,0,0,0,0,0,0,0,0,0,0,0,0
NationalJusticeParty,34,33927,0,0,0,0,0,0,0,0,0,0,0,0
NatnaelMekonnen21,858,30284880,0,0,0,0,0,0,0,0,0,0,0,0
Navbahor_Navbaxor_Fkmuhlis,18,117580,0,0,0,0,0,0,0,0,0,0,0,0
Navoiyuran_official,7,5469,0,0,0,0,0,0,0,0,0,0,0,0
Navoiyyoshlari_uz,19,8069,0,0,0,0,0,0,0,0,0,0,0,0
Navumcyk,5,7399,0,0,0,0,0,0,0,0,0,0,0,0
NazarIlishev,8,1052,0,0,0,0,0,0,0,0,0,0,0,0
NazarPrykhodkoPlus,448,4984821,54,0,0,0,0,0,592310,0,0,0,0,0
Nazars_look,30,6460,1,0,0,0,2,0,137,0,0,0,488,0
Nazlobudnya_AU,28,50510,1,0,0,0,0,0,1230,0,0,0,0,0
Nazran_true,43,218887,0,0,0,0,0,0,0,0,0,0,0,0
NeBrigada,280,2486540,3,0,0,0,0,0,44800,0,0,0,0,0
NeKaspersky,38,194130,0,0,0,0,0,0,0,0,0,0,0,0
NeMochka27,2,970,0,0,0,0,0,0,0,0,0,0,0,0
NeNASHI,5,2941,0,0,0,0,0,0,0,0,0,0,0,0
NePsvo,1,181,0,0,0,0,0,0,0,0,0,0,0,0
NeSobyanin,10,83010,0,0,0,0,0,0,0,0,0,0,0,0
NeWSnOw247,628,1411657,0,0,0,0,0,0,0,0,0,0,0,0
NeWs_UkRa1nE,2,0,0,0,0,0,0,0,0,0,0,0,0,0
Neborshi,5,18930,0,0,0,0,0,0,0,0,0,0,0,0
Necheporenko_Denys,14,6472,1,0,0,0,0,0,453,0,0,0,0,0
Neftekamsk_true,53,425390,1,0,0,0,0,0,7070,0,0,0,0,0
Nefteyugansk_true,53,350540,0,0,0,0,0,0,0,0,0,0,0,0
Neidioto,10,10794,0,0,0,0,0,0,0,0,0,0,0,0
Nenegeev,3,1532,0,0,0,0,0,0,0,0,0,0,0,0
NeoPesarism,37,65522,0,0,0,0,0,0,0,0,0,0,0,0
NeoficialniyBeZsonoV,1186,94768193,16,0,0,1,3,0,1119100,0,0,51100,211800,0
Neojadids,14,37705,0,0,0,0,0,0,0,0,0,0,0,0
NesaraGesaraOrganisation,2,68,0,0,0,0,0,0,0,0,0,0,0,0
Nesomnenno_ot_Dushi,3,414,0,0,0,0,0,0,0,0,0,0,0,0
Netvru,59,1223790,0,0,0,0,0,0,0,0,0,0,0,0
NeuesWissen,15,11147,0,0,0,0,0,0,0,0,0,0,0,0
Nevinnomyssk_true,54,378100,0,0,0,0,0,0,0,0,0,0,0,0
Nevinomyssk_Essentuky,37,230560,0,0,0,0,0,0,0,0,0,0,0,0
Nevrotique,41,318640,0,0,0,0,0,0,0,0,0,0,0,0
NewFBK,2,139200,0,0,0,0,0,0,0,0,0,0,0,0
NewResistance,20,17663,0,0,0,0,0,0,0,0,0,0,0,0
NewSavageDawg,8,0,0,0,0,0,0,0,0,0,0,0,0,0
NewVatutinki_Official,11,23408,0,0,0,0,0,0,0,0,0,0,0,0
NewYorkReklama,5,34,0,0,0,0,0,0,0,0,0,0,0,0
NewYorkRussian,17,928,2,0,0,0,0,0,115,0,0,0,0,0
New_York_Novosti,6,63,0,0,0,0,0,0,0,0,0,0,0,0
New_York_Russian,6,14,0,0,0,0,0,0,0,0,0,0,0,0
New_security8200,45,202036,0,0,0,0,0,0,0,0,0,0,0,0
News18TamilNadu,203,31114,0,0,0,0,0,0,0,0,0,0,0,0
NewsAge,1,74,0,0,0,0,0,0,0,0,0,0,0,0
NewsAgroRussia,39,15634,0,0,0,0,0,0,0,0,0,0,0,0
NewsFW,31,99710,0,0,0,0,0,0,0,0,0,0,0,0
NewsIvanoFrankivsk,8,12049,0,0,0,0,0,0,0,0,0,0,0,0
NewsPDM,16,11736,0,0,0,0,0,0,0,0,0,0,0,0
NewsPalach,69,135158,1,0,0,0,0,0,1890,0,0,0,0,0
NewsSerbia,6,3134,0,0,0,0,0,0,0,0,0,0,0,0
NewsUkraine_2022,143,257320,0,0,0,0,0,0,0,0,0,0,0,0
News_Baghdad1,4,358,0,0,0,0,0,0,0,0,0,0,0,0
News_Noma,1,1160,0,0,0,0,0,0,0,0,0,0,0,0
News_Tracker,5,1634,0,0,0,0,0,0,0,0,0,0,0,0
News_and_Events,23,24753,1,0,0,0,0,0,1040,0,0,0,0,0
News_cabinet_news,75,391203,0,0,0,0,0,0,0,0,0,0,0,0
Newsmax,2,814,0,0,0,0,0,0,0,0,0,0,0,0
NewsmaxTV,326,812956,0,0,0,0,0,0,0,0,0,0,0,0
Newspapers_Israel,20,1912,0,0,0,0,0,0,0,0,0,0,0,0
Nezaja_Iran,42,8397,0,0,0,0,0,0,0,0,0,0,0,0
NiceJournal,463,1396671,5,0,0,0,0,0,10708,0,0,0,0,0
NicholasVeniamin,1682,10075041,0,0,0,0,0,0,0,0,0,0,0,0
NickiMinajReaI,1,5170,0,0,0,0,0,0,0,0,0,0,0,0
NickolayOsychenko,20,23140,0,0,0,1,0,0,0,0,0,1430,0,0
NicoleRoss,17,75050,0,0,0,0,0,0,0,0,0,0,0,0
Nigina_Amonqulova_M,7,11694,0,0,0,0,0,0,0,0,0,0,0,0
Nijoni_kanali,1,507,0,0,0,0,0,0,0,0,0,0,0,0
Nik_lalife,10,4152,0,0,0,0,0,0,0,0,0,0,0,0
NikaStepp01,23,263989,0,0,0,0,0,0,0,0,0,0,0,0
NikolayTishchenko,42,15988,2,0,0,0,0,0,764,0,0,0,0,0
NikonovLive,2,479,0,0,0,0,0,0,0,0,0,0,0,0
Nimaqilsa,25,15779,0,0,0,0,0,0,0,0,0,0,0,0
Nishon_Nishonliklar_yangiliklari,8,5639,0,0,0,0,0,0,0,0,0,0,0,0
NizhegorodskyDyatel,42,231119,0,0,0,0,0,0,0,0,0,0,0,0
Nizhnekamsk_crazy,49,690700,0,0,0,0,0,0,0,0,0,0,0,0
Nizhnekamsk_lyudi,50,666200,1,0,0,0,0,0,14600,0,0,0,0,0
Nizhnekamsk_podslushal,51,954200,1,0,0,0,0,0,18400,0,0,0,0,0
Nizhnekamsk_sluh,49,642800,0,0,0,0,0,0,0,0,0,0,0,0
Nizhnekamsk_sobitie,49,617800,0,0,0,0,0,0,0,0,0,0,0,0
Nizhnekamsk_true,45,265800,2,0,0,0,0,0,26540,0,0,0,0,0
Nizhnevartovsk_crazy,40,554000,0,0,0,0,0,0,0,0,0,0,0,0
Nizhnevartovsk_lyudi,41,580300,1,0,0,0,0,0,13300,0,0,0,0,0
Nizhnevartovsk_podslushal,52,976400,1,0,0,0,0,0,14600,0,0,0,0,0
Nizhnevartovsk_true,25,208000,1,0,0,0,0,0,22500,0,0,0,0,0
Nizhnevartovskd,66,94213,1,0,0,0,0,0,1870,0,0,0,0,0
NizhniyTagil_crazy,40,557000,1,0,0,0,0,0,13500,0,0,0,0,0
NizhniyTagil_podslushal,51,950700,1,0,0,0,0,0,18300,0,0,0,0,0
NizhniyTagil_true,45,248979,0,0,0,0,0,0,0,0,0,0,0,0
NizhnyTagil_peace,50,389470,2,0,0,0,0,0,19940,0,0,0,0,0
Nizhnynovgorod_true,25,207920,0,0,0,0,0,0,0,0,0,0,0,0
NizniyNovgorod_cult,46,629380,0,0,0,0,0,0,0,0,0,0,0,0
Nizovtsev,26,137110,0,0,0,0,0,0,0,0,0,0,0,0
NoShiYes,1,3,0,0,0,0,0,0,0,0,0,0,0,0
NoVaccineCoercion,13,5015,0,0,0,0,0,0,0,0,0,0,0,0
No_Name_Myanmar,3,2627,0,0,0,0,0,0,0,0,0,0,0,0
Noginsk_true,51,382820,1,0,0,0,0,0,6480,0,0,0,0,0
Noh_Che,3,10680,0,0,0,0,0,0,0,0,0,0,0,0
Noi_md,132,75040,0,0,0,0,0,0,0,0,0,0,0,0
NonUnaDiMenoMilano,6,4870,0,0,0,0,0,0,0,0,0,0,0,0
NoodleRemoverPlus,19,65660,0,0,0,0,0,0,0,0,0,0,0,0
Norilsk_true,45,348480,0,0,0,0,0,0,0,0,0,0,0,0
Norinlikmiz,34,2907,0,0,0,0,0,0,0,0,0,0,0,0
NosovDmitri,22,47426,0,0,0,0,0,0,0,0,0,0,0,0
NoticiasRNMA,18,4358,0,0,0,0,0,0,0,0,0,0,0,0
NoticiaseGuerras,26,69869,0,0,0,0,0,0,0,0,0,0,0,0
NoticieroPolitico,37,14928,0,0,0,0,0,0,0,0,0,0,0,0
Nournews_ir,5643,113241040,0,0,0,0,0,0,0,0,0,0,0,0
NoviyUrengoy_true,41,219800,3,0,0,0,0,0,13000,0,0,0,0,0
Novocheboksarsk_true,45,252600,0,0,0,0,0,0,0,0,0,0,0,0
Novocherkassk_true,54,420270,3,0,0,0,0,0,43700,0,0,0,0,0
Novoeizdanie,4369,298285358,132,0,1,18,2,0,9253700,0,66800,1276100,148100,0
Novokuznetsk_crazy,40,548500,1,0,0,0,0,0,13500,0,0,0,0,0
Novokuznetsk_inside,43,308734,1,0,0,0,0,0,6310,0,0,0,0,0
Novokuznetsk_peace,53,488220,0,0,0,0,0,0,0,0,0,0,0,0
Novokuznetsk_podslushal,48,911400,1,0,0,0,0,0,18600,0,0,0,0,0
Novokuznetsk_true,45,252358,0,0,0,0,0,0,0,0,0,0,0,0
Novomoskovsk_true,45,330350,0,0,0,0,0,0,0,0,0,0,0,0
Novomoskovskiy_moscow,54,801690,1,0,0,0,0,0,10100,0,0,0,0,0
Novomoskovskk,7,668,0,0,0,0,0,0,0,0,0,0,0,0
Novorossiysk_crazy,40,572700,2,0,0,0,0,0,28000,0,0,0,0,0
Novorossiysk_lyudi,41,573780,1,0,0,0,0,0,14300,0,0,0,0,0
Novorossiysk_podslushal,51,976400,0,0,0,0,0,0,0,0,0,0,0,0
Novoshakhtinsk_true,54,331200,0,0,0,1,0,0,0,0,0,18900,0,0
Novosibirsk_crazy,50,697100,1,0,0,0,0,0,14000,0,0,0,0,0
Novosibirsk_cult,47,639640,2,0,0,0,0,0,21570,0,0,0,0,0
Novosibirsk_inside,40,324560,1,0,0,0,0,0,6060,0,0,0,0,0
Novosibirsk_peace,44,312790,1,0,0,0,0,0,6060,0,0,0,0,0
Novosibirsk_podslushal,51,966600,0,0,0,0,0,0,0,0,0,0,0,0
Novosibirsk_true,25,165030,0,0,0,0,0,0,0,0,0,0,0,0
NovostiChelyabinsk,38,58600,1,0,0,0,0,0,1840,0,0,0,0,0
NovostiRossii_24,42,100469,0,0,0,0,0,0,0,0,0,0,0,0
NovostiUZ,402,8966620,5,0,0,0,0,0,102870,0,0,0,0,0
NovostiVLG,8,6084,0,0,0,0,0,0,0,0,0,0,0,0
Novosti_America,21,28,0,0,0,0,0,0,0,0,0,0,0,0
Novosti_SanktPeterburga,49,116810,0,0,0,0,0,0,0,0,0,0,0,0
Novosti_obb,46,552150,1,0,0,0,0,0,12100,0,0,0,0,0
Novosti_ovsem,45,817448,0,0,0,1,0,0,0,0,0,18100,0,0
Novostidnua,11,5146,0,0,0,0,0,0,0,0,0,0,0,0
Novostnik_Z,3,36,0,0,0,0,0,0,0,0,0,0,0,0
NovostroyM,42,61118,0,0,0,0,0,0,0,0,0,0,0,0
Novostroy_SPb,17,2630,0,0,0,0,0,0,0,0,0,0,0,0
Novosty_Ukraina,43,485685,0,0,0,0,0,0,0,0,0,0,0,0
Novynarnia,18,13467,0,0,0,0,0,0,0,0,0,0,0,0
Novyny_Ukrayiny,70,356865,2,0,0,1,0,0,16880,0,0,9210,0,0
NowKirillovka,18,13312,0,0,0,0,0,0,0,0,0,0,0,0
NowMelitopol,26,95620,1,0,0,0,0,0,2450,0,0,0,0,0
Noyabrsk112,13,26767,0,0,0,0,0,0,0,0,0,0,0,0
NoyabrskNews,1,28,0,0,0,0,0,0,0,0,0,0,0,0
Noyabrsk_true,41,382540,0,0,0,0,0,0,0,0,0,0,0,0
Nurafshonpressa,1,54,0,0,0,0,0,0,0,0,0,0,0,0
Nuralhudaahukm,23,147250,0,0,0,0,0,0,0,0,0,0,0,0
Nurnews_uz,3,336,0,0,0,0,0,0,0,0,0,0,0,0
NybergDm,29,213500,0,0,0,0,0,0,0,0,0,0,0,0
NyuraNBerg,18,21285,1,0,0,0,0,0,1210,0,0,0,0,0
O5_tv,82,157856,2,0,0,0,0,0,6290,0,0,0,0,0
OANNTV,881,10245510,0,0,0,0,0,0,0,0,0,0,0,0
OBLAST_KUB,12,26,1,0,0,0,0,0,2,0,0,0,0,0
OFCAQUATIC,18,1250,0,0,0,0,0,0,0,0,0,0,0,0
OFCBASENCT,12,471,0,0,0,0,0,0,0,0,0,0,0,0
OFCKAVILAR,2,891,0,0,0,0,0,0,0,0,0,0,0,0
OFCMABRU69,2,147,0,0,0,0,0,0,0,0,0,0,0,0
OFCMISTERKTH,1,256,0,0,0,0,0,0,0,0,0,0,0,0
OGHB_108,29,227043,0,0,0,0,0,0,0,0,0,0,0,0
OGoMono,111,47602600,0,0,0,0,0,0,0,0,0,0,0,0
OKLG7785,14,2108,0,0,0,0,0,0,0,0,0,0,0,0
OLBNNews,24,19181,0,0,0,0,0,0,0,0,0,0,0,0
OLTIARIQ_24tk,201,1011673,0,0,0,0,0,0,0,0,0,0,0,0
OLTIARIQ_TV,307,1818833,0,0,0,0,0,0,0,0,0,0,0,0
OMON_DV_Khbr,1,0,0,0,0,0,0,0,0,0,0,0,0,0
ONCHETVERIKOVA,16,38880,0,0,0,0,0,0,0,0,0,0,0,0
OPER_UZ,6371,691341449,0,0,0,0,0,0,0,0,0,0,0,0
OPSBsu,6,9670,0,0,0,0,0,0,0,0,0,0,0,0
OP_UA,776,8372969,19,0,0,1,0,0,178800,0,0,10600,0,0
OTM_Minbari,19,73340,0,0,0,0,0,0,0,0,0,0,0,0
OTRYAD_ORKOV_404,20,10420,0,0,0,0,0,0,0,0,0,0,0,0
OURKRD,5,14200,0,0,0,0,0,0,0,0,0,0,0,0
OUgol,29,142320,1,0,0,0,0,0,4830,0,0,0,0,0
OVALmedia,49,428830,0,0,0,0,0,0,0,0,0,0,0,0
O_Arestovich_official,491,64572700,20,0,0,3,4,0,3103700,0,0,493000,669500,0
O_KUCHERA,70,3614,2,0,0,0,0,0,110,0,0,0,0,0
Obninsk_true,45,343230,0,0,0,0,0,0,0,0,0,0,0,0
Observers_Notes,1,0,0,0,0,0,0,0,0,0,0,0,0,0
October_true,45,330530,0,0,0,0,0,0,0,0,0,0,0,0
OdessaRussi,941,5209031,25,0,0,2,3,0,190290,0,0,2400,11098,0
Odintsovo_true,45,334980,1,0,0,0,0,0,6880,0,0,0,0,0
OfficialRedPillNews,44,141560,0,0,0,0,0,0,0,0,0,0,0,0
Oganova555,9,58516,0,0,0,0,0,0,0,0,0,0,0,0
Ohlobistin,34,1283470,0,0,0,0,0,0,0,0,0,0,0,0
Ohranitel,2,73589,0,0,0,0,0,0,0,0,0,0,0,0
Okmkhayoti,24,28914,0,0,0,0,0,0,0,0,0,0,0,0
OkoloBaikala,5,2874,0,0,0,0,0,0,0,0,0,0,0,0
OldBoyTelegram,32,145161,0,0,0,0,0,0,0,0,0,0,0,0
OlegBoikoMilitaryLeaderSMARTbook,15,26930,0,0,0,0,0,0,0,0,0,0,0,0
Oleg_Blokhin,58,556159,2,0,0,0,1,0,18160,0,0,0,4950,0
Oleg_Gann,2,1518,0,0,0,0,0,0,0,0,0,0,0,0
OleksandrMenzul,47,708710,0,0,0,0,0,0,0,0,0,0,0,0
OlgaGerasimenk0,11,4625,0,0,0,0,0,0,0,0,0,0,0,0
OlgaSharij,209,14033230,14,0,0,0,1,0,995700,0,0,0,54600,0
Olmaliqhayoti,34,205215,0,0,0,0,0,0,0,0,0,0,0,0
Olot24_7,72,199851,0,0,0,0,0,0,0,0,0,0,0,0
Olot_Alat_tuman_xabar,37,83275,0,0,0,0,0,0,0,0,0,0,0,0
OmTVchannel,18,218690,0,0,0,0,0,0,0,0,0,0,0,0
Omelian_Tarnavskyi,85,250265,5,0,0,0,0,0,16300,0,0,0,0,0
Omsk_cult,45,610290,2,0,0,0,0,0,26000,0,0,0,0,0
Omsk_peace,50,577887,0,0,0,0,0,0,0,0,0,0,0,0
Omsk_podslushal,51,955600,0,0,0,0,0,0,0,0,0,0,0,0
Omsk_tg_crazy,49,703000,0,0,0,0,0,0,0,0,0,0,0,0
Omsk_true,45,253550,0,0,0,0,0,0,0,0,0,0,0,0
Omskinside,43,310740,2,0,0,0,0,0,12100,0,0,0,0,0
OneBoxTwoBox,45,1584610,0,0,0,0,0,0,0,0,0,0,0,0
Onishchenko001,37,91349,0,0,0,0,0,0,0,0,0,0,0,0
OnlyWayNews,49,2344,0,0,0,0,0,0,0,0,0,0,0,0
OpenFaceBelarus,4,2401,0,0,0,0,0,0,0,0,0,0,0,0
OpenPolicyUfa,27,67690,0,0,0,0,0,0,0,0,0,0,0,0
OpenUkraine,4503,191495166,160,0,0,15,41,0,7093860,0,0,553700,1753600,0
OpendatabotChannel,47,383239,1,0,0,0,0,0,10700,0,0,0,0,0
Operasyon3,1,15,0,0,0,0,0,0,0,0,0,0,0,0
OperationAmericaFirst,3,5110,0,0,0,0,0,0,0,0,0,0,0,0
Opros_politika,4,1300,0,0,0,0,0,0,0,0,0,0,0,0
Orehoviyenovosti,56,507440,0,0,0,0,0,0,0,0,0,0,0,0
OrekhovoZuevo_true,50,381880,0,0,0,0,0,0,0,0,0,0,0,0
Orel_crazy,40,555000,0,0,0,0,0,0,0,0,0,0,0,0
Orel_peace,43,307120,1,0,0,0,0,0,6680,0,0,0,0,0
Orel_podslushal,50,915400,2,0,0,0,0,0,37800,0,0,0,0,0
Orel_true,24,146630,1,0,0,0,0,0,4170,0,0,0,0,0
OrenPuh,10,54220,0,0,0,0,0,0,0,0,0,0,0,0
OrenSpas,18,50389,3,0,0,0,0,0,6960,0,0,0,0,0
Orenburg_crazy,49,685200,0,0,0,0,0,0,0,0,0,0,0,0
Orenburg_inside,43,309531,1,0,0,0,0,0,6080,0,0,0,0,0
Orenburg_peace,39,270970,0,0,0,0,0,0,0,0,0,0,0,0
Orenburg_podslushal,55,1033700,0,0,0,0,0,0,0,0,0,0,0,0
Orenburg_true,42,924000,0,0,0,0,0,0,0,0,0,0,0,0
OriginalDonaldTrump,36,618,0,0,0,0,0,0,0,0,0,0,0,0
OrlaredChan,21,124290,0,0,0,0,0,0,0,0,0,0,0,0
OrlenysOV,28,256730,0,0,0,0,0,0,0,0,0,0,0,0
OrlovAmur,9,179730,0,0,0,0,0,0,0,0,0,0,0,0
Orsk_true,45,239640,0,0,0,0,0,0,0,0,0,0,0,0
OsariaAllyeidSpeak,3,1939,0,0,0,0,0,0,0,0,0,0,0,0
OscarShmidt,25,1041040,0,0,0,0,0,0,0,0,0,0,0,0
Osint_Info,4,128400,0,0,0,0,0,0,0,0,0,0,0,0
Ostaan_Chb,14,18176,0,0,0,0,0,0,0,0,0,0,0,0
OstashkoNews,11259,881967741,554,0,3,92,22,2,43806490,0,170800,7665100,1641400,198300
Osvitnia_Kryivka,2,2009,0,0,0,0,0,0,0,0,0,0,0,0
Otabek,52,771470,0,0,0,0,0,0,0,0,0,0,0,0
Otvprimofficial,191,797497,2,0,0,0,0,0,6130,0,0,0,0,0
OutsightChina,5,11982,0,0,0,0,0,0,0,0,0,0,0,0
OverDaily,3,14730,0,0,0,0,0,0,0,0,0,0,0,0
OxanaLavretieva,24,191460,0,0,0,0,0,0,0,0,0,0,0,0
OzResurrected,4,0,0,0,0,0,0,0,0,0,0,0,0,0
Ozbekiston_axborot_24,1,220,0,0,0,0,0,0,0,0,0,0,0,0
Ozbekistonn_tyuzbekk_unchamuncha,8526,818992782,1,0,0,0,0,0,84800,0,0,0,0,0
Ozernuy_Gay_Gatne,2,5520,0,0,0,0,0,0,0,0,0,0,0,0
OzodlikNews,3,52900,0,0,0,0,0,0,0,0,0,0,0,0
PAHBarcelona,11,4895,0,0,0,0,0,0,0,0,0,0,0,0
PALITSYAUZB,1,200,0,0,0,0,0,0,0,0,0,0,0,0
PANSEXPROMOTE,3,15,0,0,0,0,0,0,0,0,0,0,0,0
PARTNERSFS,2,1688,0,0,0,0,0,0,0,0,0,0,0,0
PATRIOTS_OF_RUSSIA,19,16864,0,0,0,0,0,0,0,0,0,0,0,0
PAZANDA_OSHXONA,27,2740,0,0,0,0,0,0,0,0,0,0,0,0
PBSQOFC,2,1008,0,0,0,0,0,0,0,0,0,0,0,0
PCU_PoliceControlUkraine,24,100358,7,0,0,0,0,0,26729,0,0,0,0,0
PJournalist,3,46700,0,0,0,0,0,0,0,0,0,0,0,0
PLATFORMA_A,17,12217,0,0,0,0,0,0,0,0,0,0,0,0
PLTDM,4,984,0,0,0,0,0,0,0,0,0,0,0,0
PN_KFP,81,223302,0,0,0,0,0,0,0,0,0,0,0,0
POLICE_2020,26,781560,4,0,0,0,0,0,117200,0,0,0,0,0
POSLEDNIE_NOVYE_SVEZHIE,64,193385,1,0,0,0,0,0,3960,0,0,0,0,0
PPDKRSK24,2,627,0,0,0,0,0,0,0,0,0,0,0,0
PRANAnews1,17,15509,0,0,0,0,0,0,0,0,0,0,0,0
PROISTORIU,11,96,0,0,0,0,0,0,0,0,0,0,0,0
PROKursk,2,202,0,0,0,0,0,0,0,0,0,0,0,0
PRO_respubliku,9,770,0,0,0,0,0,0,0,0,0,0,0,0
PRiangarskie,43,531130,2,0,0,0,0,0,16460,0,0,0,0,0
P_apirus,50,43014,0,0,0,0,0,0,0,0,0,0,0,0
PabloEchenique,32,34402,0,0,0,0,0,0,0,0,0,0,0,0
Pagodaa,30,136500,0,0,0,0,0,0,0,0,0,0,0,0
Palest_News,1,0,0,0,0,0,0,0,0,0,0,0,0,0
PalestineTv1,141,347243,0,0,0,0,0,0,0,0,0,0,0,0
Palsawacom,11,924,0,0,0,0,0,0,0,0,0,0,0,0
Panarinka,43,696540,0,0,0,0,0,0,0,0,0,0,0,0
Pandari,4,1219,0,0,0,0,0,0,0,0,0,0,0,0
PanjiAkhirZaman,4,3627,0,0,0,0,0,0,0,0,0,0,0,0
Panjshir_Resistance,38,42538,0,0,0,0,0,0,0,0,0,0,0,0
Panteramama,10,7892,0,0,0,0,0,0,0,0,0,0,0,0
ParaBellumUA,1,1920,0,0,0,0,0,0,0,0,0,0,0,0
ParadoxW98,14,28830,0,0,0,0,0,0,0,0,0,0,0,0
Parisloverz,18,178,0,0,0,0,0,0,0,0,0,0,0,0
Parkovi_Ozera,1,1320,0,0,0,0,0,0,0,0,0,0,0,0
Parshoota,15,125150,0,0,0,0,0,0,0,0,0,0,0,0
Partido_Popular,41,100946,0,0,0,0,0,0,0,0,0,0,0,0
ParvisTV,14,659100,0,0,0,0,0,0,0,0,0,0,0,0
Pashu_aboutbusiness,20,367780,2,0,0,0,0,0,34600,0,0,0,0,0
PastDargomliklar24_pastdargom,52,82721,0,0,0,0,0,0,0,0,0,0,0,0
Pastdargom_24,36,142799,0,0,0,0,0,0,0,0,0,0,0,0
Pastonews,1229,22557431,0,0,0,0,0,0,0,0,0,0,0,0
Pat04Chekkk,35,131200,0,0,0,0,0,0,0,0,0,0,0,0
PatrioticAlternativeOfficial,17,20821,0,0,0,0,0,0,0,0,0,0,0,0
PatriotsUnderground,43,2542,0,0,0,0,0,0,0,0,0,0,0,0
Paula_Schmitt,3,74,0,0,0,0,0,0,0,0,0,0,0,0
PavelAvdokushyn,1,2100,0,0,0,0,0,0,0,0,0,0,0,0
PavelKochkin,5,5750,1,0,0,0,0,0,962,0,0,0,0,0
Pavliuk_KSV,28,81155,2,0,0,0,0,0,7930,0,0,0,0,0
Pavlohradptrk,50,236011,0,0,0,0,0,0,0,0,0,0,0,0
Pavlova_Maria_live,32,29603,3,0,0,0,0,0,3883,0,0,0,0,0
Paxtakor24,37,408549,0,0,0,0,0,0,0,0,0,0,0,0
Payariq24,32,3049,0,0,0,0,0,0,0,0,0,0,0,0
Paydali_silteme,21,15234,0,0,0,0,0,0,0,0,0,0,0,0
Payshanbaliklar_N1,481,4223718,1,0,0,0,0,0,8970,0,0,0,0,0
PearFEED,65,279006,0,0,0,0,0,0,0,0,0,0,0,0
Penza_crazy,49,689600,1,0,0,0,0,0,14100,0,0,0,0,0
Penza_peace,43,307020,1,0,0,0,0,0,6550,0,0,0,0,0
Penza_podslushal,51,966000,0,0,0,0,0,0,0,0,0,0,0,0
Penza_true,44,248530,1,0,0,0,0,0,4080,0,0,0,0,0
PepeLib,49,84918,0,0,0,0,0,0,0,0,0,0,0,0
PerbadananPutrajaya,9,35730,0,0,0,0,0,0,0,0,0,0,0,0
Pereborspace,3,5310,0,0,0,0,0,0,0,0,0,0,0,0
Perm_Active,21,45444,0,0,0,0,0,0,0,0,0,0,0,0
Perm_crazy,48,659900,0,0,0,0,0,0,0,0,0,0,0,0
Perm_cult,44,598050,1,0,0,0,0,0,13300,0,0,0,0,0
Perm_inside,43,310930,0,0,0,0,0,0,0,0,0,0,0,0
Perm_peace,42,382911,5,0,0,0,0,0,41690,0,0,0,0,0
Perm_podslushal,55,1037600,1,0,0,0,0,0,20100,0,0,0,0,0
Perm_true,45,249706,1,0,0,0,0,0,4490,0,0,0,0,0
Persdata,6,34590,0,0,0,0,0,0,0,0,0,0,0,0
Perventina,1,682,0,0,0,0,0,0,0,0,0,0,0,0
Pervouralsk_true,45,248210,0,0,0,0,0,0,0,0,0,0,0,0
PetrAkopov,1,433,0,0,0,0,0,0,0,0,0,0,0,0
PetrashkoOnline,21,24556,1,0,0,0,0,0,827,0,0,0,0,0
Petrazavodsk_crazy,49,689100,0,0,0,0,0,0,0,0,0,0,0,0
Petrazavodsk_podslushal,51,963400,1,0,0,0,0,0,19800,0,0,0,0,0
Petrazavodsk_true,43,323540,0,0,0,0,0,0,0,0,0,0,0,0
PetrenkoAndryi,16,10847,0,0,0,0,0,0,0,0,0,0,0,0
Petrivska_TG,11,13147,0,0,0,0,0,0,0,0,0,0,0,0
PetropavlovskKamchatsky_true,46,356790,0,0,0,0,0,0,0,0,0,0,0,0
PetrosyanLive,3,7250,0,0,0,0,0,0,0,0,0,0,0,0
Petrozavodsk_lyudi,41,577900,2,0,0,0,0,0,27700,0,0,0,0,0
Philosophytoday,19,37359,1,0,0,0,0,0,1270,0,0,0,0,0
PhoenixPIran,29,65680,0,0,0,0,0,0,0,0,0,0,0,0
Phoesi01233,13,67245,0,0,0,0,0,0,0,0,0,0,0,0
PhuketNightLife,27,98698,0,0,0,0,0,0,0,0,0,0,0,0
PilarBaselga,20,32417,0,0,0,0,0,0,0,0,0,0,0,0
Piotrovsky,4,1638,0,0,0,0,0,0,0,0,0,0,0,0
PirOperative,20,38824,0,0,0,0,0,0,0,0,0,0,0,0
PiranshahrRudaw,216,2098167,0,0,0,0,0,0,0,0,0,0,0,0
Piratenpartei,12,13183,0,0,0,0,0,0,0,0,0,0,0,0
PiskentHokimligi,2,8140,0,0,0,0,0,0,0,0,0,0,0,0
Piter,28,755000,0,0,0,0,0,0,0,0,0,0,0,0
Piter_crazy,40,553400,2,0,0,0,0,0,26400,0,0,0,0,0
Piter_cult,56,841320,0,0,0,0,0,0,0,0,0,0,0,0
Piter_peace,41,342293,0,0,0,0,0,0,0,0,0,0,0,0
Piter_podslushal,51,982500,0,0,0,0,0,0,0,0,0,0,0,0
Piter_true,45,329740,0,0,0,0,0,0,0,0,0,0,0,0
PiterskayaBulka,29,75329,0,0,0,0,0,0,0,0,0,0,0,0
PlamenPaskovRu,23,20369,0,0,0,0,0,0,0,0,0,0,0,0
PlushevChannel,427,12876086,19,0,0,0,1,0,567940,0,0,0,33700,0
Poddubny_m,72,117327,2,0,0,0,0,0,2717,0,0,0,0,0
Poder_360,16,84,0,0,0,0,0,0,0,0,0,0,0,0
Podolsk_crazy,48,651938,1,0,0,0,0,0,138,0,0,0,0,0
Podolsk_peace,41,328660,0,0,0,0,0,0,0,0,0,0,0,0
Podolsk_podslushal,53,1010500,1,0,0,0,0,0,20000,0,0,0,0,0
Podolsk_true,43,244770,0,0,0,0,0,0,0,0,0,0,0,0
Podslushano_Laza,10,49399,0,0,0,0,0,0,0,0,0,0,0,0
Podslushano_Ramenskoe,9,11738,0,0,0,0,0,0,0,0,0,0,0,0
Podslushano_Vidnoe,15,45970,0,0,0,0,0,0,0,0,0,0,0,0
Podslushano_Zhukovskiy,13,11229,0,0,0,0,0,0,0,0,0,0,0,0
Podslushanomoskwa,15,33,1,0,0,0,0,0,2,0,0,0,0,0
PogonyGalstuky,12,44250,0,0,0,0,0,0,0,0,0,0,0,0
Pogrebiskiy,24,94990,7,0,0,0,0,0,23290,0,0,0,0,0
PohodaNatalka,11,65350,0,0,0,0,0,0,0,0,0,0,0,0
PointNews,30,167188,0,0,1,0,0,0,0,0,6610,0,0,0
Poiskludi,4,11179,0,0,0,0,0,0,0,0,0,0,0,0
PokrovTown,7,12480,0,0,0,0,0,0,0,0,0,0,0,0
Polina_Kitsenko,126,1198306,3,0,0,0,0,0,5027,0,0,0,0,0
Polinahleb1,30,164422,0,0,0,0,0,0,0,0,0,0,0,0
PolitBroker,20,65366,0,0,0,0,0,0,0,0,0,0,0,0
PolitTransit,105,1844230,17,0,0,0,0,0,300690,0,0,0,0,0
Polit_tgtop,39,365000,0,0,0,0,0,0,0,0,0,0,0,0
PoliticalScience4WT,2,929,0,0,0,0,0,0,0,0,0,0,0,0
Politika_R,45,818000,1,0,0,0,0,0,18500,0,0,0,0,0
Politkrem,859,16841180,10,0,0,4,1,0,193600,0,0,83800,19500,0
Politnavigator,89,262454,8,0,0,0,6,0,30567,0,0,0,20575,0
Politof,17,9598,0,0,0,0,0,0,0,0,0,0,0,0
Politteh,3,26550,0,0,0,0,0,0,0,0,0,0,0,0
Polk71,6,8237,0,0,0,0,0,0,0,0,0,0,0,0
Polly_nioly,52,1925030,1,0,0,0,0,0,61400,0,0,0,0,0
Polyarinov,8,169140,0,0,0,0,0,0,0,0,0,0,0,0
Polyavderevke,20,762280,0,0,0,0,0,0,0,0,0,0,0,0
Ponomarenko75,6,33117,0,0,0,0,0,0,0,0,0,0,0,0
PonyTownGenius,18,60787,0,0,0,0,0,0,0,0,0,0,0,0
PopliklarTV,36,693,0,0,0,0,0,0,0,0,0,0,0,0
Porohobotchenko,27,56506,0,0,0,0,0,0,0,0,0,0,0,0
PortNews_ru,17,15887,2,0,0,0,0,0,2041,0,0,0,0,0
Portal2x2,72,105423,0,0,0,0,0,0,0,0,0,0,0,0
Posrednik_News,4,1302,0,0,0,0,0,0,0,0,0,0,0,0
PostKhmerNews,58,41352,0,0,0,0,0,0,0,0,0,0,0,0
PostRussiaTelegram,29,374680,0,0,0,0,0,0,0,0,0,0,0,0
PostanyukV,27,6726,0,0,0,0,0,0,0,0,0,0,0,0
PozornayaDoskaElista,2,13320,0,0,0,0,0,0,0,0,0,0,0,0
Praktuka_VP_VS_Ukraine,13,20499,0,0,1,0,1,0,0,0,1230,0,2400,0
Pravda_Gerashchenko,9139,811406032,240,0,4,98,9,0,21289199,0,388500,8785500,762200,0
PredstavitelRotenberga,1,1010,0,0,0,0,0,0,0,0,0,0,0,0
PresidenciaCuba,13,9727,0,0,0,0,0,0,0,0,0,0,0,0
PressZakrada,24,12592,0,0,0,0,0,0,0,0,0,0,0,0
Press_MO,6,1811,0,0,0,0,0,0,0,0,0,0,0,0
Press_Secretary_Uz,118,9670150,0,0,0,0,0,0,0,0,0,0,0,0
PressaSP,6,726,0,0,0,0,0,0,0,0,0,0,0,0
PriceTimeBest,16,145845,0,0,0,0,0,0,0,0,0,0,0,0
PrigimDV,19,4977,0,0,0,0,0,0,0,0,0,0,0,0
Prigozhin_hat,14,6904500,0,0,0,0,0,0,0,0,0,0,0,0
Prikhodko1970,78,2001714,2,0,0,0,0,0,49170,0,0,0,0,0
PrimAvtoDor,6,1235,0,0,0,0,0,0,0,0,0,0,0,0
PrimPoisk,29,95126,1,0,0,0,0,0,1970,0,0,0,0,0
PrimaMediaNews,16,48288,0,0,0,0,0,0,0,0,0,0,0,0
PrinceOfPersiaRu,4,23440,0,0,0,0,0,0,0,0,0,0,0,0
PrivSecGoy,22,226220,0,0,0,0,0,0,0,0,0,0,0,0
ProRus_Z,2,4,0,0,0,0,0,0,0,0,0,0,0,0
ProSeverouralsk,1,94,0,0,0,0,0,0,0,0,0,0,0,0
ProUral,34,201689,0,0,0,0,0,0,0,0,0,0,0,0
Pro_Analitika,8,1693,0,0,0,0,0,0,0,0,0,0,0,0
Pro_Troll,6,1254,1,0,0,0,0,0,227,0,0,0,0,0
Pro_smarent,12,106430,0,0,0,0,0,0,0,0,0,0,0,0
Prochechnya,17,967,1,0,0,0,0,0,76,0,0,0,0,0
ProfessorNechaev,1,817,0,0,0,0,0,0,0,0,0,0,0,0
PrognozyVK,48,190733,0,0,0,0,0,0,0,0,0,0,0,0
Prokopyevsk_true,44,241400,1,0,0,0,0,0,4110,0,0,0,0,0
Protestnarod,15,53896,0,0,0,0,0,0,0,0,0,0,0,0
ProtocolMFK,6,11390,0,0,0,0,0,0,0,0,0,0,0,0
ProtsyshynOfficial,39,168539,0,0,0,0,0,0,0,0,0,0,0,0
Pskov_true,53,380550,0,0,0,0,0,0,0,0,0,0,0,0
PskovskiyPravdorub,1,562,0,0,0,0,0,0,0,0,0,0,0,0
Pushkino_online24,41,63149,0,0,0,0,0,0,0,0,0,0,0,0
Pushkino_true,39,211382,0,0,0,2,0,0,0,0,0,7344,0,0
Putin_V_V,42,2182110,1,0,0,0,0,0,38300,0,0,0,0,0
Putinspeaks,18,28393,0,0,0,0,1,0,0,0,0,0,1410,0
PvBux,42,279541,0,0,0,0,0,0,0,0,0,0,0,0
PvTashkent,4,2230,0,0,0,0,0,0,0,0,0,0,0,0
Pyatigorsk_sluh,40,464000,1,0,0,0,0,0,11600,0,0,0,0,0
Pyatigorsk_sobitie,33,333523,0,0,0,0,0,0,0,0,0,0,0,0
Pyatigorsk_true,42,257610,0,0,0,0,0,0,0,0,0,0,0,0
Q17TrustThePlan,20,1771,0,0,0,0,0,0,0,0,0,0,0,0
Q17_Awakening,4,51470,0,0,0,0,0,0,0,0,0,0,0,0
Q4U_News,117,5874,0,0,0,0,0,0,0,0,0,0,0,0
QALQAMA_VOHASI,5,6657,0,0,0,0,0,0,0,0,0,0,0,0
QAMASHI_TV,19,87510,0,0,0,0,0,0,0,0,0,0,0,0
QAnonMap,62,24381,0,0,0,0,0,0,0,0,0,0,0,0
QArmyJapanFlynn,54,16056,0,0,0,0,0,0,0,0,0,0,0,0
QORAKOL_QORAKUL_KARAKUL,46,111630,0,0,0,0,0,0,0,0,0,0,0,0
QRQKGAK,5,32840,0,0,0,0,0,0,0,0,0,0,0,0
QRagroministry,11,952,0,0,0,0,0,0,0,0,0,0,0,0
QResMinistrlerKenesi,6,1266,0,0,0,0,0,0,0,0,0,0,0,0
QUEENNDOM,3,40,0,0,0,0,0,0,0,0,0,0,0,0
QUERDENKEN_711,41,416020,0,0,0,0,0,0,0,0,0,0,0,0
QWO17,180,116750,0,0,0,0,0,0,0,0,0,0,0,0
Q_Anon8,32,46945,0,0,0,0,0,0,0,0,0,0,0,0
Q_Faktor_Germany,38,171970,0,0,0,0,0,0,0,0,0,0,0,0
Q_Patriots,33,759,0,0,0,0,0,0,0,0,0,0,0,0
Q_Warriors,20,4192,0,0,0,0,0,0,0,0,0,0,0,0
QanonBoom,63,18270,0,0,0,0,0,0,0,0,0,0,0,0
QanonWorld,20,799,0,0,0,0,0,0,0,0,0,0,0,0
Qaraqalpaqstan_Qoraqalpogiston,26,12795,0,0,0,0,0,0,0,0,0,0,0,0
Qaraqalpaqstan_xawazi,8,29090,0,0,0,0,0,0,0,0,0,0,0,0
Qashqadaryo9,25,2124,0,0,0,0,0,0,0,0,0,0,0,0
Qashqadaryo_Chiroqchi_Koson,1210,10250000,0,0,0,0,0,0,0,0,0,0,0,0
QatalRedaktor,15,11956,0,0,0,0,0,0,0,0,0,0,0,0
QazAqparat_kz,48,11461,0,0,0,0,0,0,0,0,0,0,0,0
Qazviniha,39,200330,0,0,0,0,0,0,0,0,0,0,0,0
QiamdashtNews,26,4511,0,0,0,0,0,0,0,0,0,0,0,0
Qitmir_KampirTV,700,15234639,1,0,0,0,0,0,16100,0,0,0,0,0
QlobalChange,43,529909,0,0,0,0,0,0,0,0,0,0,0,0
QlobalChangeEspana,12,7250,0,0,0,0,0,0,0,0,0,0,0,0
QlobalChangeUSA,23,5415,0,0,0,0,0,0,0,0,0,0,0,0
Qoqon_quqon,6,11480,0,0,0,0,0,0,0,0,0,0,0,0
Qora_Videolar_Yozuvli_Instagram,3,488,0,0,0,0,0,0,0,0,0,0,0,0
Qorakoluzofficial,13,26124,0,0,0,0,0,0,0,0,0,0,0,0
Qoranews,55,19005,0,0,0,0,0,0,0,0,0,0,0,0
Qoraxabar,14887,1747162738,2,0,0,1,0,0,236000,0,0,140000,0,0
Qoshrabot,81,425428,0,0,0,0,0,0,0,0,0,0,0,0
Qresurrection,1,726,0,0,0,0,0,0,0,0,0,0,0,0
Qudsonlineir,1150,1585633,0,0,0,0,0,0,0,0,0,0,0,0
QuinceM,3,1360,0,0,0,0,0,0,0,0,0,0,0,0
Qumqorgonews,34,772500,0,0,0,0,0,0,0,0,0,0,0,0
Quvasoyliklar_Kanali,120,809514,0,0,0,0,0,0,0,0,0,0,0,0
Qwindekim,16,12391,0,0,0,0,0,0,0,0,0,0,0,0
R15ru,19,20257,0,0,0,0,0,0,0,0,0,0,0,0
RAKETNANEBESPEKA,66,2258500,0,0,0,0,0,0,0,0,0,0,0,0
RANBIRROYOFFICE,251,34258100,0,0,0,0,0,0,0,0,0,0,0,0
RAVORSGANK,14,5370,0,0,0,0,0,0,0,0,0,0,0,0
RAZGOVORNA,17,7077,1,0,0,0,0,0,364,0,0,0,0,0
RBC_ua_news,706,10189274,8,0,0,0,0,0,119000,0,0,0,0,0
RB_Bash24,40,30789,0,0,0,0,0,0,0,0,0,0,0,0
REALISTFILM_INFO,20,23267,0,0,0,0,0,0,0,0,0,0,0,0
REALY_MGTOWLIFE,10,2332,0,0,0,0,0,0,0,0,0,0,0,0
RENTALENTFESS,20,1480,0,0,0,0,0,0,0,0,0,0,0,0
REPUBLICPRESS,19,12217,0,0,0,0,0,0,0,0,0,0,0,0
RGNNticker,61,164530,0,0,0,0,0,0,0,0,0,0,0,0
RGVKDAGESTAN,12,10397,0,0,0,0,0,0,0,0,0,0,0,0
RH_inside,20,16772,1,0,0,0,0,0,996,0,0,0,0,0
RIA82rf,13,821,0,0,0,0,0,0,0,0,0,0,0,0
RIAKremlinpool,52,841169,0,0,0,0,0,0,0,0,0,0,0,0
RIAbur,10,5636,1,0,0,0,0,0,330,0,0,0,0,0
RISHTON_TV,81,252285,0,0,0,0,0,0,0,0,0,0,0,0
RK_RF,1,2790,0,0,0,0,0,0,0,0,0,0,0,0
RKadyrov_95,768,102873599,23,0,0,0,0,0,2662000,0,0,0,0,0
RLSsvodka,19,14193,0,0,0,0,0,0,0,0,0,0,0,0
ROMeNIKA,26,7883,0,0,0,0,0,0,0,0,0,0,0,0
ROSHIDON_24,2,130,0,0,0,0,0,0,0,0,0,0,0,0
ROSINFRA,15,11042,0,0,0,0,0,0,0,0,0,0,0,0
RSKRFRU,7,15370,0,0,0,0,0,0,0,0,0,0,0,0
RSaponkov,105,2264440,3,0,0,0,1,0,39640,0,0,0,8700,0
RTErdogan,622,6390634,0,0,0,0,0,0,0,0,0,0,0,0
RTQusara,1,709,0,0,0,0,0,0,0,0,0,0,0,0
RU66RU,10,25720,1,0,0,0,0,0,2460,0,0,0,0,0
RUS_STYAG,2,5600,0,0,0,0,0,0,0,0,0,0,0,0
RUS_WAS,3,348,0,0,0,0,2,0,0,0,0,0,249,0
RUSanctions,152,6270450,9,0,0,0,0,0,359900,0,0,0,0,0
RU_S_INT,27,4134,0,0,0,0,0,0,0,0,0,0,0,0
RUkatehon,31,30638,1,0,0,0,0,0,1030,0,0,0,0,0
RVvoenkor,12261,4917365890,428,1,3,89,22,1,172861800,454000,1224000,36837300,8860600,460000
RWApodcast,47,398749,0,0,0,0,0,0,0,0,0,0,0,0
R_4an,36,2757400,0,0,0,0,0,0,0,0,0,0,0,0
Rabat_24,38,32239,0,0,0,0,0,0,0,0,0,0,0,0
RabbiMikhailFinkel,32,186818,0,0,0,0,0,0,0,0,0,0,0,0
Rabota_v_cherkassakh,2,1109,0,0,0,0,0,0,0,0,0,0,0,0
RadarARM,156,2058516,0,0,0,0,0,0,0,0,0,0,0,0
RadioAzattyq,6,9483,1,0,0,0,0,0,3500,0,0,0,0,0
RadioStydoba,401,11060220,10,0,0,1,2,0,324900,0,0,10100,25570,0
Radkana,2,101,0,0,0,0,0,0,0,0,0,0,0,0
RadzihovskyRabahh,3,6200,0,0,0,0,0,0,0,0,0,0,0,0
RagingDissidentII,3,13,0,0,0,0,0,0,0,0,0,0,0,0
Rahbalad,6,3860,0,0,0,0,0,0,0,0,0,0,0,0
RakursUz,29,18402,0,0,0,0,0,0,0,0,0,0,0,0
Ramenskoe_true,54,430710,0,0,0,1,0,0,0,0,0,6610,0,0
RamonSosnovskiy,1,1400,0,0,0,0,0,0,0,0,0,0,0,0
RamusicRu,47,1027070,0,0,0,0,0,0,0,0,0,0,0,0
RasHwaN2021,46,22780,0,0,0,0,0,0,0,0,0,0,0,0
Rasmiy_xabarlar_Official,46,433860,1,0,0,0,0,0,3740,0,0,0,0,0
Ratnik2nd,38,161522,0,0,0,0,0,0,0,0,0,0,0,0
Rauda_centr,19,60000,1,0,0,0,0,0,1650,0,0,0,0,0
Ravreba,49,1064450,2,0,0,0,0,0,13280,0,0,0,0,0
ReVelionenlagranja,47,294120,0,0,0,0,0,0,0,0,0,0,0,0
ReadMithgol,4,3754,0,0,0,0,0,0,0,0,0,0,0,0
RealAmericasVoice,42,94040,0,0,0,0,0,0,0,0,0,0,0,0
RealCandace,8,17,0,0,0,0,0,0,0,0,0,0,0,0
RealDonbass,20,70,0,0,0,0,0,0,0,0,0,0,0,0
RealGenFlynn,414,13997340,0,0,0,0,0,0,0,0,0,0,0,0
RealMariaFinoshina,31,47869,0,0,0,0,0,0,0,0,0,0,0,0
RealSardana,31,209050,2,0,0,0,0,0,9390,0,0,0,0,0
RealUzbekistan,35,466410,1,0,0,0,0,0,6350,0,0,0,0,0
RealVincentJames,28,360440,0,0,0,0,0,0,0,0,0,0,0,0
Real_Hot,2,374,0,0,0,0,0,0,0,0,0,0,0,0
RealdocProductions,38,500860,0,0,0,0,0,0,0,0,0,0,0,0
Realmohameddiallolive,38,194712,0,0,0,0,0,0,0,0,0,0,0,0
RealnaiaBelarus,111,693570,2,0,0,0,0,0,13630,0,0,0,0,0
RebeccaRambar,2,0,0,0,0,0,0,0,0,0,0,0,0,0
Rebrovass,19,17036,0,0,0,0,0,0,0,0,0,0,0,0
RedFoxUz,1,884,0,0,0,0,0,0,0,0,0,0,0,0
RedLineTel,635,8128464,0,0,0,0,0,0,0,0,0,0,0,0
Red_Cross_Cherkasy,17,106480,0,0,0,0,0,0,0,0,0,0,0,0
Reddit,1980,53317035,7,0,0,0,0,0,169600,0,0,0,0,0
Redmadnews,4,5390,0,0,0,0,0,0,0,0,0,0,0,0
RedmansKitchenOfficial,7,10520,0,0,0,0,0,0,0,0,0,0,0,0
RegionF,10,10487,0,0,0,0,0,0,0,0,0,0,0,0
RegnumMoscow,1,50,0,0,0,0,0,0,0,0,0,0,0,0
ReinerFuellmich,1714,18531753,0,0,0,0,0,0,0,0,0,0,0,0
ReinerFuellmichEnglish,339,2632315,0,0,0,0,0,0,0,0,0,0,0,0
Religiousexemptions,2,867,0,0,0,0,0,0,0,0,0,0,0,0
ReplyToDonaldJTrump,8,18,0,0,0,0,0,0,0,0,0,0,0,0
Report361,10,130,0,0,0,0,0,0,0,0,0,0,0,0
RepostLife,22,17875,0,0,0,0,0,0,0,0,0,0,0,0
RepostUZ,1361,59504215,8,0,0,0,0,0,374600,0,0,0,0,0
Reposter50,8,477,0,0,0,0,0,0,0,0,0,0,0,0
RepublicLive,20,3298,0,0,0,0,0,0,0,0,0,0,0,0
RepublicMag,38,65113,0,0,0,0,0,0,0,0,0,0,0,0
Republic_Of_GaGauZia,55,270056,2,0,0,0,0,0,21890,0,0,0,0,0
ResJPNews,18,31817,0,0,0,0,0,0,0,0,0,0,0,0
ResanehEDU,24,9520,0,0,0,0,0,0,0,0,0,0,0,0
ResistanceRF,11,38570,0,0,0,0,0,0,0,0,0,0,0,0
RestoManka,11,29790,0,0,0,0,0,0,0,0,0,0,0,0
Restoring_Consciousness,1,426,0,0,0,0,0,0,0,0,0,0,0,0
Reutov_true,54,281830,0,0,0,0,0,0,0,0,0,0,0,0
RevistaAlmaMater,16,28370,0,0,0,0,0,0,0,0,0,0,0,0
Rezultatnalitso_telegram,37,143220,1,0,0,0,0,0,2690,0,0,0,0,0
Ribfront,34,91067,0,0,0,0,0,0,0,0,0,0,0,0
RinascitaRepubblicanaChannel,4,13440,0,0,0,0,0,0,0,0,0,0,0,0
RoadToTheReason,17,402,0,0,0,0,0,0,0,0,0,0,0,0
RobertMorseND,42,83775,0,0,0,0,0,0,0,0,0,0,0,0
RobertWMalone,34,12537,0,0,0,0,0,0,0,0,0,0,0,0
RocketWolfOwo,17,425740,0,0,0,0,0,0,0,0,0,0,0,0
Rodakovo,3,16800,0,0,0,0,0,0,0,0,0,0,0,0
Rogandar,5555,145106080,141,0,2,30,18,0,3600400,0,62900,762000,471300,0
RojavaMedia,2,2501,0,0,0,0,0,0,0,0,0,0,0,0
RomanPostovalov,16,102240,0,0,0,0,0,0,0,0,0,0,0,0
RomanShrike,48,2182600,6,0,0,0,0,0,259700,0,0,0,0,0
RomanZharkov,3,2649,0,0,0,0,0,0,0,0,0,0,0,0
Romeu_Zema,36,42814,0,0,0,0,0,0,0,0,0,0,0,0
Rooftop_moscow,2,1637,0,0,0,0,0,0,0,0,0,0,0,0
RosAllNadzor,11,32440,0,0,0,0,0,0,0,0,0,0,0,0
RosgvardOfficial,18,254817,1,0,0,0,0,0,199000,0,0,0,0,0
Roslikovs,47,288048,0,0,0,0,0,0,0,0,0,0,0,0
RossNazarenko,7,16050,0,0,0,0,0,0,0,0,0,0,0,0
RossellaFidanza,22,651400,0,0,0,0,0,0,0,0,0,0,0,0
Rossiya24News,5,0,0,0,0,0,0,0,0,0,0,0,0,0
RossiyaNeEvropa,20,14332,1,0,0,0,0,0,223,0,0,0,0,0
Rossiya_novo,44,322645,5,0,0,0,0,0,26084,0,0,0,0,0
RostislavShkinder,13,22368,0,0,0,0,0,0,0,0,0,0,0,0
RostovInside,5,1462,0,0,0,0,0,0,0,0,0,0,0,0
RostovRegion,7,1958,0,0,0,0,0,0,0,0,0,0,0,0
Rostov_crazy,50,700800,0,0,0,0,0,0,0,0,0,0,0,0
Rostov_cult,46,628460,3,0,0,0,0,0,40200,0,0,0,0,0
Rostov_inside,43,314260,1,0,0,0,0,0,6090,0,0,0,0,0
Rostov_news,15,9134,0,0,0,0,0,0,0,0,0,0,0,0
Rostov_on_don_region,8,22380,0,0,0,0,0,0,0,0,0,0,0,0
Rostov_peace,41,364328,0,0,0,0,0,0,0,0,0,0,0,0
Rostov_podslushal,51,944800,0,0,0,0,0,0,0,0,0,0,0,0
Rostov_true,45,333550,1,0,0,0,0,0,6050,0,0,0,0,0
RotFront_su,12,24650,0,0,0,0,0,0,0,0,0,0,0,0
RottenKepkenChannel,111,253722,1,0,0,0,0,0,3000,0,0,0,0,0
Rozimuhammad_Murodov,5,88400,0,0,0,0,0,0,0,0,0,0,0,0
Rozochkatsvetochek,26,23985,1,0,0,0,0,0,400,0,0,0,0,0
RtrDonetsk,2039,38886756,30,0,0,5,7,0,715050,0,0,120200,156500,0
RuMaksim,10,74144,1,0,0,0,0,0,9010,0,0,0,0,0
Rubezh_ru,29,1514,0,0,0,0,0,0,0,0,0,0,0,0
Rubtsovsk_Novoaltaisk,60,346592,0,0,0,0,0,0,0,0,0,0,0,0
Rubtsovsk_true,45,329410,0,0,0,0,0,0,0,0,0,0,0,0
RudawHoziAlei,21,10384,0,0,0,0,0,0,0,0,0,0,0,0
Rudenko_reporter,42,2384,0,0,0,0,0,0,0,0,0,0,0,0
RusBotschaft,5,2727,0,0,0,0,0,0,0,0,0,0,0,0
RusGunArmy,3,1119,1,0,0,0,0,0,379,0,0,0,0,0
RusNewsNadzor,29,3749,0,0,0,0,0,0,0,0,0,0,0,0
RusUnlimited,61,1407600,4,0,0,0,1,0,83900,0,0,0,33300,0
RusVesna2022z,9,284,0,0,0,0,0,0,0,0,0,0,0,0
Rus_imperia,1,1900,0,0,0,0,0,0,0,0,0,0,0,0
Rush01_News,258,6499,0,0,0,0,0,0,0,0,0,0,0,0
RuskiStatek,1,52,0,0,0,0,0,0,0,0,0,0,0,0
RuslanSokolovsky,46,358610,0,0,0,0,0,0,0,0,0,0,0,0
Russ_Center,23,45126,4,0,0,0,0,0,6810,0,0,0,0,0
Russ_ivann,2,52,0,0,0,0,0,0,0,0,0,0,0,0
RussiaMyVmeste,38,52696,0,0,0,0,0,0,0,0,0,0,0,0
Russia_Svoboda,7,12371,0,0,0,0,0,0,0,0,0,0,0,0
Russia_and_anvil,1,162,0,0,0,0,0,0,0,0,0,0,0,0
Russiaanews,17,30582,2,0,0,0,0,0,4080,0,0,0,0,0
Russiacalling,100,5414820,1,0,0,0,2,0,39600,0,0,0,60900,0
RussianCanadianNews,323,152052,5,0,0,0,6,0,2161,0,0,0,2487,0
RussianGambit,16,142247,2,0,0,0,0,0,1513,0,0,0,0,0
RussianKnights,21,131320,1,0,0,0,0,0,5460,0,0,0,0,0
RussianPatriot_ru,14,15848,0,0,0,0,0,0,0,0,0,0,0,0
Russian_Reconquista,5,292,0,0,0,0,0,0,0,0,0,0,0,0
RussiancomNKR,2,642,0,0,0,0,0,0,0,0,0,0,0,0
Russkih_Aleksey,6,30283,0,0,0,0,0,0,0,0,0,0,0,0
Ruz1metov,4,67,0,0,0,0,0,0,0,0,0,0,0,0
Ruzhgrom,18,61954,0,0,0,0,0,0,0,0,0,0,0,0
RyanAFournier,4,37270,0,0,0,0,0,0,0,0,0,0,0,0
Ryazan_crazy,49,690000,0,0,0,0,0,0,0,0,0,0,0,0
Ryazan_inside,43,308314,0,0,0,0,0,0,0,0,0,0,0,0
Ryazan_peace,43,304990,0,0,0,0,0,0,0,0,0,0,0,0
Ryazan_podslushal,51,968400,0,0,0,0,0,0,0,0,0,0,0,0
Ryazan_shit,32,442299,0,0,0,0,0,0,0,0,0,0,0,0
Ryazan_true,41,219209,0,0,0,0,0,0,0,0,0,0,0,0
Ryazanceva_donetsk,11,43400,0,0,0,0,0,0,0,0,0,0,0,0
Rybinsk_sluh,49,634400,0,0,0,0,0,0,0,0,0,0,0,0
Rybinsk_sobitie,50,657100,0,0,0,0,0,0,0,0,0,0,0,0
Rybinsk_true,43,240170,1,0,0,0,0,0,4500,0,0,0,0,0
S0nia10,1501,3111484,0,0,0,0,0,0,0,0,0,0,0,0
SADnewsMitinoO2,5,8060,0,0,0,0,0,0,0,0,0,0,0,0
SALEKHARDonline,27,58684,0,0,0,0,0,0,0,0,0,0,0,0
SAMODELKIN_Aleks,9,50050,0,0,0,0,0,0,0,0,0,0,0,0
SAO244OFC,15,50643,0,0,0,0,0,0,0,0,0,0,0,0
SBelkovskiy,448,16662390,10,0,0,0,1,0,461200,0,0,0,41600,0
SDU_Lost_AND_Found,20,37837,0,0,0,0,0,0,0,0,0,0,0,0
SDvnukovskoe,1,982,0,0,0,0,0,0,0,0,0,0,0,0
SEPAHCYBERY,8732,514573451,0,0,0,0,0,0,0,0,0,0,0,0
SERGEIBOYTCOV,11,18090,0,0,0,0,0,0,0,0,0,0,0,0
SFDdevelopments,13,18657,1,0,0,0,0,0,909,0,0,0,0,0
SGRooGram,7,12944,0,0,0,0,0,0,0,0,0,0,0,0
SGTnewsNetwork,6302,62764711,0,0,0,0,0,0,0,0,0,0,0,0
SHBA24,36,266107,0,0,0,0,0,0,0,0,0,0,0,0
SHTANDAKL,5,26560,0,0,0,0,0,0,0,0,0,0,0,0
SIL0VIKI,2824,60200657,63,2,1,10,2,0,1358100,16140,10900,214800,27470,0
SKorrespondent,21,31609,0,0,0,0,0,0,0,0,0,0,0,0
SMINEWSBLOG,14,1507,0,0,0,0,0,0,0,0,0,0,0,0
SMIcrimea,15,2873,0,0,0,0,0,0,0,0,0,0,0,0
SM_NEWSRU,26,3032,2,0,0,0,0,0,325,0,0,0,0,0
SOEPodemos,8,25990,0,0,0,0,0,0,0,0,0,0,0,0
SOS_Ryssia,30,51031,0,0,0,0,0,0,0,0,0,0,0,0
SPBLlVE,2,40,0,0,0,0,0,0,0,0,0,0,0,0
SPBv_pitere,23,13827,0,0,0,0,0,0,0,0,0,0,0,0
SPIDEYPM,23,167,0,0,0,0,0,0,0,0,0,0,0,0
SR4HR,23,15813,0,0,0,0,0,0,0,0,0,0,0,0
SShMirziyoyeva,15,699180,0,0,0,0,0,0,0,0,0,0,0,0
STEPNruNEWS,54,129761,0,0,0,0,0,0,0,0,0,0,0,0
SVETSKlE_HRONIKI,1577,52797472,3,0,0,0,0,0,125300,0,0,0,0,0
SVOdka52,10,120,0,0,0,0,0,0,0,0,0,0,0,0
SVOhronika,47,13668,0,0,0,0,0,0,0,0,0,0,0,0
SVnewsRozdilna,4,866,0,0,0,0,0,0,0,0,0,0,0,0
SW_Moscow,14,14403,0,0,0,0,0,0,0,0,0,0,0,0
SZPIEG1_By,1,20,0,0,0,0,0,0,0,0,0,0,0,0
S_Yarily,10,51030,1,0,0,0,0,0,5220,0,0,0,0,0
Sa7atPlBreaking,699,1407641,0,0,0,0,0,0,0,0,0,0,0,0
Saberin_ir,68,1932449,0,0,0,0,0,0,0,0,0,0,0,0
SaeedSakuee,35,830070,0,0,0,0,0,0,0,0,0,0,0,0
SaferoStreamInfo,8,25524,0,0,0,0,0,0,0,0,0,0,0,0
SahabBalochistan,19,8256,0,0,0,0,0,0,0,0,0,0,0,0
SaidErcanResmi,75,1323430,0,0,0,0,0,0,0,0,0,0,0,0
Salarevo,2,5230,0,0,0,0,0,0,0,0,0,0,0,0
Salavat_true,43,239740,0,0,0,0,0,0,0,0,0,0,0,0
Salesnotes,39,89739,0,0,0,0,0,0,0,0,0,0,0,0
SalnikovaValya,18,117530,0,0,0,0,0,0,0,0,0,0,0,0
SamYorkshire,1,6000,0,0,0,0,0,0,0,0,0,0,0,0
SamarOblast,7,2527,0,0,0,0,0,0,0,0,0,0,0,0
Samara7,15,1334,0,0,0,0,0,0,0,0,0,0,0,0
Samara_crazy,49,689100,0,0,0,0,0,0,0,0,0,0,0,0
Samara_cult,55,814030,1,0,0,0,0,0,13000,0,0,0,0,0
Samara_life63,2,2082,0,0,0,0,0,0,0,0,0,0,0,0
Samara_peace,44,348381,0,0,0,0,0,0,0,0,0,0,0,0
Samara_podslushal,50,951100,0,0,0,0,0,0,0,0,0,0,0,0
Samara_tru,54,322208,0,0,0,0,0,0,0,0,0,0,0,0
Samarainside,43,319100,0,0,0,0,0,0,0,0,0,0,0,0
Samarkand100,45,48449,1,0,0,0,0,0,1610,0,0,0,0,0
Samarqand_Samarkand,4223,117667710,0,0,0,0,0,0,0,0,0,0,0,0
Samarqand_Samarqandliklar_24,66,796150,0,0,0,0,0,0,0,0,0,0,0,0
Samarqand_live,55,262476,1,0,0,0,0,0,4900,0,0,0,0,0
Samarqandliklar24_Samarkand,34,133996,0,0,0,0,0,0,0,0,0,0,0,0
Samarqandliklar24_Samarqand,9,7620,0,0,0,0,0,0,0,0,0,0,0,0
SammyScribble,27,28020,0,0,0,0,0,0,0,0,0,0,0,0
Samnews_uz,831,786744,0,0,0,0,0,0,0,0,0,0,0,0
SamvelMartirosyan,15,93400,0,0,0,0,0,0,0,0,0,0,0,0
SamyeSliki,14,59270,1,0,0,0,0,0,5570,0,0,0,0,0
SanSanbl439,3,46560,0,0,0,0,0,0,0,0,0,0,0,0
SanchaungScoutChannel,84,25700,0,0,0,0,0,0,0,0,0,0,0,0
Sanctions_Inspector,50,17353,0,0,0,0,0,0,0,0,0,0,0,0
Sandymustache,798,46304590,6,0,0,0,1,0,343300,0,0,0,54400,0
Sangzoruz1,39,4307,0,0,0,0,0,0,0,0,0,0,0,0
Sapogi_vsmyatku,14,1724,1,0,0,0,0,0,130,0,0,0,0,0
Sara_Xabarlar,6842,1092207479,1,0,0,0,0,0,115000,0,0,0,0,0
Saransk_crazy,48,673000,0,0,0,0,0,0,0,0,0,0,0,0
Saransk_cult,41,292300,0,0,0,0,0,0,0,0,0,0,0,0
Saransk_podslushal,50,927600,0,0,0,0,0,0,0,0,0,0,0,0
Saransk_true,42,240920,2,0,0,0,0,0,27200,0,0,0,0,0
Saratov_inside,43,310590,1,0,0,0,0,0,6560,0,0,0,0,0
Saratov_peace,44,347768,1,0,0,0,0,0,7030,0,0,0,0,0
Saratov_podslushal,50,945600,0,0,0,0,0,0,0,0,0,0,0,0
Saratov_true,25,165140,1,0,0,0,0,0,4330,0,0,0,0,0
Saratovinform,3,1238,0,0,0,0,0,0,0,0,0,0,0,0
Sargon_Hadaya,9,11662,0,0,0,0,0,0,0,0,0,0,0,0
SarnyNewsCity,55,372272,2,0,0,0,0,0,17420,0,0,0,0,0
SarnyRajon,20,23466,0,0,0,0,0,0,0,0,0,0,0,0
Sartaroshlar_24,1,794,0,0,0,0,0,0,0,0,0,0,0,0
SashaNovikov_onnovikoff,6,12380,0,0,0,0,0,0,0,0,0,0,0,0
SaudiMind,38,58283,0,0,0,0,0,0,0,0,0,0,0,0
SaudiaPress,24,297480,0,0,0,0,0,0,0,0,0,0,0,0
Sayanskzima,17,54771,0,0,0,0,0,0,0,0,0,0,0,0
SayxunobodXabarlari,2,223,0,0,0,0,0,0,0,0,0,0,0,0
Schelkovo_Live,6,747,0,0,0,0,0,0,0,0,0,0,0,0
SchrangTV,74,352615,0,0,0,0,0,0,0,0,0,0,0,0
SchubertsLM,182,219090,0,0,0,0,0,0,0,0,0,0,0,0
ScottMcKay,20,50440,0,0,0,0,0,0,0,0,0,0,0,0
ScreenShotTrue,60,2053599,0,0,0,0,0,0,0,0,0,0,0,0
Scriptirum,41,161560,2,0,0,0,0,0,2134,0,0,0,0,0
SeafarerNews,20,8645,0,0,0,0,0,0,0,0,0,0,0,0
Sedaiazadi,946,4631330,0,0,0,0,0,0,0,0,0,0,0,0
SedaiemellatAF,20,1207,0,0,0,0,0,0,0,0,0,0,0,0
SedayeAfghanestan,45,72530,0,0,0,0,0,0,0,0,0,0,0,0
SeinUnd,6,12200,0,0,0,0,0,0,0,0,0,0,0,0
Seka4Show,9,6885,0,0,0,0,0,0,0,0,0,0,0,0
Sektorlarga,12,273,0,0,0,0,0,0,0,0,0,0,0,0
Sem_Janssen_cartoon,3,10350,0,0,0,0,0,0,0,0,0,0,0,0
Senderov_RT,26,41801,0,0,0,0,0,0,0,0,0,0,0,0
Sendi_Almira,22,98278,1,0,0,0,0,0,767,0,0,0,0,0
Sepah_lr,295,949567,0,0,0,0,0,0,0,0,0,0,0,0
SepahanClub_ir,1723,4478095,0,0,0,0,0,0,0,0,0,0,0,0
SergeBoyko,22,62120,0,0,0,0,0,0,0,0,0,0,0,0
SergeantRobertHorton,41,13421,0,0,0,0,0,0,0,0,0,0,0,0
SergeyIvanovish,5,14370,0,0,0,0,0,0,0,0,0,0,0,0
SergeyKolyasnikov,2366,388209100,61,0,0,1,5,0,11088200,0,0,129000,667500,0
SergeyKuvaevJPtelegram,34,318680,1,0,0,0,0,0,5380,0,0,0,0,0
SergeyNikolaevichBogatyrev,17,56420,1,0,0,1,0,0,20900,0,0,3100,0,0
Sergey_Belous,11,8368,1,0,0,0,0,0,560,0,0,0,0,0
SergyiPoyarkov,19,70020,1,0,0,0,1,0,4890,0,0,0,3890,0
Serplife,11,45120,1,0,0,0,0,0,3940,0,0,0,0,0
SerpomPo,158,2374550,9,0,1,1,1,0,130580,0,16000,17900,15400,0
Serpukhov_LIVE,5,645,0,0,0,0,0,0,0,0,0,0,0,0
Serpukhov_true,45,338910,0,0,0,0,0,0,0,0,0,0,0,0
Sevastopol_crazy,49,687600,0,0,0,0,0,0,0,0,0,0,0,0
Sevastopol_peace,43,308660,0,0,0,0,0,0,0,0,0,0,0,0
Sevastopol_podslushal,51,952100,0,0,0,0,0,0,0,0,0,0,0,0
Sevastopol_true,25,207730,0,0,0,0,0,0,0,0,0,0,0,0
Sever_Siyanie,15,1216,0,0,0,0,0,0,0,0,0,0,0,0
Severodvinsk_sluh,50,651700,0,0,0,0,0,0,0,0,0,0,0,0
Severodvinsk_sobitie,49,628700,2,0,0,0,0,0,21300,0,0,0,0,0
Severodvinsk_true,45,254260,0,0,0,0,0,0,0,0,0,0,0,0
Seversk_true,53,400600,0,0,0,0,0,0,0,0,0,0,0,0
SevillaActualidad,21,21971,0,0,0,0,0,0,0,0,0,0,0,0
SgWPsg,31,97590,0,0,0,0,0,0,0,0,0,0,0,0
ShadowrocketNews,59,274924,0,0,0,0,0,0,0,0,0,0,0,0
Shahadalyasiri,3,27,0,0,0,0,0,0,0,0,0,0,0,0
Shahrekord_today,20,1166,0,0,0,0,0,0,0,0,0,0,0,0
Shahrisabzliklar_Miraki_Chorshan,35,216136,0,0,0,0,0,0,0,0,0,0,0,0
Shahti_crazy,49,689400,0,0,0,0,0,0,0,0,0,0,0,0
Shahti_lyudi,53,728800,0,0,0,0,0,0,0,0,0,0,0,0
Shahti_podslushal,50,936300,0,0,0,0,0,0,0,0,0,0,0,0
Shahti_true,45,247658,0,0,0,0,0,0,0,0,0,0,0,0
Shaleniy_Kit,32,292360,7,0,0,0,1,0,59450,0,0,0,9050,0
ShaltayBabay,19,16715,0,0,0,0,0,0,0,0,0,0,0,0
ShamovD,36,392460,0,0,0,0,0,0,0,0,0,0,0,0
ShapkaMSK,5,2414,0,0,0,0,0,0,0,0,0,0,0,0
Shapsha_VV,13,62869,0,0,0,0,0,0,0,0,0,0,0,0
ShareSergey,1,399,0,0,0,0,0,0,0,0,0,0,0,0
Sharon_AL,25,242210,0,0,0,0,0,0,0,0,0,0,0,0
Sharqshunos_tahlilchilar,19,32026,0,0,0,0,0,0,0,0,0,0,0,0
Shcherbinovsky,1,145,0,0,0,0,0,0,0,0,0,0,0,0
Shchyolkovo_true,45,350860,2,0,0,0,0,0,14230,0,0,0,0,0
SheglovkaNews,8,9144,2,0,0,0,0,0,3250,0,0,0,0,0
Shkola_Minprosvesheniya,32,446590,0,0,0,0,0,0,0,0,0,0,0,0
Shlemenko,28,102428,0,0,0,0,0,0,0,0,0,0,0,0
Sho_Shebekino,19,95270,0,0,0,0,0,0,0,0,0,0,0,0
ShobashNews,31,8136,0,0,0,0,0,0,0,0,0,0,0,0
ShofirkonTV,7,5543,0,0,0,0,0,0,0,0,0,0,0,0
ShrikeNews,50,1862280,2,0,0,0,0,0,56600,0,0,0,0,0
Shtrebuh,26,424570,0,0,0,0,0,0,0,0,0,0,0,0
Shutter_download,18,21953,0,0,0,0,0,0,0,0,0,0,0,0
SibNiv,5,89400,0,0,0,0,0,0,0,0,0,0,0,0
Sibdepo_42,93,36291,0,0,0,0,0,0,0,0,0,0,0,0
Sichen_tg,57,81567,1,0,0,0,1,0,1830,0,0,0,1840,0
Sidaemon,22,114539,0,0,0,0,0,0,0,0,0,0,0,0
SidqYem,26,250920,0,0,0,0,0,0,0,0,0,0,0,0
SilaBlok,20,79240,0,0,0,0,0,0,0,0,0,0,0,0
SilaPomorya,2,411,0,0,0,0,0,0,0,0,0,0,0,0
SilaZdraveDrRoss,20,13234,0,0,0,0,0,0,0,0,0,0,0,0
Silvasha,16,27067,0,0,0,0,0,0,0,0,0,0,0,0
SimayAzadiTV,20,2697,0,0,0,0,0,0,0,0,0,0,0,0
Simferopol_Future,40,294110,0,0,0,0,0,0,0,0,0,0,0,0
Simferopol_crazy,49,680800,1,0,0,0,0,0,14500,0,0,0,0,0
Simferopol_peace,40,308551,0,0,0,0,0,0,0,0,0,0,0,0
Simferopol_podslushal,51,963800,0,0,0,0,0,0,0,0,0,0,0,0
Simferopol_true,39,210650,0,0,0,0,0,0,0,0,0,0,0,0
Simvol_Donstroy_official,10,34898,0,0,0,0,0,0,0,0,0,0,0,0
SindorUz,9,44210,0,0,0,0,0,0,0,0,0,0,0,0
SingaporeHDB,20,372710,0,0,0,0,0,0,0,0,0,0,0,0
SinistraClasseRivoluzione,3,839,0,0,0,0,0,0,0,0,0,0,0,0
Sirdaryo,608,10886580,0,0,0,0,0,0,0,0,0,0,0,0
SirdaryoSadosi,16,46370,0,0,0,0,0,0,0,0,0,0,0,0
SirdaryoUz,9,19710,0,0,0,0,0,0,0,0,0,0,0,0
Sirdaryoliklar_uz,69,94919,0,0,0,0,0,0,0,0,0,0,0,0
SishkaChannel,6,2830,0,0,0,0,0,0,0,0,0,0,0,0
Sizran_true,45,331670,0,0,0,0,0,0,0,0,0,0,0,0
SkiperLive,13,16812,0,0,0,0,0,0,0,0,0,0,0,0
SkolkoStoiit,4,349,0,0,0,0,0,0,0,0,0,0,0,0
SkrypinUA,20,9480,0,0,0,0,0,0,0,0,0,0,0,0
Skuratoff_2_0,16,4926,0,0,0,0,0,0,0,0,0,0,0,0
SkyNews,12,408300,0,0,0,0,0,0,0,0,0,0,0,0
SlSlSlP,15,10162,0,0,0,0,0,0,0,0,0,0,0,0
Sladkov_plus,1656,340256100,44,0,0,2,22,0,8807200,0,0,431000,6033000,0
SlavutaCity,1,139,0,0,0,0,0,0,0,0,0,0,0,0
Slavyangrad,34,135586,0,0,0,0,0,0,0,0,0,0,0,0
Slavyansk_info,220,413071,0,0,0,0,0,0,0,0,0,0,0,0
SlobodnyVysielac,22,15806,0,0,0,0,0,0,0,0,0,0,0,0
SlugaNarodu_Official,7,2603,2,0,0,0,0,0,1235,0,0,0,0,0
Smokelab_nsk,3,1749,0,0,0,0,0,0,0,0,0,0,0,0
Smolensk1,77,141058,2,0,0,0,0,0,5680,0,0,0,0,0
Smolensk_crazy,49,679600,0,0,0,0,0,0,0,0,0,0,0,0
Smolensk_peace,41,322340,0,0,0,0,0,0,0,0,0,0,0,0
Smolensk_podslushal,51,959200,0,0,0,0,0,0,0,0,0,0,0,0
Smolensk_true,45,250228,0,0,0,0,0,0,0,0,0,0,0,0
Smorcodinova,37,255970,0,0,0,0,0,0,0,0,0,0,0,0
Sneakershot,1,318,0,0,0,0,0,0,0,0,0,0,0,0
Sobchak_x,33,12135,0,0,0,0,0,0,0,0,0,0,0,0
Sobhesadegh_ir,1,0,0,0,0,0,0,0,0,0,0,0,0,0
Sochi_crazy,51,723700,0,0,0,0,0,0,0,0,0,0,0,0
Sochi_peace,28,207720,0,0,0,0,0,0,0,0,0,0,0,0
Sochi_podslushal,52,1023300,0,0,0,0,0,0,0,0,0,0,0,0
Sochi_true,54,323844,0,0,0,0,0,0,0,0,0,0,0,0
Sochi_vesti_23,8,21427,0,0,0,0,0,0,0,0,0,0,0,0
Social_online,2,3,0,0,0,0,0,0,0,0,0,0,0,0
Socionet,23,63965,0,0,0,0,0,0,0,0,0,0,0,0
SofiaResidence_Official,8,42600,0,0,0,0,0,0,0,0,0,0,0,0
Sofia_Malolet,11,132290,0,0,0,0,0,0,0,0,0,0,0,0
Sofiya_Fedyna,11,24091,1,0,0,0,0,0,955,0,0,0,0,0
SokhanehGayande,148,1019973,0,0,0,0,0,0,0,0,0,0,0,0
Soldaten_und_Reservisten,18,60909,0,0,0,0,0,0,0,0,0,0,0,0
Soldierline,14,17593,0,0,0,0,0,0,0,0,0,0,0,0
Soldieroffortune777,1030,17646949,8,0,0,0,0,0,146700,0,0,0,0,0
Solid_Computer,8,3501,0,0,0,0,0,0,0,0,0,0,0,0
Soligorsk_Molodechno,48,300280,0,0,0,0,0,0,0,0,0,0,0,0
Soliqinfo,14,12873,0,0,0,0,0,0,0,0,0,0,0,0
SolovievLive,31513,5425539827,987,1,3,73,56,3,162933539,163000,698000,13223200,10232400,462500
Soloviev_Vladimir_m,69,9560,1,0,0,0,0,0,83,0,0,0,0,0
Somnenijnet,29,1820567,1,0,0,0,0,0,1070,0,0,0,0,0
Somontj_Obyavleni,12,23781,0,0,0,0,0,0,0,0,0,0,0,0
SonOfMonarchy,71,1231482,2,0,0,0,1,0,21710,0,0,0,16900,0
Sophist_UA,61,3204669,2,0,0,0,0,0,126700,0,0,0,0,0
SorabiToday,19,197750,0,0,0,0,0,0,0,0,0,0,0,0
Sorokinav69,4,1553,0,0,0,0,0,0,0,0,0,0,0,0
SosediGolyanovo,3,1815,0,0,0,0,0,0,0,0,0,0,0,0
SouthAfricaReports,32,227820,0,0,0,0,0,0,0,0,0,0,0,0
South_Ukraine,20,22176,0,0,0,0,0,0,0,0,0,0,0,0
SovarMedia,13,11772,0,0,0,0,0,0,0,0,0,0,0,0
SovetLive,1,246,0,0,0,0,0,0,0,0,0,0,0,0
Sovet_CHELYABINCK,10,308,0,0,0,0,0,0,0,0,0,0,0,0
Sovhoz_Imeni_Lenina,7,25530,0,0,0,0,0,0,0,0,0,0,0,0
Soyadagi,21,94439,0,0,0,0,0,0,0,0,0,0,0,0
SpanishRevolution,20,72905,0,0,0,0,0,0,0,0,0,0,0,0
Speakwithsarah,12,22399,0,0,0,0,0,0,0,0,0,0,0,0
Speckor38,2,101,0,0,0,0,0,0,0,0,0,0,0,0
SpektrURGENT,25,54570,0,0,0,0,1,0,0,0,0,0,2340,0
SpiegelOnline,22,637,0,0,0,0,0,0,0,0,0,0,0,0
SputnikMundo,2,437,0,0,0,0,0,0,0,0,0,0,0,0
Sputnik_Arabic,20,27278,0,0,0,0,0,0,0,0,0,0,0,0
SrbijaRusija,360,5175006,6,0,0,0,0,0,97430,0,0,0,0,0
SsSsQo,21,8694,0,0,0,0,0,0,0,0,0,0,0,0
StLis,41,166930,0,0,0,0,0,0,0,0,0,0,0,0
StRubezh,43,443730,0,0,0,0,0,0,0,0,0,0,0,0
St_Esc0bar,40,631170,0,0,0,0,0,0,0,0,0,0,0,0
StalinaGurevich,16,56888,0,0,0,0,0,0,0,0,0,0,0,0
StandardKenya,206,98435,0,0,0,0,0,0,0,0,0,0,0,0
StanislavEirikh,1,1800,0,0,0,0,0,0,0,0,0,0,0,0
StanislavKucher,64,926430,2,0,0,0,0,0,20500,0,0,0,0,0
Starkon_city,19,20615,0,0,0,0,0,0,0,0,0,0,0,0
StarostenkoAlexey,2,1330,0,0,0,0,0,0,0,0,0,0,0,0
StaryOskol_true,45,230430,2,0,0,0,0,0,8290,0,0,0,0,0
Staryi_oskolo,58,104962,1,0,0,0,0,0,2040,0,0,0,0,0
Stavropol1777,6,7031,0,0,0,0,0,0,0,0,0,0,0,0
Stavropol_crazy,31,428400,1,0,0,0,0,0,13300,0,0,0,0,0
Stavropol_peace,42,362642,2,0,0,0,0,0,15410,0,0,0,0,0
Stavropol_podslushal,51,961600,0,0,0,0,0,0,0,0,0,0,0,0
Stavropol_true,45,248897,0,0,0,0,0,0,0,0,0,0,0,0
Steinchannel,4,2180,0,0,0,0,0,0,0,0,0,0,0,0
StepDozor,17,73919,0,0,0,0,0,0,0,0,0,0,0,0
SteppeCapital,8,1975,0,0,0,0,0,0,0,0,0,0,0,0
Sterlitamak_crazy,50,702600,1,0,0,0,0,0,13400,0,0,0,0,0
Sterlitamak_lyudi,20,286700,0,0,0,0,0,0,0,0,0,0,0,0
Sterlitamak_podslushal,55,1049900,0,0,0,0,0,0,0,0,0,0,0,0
Sterlitamak_true,43,246700,0,0,0,0,0,0,0,0,0,0,0,0
StevePrince,3,30730,0,0,0,0,0,0,0,0,0,0,0,0
StevenCrowder,160,349710,0,0,0,0,0,0,0,0,0,0,0,0
StevenNabilIraq,914,23135467,0,0,0,0,0,0,0,0,0,0,0,0
StillavinToday,53,2095710,1,0,0,0,0,0,37800,0,0,0,0,0
Stolyaric,121,6312930,0,0,0,0,0,0,0,0,0,0,0,0
StopFakeChannel,35,407940,0,0,0,0,0,0,0,0,0,0,0,0
StopHating_Russia,10,2140,0,0,0,0,0,0,0,0,0,0,0,0
StormIsUponUsJM,59,232760,0,0,0,0,0,0,0,0,0,0,0,0
Storye_Faake,20,31370,0,0,0,0,0,0,0,0,0,0,0,0
StraitsTimes,99,101631,0,0,0,0,0,0,0,0,0,0,0,0
StranaRosatom,8,7769,1,0,0,0,0,0,1810,0,0,0,0,0
StrategyMGIMO,1,551,0,0,0,0,0,0,0,0,0,0,0,0
Stremousov_Kirill,22,224206,0,0,0,0,0,0,0,0,0,0,0,0
StrokinElbaktr,2,2460,0,0,0,0,0,0,0,0,0,0,0,0
Studenten_Stehen_Auf,18,88159,0,0,0,0,0,0,0,0,0,0,0,0
Stutt_Grad,2,7900,0,0,0,0,0,0,0,0,0,0,0,0
Subxon_Ali,13,2568,0,0,0,0,0,0,0,0,0,0,0,0
SucesosDelmirodeBarrio,46,644610,0,0,0,0,0,0,0,0,0,0,0,0
Sumy_news_ODA,22,116438,1,0,0,0,0,0,2530,0,0,0,0,0
SuperRu,1039,62570179,17,0,0,0,0,0,1017600,0,0,0,0,0
Surgut_crazy,49,680800,0,0,0,0,0,0,0,0,0,0,0,0
Surgut_peace,50,383030,0,0,0,0,0,0,0,0,0,0,0,0
Surgut_podslushal,51,950800,0,0,0,0,0,0,0,0,0,0,0,0
Surgut_true,53,265336,1,0,0,0,0,0,4020,0,0,0,0,0
SurxonReyd,12,14019,0,0,0,0,0,0,0,0,0,0,0,0
Surxondaryoliklar_Termiz_Denov,70,80451,0,0,0,0,0,0,0,0,0,0,0,0
SuvorovskayaM,7,3378,0,0,0,0,0,0,0,0,0,0,0,0
Sv3tlana7,124,8475900,1,0,0,0,0,0,23400,0,0,0,0,0
SvetEkb,66,596263,1,0,0,0,0,0,12100,0,0,0,0,0
Svoidanash,28,458129,0,0,0,0,0,0,0,0,0,0,0,0
SwissVatnik,63,542593,2,0,0,0,0,0,9210,0,0,0,0,0
SychevActor,17,17996,0,0,0,0,0,0,0,0,0,0,0,0
Sychevskaya1,5,52830,0,0,0,0,0,0,0,0,0,0,0,0
Syktyvkar_crazy,49,679300,0,0,0,0,0,0,0,0,0,0,0,0
Syktyvkar_lyudi,41,373567,0,0,0,0,0,0,0,0,0,0,0,0
Syktyvkar_podslushal,51,959700,0,0,0,0,0,0,0,0,0,0,0,0
Syktyvkar_true,45,238518,1,0,0,0,0,0,4260,0,0,0,0,0
Synchronews,42,105293,0,0,0,0,0,0,0,0,0,0,0,0
SynevoUkraine,17,173260,0,0,0,0,0,0,0,0,0,0,0,0
SyrianaAnalysis,20,17428,0,0,0,0,0,0,0,0,0,0,0,0
Syzran_Lada,37,260818,0,0,0,0,0,0,0,0,0,0,0,0
T1_ua_portal,12,6099,0,0,0,0,0,0,0,0,0,0,0,0
TADBIRKORUZB,56,50768,0,0,0,0,0,0,0,0,0,0,0,0
TAEGICITY,42,4648,0,0,0,0,0,0,0,0,0,0,0,0
TCH_channel,16801,2721355730,256,0,4,39,10,0,40276800,0,572400,6404000,1805600,0
TCUZB,1180,15300663,0,0,0,0,0,0,0,0,0,0,0,0
TELEKANALSTALINGRAD,62,753210,0,0,0,0,1,0,0,0,0,0,13400,0
TEZKORXABARLAR_24_h,8,1162,0,0,0,0,0,0,0,0,0,0,0,0
TEZKOR_VIDEO,52,417436,0,0,0,0,0,0,0,0,0,0,0,0
TG301AD,5,2519,0,0,0,0,0,0,0,0,0,0,0,0
TGNewsIL,9,55490,0,0,0,0,0,0,0,0,0,0,0,0
THEMOSCOWCITY,10,17460,0,0,0,0,0,0,0,0,0,0,0,0
THEREALTORIABROOKE,13,47330,0,0,0,0,0,0,0,0,0,0,0,0
THnewsupdates,60,134614,0,0,0,0,0,0,0,0,0,0,0,0
TIF_Shoppie,29,171294,0,0,0,0,0,0,0,0,0,0,0,0
TIV_1,49,231469,0,0,0,0,0,0,0,0,0,0,0,0
TK_Union,21,78,0,0,0,0,0,0,0,0,0,0,0,0
TMSafeArma,10,24130,0,0,0,0,0,0,0,0,0,0,0,0
TNRMchannel,32,26543,0,0,0,0,0,0,0,0,0,0,0,0
TN_FY,6,697,0,0,0,0,0,0,0,0,0,0,0,0
TObinisk,20,144800,0,0,0,0,0,0,0,0,0,0,0,0
TPUSA,42,452100,0,0,0,0,0,0,0,0,0,0,0,0
TREASURE_TEUME,22,4306,0,0,0,0,0,0,0,0,0,0,0,0
TRO_DPR,59,1748455,1,0,0,0,0,0,1050000,0,0,0,0,0
TRTArabi,71,68861,0,0,0,0,0,0,0,0,0,0,0,0
TRUTHSocialQ,4,2300,0,0,0,0,0,0,0,0,0,0,0,0
TSLMedia,66,537980,0,0,0,0,0,0,0,0,0,0,0,0
TUNKA_03,3,4500,0,0,0,0,0,0,0,0,0,0,0,0
TV7_NEWS,91,251598,0,0,0,1,0,0,0,0,0,2500,0,0
TV_Poisk,19,12254,0,0,0,0,0,0,0,0,0,0,0,0
TVcom_news,413,3988753,7,0,0,1,0,0,70240,0,0,11200,0,0
TYUZBEK,10961,1754024590,1,0,0,0,0,0,181000,0,0,0,0,0
TYXUZBEK,12261,1433596341,6,0,0,0,0,0,549300,0,0,0,0,0
T_Barin_channel,6,12621,0,0,0,0,0,0,0,0,0,0,0,0
TabrizSuper,32,2723455,0,0,0,0,0,0,0,0,0,0,0,0
Taganrog_crazy,44,622000,1,0,0,0,0,0,14200,0,0,0,0,0
Taganrog_lyudi,41,576221,0,0,0,0,0,0,0,0,0,0,0,0
Taganrog_podslushal,50,956600,1,0,0,0,0,0,18900,0,0,0,0,0
Taganrog_true,45,341270,2,0,0,0,0,0,7680,0,0,0,0,0
Taghanaknews,27,8463,0,0,0,0,0,0,0,0,0,0,0,0
TahirSimsekTv,710,15312999,0,0,0,0,0,0,0,0,0,0,0,0
Tahliluz1,1,202,0,0,0,0,0,0,0,0,0,0,0,0
TaigaC,17,1845,0,0,0,0,0,0,0,0,0,0,0,0
Tama_tv_Life,58,365090,0,0,0,0,0,0,0,0,0,0,0,0
Tambov_crazy,49,684300,0,0,0,0,0,0,0,0,0,0,0,0
Tambov_lyudi,41,377290,0,0,0,0,0,0,0,0,0,0,0,0
Tambov_podslushal,52,994200,0,0,0,0,0,0,0,0,0,0,0,0
Tambov_true,45,337850,2,0,0,0,0,0,13570,0,0,0,0,0
Tapor_news,20,130620,0,0,0,0,0,0,0,0,0,0,0,0
Tarbaev_Sangadji,1,14000,0,0,0,0,0,0,0,0,0,0,0,0
Targaryen_keep,2,644,0,0,0,0,0,0,0,0,0,0,0,0
Tarikhe_Mamnooe,35,30105,0,0,0,0,0,0,0,0,0,0,0,0
TariqHamedHamed,27,39144,0,0,0,0,0,0,0,0,0,0,0,0
TarkoS89,4,2445,0,0,0,0,0,0,0,0,0,0,0,0
Tashkent_SkyNews,15,65440,1,0,0,0,0,0,6220,0,0,0,0,0
Tashkent_land,11,45018,0,0,0,0,0,0,0,0,0,0,0,0
Tatarstan24TV,11,3961,0,0,0,0,0,0,0,0,0,0,0,0
Tatiana_Italia_Russia,18,57040,0,0,0,0,0,0,0,0,0,0,0,0
TatyanaTolstaya,32,387290,0,0,0,0,0,0,0,0,0,0,0,0
TavriyaEnergo,20,11202,0,0,0,0,0,0,0,0,0,0,0,0
Taynaya_kantselyariya,134,30168590,22,0,0,0,0,0,4868400,0,0,0,0,0
Tbilisi_life,10,14857,0,0,0,0,0,0,0,0,0,0,0,0
TeamSobol,41,50227,0,0,0,0,0,0,0,0,0,0,0,0
TehranCity,184,312408,0,0,0,0,0,0,0,0,0,0,0,0
Tehran_today,507,2763882,0,0,0,0,0,0,0,0,0,0,0,0
TelanganaToday,40,28602,0,0,0,0,0,0,0,0,0,0,0,0
TelegaKubani,76,1830300,0,0,0,0,0,0,0,0,0,0,0,0
Telegrm_Navad,41,50493,0,0,0,0,0,0,0,0,0,0,0,0
TelevisionSyria,108,1484379,0,0,0,0,0,0,0,0,0,0,0,0
TemuTyumenii,33,155963,1,0,0,0,0,0,5600,0,0,0,0,0
TemurUm,25,68360,0,0,0,0,0,0,0,0,0,0,0,0
Ten_NaPleten,38,2415340,0,0,0,0,0,0,0,0,0,0,0,0
TerOboronaUkr,1,1200,0,0,0,0,0,0,0,0,0,0,0,0
Teremkyy,1,5170,0,0,0,0,0,0,0,0,0,0,0,0
TerrenceKWilliams,2,0,0,0,0,0,0,0,0,0,0,0,0,0
TertiaRoma,14,742,0,0,0,0,0,0,0,0,0,0,0,0
TesoroLatino,1,0,0,0,0,0,0,0,0,0,0,0,0,0
Tezkor,16,8471,0,0,0,0,0,0,0,0,0,0,0,0
Tezkor_Xabarlar_24_Yangiliklari,19,8301,0,0,0,0,0,0,0,0,0,0,0,0
Tezkor_Xabarlar_Yangiliklar_24,190,197153,0,0,0,0,0,0,0,0,0,0,0,0
The39news,2,139,0,0,0,0,0,0,0,0,0,0,0,0
TheAliBlog,12,5534,0,0,0,0,0,0,0,0,0,0,0,0
TheAustraliaProject,43,56355,0,0,0,0,0,0,0,0,0,0,0,0
TheBadComedian,119,74197000,8,0,0,0,0,0,4291000,0,0,0,0,0
TheBigBadShadow,7512,172353414,0,0,0,0,0,0,0,0,0,0,0,0
TheConspiracyHole,501,6907857,0,0,0,0,0,0,0,0,0,0,0,0
TheDollarVigilanteOfficial,1,3350,0,0,0,0,0,0,0,0,0,0,0,0
TheDonaldUS,73,44073,0,0,0,0,0,0,0,0,0,0,0,0
TheForbiddenOpinion,51,273109,5,0,0,0,0,0,26540,0,0,0,0,0
TheFreeHumanBeingProject,2,1171,0,0,0,0,0,0,0,0,0,0,0,0
TheFrictionMagazine,31,560740,0,0,0,0,0,0,0,0,0,0,0,0
TheGloryToday,4,25,0,0,0,0,0,0,0,0,0,0,0,0
TheHeartofEurope,1,543,0,0,0,0,0,0,0,0,0,0,0,0
TheMagUz,7,4357,0,0,0,0,0,0,0,0,0,0,0,0
TheOsipovFamily,44,55109,0,0,0,0,0,0,0,0,0,0,0,0
ThePamphlet_in,1,687,0,0,0,0,0,0,0,0,0,0,0,0
ThePrideSG,15,14863,0,0,0,0,0,0,0,0,0,0,0,0
ThePrintIndia,30,19639,0,0,0,0,0,0,0,0,0,0,0,0
TheQuint,1,0,0,0,0,0,0,0,0,0,0,0,0,0
TheSpanishArmy,12,14872,0,0,0,0,0,0,0,0,0,0,0,0
TheStraitsTimes,944,77014500,0,0,0,0,0,0,0,0,0,0,0,0
TheTrumpist,76,515099,0,0,0,0,0,0,0,0,0,0,0,0
TheTruthSeekersChannel,16,8921,0,0,0,0,0,0,0,0,0,0,0,0
TheWMB,15,117450,1,0,0,0,0,0,2350,0,0,0,0,0
The_Kyva,3,0,0,0,0,0,0,0,0,0,0,0,0,0
The_Storm_Q17,22,149200,0,0,0,0,0,0,0,0,0,0,0,0
The_Wrong_Side,192,7391844,7,0,0,1,0,0,284900,0,0,183000,0,0
Theludi1,304,8955790,7,0,0,2,0,0,240600,0,0,70700,0,0
ThingsIThinkIThink,15,99370,0,0,0,0,0,0,0,0,0,0,0,0
TiGTuLa,2,5420,0,0,0,0,0,0,0,0,0,0,0,0
TianasInsights,32,310670,2,0,0,0,0,0,16890,0,0,0,0,0
TiliGirrom,2,132,0,0,0,0,0,0,0,0,0,0,0,0
TipBelgorod,8,6650,0,0,0,0,0,0,0,0,0,0,0,0
Tipichnaya_Elektrostal,4,608,0,0,0,0,0,0,0,0,0,0,0,0
Tipichniy_Noginsk,10,58370,0,0,0,0,0,0,0,0,0,0,0,0
Tipichnoe_Pushkino,19,76031,0,0,0,0,0,0,0,0,0,0,0,0
TirazhKZ,14,10174,2,0,0,0,0,0,1345,0,0,0,0,0
Titamin,33,503750,0,0,0,0,0,0,0,0,0,0,0,0
ToBeOr_Official,684,106729600,40,0,0,3,5,0,6343400,0,0,452000,809000,0
ToShtoTreba,7,1327,1,0,0,0,0,0,142,0,0,0,0,0
Today_in_Russia,40,272119,0,0,0,0,0,0,0,0,0,0,0,0
TokyoTowers,11,20280,0,0,0,0,0,0,0,0,0,0,0,0
Tolyatti_crazy,49,694300,0,0,0,0,0,0,0,0,0,0,0,0
Tolyatti_inside,43,307896,0,0,0,0,0,0,0,0,0,0,0,0
Tolyatti_peace,40,313535,0,0,0,0,0,0,0,0,0,0,0,0
Tolyatti_podslushal,51,988200,2,0,0,0,0,0,44200,0,0,0,0,0
Tolyatti_true,25,208610,0,0,0,0,0,0,0,0,0,0,0,0
TommyRobinsonNews,1455,10308025,0,0,0,0,0,0,0,0,0,0,0,0
Tomsk_crazy,49,686700,0,0,0,0,0,0,0,0,0,0,0,0
Tomsk_inside,43,305351,0,0,0,0,0,0,0,0,0,0,0,0
Tomsk_peace,49,368810,0,0,0,0,0,0,0,0,0,0,0,0
Tomsk_podslushal,54,997000,0,0,0,0,0,0,0,0,0,0,0,0
Tomsk_true,45,250440,0,0,0,0,0,0,0,0,0,0,0,0
TooruchanNews,24,108590,0,0,0,0,0,0,0,0,0,0,0,0
ToppressNews,3,328,1,0,0,0,0,0,102,0,0,0,0,0
Toraqorgonliklar,459,863087,0,0,0,0,0,0,0,0,0,0,0,0
TorbosovLife,38,684430,0,0,0,0,0,0,0,0,0,0,0,0
Torboznoe_radio,44,176335,2,0,0,0,0,0,4550,0,0,0,0,0
Toshbuloqliklar_online,19,24416,0,0,0,0,0,0,0,0,0,0,0,0
Toshkent,372,5121344,0,0,0,0,0,0,0,0,0,0,0,0
Toshkent_bozor_uy,1,25,0,0,0,0,0,0,0,0,0,0,0,0
Toshkent_ishbor_ishchi_kerak_bor,2,16,0,0,0,0,0,0,0,0,0,0,0,0
Toshkent_ovozi,256,262280,0,0,0,0,0,0,0,0,0,0,0,0
Toshloqliklar24,97,150963,0,0,0,0,0,0,0,0,0,0,0,0
Towarddream8,223,2057600,0,0,0,0,0,0,0,0,0,0,0,0
TownhallMedia,22,2855,0,0,0,0,0,0,0,0,0,0,0,0
Traasho,40,86954,0,0,0,0,0,0,0,0,0,0,0,0
TracybeanzOfficial,42,159029,0,0,0,0,0,0,0,0,0,0,0,0
Traditiion,12,14626,0,0,0,0,0,0,0,0,0,0,0,0
TranslatedPressDE,57,319634,0,0,0,0,0,0,0,0,0,0,0,0
Travel2Ukraine,6,2275,0,0,0,0,0,0,0,0,0,0,0,0
TravnikovAndrey,22,82152,0,0,0,0,0,0,0,0,0,0,0,0
TreasuryofRussia,7,19481,0,0,0,0,0,0,0,0,0,0,0,0
TrendUZB,14,822,0,0,0,0,0,0,0,0,0,0,0,0
TrevogaStaskon,55,275940,0,0,0,0,0,0,0,0,0,0,0,0
TrippleBoy,7,23520,0,0,0,0,0,0,0,0,0,0,0,0
Triukhan,9,1380,0,0,0,0,0,0,0,0,0,0,0,0
Troya_NaUKMA,8,9382,0,0,0,0,0,0,0,0,0,0,0,0
Trueisrael,57,2172384,1,0,0,0,0,0,44700,0,0,0,0,0
TrumpBan,32,85330,0,0,0,0,0,0,0,0,0,0,0,0
TrumpChannel,60,1725400,0,0,0,0,0,0,0,0,0,0,0,0
TrumpJr,138,8578900,0,0,0,0,0,0,0,0,0,0,0,0
TruthGraphs,25,62170,0,0,0,0,0,0,0,0,0,0,0,0
TruthHammer,48,348211,0,0,0,0,0,0,0,0,0,0,0,0
TryxaSumy,155,761851,2,0,0,0,0,0,11560,0,0,0,0,0
Tsarevo_inform,12,60300,0,0,0,0,0,0,0,0,0,0,0,0
Tsegaye_R_Ararsaa,62,254569,0,0,0,0,0,0,0,0,0,0,0,0
Tsybulskiy_A,3,931,0,0,0,0,0,0,0,0,0,0,0,0
TsypkinTheRealOne,107,1877330,3,0,0,0,0,0,32900,0,0,0,0,0
TugridanTugri,8,502,0,0,0,0,0,0,0,0,0,0,0,0
Tuktik_liza,13,341600,0,0,0,0,0,0,0,0,0,0,0,0
Tula_peace,41,361075,0,0,0,0,0,0,0,0,0,0,0,0
Tula_podslushal,50,958000,0,0,0,0,0,0,0,0,0,0,0,0
Tula_true,43,340450,0,0,0,0,0,0,0,0,0,0,0,0
Tulskaya_Oblast,1,13,0,0,0,0,0,0,0,0,0,0,0,0
Tura313,44,26304,0,0,0,0,0,0,0,0,0,0,0,0
TurkMoustache,29,53379,0,0,0,0,0,0,0,0,0,0,0,0
TurkiShalhoob,19,18200,0,0,0,0,0,0,0,0,0,0,0,0
TurmushJanylyk,2,0,0,0,0,0,0,0,0,0,0,0,0,0
Tver_crazy,49,749500,0,0,0,0,0,0,0,0,0,0,0,0
Tver_peace,41,333670,0,0,0,0,0,0,0,0,0,0,0,0
Tver_podslushal,51,986100,0,0,0,0,0,0,0,0,0,0,0,0
Tver_true,45,348840,0,0,0,0,0,0,0,0,0,0,0,0
TvoySpb,3,400,0,0,0,0,0,0,0,0,0,0,0,0
Tvuzbekistan_Tvuzbekiston,14,48470,0,0,0,0,0,0,0,0,0,0,0,0
TweetCommentRev,22,3138,0,0,0,0,0,0,0,0,0,0,0,0
TwitterPicChannel,1,385,0,0,0,0,0,0,0,0,0,0,0,0
TydOriginal11,18,47268,0,0,0,0,0,0,0,0,0,0,0,0
Typical_Mariupol,11,741,0,0,0,0,0,0,0,0,0,0,0,0
TyumenNew,2,0,0,0,0,0,0,0,0,0,0,0,0,0
Tyumen_crazy,49,682200,0,0,0,0,0,0,0,0,0,0,0,0
Tyumen_inside,43,310390,1,0,0,0,0,0,6230,0,0,0,0,0
Tyumen_peace,44,352432,1,0,0,0,0,0,7040,0,0,0,0,0
Tyumen_podslushal,49,914800,1,0,0,0,0,0,18100,0,0,0,0,0
Tyumen_true,45,251118,1,0,0,0,0,0,4360,0,0,0,0,0
Tyzemsovet,29,2788199,0,0,0,0,0,0,0,0,0,0,0,0
Tzhvzhik,17,5060,4,0,0,0,0,0,1370,0,0,0,0,0
UADPT,3,455,0,0,0,0,0,0,0,0,0,0,0,0
UA_1NEWS,198,1374752,8,0,0,0,0,0,46230,0,0,0,0,0
UA_FORPOST,25,19321,0,0,0,1,0,0,0,0,0,485,0,0
UA_Insider_UK,72,731110,3,0,0,0,0,0,39200,0,0,0,0,0
UA_National_Police,51,263398,1,0,0,0,0,0,3430,0,0,0,0,0
UA_PRIME,28,949,0,0,0,0,0,0,0,0,0,0,0,0
UA_struggle,9,26590,0,0,0,0,0,0,0,0,0,0,0,0
UAnotRU,26,22571,1,0,0,0,0,0,542,0,0,0,0,0
UBD_UA,36,562,0,0,2,0,0,0,0,0,18,0,0,0
UCHQORGONLIKLAR24,33,7423,0,0,0,0,0,0,0,0,0,0,0,0
UDudaka,109,125440,3,0,0,0,0,0,1597,0,0,0,0,0
UFOLogy1,29,31929,0,0,0,0,0,0,0,0,0,0,0,0
UFOattack,14,9557,0,0,0,0,0,0,0,0,0,0,0,0
UFSB_69,17,56904,0,0,0,0,0,0,0,0,0,0,0,0
UKRNOD,18,11255,0,0,0,0,1,0,0,0,0,0,373,0
UNoticias,328,1336663,0,0,0,0,0,0,0,0,0,0,0,0
UOP_Official,18,23908,0,0,0,0,0,0,0,0,0,0,0,0
URDU_PRESSA,9,13661,0,0,0,0,0,0,0,0,0,0,0,0
URGUTLIKLAR_UZB,87,2110,0,0,0,0,0,0,0,0,0,0,0,0
URWrong,8,206800,0,0,0,0,0,0,0,0,0,0,0,0
USAUzbekistan,19,168870,0,0,0,0,0,0,0,0,0,0,0,0
UTBUZZ,1,575,0,0,0,0,0,0,0,0,0,0,0,0
UWN_news,12,2138,0,0,0,0,0,0,0,0,0,0,0,0
UYCHILIKLAR_UZ,74,49942,0,0,0,0,0,0,0,0,0,0,0,0
UZBEGIMahli,16,4951,0,0,0,0,0,0,0,0,0,0,0,0
UZBEKISTANUZ,3,11390,0,0,0,0,0,0,0,0,0,0,0,0
UZBOOM,4625,73209726,1,0,0,0,0,0,10300,0,0,0,0,0
UZDAILY,2,48,0,0,0,0,0,0,0,0,0,0,0,0
UaOnlii,14565,3190755480,366,1,9,94,22,2,75268400,180000,1930000,20598300,4819800,418000
Uch_minut,5,13,0,0,0,0,0,0,0,0,0,0,0,0
Uchqorgonliklar,17,32949,0,0,0,0,0,0,0,0,0,0,0,0
Uchquduq_24,63,198645,0,0,0,0,0,0,0,0,0,0,0,0
Ufa_crazy,40,549000,0,0,0,0,0,0,0,0,0,0,0,0
Ufa_cult,45,628990,0,0,0,0,0,0,0,0,0,0,0,0
Ufa_inside,43,309990,2,0,0,0,0,0,13320,0,0,0,0,0
Ufa_peace,42,363962,0,0,0,0,0,0,0,0,0,0,0,0
Ufa_podslushal,51,958700,1,0,0,0,0,0,20900,0,0,0,0,0
Ufa_true,52,281508,0,0,0,0,0,0,0,0,0,0,0,0
Uglo13,1,0,0,0,0,0,0,0,0,0,0,0,0,0
UkrAirForce,18,118990,0,0,0,0,0,0,0,0,0,0,0,0
UkrPravdaMainNews,387,961025,54,0,0,1,0,0,126610,0,0,2200,0,0
UkrWitness,34,84167,0,0,0,0,0,0,0,0,0,0,0,0
Ukr_G_M,174,809968,1,0,0,0,0,2,1900,0,0,0,0,10660
Ukrain_go,45,942850,1,0,0,1,0,0,21900,0,0,22200,0,0
UkrainaCHP,3104,16523467,25,0,0,8,4,0,133531,0,0,39720,21150,0
UkraineAlarmSignal,8927,31477873,0,0,0,0,0,0,0,0,0,0,0,0
UkraineCustoms,8,45469,1,0,0,0,0,0,4000,0,0,0,0,0
UkraineNaziWatch,2,2102,0,0,0,0,0,0,0,0,0,0,0,0
UkraineNow,7174,485188651,167,1,3,26,16,0,11311800,75800,188700,1877700,1079200,0
UkraineNowFrench,2,2490,0,0,0,0,0,0,0,0,0,0,0,0
UkraineNowGerman,2,4720,0,0,0,0,0,0,0,0,0,0,0,0
UkraineNowItalian,2,3390,0,0,0,0,0,0,0,0,0,0,0,0
UkraineNowPoland,2,4090,0,0,0,0,0,0,0,0,0,0,0,0
UkraineNowSpanish,2,2350,0,0,0,0,0,0,0,0,0,0,0,0
Ukraine_365News,160,2383353,2,0,0,0,1,0,36200,0,0,0,9600,0
Ukraine_MFA,20,64932,1,0,0,0,0,0,8750,0,0,0,0,0
Ukraine_NO,3,2409,0,0,0,0,0,0,0,0,0,0,0,0
UkrainianAction,19,45990,0,0,0,0,0,0,0,0,0,0,0,0
Ukrainian_format,40,123920,1,0,0,0,0,0,3620,0,0,0,0,0
Ukrenergo,46,2657780,1,0,0,0,0,0,29500,0,0,0,0,0
UlanUde_crazy,40,539487,0,0,0,0,0,0,0,0,0,0,0,0
UlanUde_peace,41,323790,0,0,0,0,0,0,0,0,0,0,0,0
UlanUde_podslushal,51,964400,1,0,0,0,0,0,19500,0,0,0,0,0
UlanUde_true,45,254389,0,0,0,0,0,0,0,0,0,0,0,0
Ulan_ude4,2,1476,0,0,0,0,0,0,0,0,0,0,0,0
Ulenshpigell,32,781500,0,0,0,0,0,0,0,0,0,0,0,0
Ulyanovsk_crazy,49,686100,0,0,0,0,0,0,0,0,0,0,0,0
Ulyanovsk_inside,43,308564,1,0,0,0,0,0,21200,0,0,0,0,0
Ulyanovsk_podslushal,51,951500,2,0,0,0,0,0,39600,0,0,0,0,0
Ulyanovsk_true,43,246009,3,0,0,0,0,0,24000,0,0,0,0,0
Ummatkarvoni,2,3,0,0,0,0,0,0,0,0,0,0,0,0
UnchaMuncha,9085,513262783,1,0,0,0,0,0,53400,0,0,0,0,0
UniiOfficial,99,206875,0,0,0,0,0,0,0,0,0,0,0,0
UnitedAnarchists,10,6797,0,0,0,0,0,0,0,0,0,0,0,0
UnitedHK18,2,9140,0,0,0,0,0,0,0,0,0,0,0,0
UnitedUkr,14,9229,0,0,0,0,0,0,0,0,0,0,0,0
Unitsggg,20,4957,0,0,0,0,0,0,0,0,0,0,0,0
Uoptimist,34,118234,0,0,0,0,0,0,0,0,0,0,0,0
UpSkolkovo,7,43820,0,0,0,0,0,0,0,0,0,0,0,0
Uralhural,1,853,0,0,0,0,0,0,0,0,0,0,0,0
UrbanDataUA,3,6863,0,0,0,0,0,0,0,0,0,0,0,0
Urgut_tv_news,37,223215,0,0,0,0,0,0,0,0,0,0,0,0
Urgut_xabarlar,36,231030,0,0,0,0,0,0,0,0,0,0,0,0
Urgutliklar_kanali,21,2759,0,0,0,0,0,0,0,0,0,0,0,0
UsmonAzim,8,51860,0,0,0,0,0,0,0,0,0,0,0,0
Ussur_Mikh_Kray,63,330499,0,0,0,0,0,0,0,0,0,0,0,0
Ussuriysk_true,43,234720,0,0,0,0,0,0,0,0,0,0,0,0
Ustlab_info,1,39,0,0,0,0,0,0,0,0,0,0,0,0
Utopia_Arabic,1,2030,0,0,0,0,0,0,0,0,0,0,0,0
Uvaga_tryvoha_Volyn,150,20109800,0,0,0,0,0,0,0,0,0,0,0,0
Uyanis_Turkiye,9,5529,0,0,0,0,0,0,0,0,0,0,0,0
Uylarr_uz,35,1487400,0,0,0,0,0,0,0,0,0,0,0,0
UzNews_Novosti,72,697318,0,0,0,0,0,0,0,0,0,0,0,0
UzReport,20,102020,0,0,0,0,0,0,0,0,0,0,0,0
UzReport_uz,1459,4439493,0,0,0,0,0,0,0,0,0,0,0,0
UzSWLU,6,8081,0,0,0,0,0,0,0,0,0,0,0,0
Uzb25_Official,3,10580,0,0,0,0,0,0,0,0,0,0,0,0
Uzbdays,50,259592,0,0,0,0,0,0,0,0,0,0,0,0
Uzbekistan24HD,116,951223,0,0,0,0,0,0,0,0,0,0,0,0
Uzbekistan24_Zamonuz_yangiliklar,18,3812,0,0,0,0,0,0,0,0,0,0,0,0
Uzbekistan_yangiliklari_24,331,1619220,0,0,0,0,0,0,0,0,0,0,0,0
Uzbekiston24,597,5791240,0,0,0,0,0,0,0,0,0,0,0,0
Uzbekiston24HD,65,14601,0,0,0,0,0,0,0,0,0,0,0,0
Uzbekshounews,3,350,0,0,0,0,0,0,0,0,0,0,0,0
UzgenHabar,1045,4257009,0,0,0,0,0,0,0,0,0,0,0,0
Uzhgorod0312,21,39046,0,0,0,0,0,0,0,0,0,0,0,0
UzhhorodNews,1,0,0,0,0,0,0,0,0,0,0,0,0,0
UzunYangiliklari,1,512,0,0,0,0,0,0,0,0,0,0,0,0
VA_Kyiv,211,2450210,4,0,0,0,0,0,35960,0,0,0,0,0
VA_Nikonov,76,517667,2,0,0,0,0,0,13590,0,0,0,0,0
VCENTRI,7,1621,0,0,0,0,0,0,0,0,0,0,0,0
VChemSilaBra,83,800140,1,0,0,0,0,0,8040,0,0,0,0,0
VDSolovey,52,4749000,0,0,0,0,0,0,0,0,0,0,0,0
VDlegionoffreedom,23,37788,2,0,0,0,0,0,4150,0,0,0,0,0
VERONIKAIVEN,14,6235,0,0,0,0,0,0,0,0,0,0,0,0
VESTIBratsk,14,5715,0,0,0,0,0,0,0,0,0,0,0,0
VEgerasimov,30,4165,1,0,0,0,0,0,189,0,0,0,0,0
VFUkraine,25,256510,0,0,0,4,0,0,0,0,0,41800,0,0
VGA_Alyoshki,2,579,0,0,0,0,0,0,0,0,0,0,0,0
VGA_NovayaKahovka,9,18479,0,0,0,0,0,0,0,0,0,0,0,0
VGlagola,20,613200,0,0,0,0,0,0,0,0,0,0,0,0
VGrudina,1,1460,0,0,0,0,0,0,0,0,0,0,0,0
VIsfehan,20,2893,0,0,0,0,0,0,0,0,0,0,0,0
VM_Volkov,4,30941,0,0,0,0,0,0,0,0,0,0,0,0
VOXtelegram,15,126810,0,0,0,0,0,0,0,0,0,0,0,0
VOZiran,1,1,0,0,0,0,0,0,0,0,0,0,0,0
VSokoloVS,31,81500,0,0,0,0,0,0,0,0,0,0,0,0
VTravin,14,23730,0,0,0,0,0,0,0,0,0,0,0,0
VVV5807,36,1738740,0,0,0,0,0,0,0,0,0,0,0,0
VZBOD,26,21191,0,0,0,0,0,0,0,0,0,0,0,0
V_Zelenskiy_official,2024,493609499,23,0,0,8,2,0,5562100,0,0,1584600,166200,0
VadimMiami,67,380680,0,0,0,0,0,0,0,0,0,0,0,0
VahidHeadline,1537,3161802,0,0,0,0,0,0,0,0,0,0,0,0
VahidOOnLine,642,1509534,0,0,0,0,0,0,0,0,0,0,0,0
Valentin_sDay,8,6179,0,0,0,0,0,0,0,0,0,0,0,0
ValentinaMiller,1,656,0,0,0,0,0,0,0,0,0,0,0,0
Valerie_Lanskaya,3,4770,0,0,0,0,0,0,0,0,0,0,0,0
VanessaBeeley,18,22754,0,0,0,0,0,0,0,0,0,0,0,0
VardanGukasyan,245,10249020,0,0,0,0,0,0,0,0,0,0,0,0
Vardan_Gukaysan,29,80340,0,0,0,0,0,0,0,0,0,0,0,0
Varjag2007,79,140919,1,0,0,0,1,0,2200,0,0,0,2200,0
VarnavaEkaterina,18,107040,0,0,0,0,0,0,0,0,0,0,0,0
Vartonews,8,14540,0,0,0,0,0,0,0,0,0,0,0,0
VasiletsDmitriy,4686,437887161,87,0,22,28,16,4,8580000,0,1990600,2662200,1591700,318500
VataTV,4,1449,0,0,0,0,0,0,0,0,0,0,0,0
VazhNews,30,66291,0,0,0,0,0,0,0,0,0,0,0,0
Vcentresob,21,31350,0,0,0,0,0,0,0,0,0,0,0,0
VeLikodoLinskoe_News,17,36976,0,0,0,0,0,0,0,0,0,0,0,0
Velikiivasili,8,38830,0,0,0,0,0,0,0,0,0,0,0,0
VelikiyNovgorod_true,44,236750,1,0,0,0,0,0,4210,0,0,0,0,0
Verdadesofenden,18,8718,0,0,0,0,0,0,0,0,0,0,0,0
VersiaRu,110,160955,0,0,0,0,0,0,0,0,0,0,0,0
Vesti_Kuzbass42,294,1766187,0,0,0,0,0,0,0,0,0,0,0,0
Vesti_Kyrgyzstan,6,3721,1,0,0,0,0,0,265,0,0,0,0,0
VestnikMoscow,19,3364,0,0,0,0,0,0,0,0,0,0,0,0
Vesty_bez_cenZyry,410,40152,5,0,0,1,1,0,404,0,0,118,126,0
VeteranHub,1,2000,0,0,0,0,0,0,0,0,0,0,0,0
VictoryDrones,11,4971,1,0,0,0,0,0,419,0,0,0,0,0
Video_Lavxalar,37,26589,0,0,0,0,0,0,0,0,0,0,0,0
VideogramUz,14,102400,0,0,0,0,0,0,0,0,0,0,0,0
Vikkimol_blog_official,1,24,0,0,0,0,0,0,0,0,0,0,0,0
ViktorVikarchuk,3,8100,0,0,0,0,0,0,0,0,0,0,0,0
Viktor_Murakhovskiy,39,681560,0,0,0,0,0,0,0,0,0,0,0,0
Vinnytsia_Go,3,67,0,0,0,0,0,0,0,0,0,0,0,0
Vinnytsia_Info_Agency,29,8945,1,0,0,0,0,0,421,0,0,0,0,0
Vinogradov74,35,448123,3,0,0,0,0,0,27560,0,0,0,0,0
ViolityCom,13,13994,0,0,0,0,0,0,0,0,0,0,0,0
VipassanaRu,7,18620,0,0,0,0,0,0,0,0,0,0,0,0
Virus_Info,2,185,0,0,0,0,0,0,0,0,0,0,0,0
VitaliyShabunin,44,856400,25,0,0,0,0,0,482100,0,0,0,0,0
VitaliyaKornienko,13,374310,0,0,0,0,0,0,0,0,0,0,0,0
Vkurserostov,21,27693,0,0,0,0,0,0,0,0,0,0,0,0
Vladikavkaz_crazy,49,686000,0,0,0,0,0,0,0,0,0,0,0,0
Vladikavkaz_lyudi,52,703000,0,0,0,0,0,0,0,0,0,0,0,0
Vladikavkaz_podslushal,51,948100,1,0,0,0,0,0,19500,0,0,0,0,0
Vladikavkaz_true,45,334220,3,0,0,0,0,0,19650,0,0,0,0,0
Vladimir_Vinokur,19,23264,0,0,0,0,0,0,0,0,0,0,0,0
Vladimir_crazy,49,685900,0,0,0,0,0,0,0,0,0,0,0,0
Vladimir_peace,54,482040,0,0,0,0,0,0,0,0,0,0,0,0
Vladimir_podslushal,53,1001730,1,0,0,0,0,0,19500,0,0,0,0,0
Vladimir_true_tg,45,334650,0,0,0,0,0,0,0,0,0,0,0,0
Vladivostok_crazy,48,693600,0,0,0,0,0,0,0,0,0,0,0,0
Vladivostok_peace,49,366310,0,0,0,0,0,0,0,0,0,0,0,0
Vladivostok_true,54,331559,0,0,0,0,0,0,0,0,0,0,0,0
Vladivostokincidents,63,95411,1,0,0,0,0,0,2200,0,0,0,0,0
Vladivostokinside,52,474560,2,0,0,1,0,0,26180,0,0,6200,0,0
Vlast4plus,2,420,0,0,0,0,0,0,0,0,0,0,0,0
VloveGirlsChannel,1,236,0,0,0,0,0,0,0,0,0,0,0,0
VmesteZaRossiyu,2,0,0,0,0,0,0,0,0,0,0,0,0,0
Vmeste_RF,20,659,0,0,0,0,0,0,0,0,0,0,0,0
VoZmezdie2022,33,18636,0,0,0,0,0,0,0,0,0,0,0,0
VociIndependente,4,2010,0,0,0,0,0,0,0,0,0,0,0,0
Vodiy1uzofficial,88,1315043,0,0,0,0,0,0,0,0,0,0,0,0
Vodiydan_xabarlar,4,150,0,0,0,0,0,0,0,0,0,0,0,0
VoenObzorTelega,1,695,0,0,0,0,0,0,0,0,0,0,0,0
Voenkor_reZervist,30,11849,0,0,0,0,1,0,0,0,0,0,249,0
VoiceofPooh,49,48901,0,0,0,0,0,0,0,0,0,0,0,0
Voiennyi_Kostopil,23,47912,0,0,0,0,0,0,0,0,0,0,0,0
Volgodonsk_true,54,405270,1,0,0,0,0,0,6650,0,0,0,0,0
Volgograd_crazy,49,691600,0,0,0,0,0,0,0,0,0,0,0,0
Volgograd_cult,46,630460,2,0,0,0,0,0,26000,0,0,0,0,0
Volgograd_inside,43,311470,0,0,0,0,0,0,0,0,0,0,0,0
Volgograd_peace,41,359645,1,0,0,0,0,0,7300,0,0,0,0,0
Volgograd_podslushal,51,945000,1,0,0,1,0,0,19400,0,0,18800,0,0
Volgograd_true,43,286580,0,0,0,0,0,0,0,0,0,0,0,0
Volgograd_volzhsky,24,65934,2,0,0,0,0,0,3184,0,0,0,0,0
Volgogradaa,2,3480,0,0,0,0,0,0,0,0,0,0,0,0
Volkov76,2,0,0,0,0,0,0,0,0,0,0,0,0,0
Volodarskoe_Z,18,3033,0,0,0,0,0,0,0,0,0,0,0,0
Vologda_crazy,49,683700,1,0,0,0,0,0,14100,0,0,0,0,0
Vologda_peace,45,330445,0,0,0,0,0,0,0,0,0,0,0,0
Vologda_podslushal,51,952400,1,0,0,0,0,0,19500,0,0,0,0,0
Vologda_true,22,487300,0,0,0,0,0,0,0,0,0,0,0,0
Volonter_zt_only_one,5,2049,0,0,0,0,0,0,0,0,0,0,0,0
VolovichevaInna,18,131380,0,0,0,0,0,0,0,0,0,0,0,0
VolynSN,275,612995,5,0,1,0,0,0,10680,0,1930,0,0,0
Volzhsky_crazy,49,685500,0,0,0,0,0,0,0,0,0,0,0,0
Volzhsky_peace,41,329010,0,0,0,0,0,0,0,0,0,0,0,0
Volzhsky_podslushal,51,957770,3,0,0,0,0,0,58700,0,0,0,0,0
Volzhsky_true,45,249438,0,0,0,0,0,0,0,0,0,0,0,0
VolzskyRu,1,595,0,0,0,0,0,0,0,0,0,0,0,0
Vornadzor,15,12476,0,0,0,0,0,0,0,0,0,0,0,0
Voronej_crazy,40,561200,1,0,0,0,0,0,13200,0,0,0,0,0
Voronej_podslushal,51,951800,1,0,0,0,0,0,19500,0,0,0,0,0
Voronej_true,45,251250,0,0,0,0,0,0,0,0,0,0,0,0
Voronezh_cult,46,630400,0,0,0,0,0,0,0,0,0,0,0,0
Voronezh_inside,43,312810,0,0,0,0,0,0,0,0,0,0,0,0
Voronezh_vesti,8,22310,1,0,0,0,0,0,1400,0,0,0,0,0
VostokToday,22,1556,0,0,0,0,0,0,0,0,0,0,0,0
Voyna,1034,29780340,5,0,0,4,0,0,152300,0,0,121300,0,0
Vsenovosti1,31,17615,0,0,0,0,0,0,0,0,0,0,0,0
Vspishka,27,117290,0,0,0,0,0,0,0,0,0,0,0,0
Vsrapcom,7,234900,0,0,0,0,0,0,0,0,0,0,0,0
VtorayaSmena,9,6901,0,0,0,0,0,0,0,0,0,0,0,0
Vulgar_Cheat,22,23448,0,0,0,0,0,0,0,0,0,0,0,0
VzglyadNewGov,25,3537,0,0,0,0,0,0,0,0,0,0,0,0
WARning_Schemov,1,630,0,0,0,0,0,0,0,0,0,0,0,0
WCIOMofficial,14,65119,1,0,0,0,0,0,15500,0,0,0,0,0
WE_R_FREE,80,154755,0,0,0,0,0,0,0,0,0,0,0,0
WKPlast,21,12229,0,0,0,0,0,0,0,0,0,0,0,0
WNEnglish,7,105,0,0,0,0,0,0,0,0,0,0,0,0
WORLDRiSE,5,4364,0,0,0,0,0,0,0,0,0,0,0,0
WOZEL23,16,5147,0,0,0,0,0,0,0,0,0,0,0,0
WWNewsRU,15,14921,0,0,0,0,0,0,0,0,0,0,0,0
Waed2020,31,2660,0,0,0,0,0,0,0,0,0,0,0,0
WaliRahmani,1,2130,0,0,0,0,0,0,0,0,0,0,0,0
WarDonbass,1537,9645077,18,0,2,0,6,0,115630,0,15460,0,38680,0
WarInMyEyes,10,8232,0,0,0,0,0,0,0,0,0,0,0,0
WarZone_publ,11,11,0,0,0,0,0,0,0,0,0,0,0,0
WarpathTesla,33,771450,0,0,0,0,0,0,0,0,0,0,0,0
WashingtonTimesOfficial,249,14234,0,0,0,0,0,0,0,0,0,0,0,0
WaspKill,10,63610,0,0,0,0,0,0,0,0,0,0,0,0
Wasyanka_oficial,13,117820,0,0,0,0,0,0,0,0,0,0,0,0
WeLoveTrumpNoah,126,65431,0,0,0,0,0,0,0,0,0,0,0,0
WeTheMedia,4085,57843426,0,0,0,0,0,0,0,0,0,0,0,0
WeThePeople_News,3,10,0,0,0,0,0,0,0,0,0,0,0,0
We_The_People_US,26,131800,0,0,0,0,0,0,0,0,0,0,0,0
WetteradlerKanal,64,4321199,0,0,0,0,0,0,0,0,0,0,0,0
WhatToReadMarketing,2,8,0,0,0,0,0,0,0,0,0,0,0,0
Whiplash347,177,462822,0,0,0,0,0,0,0,0,0,0,0,0
WhiteHouseCards,40,122770,0,0,0,0,0,0,0,0,0,0,0,0
WhiteNightsYanao,24,62395,0,0,0,0,0,0,0,0,0,0,0,0
Wildberrieesss,20,10598,0,0,0,0,0,0,0,0,0,0,0,0
WineTastingMsk,2,174,0,0,0,0,0,0,0,0,0,0,0,0
WissensmanufakturTV,30,88790,0,0,0,0,0,0,0,0,0,0,0,0
Women_Civil_Rights_Activists,1,230,0,0,0,0,0,0,0,0,0,0,0,0
Workandlifechannel,58,126703,1,0,0,1,0,0,4140,0,0,1570,0,0
WorldIsBrand,18,55078,0,0,0,0,0,0,0,0,0,0,0,0
WorldNews,62,74061,0,0,0,0,0,0,0,0,0,0,0,0
World_Sanctions,226,2207738,3,0,0,0,0,0,30680,0,0,0,0,0
XABAR,47,235740,0,0,0,0,0,0,0,0,0,0,0,0
XABARR_24,1,45,0,0,0,0,0,0,0,0,0,0,0,0
XMAPA_COM,34,3378,0,0,0,1,0,0,0,0,0,183,0,0
XORAZMLIKLAR,2285,75617292,0,0,0,0,0,0,0,0,0,0,0,0
XORAZMLIKLAR360,1245,9873055,0,0,0,0,0,0,0,0,0,0,0,0
XU_kraine,4660,88060431,355,0,3,42,2,5,7013330,0,64000,919900,42800,107500
XXIIcentury,15,12240,0,0,0,0,0,0,0,0,0,0,0,0
X_Mochenniki_voru_black_aferistu,7,4649,0,0,0,0,0,0,0,0,0,0,0,0
XabardorTv,20,4218,0,0,0,0,0,0,0,0,0,0,0,0
Xavier_Naidoo,44,79851,0,0,0,0,0,0,0,0,0,0,0,0
Xebervar,80,647420,0,0,0,0,0,0,0,0,0,0,0,0
Xorazm_News,2,738,0,0,0,0,0,0,0,0,0,0,0,0
Xorazmbugunn,126,1108589,0,0,0,0,0,0,0,0,0,0,0,0
YAKUDZAForever,13,95460,0,0,0,0,0,0,0,0,0,0,0,0
YANAO_official,4,3350,0,0,0,0,0,0,0,0,0,0,0,0
YANGIQORGONLIKLAR_UZ,56,3830,0,0,0,0,0,0,0,0,0,0,0,0
YHXX_UZ,23,40588,0,0,0,0,0,0,0,0,0,0,0,0
YIANamangan,2,322,0,0,0,0,0,0,0,0,0,0,0,0
YOL_YOLAKAY,3537,303814712,0,0,0,0,0,0,0,0,0,0,0,0
YOZYOVON_TV,4,332,0,0,0,0,0,0,0,0,0,0,0,0
YTM1G,20,8928,0,0,0,0,0,0,0,0,0,0,0,0
YaCifra,1,74,0,0,0,0,0,0,0,0,0,0,0,0
YaKurkul,8,5116,0,0,0,0,0,0,0,0,0,0,0,0
YakutiaOpershtab,29,14689,0,0,0,0,0,0,0,0,0,0,0,0
YakutskRF,6,333,0,0,0,0,0,0,0,0,0,0,0,0
Yakutsk_crazy,50,697800,1,0,0,0,0,0,14400,0,0,0,0,0
Yakutsk_peace,51,458721,0,0,0,0,0,0,0,0,0,0,0,0
Yakutsk_podslushal,57,1092400,1,0,0,1,0,0,19500,0,0,18700,0,0
Yakutsk_true,45,246969,0,0,0,0,0,0,0,0,0,0,0,0
YanaGuzey,7,11302,0,0,0,0,0,0,0,0,0,0,0,0
Yangiyolliklar,325,3226862,0,0,0,0,0,0,0,0,0,0,0,0
Yangiyolliklar_24,7,21062,0,0,0,0,0,0,0,0,0,0,0,0
Yaroslav_Babushkin,25,40213,0,0,0,0,0,0,0,0,0,0,0,0
YaroslavlNovosti,2,260,0,0,0,0,0,0,0,0,0,0,0,0
Yaroslavl_crazy,49,715800,1,0,0,0,0,0,19000,0,0,0,0,0
Yaroslavl_inside,43,310023,1,0,0,0,0,0,6040,0,0,0,0,0
Yaroslavl_peace,43,306160,1,0,0,0,0,0,6170,0,0,0,0,0
Yaroslavl_podslushal,51,989500,1,0,0,0,0,0,19700,0,0,0,0,0
Yaroslavl_true,44,245289,1,0,0,0,0,0,4020,0,0,0,0,0
Yaskravy,4,14390,0,0,0,0,0,0,0,0,0,0,0,0
Yaxshi_Yomon,1394,277997500,0,0,0,0,0,0,0,0,0,0,0,0
YeYintH,11,2439,0,0,0,0,0,0,0,0,0,0,0,0
YehiaRasoul,19,26584,0,0,0,0,0,0,0,0,0,0,0,0
Yekaterinburg_crazy,49,685900,0,0,0,0,0,0,0,0,0,0,0,0
Yekaterinburg_inside,40,285340,0,0,0,0,0,0,0,0,0,0,0,0
Yekaterinburg_peace,43,345300,0,0,0,0,0,0,0,0,0,0,0,0
Yekaterinburg_podslushal,51,943600,2,0,0,0,0,0,40300,0,0,0,0,0
Yekaterinburg_true,43,320520,0,0,0,0,0,0,0,0,0,0,0,0
YerzhanY,45,696040,6,0,0,0,0,0,93200,0,0,0,0,0
Yevtushenko_E,29,415710,0,0,0,0,0,0,0,0,0,0,0,0
Yktpublicofficial,11,356,0,0,0,0,0,0,0,0,0,0,0,0
Ylatynina,59,1039100,0,0,0,0,0,0,0,0,0,0,0,0
Yomgirli_oqshomda,12,46800,0,0,0,0,0,0,0,0,0,0,0,0
YopsToodayKhv,32,224410,0,0,0,0,0,0,0,0,0,0,0,0
YoshkarOla_crazy,47,666800,0,0,0,0,0,0,0,0,0,0,0,0
YoshkarOla_lyudi,52,749400,1,0,0,0,0,0,14500,0,0,0,0,0
YoshkarOla_podslushal,50,951000,2,0,0,0,0,0,36600,0,0,0,0,0
YoshkarOla_true,42,852100,0,0,0,0,0,0,0,0,0,0,0,0
YotobiUfficial,28,452380,0,0,0,0,0,0,0,0,0,0,0,0
Young_Millionaire_Club,2,219,0,0,0,0,0,0,0,0,0,0,0,0
Yozyovonliklar_Tv,21,10568,0,0,0,0,0,0,0,0,0,0,0,0
Yuan_En,26,33727,0,0,0,0,0,0,0,0,0,0,0,0
YudoPudo,7,7987,0,0,0,0,0,0,0,0,0,0,0,0
YugMolodoj,2,252,0,0,0,0,0,0,0,0,0,0,0,0
YuldoshevG,26,63914,0,0,0,0,0,0,0,0,0,0,0,0
Yulduzlar_olam,22,17481,0,0,0,0,0,0,0,0,0,0,0,0
YuliaYakimova,6,28580,0,0,0,0,0,0,0,0,0,0,0,0
Yuliia_Yatsyk,4,3830,0,0,0,0,0,0,0,0,0,0,0,0
YuriBarbashov,27,24069,1,0,0,0,0,0,842,0,0,0,0,0
YuriProfessional,26,2143700,0,0,0,0,0,0,0,0,0,0,0,0
Yurist_Zukhurov,1,1230,0,0,0,0,0,0,0,0,0,0,0,0
YussupovAblay,24,20748,0,0,0,0,0,0,0,0,0,0,0,0
YuzhnoSakhalinsk_true,45,321090,0,0,0,0,0,0,0,0,0,0,0,0
YuzhnyTG,606,2524700,24,0,1,1,0,0,101380,0,4020,4260,0,0
Z4LPR,74,1568770,1,0,0,0,0,0,14800,0,0,0,0,0
ZA_FROHT,10,18047,0,0,0,0,0,0,0,0,0,0,0,0
ZA_future_of_the_West,19,14590,0,0,0,0,0,0,0,0,0,0,0,0
ZA_live,16,7032,0,0,0,0,1,0,0,0,0,0,476,0
ZELENYECHELOVECHKI,13,7859,0,0,0,0,0,0,0,0,0,0,0,0
ZE_kartel,731,47124040,161,0,5,46,0,1,10821500,0,377300,2887500,0,76300
ZFrontZ,1,198,0,0,0,0,0,0,0,0,0,0,0,0
ZKH_Odessa,9,4248,0,0,0,0,0,0,0,0,0,0,0,0
ZLOYLOX,116,8988300,0,0,0,0,0,0,0,0,0,0,0,0
ZMANIKURDI4,22,42569,0,0,0,0,0,0,0,0,0,0,0,0
ZNResp,1,112,0,0,0,0,0,0,0,0,0,0,0,0
ZOVcrimea,2735,34228721,42,0,0,2,7,1,556630,0,0,30500,94660,12500
ZSU_Kharkiv,26,19207,0,0,0,0,0,0,0,0,0,0,0,0
Z_Paket,18,27670,0,0,0,0,0,0,0,0,0,0,0,0
Z_strana,39,1262200,2,0,0,0,0,0,87000,0,0,0,0,0
ZaDrugiSvoya_ZOV,36,44444,0,0,0,0,0,0,0,0,0,0,0,0
ZaEcology,1,3980,0,0,0,0,0,0,0,0,0,0,0,0
ZaTV_Media,13,75,0,0,0,0,0,0,0,0,0,0,0,0
Za_Prezidenta,2,0,0,0,0,0,0,0,0,0,0,0,0,0
Za_kadrom_novosti,35,127467,0,0,0,0,0,0,0,0,0,0,0,0
Zafarbek_Solijonov,47,200964,0,0,0,0,0,0,0,0,0,0,0,0
ZaimkanaUrale,39,650330,0,0,0,0,0,0,0,0,0,0,0,0
Zakarpattya_24news,10,13054,0,0,0,0,0,0,0,0,0,0,0,0
ZakharMilyutin,5,20320,0,0,0,0,0,0,0,0,0,0,0,0
ZakvielChannel,54,1756040,0,0,0,0,0,0,0,0,0,0,0,0
Zanamiviehali,129,1921140,1,0,0,0,0,0,11200,0,0,0,0,0
Zanashix,20,8443,0,0,0,0,0,0,0,0,0,0,0,0
Zangiotatumanihokimligi,19,136260,0,0,0,0,0,0,0,0,0,0,0,0
ZapoLife,8,1045,0,0,0,0,0,0,0,0,0,0,0,0
ZaporizhzhiaMedia,9,8977,0,0,0,0,0,0,0,0,0,0,0,0
ZaporizhzhiaNovyny,8,2096,0,0,0,0,0,0,0,0,0,0,0,0
ZaporozhyeNews,33,48750,2,0,0,0,0,0,3700,0,0,0,0,0
Zarafshon24UZ,285,2546684,0,0,0,0,0,0,0,0,0,0,0,0
Zarafshon_Yangiliklar24,8,44252,0,0,0,0,0,0,0,0,0,0,0,0
Zarafshon_kanal,27,113217,0,0,0,0,0,0,0,0,0,0,0,0
ZarandiehCity,23,16333,0,0,0,0,0,0,0,0,0,0,0,0
Zaxodim_Vezde,4,5700,0,0,0,0,0,0,0,0,0,0,0,0
Zdolbunyv,5,7147,0,0,0,0,0,0,0,0,0,0,0,0
ZeRada1,2221,564210300,154,0,0,18,1,0,39291600,0,0,4692000,260000,0
ZeeGwatnews,5,1466,0,0,0,0,0,0,0,0,0,0,0,0
Zehabeshanews,63,440050,0,0,0,0,0,0,0,0,0,0,0,0
Zeitpunkt1,1,917,0,0,0,0,0,0,0,0,0,0,0,0
ZelenaKRb,28,24919,3,0,0,0,0,0,3017,0,0,0,0,0
Zelenograad,35,70481,0,0,0,0,0,0,0,0,0,0,0,0
Zeusblog,27,79950,0,0,0,0,0,0,0,0,0,0,0,0
ZhdanovOleh,44,190080,0,0,0,0,0,0,0,0,0,0,0,0
Zheleznogorsk_true,46,305902,0,0,0,0,0,0,0,0,0,0,0,0
Zhingalovhach,5,20220,0,0,0,0,0,0,0,0,0,0,0,0
ZhivetZheBelarus,18,32365,0,0,0,0,0,0,0,0,0,0,0,0
ZhmerPegas,22,11821,3,0,0,0,0,0,1310,0,0,0,0,0
Zhukovsky_true,45,256870,0,0,0,0,0,0,0,0,0,0,0,0
Zhytomyrnovosty,7,8318,0,0,0,0,0,0,0,0,0,0,0,0
ZinaidaPronchenko,45,1940099,1,0,0,0,0,0,50200,0,0,0,0,0
Ziyovuddin_Paxtachi,22,75993,0,0,0,0,0,0,0,0,0,0,0,0
Zlatoust_true,54,369670,3,0,0,0,0,0,15750,0,0,0,0,0
Zoia_Vovk,11,55520,0,0,0,0,0,0,0,0,0,0,0,0
ZolotyeSlova18,3,385,1,0,0,0,0,0,21,0,0,0,0,0
ZoyaRudolfovnaBerber,9,30250,0,0,0,0,0,0,0,0,0,0,0,0
ZradaXXII,24,7305,0,0,0,0,0,0,0,0,0,0,0,0
ZvodkaOnline,44,374719,0,0,0,0,0,0,0,0,0,0,0,0
ZweiteDeutscheWelle,18,6154,0,0,0,0,0,0,0,0,0,0,0,0
a1exeybychkov,31,227719,0,0,0,0,0,0,0,0,0,0,0,0
a24nonymous,449,562909,0,0,0,0,0,0,0,0,0,0,0,0
a3esm,8,1286,0,0,0,0,0,0,0,0,0,0,0,0
aChtoEdinayaRossiya,10,594,0,0,0,0,0,0,0,0,0,0,0,0
aLooker62,6,18230,0,0,0,0,0,0,0,0,0,0,0,0
a_a_anyaa,40,2891,0,0,0,0,0,0,0,0,0,0,0,0
a_arche1,13,9712,0,0,0,0,0,0,0,0,0,0,0,0
a_articles,105,1920328,2,0,0,0,0,0,32110,0,0,0,0,0
a_barvitskaya,2,838,0,0,0,0,0,0,0,0,0,0,0,0
a_beglov,163,1155827,1,0,0,0,1,0,4120,0,0,0,4980,0
a_chetyre,30,8186,1,0,0,0,0,0,284,0,0,0,0,0
a_kuzichev,64,1288275,2,0,0,0,0,0,44000,0,0,0,0,0
a_n_a_t_v_e_r,4,619,0,0,0,0,0,0,0,0,0,0,0,0
a_nesmijan_longread,3,730,0,0,0,0,0,0,0,0,0,0,0,0
a_perepelin,11,27770,0,0,0,0,0,0,0,0,0,0,0,0
a_snews,989,543263,0,0,0,0,0,0,0,0,0,0,0,0
a_vyshinskiy,103,2060230,0,0,0,0,1,0,0,0,0,0,22000,0
a_xaitov,12,5013,0,0,0,0,0,0,0,0,0,0,0,0
aaamagazine,37,313878,0,0,0,0,0,0,0,0,0,0,0,0
aachekhova,36,204200,1,0,0,0,0,0,10300,0,0,0,0,0
aari_official,5,5037,0,0,0,0,0,0,0,0,0,0,0,0
aarussian,1,45,0,0,0,0,0,0,0,0,0,0,0,0
aasafov,20,49149,2,0,0,0,0,0,4420,0,0,0,0,0
aavst2022,373,43772000,4,0,0,0,0,0,382200,0,0,0,0,0
ab_alsu,1,4880,0,0,0,0,0,0,0,0,0,0,0,0
ab_chat,18,346150,1,0,0,0,0,0,13300,0,0,0,0,0
abadaniribnews,20,4486,0,0,0,0,0,0,0,0,0,0,0,0
abaddoyoutube,24,522230,0,0,0,0,0,0,0,0,0,0,0,0
abainewskz,15,26892,1,0,0,0,0,0,469,0,0,0,0,0
abakan24news,39,103995,0,0,0,0,0,0,0,0,0,0,0,0
abakan_sluh,48,485830,0,0,0,0,0,0,0,0,0,0,0,0
abakan_sobitie,48,607100,0,0,0,0,0,0,0,0,0,0,0,0
abakanuz,17,100300,0,0,0,0,0,0,0,0,0,0,0,0
abalog,13,4788,0,0,0,0,0,0,0,0,0,0,0,0
abayki,1,575,0,0,0,0,0,0,0,0,0,0,0,0
abbasgallyamovpolitics,271,10853100,8,0,0,0,0,0,356800,0,0,0,0,0
abbsol,37,67035,2,0,0,0,0,0,3370,0,0,0,0,0
abcnewstj,2,289,0,0,0,0,0,0,0,0,0,0,0,0
abdelhalim_hafez1,4,51320,0,0,0,0,0,0,0,0,0,0,0,0
abdorezasoltani,18,9929,0,0,0,0,0,0,0,0,0,0,0,0
abdukarim_mirzayev_kanali,199,7112320,0,0,0,0,0,0,0,0,0,0,0,0
abdulbasitvakhidov,9,12890,0,0,0,0,0,0,0,0,0,0,0,0
abdullohsayfuddinov,19,25361,0,0,0,0,0,0,0,0,0,0,0,0
abekek_notes,9,7860,0,0,0,0,0,0,0,0,0,0,0,0
abendlanddeutschland,2,889,0,0,0,0,0,0,0,0,0,0,0,0
abireg,17,38682,0,0,0,0,0,0,0,0,0,0,0,0
abkhazia_center,17,11763,0,0,0,0,0,0,0,0,0,0,0,0
abloguz,3,743,0,0,0,0,0,0,0,0,0,0,0,0
abolfazlhaddadi,26,65567,0,0,0,0,0,0,0,0,0,0,0,0
abon_original,1,9,0,0,0,0,0,0,0,0,0,0,0,0
abonnews,20,45301,3,0,0,0,0,0,6078,0,0,0,0,0
about_photography,4,2199,0,0,0,0,0,0,0,0,0,0,0,0
about_whisky,6,31830,0,0,0,0,0,0,0,0,0,0,0,0
aboutmoscow,40,117388,0,0,0,0,0,0,0,0,0,0,0,0
aboutwhisky,2,99,0,0,0,0,0,0,0,0,0,0,0,0
abovenwav,70,2410340,0,0,0,0,0,0,0,0,0,0,0,0
abramchenko,133,117271,9,0,0,1,0,0,8665,0,0,1060,0,0
abricoss_a_tyt,17,448860,0,0,0,0,0,0,0,0,0,0,0,0
absatzmedia,242,4624522,9,0,0,0,2,0,202712,0,0,0,35600,0
abualiexpress,3865,452212700,0,0,0,0,0,0,0,0,0,0,0,0
abubakarsakaev,16,36270,1,0,0,0,0,0,1250,0,0,0,0,0
abuddha,35,120030,0,0,0,0,0,0,0,0,0,0,0,0
abujabir_m,3,11740,0,0,0,0,0,0,0,0,0,0,0,0
aburxanov,2,9760,0,0,0,0,0,0,0,0,0,0,0,0
abusaddamshishani,48,1372959,2,0,0,0,0,0,83700,0,0,0,0,0
abuwtf,17,416522,0,0,0,0,0,0,0,0,0,0,0,0
abyrvalgvrn,19,18153,0,0,0,0,0,0,0,0,0,0,0,0
academeg_true_original,171,23737300,2,0,0,0,0,0,286000,0,0,0,0,0
ace_family_era,3,50500,0,0,0,0,0,0,0,0,0,0,0,0
aceinspace,6,23320,1,0,0,0,0,0,4050,0,0,0,0,0
acentauri,1,770,0,0,0,0,0,0,0,0,0,0,0,0
achexd2,1,732,0,0,0,0,0,0,0,0,0,0,0,0
achikato54,12,29023,0,0,0,0,0,0,0,0,0,0,0,0
achinsknabat,3,2170,0,0,0,0,0,0,0,0,0,0,0,0
achnov,24,34586,0,0,0,0,0,0,0,0,0,0,0,0
achpod,3,7070,0,0,0,0,0,0,0,0,0,0,0,0
achuu_chyndyk,3,189,0,0,0,0,0,0,0,0,0,0,0,0
acidsaysyes,4,2569,0,0,0,0,0,0,0,0,0,0,0,0
acneblog,25,58370,0,0,0,0,0,0,0,0,0,0,0,0
acoolbazarit,18,105146,0,0,0,0,0,0,0,0,0,0,0,0
acountrybitcoina,6,129,0,0,0,0,0,0,0,0,0,0,0,0
acp_chronicle,41,26810,0,0,0,0,0,0,0,0,0,0,0,0
act416,1,191,0,0,0,0,0,0,0,0,0,0,0,0
actarandom,4,9700,0,0,0,0,0,0,0,0,0,0,0,0
actekactek,7,4050,0,0,0,0,0,0,0,0,0,0,0,0
action_ukraine,6,1579,0,0,0,0,0,0,0,0,0,0,0,0
activatica,12,6550,0,0,0,0,0,0,0,0,0,0,0,0
activeYar,2,2046,0,0,0,0,0,0,0,0,0,0,0,0
activecoal42,2,2299,0,0,0,0,0,0,0,0,0,0,0,0
actualvolga,7,959,0,0,0,0,0,0,0,0,0,0,0,0
adabari,587,11549444,0,0,0,0,0,0,0,0,0,0,0,0
adagamov_online,41,516940,1,0,0,0,0,0,14100,0,0,0,0,0
adamyan27,17,29594,0,0,0,0,0,0,0,0,0,0,0,0
adanechabiebie,7,25220,0,0,0,0,0,0,0,0,0,0,0,0
adbestias,34,640820,0,0,0,0,0,0,0,0,0,0,0,0
addgo,15,15426,0,0,0,0,0,0,0,0,0,0,0,0
addismaleda,18,106510,0,0,0,0,0,0,0,0,0,0,0,0
adelimkhanov_95,160,22635900,3,0,0,0,0,0,311400,0,0,0,0,0
adeltheone,40,642524,0,0,0,0,0,0,0,0,0,0,0,0
adelveigelll,426,39949349,2,0,0,0,0,0,163800,0,0,0,0,0
adenalghad_news,54,5460,0,0,0,0,0,0,0,0,0,0,0,0
adh_news,60,416876,0,0,0,0,0,0,0,0,0,0,0,0
adirect,13,15344,1,0,0,0,0,0,1370,0,0,0,0,0
adkonspirolog,6,7650,0,0,0,0,0,0,0,0,0,0,0,0
adlertoday,1,131,0,0,0,0,0,0,0,0,0,0,0,0
adm1tr1pow,38,606600,0,0,0,0,0,0,0,0,0,0,0,0
adm_atkarsk,18,28850,0,0,0,0,0,0,0,0,0,0,0,0
adm_dgo,8,1268,0,0,0,0,0,0,0,0,0,0,0,0
adm_dinskoiraion,9,4885,0,0,0,0,0,0,0,0,0,0,0,0
adm_dp,1,99,0,0,0,0,0,0,0,0,0,0,0,0
adm_gorkluch,5,972,0,0,0,0,0,0,0,0,0,0,0,0
adm_moskovsky,33,2340,0,0,0,0,0,0,0,0,0,0,0,0
adm_samara,2,197,0,0,0,0,0,0,0,0,0,0,0,0
adm_vrn,2,408,0,0,0,0,0,0,0,0,0,0,0,0
adm_yk,4,701,0,0,0,0,0,0,0,0,0,0,0,0
admama,21,24133,0,0,0,0,0,0,0,0,0,0,0,0
admanadyr,2,987,0,0,0,0,0,0,0,0,0,0,0,0
admarginem,9,31950,0,0,0,0,0,0,0,0,0,0,0,0
admbiysk,6,1143,0,0,0,0,0,0,0,0,0,0,0,0
admgos,3,453,0,0,0,0,0,0,0,0,0,0,0,0
admhmo,9,4920,1,0,0,0,0,0,339,0,0,0,0,0
admirk,16,8033,0,0,0,0,0,0,0,0,0,0,0,0
admkam34,22,15620,0,0,0,0,2,0,0,0,0,0,1398,0
admkasp,9,4726,0,0,0,0,0,0,0,0,0,0,0,0
admkrai,3,755,0,0,0,0,0,0,0,0,0,0,0,0
admlenin,1,513,0,0,0,0,0,0,0,0,0,0,0,0
admstrj,3,4937,0,0,0,0,0,0,0,0,0,0,0,0
admvervil,13,1620,0,0,0,0,0,0,0,0,0,0,0,0
admvolga64,3,780,0,0,0,0,0,0,0,0,0,0,0,0
adnovosti,20,37845,0,0,0,1,0,0,0,0,0,1900,0,0
adrienbocquet,35,106395,0,0,0,0,0,0,0,0,0,0,0,0
ads_vinnitsa,17,5356,0,0,0,0,0,0,0,0,0,0,0,0
advecsnov,14,2146,0,0,0,0,0,0,0,0,0,0,0,0
adventureguber,1,951,0,0,0,0,0,0,0,0,0,0,0,0
advice_uz,19,17830,0,0,0,0,0,0,0,0,0,0,0,0
advokatboltik,8,45113,0,0,0,0,0,0,0,0,0,0,0,0
adygea_ru,15,4004,1,0,0,0,0,0,367,0,0,0,0,0
aerztefueraufklaerung,30,14759,0,0,0,0,0,0,0,0,0,0,0,0
afanasievatv,12,5399,0,0,0,0,0,0,0,0,0,0,0,0
aferist_bez_imeni,14,216760,1,0,0,0,0,0,20900,0,0,0,0,0
affellandra,30,2695070,1,0,0,0,0,0,97500,0,0,0,0,0
afficherodessa,8,5679,0,0,0,0,0,0,0,0,0,0,0,0
affiliatediaries,15,48820,0,0,0,0,0,0,0,0,0,0,0,0
afgbezparandzhi,12,21492,0,0,0,0,0,0,0,0,0,0,0,0
afipsky_pgt,2,758,0,0,0,0,0,0,0,0,0,0,0,0
afisha,19,105840,0,0,0,0,0,0,0,0,0,0,0,0
afisha_kaliningrada,8,6215,0,0,0,0,0,0,0,0,0,0,0,0
afisha_krr,6,3974,0,0,0,0,0,0,0,0,0,0,0,0
afisha_kto,8,1871,0,0,0,0,0,0,0,0,0,0,0,0
afishadaily,59,520140,2,0,0,0,0,0,13810,0,0,0,0,0
afishadailynews,1,183,0,0,0,0,0,0,0,0,0,0,0,0
afishapitera,36,196935,0,0,0,0,0,0,0,0,0,0,0,0
afishast,2,1032,0,0,0,0,0,0,0,0,0,0,0,0
afishauz,41,162789,0,0,0,0,0,0,0,0,0,0,0,0
afishauzb,19,22681,0,0,0,0,0,0,0,0,0,0,0,0
afontovo,7,311,0,0,0,0,0,0,0,0,0,0,0,0
afonya,37,305100,0,0,0,0,0,0,0,0,0,0,0,0
africanists,12,78799,0,0,0,0,0,0,0,0,0,0,0,0
aftarnews,10,10173,0,0,0,0,0,0,0,0,0,0,0,0
aftercoma,1,613,0,0,0,0,0,0,0,0,0,0,0,0
agabuev,17,307300,0,0,0,0,0,0,0,0,0,0,0,0
agafonov_by,12,8652,1,0,0,0,1,0,376,0,0,0,473,0
against_the_systems,3,2326,0,0,0,0,0,0,0,0,0,0,0,0
agarzayka,22,181591,0,0,0,0,0,0,0,0,0,0,0,0
agasmariya,18,51890,0,0,0,0,0,0,0,0,0,0,0,0
agata_lampa,1,330,0,0,0,0,0,0,0,0,0,0,0,0
agdamwhite,3,2585,0,0,0,0,0,0,0,0,0,0,0,0
agendarussia,45,497200,4,0,0,0,0,0,44400,0,0,0,0,0
agenteconomy,20,21540,0,0,0,0,0,0,0,0,0,0,0,0
agentgosdepa1,3,141,0,0,0,0,0,0,0,0,0,0,0,0
agentstvonews,63,1524230,10,0,0,0,0,0,253200,0,0,0,0,0
agenturaru,33,760360,0,0,0,0,0,0,0,0,0,0,0,0
agibalova_irinaa,35,569710,0,0,0,0,0,0,0,0,0,0,0,0
agiprd,4,4149,0,0,0,0,0,0,0,0,0,0,0,0
agitpropussr,41,716440,0,0,0,0,0,0,0,0,0,0,0,0
agituha,20,4663,0,0,0,0,0,0,0,0,0,0,0,0
agp_lnr,2,187,0,0,0,0,0,0,0,0,0,0,0,0
agr_vesti,1,20,0,0,0,0,0,0,0,0,0,0,0,0
agregator_voina,35,12443,0,0,0,0,0,0,0,0,0,0,0,0
agregatortruth,117,1098150,7,0,0,0,1,0,60130,0,0,0,13700,0
agrocompany_sedek,8,1812,0,0,0,0,0,0,0,0,0,0,0,0
agrohiminspect,20,10271,4,0,0,0,0,0,1249,0,0,0,0,0
agroinvestor,20,15391,0,0,0,0,0,0,0,0,0,0,0,0
agrolaboratoriya,3,1742,0,0,0,0,0,0,0,0,0,0,0,0
agromsk,15,37510,0,0,0,0,0,0,0,0,0,0,0,0
agronews,5,1268,0,0,0,0,0,0,0,0,0,0,0,0
agronovosti,21,1896,1,0,0,0,0,0,94,0,0,0,0,0
agroportalua,20,10972,0,0,0,0,0,0,0,0,0,0,0,0
agrotrendru,1,753,0,0,0,0,0,0,0,0,0,0,0,0
agulskiyrayon,14,56194,0,0,0,0,0,0,0,0,0,0,0,0
agundabekoeva,2,3590,0,0,0,0,0,0,0,0,0,0,0,0
agurulev,62,717981,6,0,0,0,1,0,98450,0,0,0,5010,0
aheku,3,4310,0,0,0,0,0,0,0,0,0,0,0,0
ahorapodemos,54,345818,0,0,0,0,0,0,0,0,0,0,0,0
ahunenno,20,1690,0,0,0,0,0,0,0,0,0,0,0,0
ai_bibilov,2,15470,0,0,0,0,0,0,0,0,0,0,0,0
aiaairacom,34,17108,0,0,0,0,0,0,0,0,0,0,0,0
aida1love,7,9548,0,0,0,0,0,0,0,0,0,0,0,0
aidaprodom,32,1004500,2,0,0,0,0,0,63900,0,0,0,0,0
aidossarym,3,117,0,0,0,0,0,0,0,0,0,0,0,0
aif_yug,2,102,0,0,0,0,0,0,0,0,0,0,0,0
aifonline,298,4046252,5,0,0,1,0,0,64740,0,0,16600,0,0
aikyngazeti,3,163,0,0,0,0,0,0,0,0,0,0,0,0
ainemkin,20,4899,5,0,0,0,0,0,957,0,0,0,0,0
air_alert_ua,57771,856999918,0,0,0,0,0,0,0,0,0,0,0,0
air_inside,1,726,0,0,0,0,0,0,0,0,0,0,0,0
airalarmobukhiv,17,81257,0,0,0,0,0,0,0,0,0,0,0,0
airapetovandrey,27,431850,0,0,0,0,0,0,0,0,0,0,0,0
airkorea,3,114,0,0,0,0,0,0,0,0,0,0,0,0
aisen_nikolaev,27,576630,0,0,0,0,0,0,0,0,0,0,0,0
aisttvru,27,12846,0,0,0,0,0,0,0,0,0,0,0,0
aitanazija,16,3394,0,0,0,0,0,0,0,0,0,0,0,0
aitorroma,21,16723,0,0,0,0,0,0,0,0,0,0,0,0
aizalovesyou,103,1584312,0,0,0,0,0,0,0,0,0,0,0,0
aja_media,33,142070,0,0,0,0,0,0,0,0,0,0,0,0
ajelco,20,2750,0,0,0,0,0,0,0,0,0,0,0,0
akademekb_live,22,16789,0,0,0,0,0,0,0,0,0,0,0,0
akashevarova,234,35937698,12,0,1,1,1,0,1999600,0,318000,203000,183000,0
akbardarjahanam,49,313790,0,0,0,0,0,0,0,0,0,0,0,0
akcentynews,15,10202,0,0,0,0,0,0,0,0,0,0,0,0
akcentynorth,37,254608,5,0,0,0,0,0,47173,0,0,0,0,0
akcentysp,31,66237,1,0,0,0,0,0,23400,0,0,0,0,0
akharinkhabar,51031,2446195262,0,0,0,0,0,0,0,0,0,0,0,0
akhbar19,122,2330528,0,0,0,0,0,0,0,0,0,0,0,0
akhbar_montakhab,22130,757463829,0,0,0,0,0,0,0,0,0,0,0,0
akhbarchaharmahalvabakhtiari,24,240,0,0,0,0,0,0,0,0,0,0,0,0
akhbardaq,8370,54651968,0,0,0,0,0,0,0,0,0,0,0,0
akhbare_malekan,28,10011,0,0,0,0,0,0,0,0,0,0,0,0
akhbarebedonesansor,57,88639,0,0,0,0,0,0,0,0,0,0,0,0
akhbarefori,58459,3972410659,1,0,0,0,0,0,111000,0,0,0,0,0
akhbarejahrom,36,49678,0,0,0,0,0,0,0,0,0,0,0,0
akhbarmazandaran,21,1063,0,0,0,0,0,0,0,0,0,0,0,0
akhbarney,28,31794,0,0,0,0,0,0,0,0,0,0,0,0
akhbarradkan,6,5535,0,0,0,0,0,0,0,0,0,0,0,0
akhmat_prefektura,18,2073,0,0,0,0,0,0,0,0,0,0,0,0
akhmatteppeev,1,426,0,0,0,0,0,0,0,0,0,0,0,0
akhmeddudaev,25,26253,0,0,0,0,0,0,0,0,0,0,0,0
akhojanazarov,1,755,0,0,0,0,0,0,0,0,0,0,0,0
akhtyrkaukraine,16,43810,0,0,0,0,0,0,0,0,0,0,0,0
akimapachev,102,1053615,0,0,0,0,0,0,0,0,0,0,0,0
akimbo69max,27,307370,0,0,0,0,0,0,0,0,0,0,0,0
akimoVka_online,10,19789,1,0,0,0,0,0,1940,0,0,0,0,0
akipress,71,444556,0,0,0,0,0,0,0,0,0,0,0,0
akisheva,14,28420,2,0,0,0,0,0,5260,0,0,0,0,0
akitilop,4,5806,0,0,0,0,0,0,0,0,0,0,0,0
akkoreainfo,3,3346,0,0,0,0,0,0,0,0,0,0,0,0
aklwo,22,437,0,0,0,0,0,0,0,0,0,0,0,0
akmaltgshka,14,18960,0,0,0,0,0,0,0,0,0,0,0,0
akomissarov2022,5,9219,0,0,0,0,0,0,0,0,0,0,0,0
akovalenko1989,70,2369280,1,0,0,1,0,0,43000,0,0,40300,0,0
akropub,37,401169,0,0,0,0,0,0,0,0,0,0,0,0
aks_sado_uz,39,8372,0,0,0,0,0,0,0,0,0,0,0,0
aksay,14,50710,0,0,0,0,0,0,0,0,0,0,0,0
aksayland,4,1248,0,0,0,0,0,0,0,0,0,0,0,0
akstar1music,29,1560180,0,0,0,0,0,0,0,0,0,0,0,0
aksutenko,6,4624,0,0,0,0,0,0,0,0,0,0,0,0
aktau911,17,20658,0,0,0,0,0,0,0,0,0,0,0,0
aktistv,9,8230,2,0,0,0,0,0,853,0,0,0,0,0
aktivistmann,85,233962,0,0,0,0,0,0,0,0,0,0,0,0
aktivnye_LP,2,5590,0,0,0,0,0,0,0,0,0,0,0,0
aktualnomedia,74,706279,2,0,0,0,0,0,23070,0,0,0,0,0
akula_vide,60,131589,0,0,0,0,0,0,0,0,0,0,0,0
akumaqqe,33,2922600,0,0,0,0,0,0,0,0,0,0,0,0
akusherha,22,71341,1,0,0,0,0,0,1750,0,0,0,0,0
akutin_dpr_ru,8,373,0,0,0,0,0,0,0,0,0,0,0,0
akyulenokk,111,19058800,0,0,0,0,0,0,0,0,0,0,0,0
akzentzp,25,24126,0,0,0,0,0,0,0,0,0,0,0,0
al_musabbiha,17,34110,0,0,0,0,0,0,0,0,0,0,0,0
al_pachina,2,11670,0,0,0,0,0,0,0,0,0,0,0,0
al_vysotskiy,8,14930,0,0,0,0,0,0,0,0,0,0,0,0
aladinhabr,13,13090,0,0,0,0,0,0,0,0,0,0,0,0
alahadch,3139,531816,0,0,0,0,0,0,0,0,0,0,0,0
alahadtvofficial,421,286962,0,0,0,0,0,0,0,0,0,0,0,0
alahssajobs,20,20196,0,0,0,0,0,0,0,0,0,0,0,0
alain4u,45,219540,0,0,0,0,0,0,0,0,0,0,0,0
alajmi_kuw,3,564,0,0,0,0,0,0,0,0,0,0,0,0
alami_akbar,28,78082,0,0,0,0,0,0,0,0,0,0,0,0
alanasultanova,12,437,0,0,0,0,0,0,0,0,0,0,0,0
alania_online,12,2233,0,0,0,0,0,0,0,0,0,0,0,0
alania_science,4,158,0,0,0,0,0,0,0,0,0,0,0,0
alaniadonbass,2,62,0,0,0,0,0,0,0,0,0,0,0,0
alaniatvru,1,276,0,0,0,0,0,0,0,0,0,0,0,0
alarmcase,20,2994,0,0,0,0,0,0,0,0,0,0,0,0
alarmnmsk,27,50467,0,0,0,0,0,0,0,0,0,0,0,0
alarmukraine,7702,1170297812,0,0,0,0,0,0,0,0,0,0,0,0
alaseef0,30,79151,0,0,0,0,0,0,0,0,0,0,0,0
alautvkz,25,56940,0,0,0,0,0,0,0,0,0,0,0,0
alberta_tut,20,66899,0,0,0,0,0,0,0,0,0,0,0,0
alberteyniseydi,33,77590,0,0,0,0,0,0,0,0,0,0,0,0
albertorodnews,1529,2484200,0,0,0,0,0,0,0,0,0,0,0,0
albirhazratru,30,13385,0,0,0,0,0,0,0,0,0,0,0,0
alborz_iribnews,2,2790,0,0,0,0,0,0,0,0,0,0,0,0
alborz_plus,35,13571,0,0,0,0,0,0,0,0,0,0,0,0
alcest_m,39,257679,0,0,0,0,0,0,0,0,0,0,0,0
ale_kazakov,61,687378,4,0,0,1,0,0,58800,0,0,15100,0,0
alef_news,344,194628,0,0,0,0,0,0,0,0,0,0,0,0
alekayloza,12,12375,0,0,0,0,0,0,0,0,0,0,0,0
aleksandr_skif,213,21255190,7,0,1,0,0,0,724300,0,88400,0,0,0
aleksandramelin,15,27083,1,0,0,0,0,0,2150,0,0,0,0,0
aleksandrprohanov,49,1569930,1,0,0,0,0,0,16500,0,0,0,0,0
aleksandrsokolov43,8,15705,0,0,0,0,0,0,0,0,0,0,0,0
alekseevka_overhear,8,8915,0,0,0,0,0,0,0,0,0,0,0,0
alekseevskaya_roshcha_live,1,512,0,0,0,0,0,0,0,0,0,0,0,0
alekseykungurov,42,880980,5,0,0,0,0,0,98900,0,0,0,0,0
alekseystefanov,6,5159,0,0,0,0,0,0,0,0,0,0,0,0
aleksiapeach,5,19370,0,0,0,0,0,0,0,0,0,0,0,0
alena_energizer,30,1610920,1,0,0,0,0,0,44,0,0,0,0,0
alena_goldina,33,34321,1,0,0,0,0,0,1890,0,0,0,0,0
alena_ily,41,317839,0,0,0,1,0,0,0,0,0,5590,0,0
alena_lavrenteva_nail,49,556650,0,0,0,0,0,0,0,0,0,0,0,0
alenablin,42,707940,0,0,0,0,0,0,0,0,0,0,0,0
alenaetoalena,7,35960,0,0,0,0,0,0,0,0,0,0,0,0
alenahellokitty,27,13784,0,0,0,0,0,0,0,0,0,0,0,0
alenamamyy,3,577,0,0,0,0,0,0,0,0,0,0,0,0
alenamigacheva,1,22,0,0,0,0,0,0,0,0,0,0,0,0
alenamiii,29,50660,0,0,0,0,0,0,0,0,0,0,0,0
alenapopova,37,168378,5,0,0,0,0,0,14370,0,0,0,0,0
alenasivkova,3,4292,0,0,0,0,0,0,0,0,0,0,0,0
alenasokolskaya,10,39694,0,0,0,0,0,0,0,0,0,0,0,0
alenatoffitut,2,5730,0,0,0,0,0,0,0,0,0,0,0,0
alenin_blog,17,69180,0,0,0,0,0,0,0,0,0,0,0,0
aleppo_2,134,395418,0,0,0,0,0,0,0,0,0,0,0,0
alertKyiv,25,69470,0,0,0,0,0,0,0,0,0,0,0,0
alertOdessa,51,1019720,0,0,0,0,0,0,0,0,0,0,0,0
alerts_in_ua,2,15250,0,0,0,0,0,0,0,0,0,0,0,0
alesiapetrovna,182,11476200,0,0,0,1,0,0,0,0,0,44400,0,0
alesya_teperikova,24,67065,0,0,0,0,0,0,0,0,0,0,0,0
alex_instyle,7,4874,0,0,0,0,0,0,0,0,0,0,0,0
alex_skid,14,11250,0,0,0,0,0,0,0,0,0,0,0,0
alexander_kynev,57,154148,2,0,0,0,2,0,4170,0,0,0,4650,0
alexander_rodnyansky,28,552520,3,0,0,0,0,0,53800,0,0,0,0,0
alexanderagri,3,6690,0,0,0,0,0,0,0,0,0,0,0,0
alexanderlegkov,21,198920,0,0,0,0,0,0,0,0,0,0,0,0
alexandr_malkevich,2082,87238507,99,1,1,2,9,0,3861460,25900,33500,76900,388900,0
alexandra1618,21,309310,0,0,0,0,0,0,0,0,0,0,0,0
alexandracrimea,6,10440,0,0,0,0,0,0,0,0,0,0,0,0
alexandrnaporko,13,14170,0,0,0,0,0,0,0,0,0,0,0,0
alexandrscotch,31,255290,0,0,0,0,0,0,0,0,0,0,0,0
alexandrshtefanov,63,5115999,1,0,0,0,0,0,92500,0,0,0,0,0
alexanyan_rus,24,18758,2,0,0,0,1,0,1723,0,0,0,954,0
alexasuka,13,741800,0,0,0,0,0,0,0,0,0,0,0,0
alexbakhh,1,6020,0,0,0,0,0,0,0,0,0,0,0,0
alexbobrowski,19,525140,1,0,0,0,0,0,26200,0,0,0,0,0
alexchuklanov,11,25010,0,0,0,0,0,0,0,0,0,0,0,0
alexdyachenko,1,2400,0,0,0,0,0,0,0,0,0,0,0,0
alexeeeeey,26,117850,0,0,0,0,0,0,0,0,0,0,0,0
alexei_gorinov_2022,11,224970,1,0,0,0,0,0,5550,0,0,0,0,0
alexey_pushkov,57,680660,7,0,0,0,0,0,123560,0,0,0,0,0
alexeyalexeich,23,85490,0,0,0,0,0,0,0,0,0,0,0,0
alexeypanin77,2,1931,0,0,0,0,0,0,0,0,0,0,0,0
alexeysova,9,3994,0,0,0,0,0,0,0,0,0,0,0,0
alexeytexlerofficial,22,186000,1,0,0,0,0,0,4790,0,0,0,0,0
alexeytsydenov,5,13079,1,0,0,0,0,0,1450,0,0,0,0,0
alexeyturchin,1,1590,0,0,0,0,0,0,0,0,0,0,0,0
alexfromkanch,5,7150,0,0,0,0,0,0,0,0,0,0,0,0
alexgoldengirl,16,60130,0,0,0,0,0,0,0,0,0,0,0,0
alexnovak21,2,0,0,0,0,0,0,0,0,0,0,0,0,0
alexradionews,35,317620,2,0,0,0,0,0,19160,0,0,0,0,0
alexsparrow_official,30,697180,0,0,0,0,0,0,0,0,0,0,0,0
alexstranniknews,20,9714,0,0,0,0,0,0,0,0,0,0,0,0
aleysk_news,11,73830,0,0,0,0,0,0,0,0,0,0,0,0
alezhao,49,4117799,0,0,0,0,0,0,0,0,0,0,0,0
alfedovgroup,32,1199100,0,0,0,0,0,0,0,0,0,0,0,0
alh_gk,11,6113,0,0,0,0,0,0,0,0,0,0,0,0
ali_sanani,38,518930,0,0,0,0,0,0,0,0,0,0,0,0
aliafshari52,1,47,0,0,0,0,0,0,0,0,0,0,0,0
alianaustinenko,28,164195,0,0,0,0,0,0,0,0,0,0,0,0
alibekovkz,87,1797380,0,0,0,0,0,0,0,0,0,0,0,0
aliccachtg,23,1188000,0,0,0,0,0,0,0,0,0,0,0,0
alicenite,1,361,0,0,0,0,0,0,0,0,0,0,0,0
alikaxxorov,3,6700,0,0,0,0,0,0,0,0,0,0,0,0
alina_beauty7,126,2251890,3,0,0,0,0,0,29520,0,0,0,0,0
alina_chipollino,29,244080,0,0,0,0,0,0,0,0,0,0,0,0
alina_farkash,20,66730,1,0,0,0,0,0,3260,0,0,0,0,0
alinakovalevastylist,3,5060,0,0,0,0,0,0,0,0,0,0,0,0
alinamory,36,77900,5,0,0,0,0,0,8240,0,0,0,0,0
alinapasok,26,129331,0,0,0,0,0,0,0,0,0,0,0,0
alinarasieva,19,117830,0,0,0,0,0,0,0,0,0,0,0,0
alinataobao,17,79970,0,0,0,0,0,0,0,0,0,0,0,0
alinaumax,12,348300,0,0,0,0,0,0,0,0,0,0,0,0
alinazhook8,9,19920,0,0,0,0,0,0,0,0,0,0,0,0
alionadol,53,868459,0,0,0,0,0,0,0,0,0,0,0,0
aliosmanonder,30,313380,0,0,0,0,0,0,0,0,0,0,0,0
alirecommends,5,4215,0,0,0,0,0,0,0,0,0,0,0,0
alisa_sapozhkovaa,12,9542,0,0,0,0,0,0,0,0,0,0,0,0
alisadyoma,33,240740,0,0,0,0,0,0,0,0,0,0,0,0
alisakovalyova_life,12,29040,0,0,0,0,0,0,0,0,0,0,0,0
alisakrasovitova,60,3746895,0,0,0,0,0,0,0,0,0,0,0,0
alisalisovaof,54,784220,0,0,0,0,0,0,0,0,0,0,0,0
alisherQodir,47,271301,0,0,0,0,0,0,0,0,0,0,0,0
alisher_sadullaev,140,70212099,0,0,0,0,0,0,0,0,0,0,0,0
alisherhateu,69,38984000,2,0,0,0,0,0,1170000,0,0,0,0,0
alja_hajtlina,6,51790,0,0,0,0,0,0,0,0,0,0,0,0
alka_avarka,11,253700,0,0,0,0,0,0,0,0,0,0,0,0
alkhim6666,10,877097,0,0,0,0,0,0,0,0,0,0,0,0
alkhoee,13,8585,0,0,0,0,0,0,0,0,0,0,0,0
alknvlife,17,124720,0,0,0,0,0,0,0,0,0,0,0,0
alkokomment,28,38431,0,0,0,0,0,0,0,0,0,0,0,0
alksnis,26,162013,2,0,0,0,0,0,20770,0,0,0,0,0
alkula1,3,4900,0,0,0,0,0,0,0,0,0,0,0,0
allBodaibo,1,1640,0,0,0,0,0,0,0,0,0,0,0,0
all_about_SouthKorea,2,1428,0,0,0,0,0,0,0,0,0,0,0,0
all_about_photo,26,60069,0,0,0,0,0,0,0,0,0,0,0,0
allaRomonoVa,17,287862,0,0,0,0,0,0,0,0,0,0,0,0
allamjonov_ki,21,220310,0,0,0,0,0,0,0,0,0,0,0,0
allapugacheva_prima,3,16760,0,0,0,0,0,0,0,0,0,0,0,0
allbirulevo,30,58773,0,0,0,0,0,0,0,0,0,0,0,0
allenduell,3,128200,0,0,0,0,0,0,0,0,0,0,0,0
allgolobutsky,16,44521,2,0,0,0,0,0,6040,0,0,0,0,0
alliryston,5,819,0,0,0,0,0,0,0,0,0,0,0,0
allkiev,48,41458,0,0,0,0,0,0,0,0,0,0,0,0
allnews38,8,543,0,0,0,0,0,0,0,0,0,0,0,0
allnews47,14,55920,1,0,0,0,0,0,5600,0,0,0,0,0
allnews_uz,40,107060,2,0,0,0,0,0,4350,0,0,0,0,0
allnewsmm,19,26363,0,0,0,0,0,0,0,0,0,0,0,0
alltimeru,9,16076,0,0,0,0,0,0,0,0,0,0,0,0
almasaqyn,28,40476,0,0,0,0,0,0,0,0,0,0,0,0
almashhadalyemeni,34,140332,0,0,0,0,0,0,0,0,0,0,0,0
almatytoday,21,211870,0,0,0,0,0,0,0,0,0,0,0,0
almet_novosti,35,123531,1,0,0,0,0,0,1610,0,0,0,0,0
almetapt,12,8879,0,0,0,0,0,0,0,0,0,0,0,0
almetyevsk_1,22,187560,0,0,0,0,0,0,0,0,0,0,0,0
almetyevskcity,55,120739,0,0,0,0,0,0,0,0,0,0,0,0
alnaja124,29,116600,0,0,0,0,0,0,0,0,0,0,0,0
alokot,7,3291,0,0,0,0,0,0,0,0,0,0,0,0
alphacentaurifromhell,5,16869,0,0,0,0,0,0,0,0,0,0,0,0
alphaingenium,1053,23272129,12,0,0,1,0,0,255100,0,0,59000,0,0
alphynarium,37,508480,4,0,0,0,0,0,48000,0,0,0,0,0
alqorbaan,34,80126,0,0,0,0,0,0,0,0,0,0,0,0
alresalahpress,480,432429,0,0,0,0,0,0,0,0,0,0,0,0
alrwsa,3,3270,0,0,0,0,0,0,0,0,0,0,0,0
altai_tgnews,54,717930,0,0,0,0,0,0,0,0,0,0,0,0
altaigovernment,43,24664,0,0,0,0,0,0,0,0,0,0,0,0
altaiinfo,23,4409,0,0,0,0,0,0,0,0,0,0,0,0
altaikrai,15,22793,2,0,0,0,0,0,2488,0,0,0,0,0
altairirk,8,1108,1,0,0,0,0,0,120,0,0,0,0,0
altanahaowa,4,6050,0,0,0,0,0,0,0,0,0,0,0,0
altapress_ru,18,18170,0,0,0,0,0,0,0,0,0,0,0,0
altaygov,2,222,0,0,0,0,0,0,0,0,0,0,0,0
altaytandem,2,1896,0,0,0,0,0,0,0,0,0,0,0,0
altayvalenok,14,6294,0,0,0,0,0,0,0,0,0,0,0,0
alternative95,10,24610,1,0,0,0,0,0,1840,0,0,0,0,0
alternative_help,24,40497,2,0,0,0,0,0,3440,0,0,0,0,0
altinfocom,31,50983,0,0,0,0,0,0,0,0,0,0,0,0
altleft_org,9,23530,0,0,0,0,0,0,0,0,0,0,0,0
altmanews,19,95600,1,0,0,0,0,0,4610,0,0,0,0,0
altruist_news,17,60615,1,0,0,0,0,0,4600,0,0,0,0,0
altufyevo_i_ryadom,18,135950,0,0,0,0,0,0,0,0,0,0,0,0
altufyevo_lianozovo,23,179440,0,0,0,0,0,0,0,0,0,0,0,0
altynbek_rahymberdi,2,1340,0,0,0,0,0,0,0,0,0,0,0,0
aluminievie,16,130990,1,0,0,0,0,0,10300,0,0,0,0,0
alushta_today,14,45590,0,0,0,0,0,0,0,0,0,0,0,0
alvandkhabar,1,1360,0,0,0,0,0,0,0,0,0,0,0,0
alwatanvoice,43,126325,0,0,0,0,0,0,0,0,0,0,0,0
alyemeni_1,19,931,0,0,0,0,0,0,0,0,0,0,0,0
alyonashvetsz,32,597200,0,0,0,0,0,0,0,0,0,0,0,0
alyonayankovskaya,8,7693,0,0,0,0,0,0,0,0,0,0,0,0
alyulyusha,3,168,0,0,0,0,0,0,0,0,0,0,0,0
amantonio,49,2532800,1,0,0,0,0,0,50100,0,0,0,0,0
amarujalaofficial,20,7670,0,0,0,0,0,0,0,0,0,0,0,0
ambassadeFranceTachkent,16,20257,0,0,0,0,0,0,0,0,0,0,0,0
ambassador_zagonov,1,725,0,0,0,0,0,0,0,0,0,0,0,0
amber_mash,62,773354,0,0,0,0,0,0,0,0,0,0,0,0
amberdlb,110,2069200,0,0,0,2,0,0,0,0,0,21320,0,0
ambrusfrance,6,4112,0,0,0,0,0,0,0,0,0,0,0,0
ambrusitalia,20,266200,0,0,0,0,0,0,0,0,0,0,0,0
ameriabank_cjsc,23,86949,0,0,0,0,0,0,0,0,0,0,0,0
americandalnoboy,10,12300,0,0,0,0,0,0,0,0,0,0,0,0
americanmilitarynews,25,349411,0,0,0,0,0,0,0,0,0,0,0,0
americas_news,25,317,0,0,0,0,0,0,0,0,0,0,0,0
amerikan_youtube,5,298,0,0,0,0,0,0,0,0,0,0,0,0
amerikanec046,18,26537,0,0,0,0,0,0,0,0,0,0,0,0
amezingtruths,3,363,0,0,0,0,0,0,0,0,0,0,0,0
amina_alarm_bot,4,98100,0,0,0,0,0,0,0,0,0,0,0,0
amiranyshka,51,3684299,0,0,0,0,0,0,0,0,0,0,0,0
amirkhamitov,2,2278,0,0,0,0,0,0,0,0,0,0,0,0
amirrooz1,2,2530,0,0,0,0,0,0,0,0,0,0,0,0
amitsegal,1693,171486680,0,0,0,0,0,0,0,0,0,0,0,0
amlashihair,10,1817,0,0,0,0,0,0,0,0,0,0,0,0
ammaghin,12,1332,0,0,0,0,0,0,0,0,0,0,0,0
ammarmaleki,24,116990,0,0,0,0,0,0,0,0,0,0,0,0
ammiacnews,4,217,0,0,0,0,0,0,0,0,0,0,0,0
amosovfm,17,14375,0,0,0,0,0,0,0,0,0,0,0,0
amp_pk,1,288,0,0,0,0,0,0,0,0,0,0,0,0
ampravda,189,998239,1,0,0,0,0,0,1890,0,0,0,0,0
amralife,16,19752,0,0,0,0,0,0,0,0,0,0,0,0
ams1minute,475,1568330,0,0,0,0,0,0,0,0,0,0,0,0
amsvld,26,42672,0,0,0,0,0,0,0,0,0,0,0,0
amunewsuz,6,5641,0,0,0,0,0,0,0,0,0,0,0,0
amur_mash,53,1057160,2,0,0,0,0,0,32600,0,0,0,0,0
amurlife1,252,2389822,3,0,0,0,0,0,27640,0,0,0,0,0
amurobl,80,48011,1,0,0,0,0,0,159,0,0,0,0,0
amurobl_official,38,164137,0,0,0,0,0,0,0,0,0,0,0,0
amursovet,12,30868,0,0,0,0,0,0,0,0,0,0,0,0
amurvolny,1,126,0,0,0,0,0,0,0,0,0,0,0,0
ana_stasia_vs,21,33072,0,0,0,0,0,0,0,0,0,0,0,0
anadoluajansi,16,10826,0,0,0,0,0,0,0,0,0,0,0,0
analityka_ukr,34,469850,0,0,0,0,0,0,0,0,0,0,0,0
analyst_on_the_couch,72,1714000,2,0,0,1,0,0,49800,0,0,4900,0,0
analytics_empire,33,113151,0,0,0,0,0,0,0,0,0,0,0,0
ananev_mitrofanova,1,3600,0,0,0,0,0,0,0,0,0,0,0,0
anapanovosti,3,1352,0,0,0,0,0,0,0,0,0,0,0,0
anapaofficial,4,1988,0,0,0,0,0,0,0,0,0,0,0,0
anapapapa,62,65076,0,0,0,0,0,0,0,0,0,0,0,0
anaparegionnews,17,3580,0,0,0,0,0,0,0,0,0,0,0,0
anarchiaautonomia,4,752,0,0,0,0,0,0,0,0,0,0,0,0
anarcho_solipsist,1,687,0,0,0,0,0,0,0,0,0,0,0,0
anashkin_andrey,10,13791,0,0,0,0,0,0,0,0,0,0,0,0
anasstashya,1,3420,0,0,0,0,0,0,0,0,0,0,0,0
anastasia_chia,18,195930,0,0,0,0,0,0,0,0,0,0,0,0
anastasia_kozhevnikova_1,6,43319,0,0,0,0,0,0,0,0,0,0,0,0
anastasia_reshet,109,104630,1,0,0,0,0,0,789,0,0,0,0,0
anastasiadavletova,22,146600,0,0,0,0,0,0,0,0,0,0,0,0
anastasiavolkova,8,69140,0,0,0,0,0,0,0,0,0,0,0,0
anastasiiakutovaia,7,40,0,0,0,0,0,0,0,0,0,0,0,0
anastasijasuslova,29,72827,4,0,0,0,0,0,12380,0,0,0,0,0
anastasiya_golovinova,24,82939,0,0,0,0,0,0,0,0,0,0,0,0
anastasiyaorlov,11,14856,0,0,0,0,0,0,0,0,0,0,0,0
anatoly_nesmiyan,136,7646470,3,0,0,0,0,0,166300,0,0,0,0,0
anayurdumfirozsalar,5,994,0,0,0,0,0,0,0,0,0,0,0,0
ancapchan,5,3823,1,0,0,0,0,0,882,0,0,0,0,0
and_malakhov,34,502480,0,0,0,0,0,0,0,0,0,0,0,0
andaokb,20,1337,0,0,0,0,0,0,0,0,0,0,0,0
andijan_press,2,1836,0,0,0,0,0,0,0,0,0,0,0,0
andijon_bugun,7107,604424335,0,0,0,0,0,0,0,0,0,0,0,0
andijonaxborotmakoni,16,94,0,0,0,0,0,0,0,0,0,0,0,0
andijonkadastr,1,131,0,0,0,0,0,0,0,0,0,0,0,0
andijonv,22,226402,0,0,0,0,0,0,0,0,0,0,0,0
andjilisha,22,321490,0,0,0,0,0,0,0,0,0,0,0,0
andpress,4,9350,0,0,0,0,0,0,0,0,0,0,0,0
andreamamiklive,1,93,0,0,0,0,0,0,0,0,0,0,0,0
andreboyarskiylive,13,191230,0,0,0,0,0,0,0,0,0,0,0,0
andrei_sokolov2626,13,9947,0,0,0,0,0,0,0,0,0,0,0,0
andrejdevyatov,21,106190,0,0,0,0,1,0,0,0,0,0,4270,0
andrew_kots,25,676478,0,0,0,0,0,0,0,0,0,0,0,0
andrewkovalov,1,37,0,0,0,0,0,0,0,0,0,0,0,0
andreyVajra,78,437159,3,0,0,0,0,0,8570,0,0,0,0,0
andrey_burenok,45,279549,0,0,0,0,0,0,0,0,0,0,0,0
andrey_chibis,8,24420,0,0,0,0,0,0,0,0,0,0,0,0
andrey_derzhavin,24,115897,0,0,0,0,0,0,0,0,0,0,0,0
andrey_makarevich,17,401640,0,0,0,0,0,0,0,0,0,0,0,0
andrey_noilesbaby,9,3819,0,0,0,0,0,0,0,0,0,0,0,0
andrey_selezov,5,617,0,0,0,0,0,0,0,0,0,0,0,0
andreyflor,15,25438,0,0,0,0,0,0,0,0,0,0,0,0
andreyivashkochanel,21,33243,0,0,0,0,0,0,0,0,0,0,0,0
andreyklishas,34,252335,3,0,0,0,0,0,16120,0,0,0,0,0
andreykovalev_russia,581,5982445,8,0,0,0,0,0,83640,0,0,0,0,0
andreyopletaev,1,1220,0,0,0,0,0,0,0,0,0,0,0,0
andreyzaytsev_ggo,2,130,0,0,0,0,0,0,0,0,0,0,0,0
andriymcom,5,13860,0,0,0,0,0,0,0,0,0,0,0,0
andriysadovyi,87,3901890,1,0,0,0,0,0,42400,0,0,0,0,0
android_school_ru,12,9659,0,0,0,0,0,0,0,0,0,0,0,0
androidinsider_ru,14,16536,0,0,0,0,0,0,0,0,0,0,0,0
andyfy_home,45,2156200,0,0,0,0,0,0,0,0,0,0,0,0
ane4ka24,26,675890,0,0,0,0,0,0,0,0,0,0,0,0
aneckavderevne,13,71925,0,0,0,0,0,0,0,0,0,0,0,0
anetsai,9,126690,0,0,0,0,0,0,0,0,0,0,0,0
anfisasiberi,8,161400,0,0,0,0,0,0,0,0,0,0,0,0
ang620,15,131640,0,0,0,0,0,0,0,0,0,0,0,0
angara18,6,563,1,0,0,0,0,0,53,0,0,0,0,0
angarsk_360,66,57552,2,0,0,0,0,0,2590,0,0,0,0,0
angarsk_sluh,50,458400,1,0,0,0,0,0,10400,0,0,0,0,0
angarsk_sobitie,50,612600,2,0,0,0,0,0,20800,0,0,0,0,0
angarsk_today,19,37881,0,0,0,0,0,0,0,0,0,0,0,0
angarskcorruption,50,115034,1,0,0,0,0,0,4200,0,0,0,0,0
angeelalina21,2,437,0,0,0,0,0,0,0,0,0,0,0,0
angelika_VZ,19,273,0,0,0,0,0,0,0,0,0,0,0,0
angrycrust,199,9115650,2,0,0,1,0,0,55400,0,0,44900,0,0
anhoirk,10,3208,1,0,0,0,0,0,301,0,0,0,0,0
animenews_web,45,825670,0,0,0,0,0,0,0,0,0,0,0,0
aniquz,40,50572,0,0,0,0,0,0,0,0,0,0,0,0
aniskussmood,3,4441,0,0,0,0,0,0,0,0,0,0,0,0
anitakobeleva,44,3479,0,0,0,0,0,0,0,0,0,0,0,0
anjmotahed,46,243182,0,0,0,0,0,0,0,0,0,0,0,0
anka_provincialka,17,3718,0,0,0,0,0,0,0,0,0,0,0,0
ankarabbld,31,56736,0,0,0,0,0,0,0,0,0,0,0,0
ann_mamontova,2,389,0,0,0,0,0,0,0,0,0,0,0,0
ann_plakhova,3,2586,0,0,0,0,0,0,0,0,0,0,0,0
anna_donbass,5,1748,0,0,0,0,0,0,0,0,0,0,0,0
anna_gin,34,571620,0,0,0,1,0,0,0,0,0,14700,0,0
anna_in_saudi,11,48060,0,0,0,0,0,0,0,0,0,0,0,0
anna_jane,19,440540,0,0,0,0,0,0,0,0,0,0,0,0
anna_kpo,23,64818,2,0,0,0,0,0,2540,0,0,0,0,0
anna_news,4082,162781474,115,0,1,12,8,0,4944600,0,53100,518620,334100,0
annaakhmetshina77,29,141790,0,0,0,0,0,0,0,0,0,0,0,0
annabramovaa,21,767700,0,0,0,0,0,0,0,0,0,0,0,0
annabuzova1,19,103890,0,0,0,0,0,0,0,0,0,0,0,0
annakalash1,8,1061,0,0,0,0,0,0,0,0,0,0,0,0
annamaliar,20,49052,0,0,0,0,0,0,0,0,0,0,0,0
annamiklosh,2,4990,0,0,0,0,0,0,0,0,0,0,0,0
annapiks,13,17353,0,0,0,0,0,0,0,0,0,0,0,0
annarevyakina,34,33710,1,0,0,0,0,0,201,0,0,0,0,0
annashafran,40,169383,0,0,0,0,0,0,0,0,0,0,0,0
annashust,33,32118,1,0,0,0,0,0,717,0,0,0,0,0
anniolletta,13,7244,0,0,0,0,0,0,0,0,0,0,0,0
annisi,13,185100,0,0,0,0,0,0,0,0,0,0,0,0
annlemann,18,95920,1,0,0,0,0,0,5290,0,0,0,0,0
annsemenovich,34,206866,0,0,0,0,0,0,0,0,0,0,0,0
annyastalk,15,76690,0,0,0,0,0,0,0,0,0,0,0,0
annybakhireva_official,17,217950,0,0,0,0,0,0,0,0,0,0,0,0
annymagic,33,722930,0,0,0,0,0,0,0,0,0,0,0,0
annytg,11,14485,0,0,0,0,0,0,0,0,0,0,0,0
ano_dialog,18,17485,0,0,0,0,0,0,0,0,0,0,0,0
anon_khakasia,23,29907,0,0,0,0,0,0,0,0,0,0,0,0
anon_prok_press,20,42304,0,0,0,0,0,0,0,0,0,0,0,0
anonim_au,7,6310,0,0,0,0,0,0,0,0,0,0,0,0
anonim_kb,19,412490,0,0,0,0,0,0,0,0,0,0,0,0
anonimmagadan,140,249325,1,0,0,1,0,0,1970,0,0,1110,0,0
anonopiran,36,562430,0,0,0,0,0,0,0,0,0,0,0,0
anons39,11,26967,0,0,0,0,0,0,0,0,0,0,0,0
anonsuz,15,66380,0,0,0,0,0,0,0,0,0,0,0,0
anonymousnews_org,80,968033,0,0,0,0,0,0,0,0,0,0,0,0
anorppexia,6,12830,0,0,0,0,0,0,0,0,0,0,0,0
anponew_tg,1,460,0,0,0,0,0,0,0,0,0,0,0,0
ansaita,21,9709,0,0,0,0,0,0,0,0,0,0,0,0
anserenko,34,97381,2,0,0,0,0,0,5510,0,0,0,0,0
anssweett,16,6239,0,0,0,0,0,0,0,0,0,0,0,0
anthonyuly,274,25387399,5,0,0,0,0,0,429300,0,0,0,0,0
antiUSSR,6,9300,0,0,0,0,0,0,0,0,0,0,0,0
anti_malware,21,21327,0,0,0,0,0,0,0,0,0,0,0,0
anti_navalny,11,1909,0,0,0,0,0,0,0,0,0,0,0,0
anticup,34,12489,0,0,0,0,0,0,0,0,0,0,0,0
antifa_dnepr,1,0,0,0,0,0,0,0,0,0,0,0,0,0
antifake05,7,532,0,0,0,0,0,0,0,0,0,0,0,0
antifake_uz,19,62209,0,0,0,0,0,0,0,0,0,0,0,0
antifakearmenia,50,471880,3,0,0,0,0,0,30390,0,0,0,0,0
antifakeosnova,61,172050,5,0,0,0,0,0,13050,0,0,0,0,0
antifaru,9,63580,3,0,0,0,1,0,20540,0,0,0,2370,0
antifashisttm,19,1967,0,0,0,0,0,0,0,0,0,0,0,0
antigost_true,30,287410,1,0,0,0,0,0,8010,0,0,0,0,0
antiilluminaten,321,2637474,0,0,0,0,0,0,0,0,0,0,0,0
antikoen,27,361180,2,0,0,0,0,0,18650,0,0,0,0,0
antikor,23,164923,0,0,0,0,0,0,0,0,0,0,0,0
antikor_uzb,21,137740,0,0,0,0,0,0,0,0,0,0,0,0
antikornews,24,194560,1,0,0,0,0,0,16400,0,0,0,0,0
antikorruz,94,245665,0,0,0,0,0,0,0,0,0,0,0,0
antikrizys,2,837,0,0,0,0,0,0,0,0,0,0,0,0
antimaidanmd,16,8189,0,0,0,0,0,0,0,0,0,0,0,0
antinarkotik_sk,49,109538,0,0,0,0,0,0,0,0,0,0,0,0
antiskrepa,135,2156747,1,0,0,0,0,0,4670,0,0,0,0,0
antiterror_sk,6,409,0,0,0,0,0,0,0,0,0,0,0,0
antitopor_info,20,13902,2,0,0,0,0,0,1928,0,0,0,0,0
antituran,31,118759,0,0,0,0,0,0,0,0,0,0,0,0
antohakrasava,31,193392,0,0,0,0,0,0,0,0,0,0,0,0
anton_akhmedov,10,2399,0,0,0,0,0,0,0,0,0,0,0,0
anton_bogoslavich,10,17992,0,0,0,0,0,0,0,0,0,0,0,0
anton_breel,38,513950,0,0,0,0,0,0,0,0,0,0,0,0
anton_vanco_69,64,3185860,0,0,0,0,0,0,0,0,0,0,0,0
antonclossmain,1,3900,0,0,0,0,0,0,0,0,0,0,0,0
antonkhabarov1981,28,271150,0,0,0,0,0,0,0,0,0,0,0,0
antonova2020,1,47,0,0,0,0,0,0,0,0,0,0,0,0
antonova_official,41,411900,1,0,0,0,0,0,8300,0,0,0,0,0
antonovaviola,3,1766,0,0,0,0,0,0,0,0,0,0,0,0
antonpikuly,35,346590,1,0,0,0,0,0,10400,0,0,0,0,0
antonspletni,324,23309100,4,0,0,0,0,0,270700,0,0,0,0,0
antonyuk_family,30,16146,0,0,0,0,0,0,0,0,0,0,0,0
antratsitpressa,6,11517,0,0,0,0,0,0,0,0,0,0,0,0
antresol_avia,20,148940,0,0,0,0,0,0,0,0,0,0,0,0
antygosudarstvo,22,13450,1,0,0,0,0,0,949,0,0,0,0,0
anubisway,2,3370,0,0,0,0,0,0,0,0,0,0,0,0
anunakiNLO,10,8364,1,0,0,0,0,0,2140,0,0,0,0,0
anutti_doctor,13,39510,1,0,0,0,0,0,1490,0,0,0,0,0
anvireadanvi,16,19456,0,0,0,0,0,0,0,0,0,0,0,0
anxqrew22,19,1900,0,0,0,0,0,0,0,0,0,0,0,0
anya_mama1,30,853100,1,0,0,0,0,0,40700,0,0,0,0,0
anya_ranetka,19,57325,0,0,0,0,0,0,0,0,0,0,0,0
anyadeposit,9,2104,0,0,0,0,0,0,0,0,0,0,0,0
anyaischukkkk,292,82676600,1,0,0,0,0,0,247000,0,0,0,0,0
anyapaprika,11,16620,0,0,0,0,0,0,0,0,0,0,0,0
anyassoul,4,20120,0,0,0,0,0,0,0,0,0,0,0,0
anyuta_rai_channel,13,80858,0,0,0,0,0,0,0,0,0,0,0,0
anyutkamalyutkaa,13,43522,0,0,0,0,0,0,0,0,0,0,0,0
aoka_uz,20,83550,0,0,0,0,0,0,0,0,0,0,0,0
aokanamangan,13,11146,0,0,0,0,0,0,0,0,0,0,0,0
aomsk,78,291947,0,0,0,0,0,0,0,0,0,0,0,0
ap_time,20,49939,0,0,0,0,0,0,0,0,0,0,0,0
apa_az,19,17938,0,0,0,0,0,0,0,0,0,0,0,0
apagonencubainfo,12,47064,0,0,0,0,0,0,0,0,0,0,0,0
aparyka,10,18080,0,0,0,0,0,0,0,0,0,0,0,0
apasov_ua,17,60599,1,0,0,0,0,0,3730,0,0,0,0,0
apeske,16,46730,0,0,0,0,0,0,0,0,0,0,0,0
apesotskiy,2,1625,1,0,0,0,0,0,907,0,0,0,0,0
aphina_pallados,3,365,0,0,0,0,0,0,0,0,0,0,0,0
apleonkov,10,155990,0,0,0,0,0,0,0,0,0,0,0,0
apocalypse_cult,3,15570,0,0,0,0,0,0,0,0,0,0,0,0
apogovoritofficial,25,1071100,1,0,0,0,0,0,67700,0,0,0,0,0
apolitic_gubit,1,1200,0,0,0,0,0,0,0,0,0,0,0,0
apollonia,18,31422,2,0,0,0,0,0,2312,0,0,0,0,0
apolut,376,4508785,0,0,0,0,0,0,0,0,0,0,0,0
aposiran,22,3210,0,0,0,0,0,0,0,0,0,0,0,0
apostolovelive,33,34513,1,0,0,0,1,0,398,0,0,0,398,0
apostrophe_kyiv,248,275864,10,0,0,0,0,0,11463,0,0,0,0,0
apparatustatar,3,797,0,0,0,0,0,0,0,0,0,0,0,0
applecredit,2,126,0,0,0,0,0,0,0,0,0,0,0,0
appolonov_ag,26,183030,0,0,0,0,0,0,0,0,0,0,0,0
april_fool,2,958,0,0,0,0,0,0,0,0,0,0,0,0
aprilkg,17,56454,2,0,0,0,0,0,13310,0,0,0,0,0
apsmiru,2,260,0,0,0,0,0,0,0,0,0,0,0,0
apsny_ru,18,34248,0,0,0,0,0,0,0,0,0,0,0,0
aqparatsaqsysy,4,3101,0,0,0,0,0,0,0,0,0,0,0,0
aqqalaa,37,29098,0,0,0,0,0,0,0,0,0,0,0,0
aqweeb,39,95219,0,0,0,0,0,0,0,0,0,0,0,0
araabramyan,34,2221,0,0,0,0,0,0,0,0,0,0,0,0
arabo_dzokat,3,3412,0,0,0,0,0,0,0,0,0,0,0,0
arabstatesofgulf,29,70498,1,0,0,0,0,0,1060,0,0,0,0,0
araichob,21,40690,0,0,0,0,0,0,0,0,0,0,0,0
araikgalstyanmoscowschool,8,345,0,0,0,0,0,0,0,0,0,0,0,0
arapovgk,1,1650,0,0,0,0,0,0,0,0,0,0,0,0
arapporchannel,11,6163,0,0,0,0,0,0,0,0,0,0,0,0
ararathau,42,110747,2,0,0,0,0,0,2590,0,0,0,0,0
arazsasy,1,7,0,0,0,0,0,0,0,0,0,0,0,0
arbaletgovorit,56,476306,1,0,0,0,0,0,9830,0,0,0,0,0
arbatmediakz,85,22218,0,0,0,0,0,0,0,0,0,0,0,0
arbitra_crypto,1,273,0,0,0,0,0,0,0,0,0,0,0,0
arbitrazh_blog,4,186,0,0,0,0,0,0,0,0,0,0,0,0
archNN,8,9990,0,0,0,0,0,0,0,0,0,0,0,0
archangel_official,47,43120,1,0,0,0,0,0,398,0,0,0,0,0
archi_ru,4,4752,0,0,0,0,0,0,0,0,0,0,0,0
archiuja,20,59159,1,0,0,0,0,0,1790,0,0,0,0,0
archivarius_dz,54,320933,1,0,0,0,0,0,4730,0,0,0,0,0
archzhest,23,56750,2,0,0,0,0,0,5500,0,0,0,0,0
ardebil_ir,39,20922,0,0,0,0,0,0,0,0,0,0,0,0
ardimatova,40,10938,0,0,0,0,0,0,0,0,0,0,0,0
arestovichNews2022,26,5111,1,0,0,0,0,0,253,0,0,0,0,0
arevblog,10,1222,2,0,0,0,0,0,93,0,0,0,0,0
argumentiru,35,105434,0,0,0,0,0,0,0,0,0,0,0,0
arh_29ru,9,6024,0,0,0,0,0,0,0,0,0,0,0,0
arhipkovaa,13,373870,0,0,0,0,0,0,0,0,0,0,0,0
arhsvoboda,18,126120,0,0,0,0,0,0,0,0,0,0,0,0
arhvlasti,30,9660,1,0,0,0,0,0,129,0,0,0,0,0
ari_rang,37,638290,0,0,0,0,0,0,0,0,0,0,0,0
arigus,119,3420492,3,0,0,0,0,0,96500,0,0,0,0,0
arina_gonchar,10,8096,0,0,0,0,0,0,0,0,0,0,0,0
arinab1973,8,6734,0,0,0,0,0,0,0,0,0,0,0,0
arisha_monika,15,47320,0,0,0,0,0,0,0,0,0,0,0,0
arishadina98,19,165390,0,0,0,0,0,0,0,0,0,0,0,0
arkadyDubnov,38,233010,2,0,0,0,0,0,10640,0,0,0,0,0
arkhangelsk01,8,16087,0,0,0,0,0,0,0,0,0,0,0,0
armavir_sobitie,50,625000,0,0,0,0,0,0,0,0,0,0,0,0
armawir_adm,8,9853,0,0,0,0,0,0,0,0,0,0,0,0
armeniandaily,2,33,0,0,0,0,0,0,0,0,0,0,0,0
armeniangc,19,22525,0,0,0,0,0,0,0,0,0,0,0,0
armenianpositive,2,2360,0,0,0,0,0,0,0,0,0,0,0,0
armenianstories,12,5310,0,0,0,0,0,0,0,0,0,0,0,0
armeniyaone,21,13522,5,0,0,0,0,0,8408,0,0,0,0,0
armenpress,20,12532,1,0,0,0,0,0,478,0,0,0,0,0
armenzakharyan,15,225740,0,0,0,0,0,0,0,0,0,0,0,0
armeyes,12,108420,0,0,0,0,0,0,0,0,0,0,0,0
armline_news,21,2223,2,0,0,0,0,0,209,0,0,0,0,0
armmagazin,21,21143,0,0,0,0,0,0,0,0,0,0,0,0
armmirotvorec,24,81060,1,0,0,0,0,0,4090,0,0,0,0,0
armnewz,1,26,0,0,0,0,0,0,0,0,0,0,0,0
armospheree,10,2900,0,0,0,0,0,0,0,0,0,0,0,0
armsens,25,5222,0,0,0,0,1,0,0,0,0,0,243,0
armtoday,81,667454,2,0,0,0,0,0,12360,0,0,0,0,0
armtodayarm,3,28,0,0,0,0,0,0,0,0,0,0,0,0
armvoice,19,136260,1,0,0,0,0,0,8010,0,0,0,0,0
armyZO,6,3407,0,0,0,0,0,0,0,0,0,0,0,0
army_peace,39,384490,0,0,0,0,0,0,0,0,0,0,0,0
armyblogv,2,303,0,0,0,0,0,0,0,0,0,0,0,0
armyofukraine,14,11836,0,0,0,0,0,0,0,0,0,0,0,0
armytatarstan,12,233200,0,0,0,0,0,0,0,0,0,0,0,0
arnanews,50,3299,0,0,0,0,0,0,0,0,0,0,0,0
arnoetalee,12,104679,0,0,0,0,0,0,0,0,0,0,0,0
aroschin,21,121540,1,0,0,1,0,0,6890,0,0,10700,0,0
arpharey,44,57278,1,0,0,1,0,0,983,0,0,2500,0,0
arribalasbarriguitas,6,13080,0,0,0,0,0,0,0,0,0,0,0,0
arrussia,1,85,0,0,0,0,0,0,0,0,0,0,0,0
ars_zu,1,127,0,0,0,0,0,0,0,0,0,0,0,0
arsdvatri,132,15925598,0,0,0,0,0,0,0,0,0,0,0,0
arsenkanokov,10,10679,0,0,0,0,0,0,0,0,0,0,0,0
arsenmarkarian,10,5074000,2,0,0,0,0,0,1357000,0,0,0,0,0
arsininini,30,29450,0,0,0,0,0,0,0,0,0,0,0,0
arskmedia,1,309,0,0,0,0,0,0,0,0,0,0,0,0
arslan_music,64,1454658,0,0,0,0,0,0,0,0,0,0,0,0
art_of_politics,6,9490,1,0,0,0,0,0,1400,0,0,0,0,0
artabout,3,14140,0,0,0,0,0,0,0,0,0,0,0,0
artbelousov,2,163,0,0,0,0,0,0,0,0,0,0,0,0
artcoolyt,84,1325030,0,0,0,0,0,0,0,0,0,0,0,0
artek1925,12,66980,0,0,0,0,0,0,0,0,0,0,0,0
artem_karokozian,29,408700,0,0,0,0,0,0,0,0,0,0,0,0
artem_kirianov,13,7756,0,0,0,0,0,0,0,0,0,0,0,0
artem_rakhmeev_notes,12,33410,1,0,0,0,0,0,3860,0,0,0,0,0
artem_wolff,26,5141600,1,0,0,0,0,0,178000,0,0,0,0,0
artemgrafoman,41,309100,0,0,0,0,0,0,0,0,0,0,0,0
artemmetelev,4,2127,0,0,0,0,0,0,0,0,0,0,0,0
artemova1,19,47580,0,0,0,0,0,0,0,0,0,0,0,0
artemrepetskyi,5,66400,0,0,0,0,0,0,0,0,0,0,0,0
artemsenatorov,27,6223,0,0,0,0,0,0,0,0,0,0,0,0
artemskok86,17,20681,0,0,0,0,0,0,0,0,0,0,0,0
artisimmortal,2,119,0,0,0,0,0,0,0,0,0,0,0,0
artmine,5,4359,0,0,0,0,0,0,0,0,0,0,0,0
artovpishet,23,54150,2,0,0,0,0,0,4280,0,0,0,0,0
arturdanielian,8,31630,0,0,0,0,0,0,0,0,0,0,0,0
arturshlikov,9,71,0,0,0,0,0,0,0,0,0,0,0,0
arturtruman,19,11685,1,0,0,0,0,0,597,0,0,0,0,0
artvolunteer,11,10842,0,0,0,0,0,0,0,0,0,0,0,0
artykovbatyr,6,3633,0,0,0,0,0,0,0,0,0,0,0,0
artyukhov_da,10,73565,0,0,0,0,0,0,0,0,0,0,0,0
asafevstas,242,31305700,1,0,0,0,0,0,88300,0,0,0,0,0
asalanemesis,10,2596,0,0,0,0,0,0,0,0,0,0,0,0
asamigatecosplay,17,100950,0,0,0,0,0,0,0,0,0,0,0,0
asamtokakdumaesh,13,3452,0,0,0,0,2,0,0,0,0,0,489,0
asanovaaidina,2,528,0,0,0,0,0,0,0,0,0,0,0,0
aserovofficial,13,268880,2,0,0,0,0,0,65600,0,0,0,0,0
asgardiriyskiy,19,21381,0,0,0,0,0,0,0,0,0,0,0,0
ashghe_abadi_ss,32,73,0,0,0,0,0,0,0,0,0,0,0,0
ashnorilsk,29,7891,4,0,0,0,0,0,1132,0,0,0,0,0
ashratibabajaniRizhav,7,1021,0,0,0,0,0,0,0,0,0,0,0,0
ashurchanov,11,37700,0,0,0,0,0,0,0,0,0,0,0,0
asian_ukraine,17,108380,1,0,0,0,0,0,6390,0,0,0,0,0
asianewsiran,130,51013,0,0,0,0,0,0,0,0,0,0,0,0
asiansofrussia,7,9994,0,0,0,0,0,0,0,0,0,0,0,0
asiantop,42,53323,1,0,0,0,0,0,1560,0,0,0,0,0
asianvestnik,18,52296,0,0,0,0,0,0,0,0,0,0,0,0
asiaplus,76,878390,5,0,0,0,0,0,54260,0,0,0,0,0
asiaplustj,271,855104,9,0,0,0,0,0,32930,0,0,0,0,0
asinastra_tg,28,219750,0,0,0,0,0,0,0,0,0,0,0,0
aska_miami,2,3839,0,0,0,0,0,0,0,0,0,0,0,0
askarsat,1,0,0,0,0,0,0,0,0,0,0,0,0,0
asklepiygroup,4,6040,0,0,0,0,0,0,0,0,0,0,0,0
askrasul,106,2292400,1,0,0,0,0,0,25600,0,0,0,0,0
asl_jamiyat,8,25930,0,0,0,0,0,0,0,0,0,0,0,0
asluk,4,6920,0,0,0,0,0,0,0,0,0,0,0,0
asmrmood1,34,485240,0,0,0,0,0,0,0,0,0,0,0,0
asmusk,20,382370,0,0,0,0,0,0,0,0,0,0,0,0
asoldatova_official,1,0,0,0,0,0,0,0,0,0,0,0,0,0
aspacfish,8,1962,1,0,0,0,0,0,358,0,0,0,0,0
aspergeisha,16,47610,0,0,0,0,0,0,0,0,0,0,0,0
asperxmusic,16,46870,0,0,0,0,0,0,0,0,0,0,0,0
asphaltt,15,216100,0,0,0,0,0,0,0,0,0,0,0,0
asre_andimeshk,3,471,0,0,0,0,0,0,0,0,0,0,0,0
asre_majles,57,32760,0,0,0,0,0,0,0,0,0,0,0,0
asre_shahr,4,86,0,0,0,0,0,0,0,0,0,0,0,0
asregonabad97,24,4247,0,0,0,0,0,0,0,0,0,0,0,0
assimakova,5,22600,1,0,0,0,0,0,5050,0,0,0,0,0
asskorbinka,32,2989399,0,0,0,0,0,0,0,0,0,0,0,0
associazione_ContiamoCi,38,659850,0,0,0,0,0,0,0,0,0,0,0,0
assoluto,1,0,0,0,0,0,0,0,0,0,0,0,0,0
astachannelofficial,29,1342000,0,0,0,0,0,0,0,0,0,0,0,0
astana_arnasy,22,2075,0,0,0,0,0,0,0,0,0,0,0,0
astana_ns,1,977,0,0,0,0,0,0,0,0,0,0,0,0
astankhabarc,9,867,0,0,0,0,0,0,0,0,0,0,0,0
astanovka98,43,666790,0,0,0,0,0,0,0,0,0,0,0,0
astapenia,7,7000,0,0,0,0,0,0,0,0,0,0,0,0
astapov_pavel,65,1849710,1,0,0,0,0,0,43200,0,0,0,0,0
astrahandm,47,433751,0,0,0,0,0,0,0,0,0,0,0,0
astrakhan24,25,38521,0,0,0,0,0,0,0,0,0,0,0,0
astrakhanistan,36,123729,2,0,0,0,1,0,4260,0,0,0,3240,0
astrakhansu,35,61474,0,0,0,0,0,0,0,0,0,0,0,0
astramilitarum,59,187114,1,0,0,0,0,0,2990,0,0,0,0,0
astrapress,993,58241377,18,0,0,1,0,0,1073900,0,0,62500,0,0
astroawani,1427,3928068,0,0,0,0,0,0,0,0,0,0,0,0
astrolog_kruchinkina,34,116360,0,0,0,0,0,0,0,0,0,0,0,0
astropolitolog,5,11200,0,0,0,0,0,0,0,0,0,0,0,0
astrovedu,50,625927,4,0,0,0,0,0,40460,0,0,0,0,0
astsev,18,95230,0,0,0,0,0,0,0,0,0,0,0,0
astv_ru,109,1683397,0,0,0,0,0,0,0,0,0,0,0,0
asushentsov,9,29420,0,0,0,0,0,0,0,0,0,0,0,0
atamekenbusiness,50,272750,3,0,0,0,0,0,13890,0,0,0,0,0
atamekenbusiness_qaz,24,29454,0,0,0,0,0,0,0,0,0,0,0,0
atannyn_basy,19,2913,0,0,0,0,0,0,0,0,0,0,0,0
atas_atas,1,6,0,0,0,0,0,0,0,0,0,0,0,0
atashdaily,20,11178,0,0,0,0,0,0,0,0,0,0,0,0
atasinfo,27,12235,1,0,0,0,0,0,755,0,0,0,0,0
atikaktam,4,7760,1,0,0,0,0,0,2410,0,0,0,0,0
atkgazeta,1,418,0,0,0,0,0,0,0,0,0,0,0,0
atklatavaldiba,34,75347,0,0,0,0,0,0,0,0,0,0,0,0
atlaseconomics,1,1110,0,0,0,0,0,0,0,0,0,0,0,0
atodoneck,16,15587,0,0,0,0,0,0,0,0,0,0,0,0
atom_ozersk74,10,2725,0,0,0,0,0,0,0,0,0,0,0,0
atomiccherry,58,3013900,2,0,0,0,0,0,110700,0,0,0,0,0
atreyasemarkazi,29,25167,0,0,0,0,0,0,0,0,0,0,0,0
atticc,6,5899,0,0,0,0,0,0,0,0,0,0,0,0
attiladerkluge,21,41378,0,0,0,0,0,0,0,0,0,0,0,0
auc_ua,2,3200,0,0,0,0,0,0,0,0,0,0,0,0
auf1tv,2097,120101979,0,0,0,0,0,0,0,0,0,0,0,0
augsburglive,1,189,0,0,0,0,0,0,0,0,0,0,0,0
aunkeretg,56,2366120,0,0,0,0,0,0,0,0,0,0,0,0
aupch_dnr,1,512,0,0,0,0,0,0,0,0,0,0,0,0
auraxchan,18,8011,0,0,0,0,0,0,0,0,0,0,0,0
aurenchik,44,81693,0,0,0,0,0,0,0,0,0,0,0,0
aurora812alert,16,14431,0,0,0,0,0,0,0,0,0,0,0,0
aurora_media,73,570810,7,0,0,0,0,0,40835,0,0,0,0,0
aurora_network,18,91979,0,0,0,0,0,0,0,0,0,0,0,0
aurora_radio,34,92789,0,0,0,0,0,0,0,0,0,0,0,0
ausguck,38,262130,3,0,0,0,0,0,20640,0,0,0,0,0
australiafreedomrallyupdates,38,55528,0,0,0,0,0,0,0,0,0,0,0,0
autosportcomru,15,8397,0,0,0,0,0,0,0,0,0,0,0,0
av_moor,11,45734,0,0,0,0,0,0,0,0,0,0,0,0
av_uss,15,22788,0,0,0,0,0,0,0,0,0,0,0,0
avantguardia,17,128590,1,0,0,0,0,0,5780,0,0,0,0,0
avanturistlive,23,267390,0,0,0,0,0,0,0,0,0,0,0,0
avaria30,30,153760,0,0,0,0,0,0,0,0,0,0,0,0
avatkov,50,1614335,2,0,0,0,0,0,79400,0,0,0,0,0
avatodaykurdi,18,7764,0,0,0,0,0,0,0,0,0,0,0,0
avaye_shahr_alborz,1,355,0,0,0,0,0,0,0,0,0,0,0,0
avayegharb_ir,35,6069,0,0,0,0,0,0,0,0,0,0,0,0
avayeiranian,33,14638,0,0,0,0,0,0,0,0,0,0,0,0
avayshahr,82,38070,0,0,0,0,0,0,0,0,0,0,0,0
avbogomaz,30,749460,1,0,0,0,0,0,23900,0,0,0,0,0
avdeechkrysa,10,15350,0,0,0,0,0,0,0,0,0,0,0,0
avdeev_o_vazhnom,2,1276,0,0,0,0,0,0,0,0,0,0,0,0
avdiyivka,5,5733,0,0,0,0,1,0,0,0,0,0,773,0
avemeliodas_tg,24,47767,2,0,0,0,0,0,3410,0,0,0,0,0
averbukh_ilya,18,78158,0,0,0,0,0,0,0,0,0,0,0,0
avia_news_ru,41,5817,0,0,0,0,0,0,0,0,0,0,0,0
aviachatchannel,13,26979,0,0,0,0,0,0,0,0,0,0,0,0
aviaincident,46,171468,0,0,0,0,0,0,0,0,0,0,0,0
aviapro1,18,92230,0,0,0,0,0,0,0,0,0,0,0,0
avmazur,1,91,0,0,0,0,0,0,0,0,0,0,0,0
avonmugis,9,24760,0,0,0,0,0,0,0,0,0,0,0,0
avonri_a,11,30125,0,0,0,0,0,0,0,0,0,0,0,0
avpaliy76,5,2836,0,0,0,0,0,0,0,0,0,0,0,0
avretouchinglab,16,6298,0,0,0,0,0,0,0,0,0,0,0,0
avtocard,6,3965,0,0,0,0,0,0,0,0,0,0,0,0
avtonomorg,7,2968,0,0,0,0,0,0,0,0,0,0,0,0
avtopautina,5,1392,0,0,0,0,0,0,0,0,0,0,0,0
avtoradioru,51,203566,0,0,0,0,0,0,0,0,0,0,0,0
avtrusovaofficial,167,21982700,0,0,0,0,0,0,0,0,0,0,0,0
avvablog,40,226149,0,0,0,0,0,0,0,0,0,0,0,0
avvesasha,18,140138,0,0,0,0,0,0,0,0,0,0,0,0
awaken_dragon,49,490199,2,0,0,0,0,0,2114,0,0,0,0,0
awakened_144000,48,48302,0,0,0,0,0,0,0,0,0,0,0,0
awrminlucifer,23,10248,0,0,0,0,0,0,0,0,0,0,0,0
axborot247,31,10272,0,0,0,0,0,0,0,0,0,0,0,0
axborot_shopirlar,330,1428684,0,0,0,0,0,0,0,0,0,0,0,0
axborot_xizmati,10,44928,0,0,0,0,0,0,0,0,0,0,0,0
axborotxizmati,30,37615,0,0,0,0,0,0,0,0,0,0,0,0
axborotyangiliklari,481,2455344,0,0,0,0,0,0,0,0,0,0,0,0
ayboltay,1,41,0,0,0,0,0,0,0,0,0,0,0,0
aydaaan,7,9817,1,0,0,0,0,0,723,0,0,0,0,0
aydatuda,17,13471,0,0,0,0,0,0,0,0,0,0,0,0
ayeletshaked1,15,12476,0,0,0,0,0,0,0,0,0,0,0,0
ayman680,33,1189800,0,0,0,0,0,0,0,0,0,0,0,0
aysor,35,10247,0,0,0,0,0,0,0,0,0,0,0,0
azadliqkanali,20,7465,0,0,0,0,0,0,0,0,0,0,0,0
azagitova_official,29,1098730,0,0,0,0,0,0,0,0,0,0,0,0
azakonodatel,19,11603,1,0,0,0,0,0,842,0,0,0,0,0
azar_anjoman,20,18715,0,0,0,0,0,0,0,0,0,0,0,0
azarijahromi,41,1995910,0,0,0,0,0,0,0,0,0,0,0,0
azattyq,18,23010,0,0,0,0,0,0,0,0,0,0,0,0
azattyq_ruhy,37,9086,1,0,0,0,0,0,65,0,0,0,0,0
azatutyuntv,31,102867,0,0,0,0,0,0,0,0,0,0,0,0
azatyutun,38,171610,3,0,0,0,2,0,8940,0,0,0,10040,0
azcgp,1,707,0,0,0,0,0,0,0,0,0,0,0,0
azerbaijan724,19,13648,0,0,0,0,0,0,0,0,0,0,0,0
azerbaycan62,105,6074,3,0,0,0,0,0,82,0,0,0,0,0
azertacnews,1,143,0,0,0,0,0,0,0,0,0,0,0,0
azgiperssilkaru,1,36,0,0,0,0,0,0,0,0,0,0,0,0
azkaru_1,20,41110,0,0,0,0,0,0,0,0,0,0,0,0
aznews_ws,2,0,0,0,0,0,0,0,0,0,0,0,0,0
azotnyi,15,41325,0,0,0,0,0,0,0,0,0,0,0,0
azov_novosti_sobitiya,11,16118,0,0,0,0,0,0,0,0,0,0,0,0
azov_sobytiya,14,35100,0,0,0,0,0,0,0,0,0,0,0,0
azov_v_kyrse,19,32486,0,0,0,0,0,0,0,0,0,0,0,0
azxeber1,20,9767,0,0,0,0,0,0,0,0,0,0,0,0
b_gorod,18,13056,0,0,0,0,0,0,0,0,0,0,0,0
b_u_l_o_c_h_k_a,25,76092,1,0,0,0,0,0,2890,0,0,0,0,0
bab_nata,20,66008,0,0,0,0,0,0,0,0,0,0,0,0
babaiga,8,28359,0,0,0,0,0,0,0,0,0,0,0,0
babakgha,39,238310,0,0,0,0,0,0,0,0,0,0,0,0
babaycalls,3,11700,0,0,0,0,0,0,0,0,0,0,0,0
babchenko77,238,9815040,16,0,0,0,0,0,694500,0,0,0,0,0
babel,150,2168800,4,0,0,0,0,0,68100,0,0,0,0,0
babeltower2,52,235100,10,0,0,0,1,0,44590,0,0,0,4680,0
babin_56,9,27822,1,0,0,0,0,0,288,0,0,0,0,0
babkalavka,88,2897530,0,0,0,0,0,0,0,0,0,0,0,0
babkin_prestol,2,21580,0,0,0,0,0,0,0,0,0,0,0,0
bablinaas,8,17319,0,0,0,0,0,0,0,0,0,0,0,0
babr24,129,146764,4,0,0,0,0,0,5688,0,0,0,0,0
babr_mash,45,703820,0,0,0,0,0,0,0,0,0,0,0,0
babushkin30,6,20410,0,0,0,0,0,0,0,0,0,0,0,0
backside_gomel,20,6339,0,0,0,0,0,0,0,0,0,0,0,0
badassonly,1,2300,0,0,0,0,0,0,0,0,0,0,0,0
badmads,29,1337900,0,0,0,0,0,0,0,0,0,0,0,0
badphrase,51,759150,0,0,0,0,0,0,0,0,0,0,0,0
baekiks,2,829,0,0,0,0,0,0,0,0,0,0,0,0
baganayeva,2,1208,0,0,0,0,0,0,0,0,0,0,0,0
bagdodim_news,11,9733,0,0,0,0,0,0,0,0,0,0,0,0
bagirov,31,26859,0,0,0,0,0,0,0,0,0,0,0,0
bagramyan26,2012,26808932,51,0,1,0,0,0,670040,0,14100,0,0,0
bagramyan266,6,20460,0,0,0,0,0,0,0,0,0,0,0,0
bagrylia_tg,3,7790,1,0,0,0,0,0,2190,0,0,0,0,0
bahmutnews,18,208120,3,0,0,0,0,0,34080,0,0,0,0,0
baigenews_kz,48,14971,2,0,0,0,0,0,207,0,0,0,0,0
baikalnofilters,28,281680,0,0,0,0,0,0,0,0,0,0,0,0
baikalquake,29,933099,0,0,0,0,0,0,0,0,0,0,0,0
baimanoffline,20,22288,0,0,0,0,0,0,0,0,0,0,0,0
bairachnyi,19,4187,0,0,0,0,0,0,0,0,0,0,0,0
baitlv,1,1320,0,0,0,0,0,0,0,0,0,0,0,0
bajestan,23,74790,0,0,0,0,0,0,0,0,0,0,0,0
bakhmut_life,755,542228,15,0,0,0,0,0,10916,0,0,0,0,0
bakinskiy_nord,20,12306,1,0,0,0,0,0,1140,0,0,0,0,0
baku_es,2149,46879843,0,0,0,0,0,0,0,0,0,0,0,0
balaganoffnews,171,1138591,0,0,0,0,0,0,0,0,0,0,0,0
balahnalive,1,6300,0,0,0,0,0,0,0,0,0,0,0,0
balakleyamer,57,165179,1,0,0,0,0,0,3150,0,0,0,0,0
balakovo_sluh,40,446400,0,0,0,0,0,0,0,0,0,0,0,0
balakovo_sobitie,42,433322,1,0,0,0,0,0,11000,0,0,0,0,0
balasheeha,14,393,0,0,0,0,0,0,0,0,0,0,0,0
balashikha_life,7,17500,0,0,0,0,0,0,0,0,0,0,0,0
baldebut,13,53743,0,0,0,0,0,0,0,0,0,0,0,0
baldfrombrowser,18,36909,0,0,0,0,0,0,0,0,0,0,0,0
balerinskiyebudni,22,147630,0,0,0,0,0,0,0,0,0,0,0,0
balgabaev_rinat,49,968580,0,0,0,0,0,0,0,0,0,0,0,0
balistyka,1,364,0,0,0,0,0,0,0,0,0,0,0,0
balkan_spy,7,18999,0,0,0,0,0,0,0,0,0,0,0,0
balkanossiper,33,407039,3,0,0,0,0,0,22319,0,0,0,0,0
balkar_hychin,18,22061,0,0,0,0,0,0,0,0,0,0,0,0
balmasheva_marina,20,58377,0,0,0,0,0,0,0,0,0,0,0,0
balt4post,27,298940,0,0,0,0,0,0,0,0,0,0,0,0
balti_online,14,36150,0,0,0,0,0,0,0,0,0,0,0,0
balticbookworms,6,8151,0,0,0,0,0,0,0,0,0,0,0,0
baltictea,17,25332,0,0,0,0,0,0,0,0,0,0,0,0
balticvision,1,3,0,0,0,0,0,0,0,0,0,0,0,0
baltiknews,1,21,0,0,0,0,0,0,0,0,0,0,0,0
baltnews,16,13401,0,0,0,0,0,0,0,0,0,0,0,0
baluevama,10,46130,0,0,0,0,0,0,0,0,0,0,0,0
balzac_balzac,26,71326,1,0,0,0,0,0,3190,0,0,0,0,0
bameiran2017,3,76,0,0,0,0,0,0,0,0,0,0,0,0
bamway,46,1832000,0,0,0,0,0,0,0,0,0,0,0,0
banalitypower,20,40382,0,0,0,0,0,0,0,0,0,0,0,0
bananoviygarem,4,7850,0,0,0,0,0,0,0,0,0,0,0,0
bananshina,23,460940,0,0,0,0,0,0,0,0,0,0,0,0
bandergood,4,26410,0,0,0,0,0,0,0,0,0,0,0,0
banditskayasamara,11,24895,0,0,0,0,0,0,0,0,0,0,0,0
bangpoint,103,177096,2,0,0,0,0,0,2032,0,0,0,0,0
bankiitubiki,12,19538,0,0,0,0,0,0,0,0,0,0,0,0
bankrotnews,40,196300,0,0,0,0,0,0,0,0,0,0,0,0
bantuanprihatinnasionalmy,6,17590,0,0,0,0,0,0,0,0,0,0,0,0
bapaxlo,27,18914,0,0,0,0,0,0,0,0,0,0,0,0
baptisthistory,16,40322,0,0,0,0,0,0,0,0,0,0,0,0
baraholka_yeysk,4,4778,0,0,0,0,0,0,0,0,0,0,0,0
barak_3,2,478,0,0,0,0,0,0,0,0,0,0,0,0
barakholka32,84,1832340,1,0,0,0,0,0,36400,0,0,0,0,0
barane_kavir,547,545378,0,0,0,0,0,0,0,0,0,0,0,0
baranova_dary,7,9510,0,0,0,0,0,0,0,0,0,0,0,0
baranovmovie,77,424254,0,0,0,0,0,0,0,0,0,0,0,0
barantchik,68,663119,5,0,0,0,1,0,59170,0,0,0,3330,0
baray_irann,51,178416,0,0,0,0,0,0,0,0,0,0,0,0
barbie_at_war,5,27640,0,0,0,0,0,0,0,0,0,0,0,0
bardonata,2,0,0,0,0,0,0,0,0,0,0,0,0,0
barguzin24,30,29726,0,0,0,0,0,0,0,0,0,0,0,0
barimtach,30,12828,0,0,0,0,0,0,0,0,0,0,0,0
barnaul,2,242,0,0,0,0,0,0,0,0,0,0,0,0
barnaul22official,59,3724,0,0,0,0,0,0,0,0,0,0,0,0
barnaul_region,16,29489,0,0,0,0,0,0,0,0,0,0,0,0
barrashikliza,86,5272800,0,0,0,0,0,0,0,0,0,0,0,0
barsikYT,36,324600,0,0,0,0,0,0,0,0,0,0,0,0
barvina,10,53100,0,0,0,0,0,0,0,0,0,0,0,0
baryshnya_shutit,8,18022,0,0,0,0,0,0,0,0,0,0,0,0
basechkaa,1,1010,0,0,0,0,0,0,0,0,0,0,0,0
basekz,56,788210,2,0,0,0,0,0,23300,0,0,0,0,0
bashbat02,14,5379,0,0,0,0,0,0,0,0,0,0,0,0
bashir_d,11,10779,0,0,0,0,0,0,0,0,0,0,0,0
bashk01,15,13762,0,0,0,0,0,0,0,0,0,0,0,0
bashkinalex,33,77545,1,0,0,0,0,0,2430,0,0,0,0,0
bashkortostan_tgnews,47,606060,1,0,0,0,0,0,17500,0,0,0,0,0
bashkortostan_vesti,10,134726,0,0,0,0,0,0,0,0,0,0,0,0
bashmedia,1,998,0,0,0,0,0,0,0,0,0,0,0,0
bashnyaSAO,2,22,0,0,0,0,0,0,0,0,0,0,0,0
bashtanka_now,13,7958,0,0,0,0,0,0,0,0,0,0,0,0
bashwhat,10,2754,0,0,0,0,0,0,0,0,0,0,0,0
basij_lp,7,7445,0,0,0,0,0,0,0,0,0,0,0,0
basijut_ir,13,41290,0,0,0,0,0,0,0,0,0,0,0,0
basirnewss,2,6,0,0,0,0,0,0,0,0,0,0,0,0
basket_plus,2,398,0,0,0,0,0,0,0,0,0,0,0,0
baskovnikolay,48,823820,0,0,0,0,0,0,0,0,0,0,0,0
basmakbo98,20,18082,0,0,0,0,0,0,0,0,0,0,0,0
bastakieh,4,68,0,0,0,0,0,0,0,0,0,0,0,0
bastiongr,15,192040,0,0,0,0,0,0,0,0,0,0,0,0
batayskgorod,5,8024,0,0,0,0,0,0,0,0,0,0,0,0
batayskoe_vremya,8,9795,0,0,0,0,0,0,0,0,0,0,0,0
batken1,3,28680,0,0,0,0,0,0,0,0,0,0,0,0
batmanburada,34,99379,0,0,0,0,0,0,0,0,0,0,0,0
batrtimur,16,93015,0,0,0,0,0,0,0,0,0,0,0,0
batsmanalesia,25,166003,2,0,0,0,0,0,6190,0,0,0,0,0
batt_terek,13,10347,0,0,0,0,1,0,0,0,0,0,720,0
battleyeblog,12,19926,0,0,0,0,0,0,0,0,0,0,0,0
batumchik,7,11800,0,0,0,0,0,0,0,0,0,0,0,0
batya_rastyajki,39,83473,2,0,0,0,0,0,3830,0,0,0,0,0
batyaoffc,11,664400,0,0,0,0,0,0,0,0,0,0,0,0
batyaorekhovchannel,6,18870,0,0,0,0,0,0,0,0,0,0,0,0
baunovhaus,40,749740,1,0,0,0,0,0,26800,0,0,0,0,0
bavyrin_dabb,1,2280,0,0,0,0,0,0,0,0,0,0,0,0
baxmalliklar365,37,42811,0,0,0,0,0,0,0,0,0,0,0,0
bayraktar1070,65,1622390,2,0,0,0,0,0,29700,0,0,0,0,0
bayraktar_javelin_ua,14,415,0,0,0,0,0,0,0,0,0,0,0,0
bayrep,11,43340,0,0,0,0,0,0,0,0,0,0,0,0
bayroqdor,31,121460,0,0,0,0,0,0,0,0,0,0,0,0
baza34,22,26436,0,0,0,0,0,0,0,0,0,0,0,0
bazabazon,3839,1925462283,103,0,0,11,0,0,51623499,0,0,5458200,0,0
bazaestate,14,39690,0,0,0,0,0,0,0,0,0,0,0,0
bazarnews_official,39,21907,0,0,0,0,0,0,0,0,0,0,0,0
bazhenowLife,22,113060,0,0,0,0,0,0,0,0,0,0,0,0
bazovskaya_adv,1,24,0,0,0,0,0,0,0,0,0,0,0,0
baztabnewz,16,10957,0,0,0,0,0,0,0,0,0,0,0,0
bbarahoev,20,35140,1,0,0,0,0,0,1630,0,0,0,0,0
bbbelgorod,28,268800,0,0,0,0,0,0,0,0,0,0,0,0
bbbreaking,17417,8488293263,221,1,0,11,1,0,104595998,534000,0,5223700,491000,0
bbc_cnbc,5,833,0,0,0,0,0,0,0,0,0,0,0,0
bbc_khm,57,357848,0,0,0,1,0,0,0,0,0,9500,0,0
bbcbrasil,42,77634,0,0,0,0,0,0,0,0,0,0,0,0
bbcnews30,20,1967,0,0,0,0,0,0,0,0,0,0,0,0
bbcnews99,20,44939,0,0,0,0,0,0,0,0,0,0,0,0
bbcpersian,12259,845556355,0,0,0,0,0,0,0,0,0,0,0,0
bbcrussian,6380,449579994,150,0,0,38,3,0,10695500,0,0,2819200,192200,0
bbcukrainian,93,994310,5,0,0,0,0,0,52470,0,0,0,0,0
bbdcw,1,3100,0,0,0,0,0,0,0,0,0,0,0,0
bbqofc,4,472,0,0,0,0,0,0,0,0,0,0,0,0
bc04563,11,2757,0,0,0,0,0,0,0,0,0,0,0,0
bcnencomu,15,10726,0,0,0,0,0,0,0,0,0,0,0,0
bcsoyuz,35,587060,0,0,0,0,0,0,0,0,0,0,0,0
bdtprb,3995,256604433,45,0,0,3,0,0,3013100,0,0,179900,0,0
beINSPORTS_official,4,118400,0,0,0,0,0,0,0,0,0,0,0,0
bear007,120,1031400,5,0,0,0,1,0,49440,0,0,0,8130,0
beatbarenboim,13,44640,0,0,0,0,0,0,0,0,0,0,0,0
beautiful_mom_speaking,47,844870,0,0,0,0,0,0,0,0,0,0,0,0
beauty_apocalypsee,5,6,0,0,0,0,0,0,0,0,0,0,0,0
beb_ukr,1,2100,0,0,0,0,0,0,0,0,0,0,0,0
because_fuck_you_thats_why,2,2100,0,0,0,0,0,0,0,0,0,0,0,0
beepower,1,682,0,0,0,0,0,0,0,0,0,0,0,0
before_and_afterward,10,22297,0,0,0,0,0,0,0,0,0,0,0,0
begovoy_sokol,7,353,0,0,0,0,0,0,0,0,0,0,0,0
begunini_blog,34,60239,0,0,0,0,0,0,0,0,0,0,0,0
behdasht_kmu,1,551,0,0,0,0,0,0,0,0,0,0,0,0
behindtheukrainiannews,11,31780,2,0,0,0,0,0,11630,0,0,0,0,0
being_human_rus,3,12635,0,0,0,0,0,0,0,0,0,0,0,0
beiunsinhamburg,18,63675,1,0,0,0,0,0,4010,0,0,0,0,0
bekadobriy,17,56068,0,0,0,0,0,0,0,0,0,0,0,0
bekhzodjalilov,12,19850,0,0,0,0,0,0,0,0,0,0,0,0
bekobodhayoti,322,1678881,0,0,0,0,0,0,0,0,0,0,0,0
bektemirhokimligi,1,228,0,0,0,0,0,0,0,0,0,0,0,0
bel31online,43,308004,0,0,0,0,0,0,0,0,0,0,0,0
bel_24,1,0,0,0,0,0,0,0,0,0,0,0,0,0
bel_lemon,34,76822,0,0,0,0,0,0,0,0,0,0,0,0
bel_podrobnosti,3,2115,0,0,0,0,0,0,0,0,0,0,0,0
beladm31,3,534,0,0,0,0,0,0,0,0,0,0,0,0
belakowitsch,17,38169,0,0,0,0,0,0,0,0,0,0,0,0
belamova,286,2450786,4,0,0,1,0,0,35530,0,0,38700,0,0
belarus242424,25,29121,4,0,0,0,0,0,4940,0,0,0,0,0
belarus_abc,8,4488,0,0,0,0,0,0,0,0,0,0,0,0
belarus_lite,20,8432,0,0,0,0,0,0,0,0,0,0,0,0
belarus_news_onlinerby,15,1024,0,0,0,0,0,0,0,0,0,0,0,0
belarus_tg_news,67,453981,0,0,0,0,0,0,0,0,0,0,0,0
belarusian_silovik,88,12959040,1,0,0,0,0,0,166000,0,0,0,0,0
belarusin,7,7265,0,0,0,0,0,0,0,0,0,0,0,0
belaruskatopit,1,0,0,0,0,0,0,0,0,0,0,0,0,0
belaruski_chas,2,3700,0,0,0,0,0,0,0,0,0,0,0,0
belaruski_gajun,2,27800,0,0,0,0,0,0,0,0,0,0,0,0
belaruskidom,4,6726,0,0,0,0,0,0,0,0,0,0,0,0
belaruspolls,27,28347,0,0,0,0,0,0,0,0,0,0,0,0
belarussays,1,0,0,0,0,0,0,0,0,0,0,0,0,0
belarusseichas,42,33801,0,0,0,0,0,0,0,0,0,0,0,0
belarustractors_official,9,18932,0,0,0,0,0,0,0,0,0,0,0,0
belarusy_zarubezhja,1,375,0,0,0,0,0,0,0,0,0,0,0,0
belaseit,4,1220,0,0,0,0,0,0,0,0,0,0,0,0
belg_news,14,2306,0,0,0,0,0,0,0,0,0,0,0,0
belgorod01,1841,80928492,12,0,0,6,0,0,537300,0,0,249600,0,0
belgorod01help,1,2370,0,0,0,0,0,0,0,0,0,0,0,0
belgorod01people,27,166498,0,0,0,0,0,0,0,0,0,0,0,0
belgorod_go31,27,85500,0,0,0,0,0,0,0,0,0,0,0,0
belgorod_informant,66,480120,0,0,0,2,0,0,0,0,0,16480,0,0
belgorod_novosti31,43,12477,0,0,0,0,0,0,0,0,0,0,0,0
belgorodvesti,42,47522,0,0,0,0,0,0,0,0,0,0,0,0
belgorodwork,7,14782,0,0,0,0,0,0,0,0,0,0,0,0
belgorpost,68,1147520,1,0,0,0,0,0,11500,0,0,0,0,0
belgrade_in_blue,10,6812,0,0,0,0,0,0,0,0,0,0,0,0
belguber,1,4,0,0,0,0,0,0,0,0,0,0,0,0
belka0509,16,5352,0,0,0,0,0,0,0,0,0,0,0,0
belladonnamiloslavskayaa,137,4796020,1,0,0,0,0,0,23000,0,0,0,0,0
bellerissima,14,145770,0,0,0,0,0,0,0,0,0,0,0,0
bellochkin,17,172470,0,0,0,0,0,0,0,0,0,0,0,0
belnews_belgorod,35,98282,0,0,0,0,0,0,0,0,0,0,0,0
belnewsby1,29,109653,1,0,0,0,0,0,4190,0,0,0,0,0
belnovostiby,6,339,0,0,0,0,0,0,0,0,0,0,0,0
beloedelo,19,18805,0,0,0,0,0,0,0,0,0,0,0,0
belogaifedor,19,388240,1,0,0,0,0,0,20600,0,0,0,0,0
belogor_info,1,937,0,0,0,0,0,0,0,0,0,0,0,0
belogorskinfo,19,14603,0,0,0,0,0,0,0,0,0,0,0,0
belogorsklife,2,3110,0,0,0,0,0,0,0,0,0,0,0,0
belorusskih1love,23,22217,0,0,0,0,0,0,0,0,0,0,0,0
belousov_andrei,5,83839,0,0,0,0,0,0,0,0,0,0,0,0
belozerskoye,5,10870,0,0,0,0,0,0,0,0,0,0,0,0
belpressa,4,361,0,0,0,0,0,0,0,0,0,0,0,0
belradio_1,4,265,0,0,0,0,0,0,0,0,0,0,0,0
belrealt,3,5140,0,0,0,0,0,0,0,0,0,0,0,0
belregion_ru,3,577,0,0,0,0,0,0,0,0,0,0,0,0
belrusinfo,40,107624,0,0,0,0,0,0,0,0,0,0,0,0
belsat,81,150199,0,0,0,0,0,0,0,0,0,0,0,0
belskaya_yana,40,135329,0,0,0,0,0,0,0,0,0,0,0,0
belta_telegramm,287,1918327,0,0,0,0,0,0,0,0,0,0,0,0
belteanews,180,2250160,2,0,0,0,0,0,23200,0,0,0,0,0
beltinova,4,120,0,0,0,0,0,0,0,0,0,0,0,0
beluga3,8,218,0,0,0,0,0,0,0,0,0,0,0,0
belvestnik,30,23492,0,0,0,0,0,0,0,0,0,0,0,0
belwarriors,5,94330,0,0,0,0,0,0,0,0,0,0,0,0
belynichinews,1,125,0,0,0,0,0,0,0,0,0,0,0,0
belzhd_live,43,288312,2,0,0,0,0,0,17420,0,0,0,0,0
bendereturkmen,13,12884,0,0,0,0,0,0,0,0,0,0,0,0
benjaminfulford,13,129990,0,0,0,0,0,0,0,0,0,0,0,0
benkko_kot,2,414,0,0,0,0,0,0,0,0,0,0,0,0
benyash,17,38115,0,0,0,0,0,0,0,0,0,0,0,0
benzochronicles,3,652,0,0,0,0,0,0,0,0,0,0,0,0
benzokolonia,4,406,0,0,0,0,0,0,0,0,0,0,0,0
berdovaalena,364,6507093,1,0,0,0,0,0,13600,0,0,0,0,0
berdsk_online,56,261258,1,0,0,0,0,0,7800,0,0,0,0,0
berdyansk_occ,23,235380,0,0,0,0,0,0,0,0,0,0,0,0
berdyansk_ru,20,167474,0,0,0,0,0,0,0,0,0,0,0,0
berdyanskru,17,26996,0,0,0,0,0,0,0,0,0,0,0,0
beregofic,99,1277880,4,0,0,0,1,0,55610,0,0,0,15800,0
beremo_i_robymo,10,27120,0,0,0,0,0,0,0,0,0,0,0,0
berezaby,4,5196,0,0,0,0,0,0,0,0,0,0,0,0
berezniki_sluh,49,461980,0,0,0,0,0,0,0,0,0,0,0,0
berezniki_sobitie,49,599700,0,0,0,0,0,0,0,0,0,0,0,0
berezoview,340,11813967,10,0,0,1,0,0,348400,0,0,38900,0,0
beriyalav,52,39290,2,0,0,0,0,0,2200,0,0,0,0,0
berlogastore,2,461,0,0,0,0,0,0,0,0,0,0,0,0
berriaegunkaria,20,42524,0,0,0,0,0,0,0,0,0,0,0,0
bers9,27,223640,0,0,1,0,0,0,0,0,6060,0,0,0
bershad_sos,3,3870,0,0,0,0,0,0,0,0,0,0,0,0
bersreview,27,331770,0,0,0,0,0,0,0,0,0,0,0,0
beruniy_news,9,3790,0,0,0,0,0,0,0,0,0,0,0,0
beryslavru,13,8475,0,0,0,0,0,0,0,0,0,0,0,0
berzloy_akhmat,29,17235,0,0,0,0,0,0,0,0,0,0,0,0
bes_censor,1,16,0,0,0,0,0,0,0,0,0,0,0,0
besedergamur,1,333,0,0,0,0,0,0,0,0,0,0,0,0
besedkaizmail,4,25,0,0,0,0,0,0,0,0,0,0,0,0
beskompleksov,6,5665,0,0,0,0,0,0,0,0,0,0,0,0
bespirozhok,4,7430,0,0,0,0,0,0,0,0,0,0,0,0
bespredel_v_belarusi,14,107270,0,0,0,0,0,0,0,0,0,0,0,0
bessarabia_ua,26,203681,0,0,0,0,0,0,0,0,0,0,0,0
bessarabiainformcom,10,14936,0,0,0,0,0,0,0,0,0,0,0,0
bessimptomno,32,30309,2,0,0,0,0,0,2142,0,0,0,0,0
best_article,1167,500724,0,0,0,0,0,0,0,0,0,0,0,0
best_isp,30,403130,0,0,0,0,0,0,0,0,0,0,0,0
best_newss,9808,21405220,0,0,0,0,0,0,0,0,0,0,0,0
best_svao,15,13823,0,0,0,0,0,0,0,0,0,0,0,0
best_vao,52,46922,0,0,0,0,0,0,0,0,0,0,0,0
bestgirlfriendOM,6,21344,0,0,0,0,0,0,0,0,0,0,0,0
bestkadrovik01,20,36349,1,0,0,0,0,0,1450,0,0,0,0,0
betvc_voice,43,968900,0,0,0,0,0,0,0,0,0,0,0,0
bevirtuous,13,55420,0,0,0,0,0,0,0,0,0,0,0,0
bewareofthem,31,78236,0,0,0,0,0,0,0,0,0,0,0,0
bezDna3,18,6444,0,0,0,0,0,0,0,0,0,0,0,0
bez_svitla,10,526,0,0,0,0,0,0,0,0,0,0,0,0
bezbuldyrabyz,51,6107,1,0,0,0,0,0,48,0,0,0,0,0
bezfiltrov_show,7,36759,0,0,0,0,0,0,0,0,0,0,0,0
bezgal,2,81,0,0,0,0,0,0,0,0,0,0,0,0
bezhentsy,10,4220,0,0,0,0,0,0,0,0,0,0,0,0
bezopasnost112,6,42900,0,0,0,0,0,0,0,0,0,0,0,0
bezpechniyregion,1389,67485249,1,0,0,1,0,0,59000,0,0,54400,0,0
bezpechnyi_rayon,25,8133,0,0,0,0,0,0,0,0,0,0,0,0
bezrabotnyi,43,492726,3,0,0,0,0,0,26000,0,0,0,0,0
bezus88,23,43322,0,0,0,0,0,0,0,0,0,0,0,0
bfgfrentaall,4,628,0,0,0,0,0,0,0,0,0,0,0,0
bgoonline,17,15958,0,0,0,0,0,0,0,0,0,0,0,0
bgtodays,30,721400,0,0,0,0,0,0,0,0,0,0,0,0
bgvesti,1,191,0,0,0,0,0,0,0,0,0,0,0,0
biakicisoficial,20,125390,0,0,0,0,0,0,0,0,0,0,0,0
bib_32,9,13124,0,0,0,0,0,0,0,0,0,0,0,0
bibirevo_otradnoe,7,3270,0,0,0,0,0,0,0,0,0,0,0,0
bidari_com,16763,45154887,0,0,0,0,0,0,0,0,0,0,0,0
bidenhistime,4,1945,0,0,0,0,0,0,0,0,0,0,0,0
bidzhev,5,68,0,0,0,0,0,0,0,0,0,0,0,0
big3russia,29,248273,3,1,0,0,0,0,44800,4500,0,0,0,0
big_bad_evil_goldfish,3,6860,0,0,0,0,0,0,0,0,0,0,0,0
big_brother_oren,21,46735,0,0,0,0,0,0,0,0,0,0,0,0
big_eurasia,124,1321480,2,0,0,0,0,0,26000,0,0,0,0,0
big_kyiv,129,25913,0,0,0,0,1,0,0,0,0,0,216,0
bigbabykate,14,90960,0,0,0,0,0,0,0,0,0,0,0,0
bigbalashiha,1,853,0,0,0,0,0,0,0,0,0,0,0,0
bigboysgang,1,6760,0,0,0,0,0,0,0,0,0,0,0,0
bigbro_krd,33,275063,0,0,0,0,0,0,0,0,0,0,0,0
biggeek,26,1095700,1,0,0,0,0,0,36300,0,0,0,0,0
bigkross,22,43278,0,0,0,0,0,0,0,0,0,0,0,0
bigpencil,341,169506800,0,0,0,0,0,0,0,0,0,0,0,0
bigtransfer2024,38,1970516,4,0,0,0,0,0,128800,0,0,0,0,0
bihusinfo,17,108990,2,0,0,0,0,0,12770,0,0,0,0,0
bil_fury,30,78380,0,0,0,0,0,0,0,0,0,0,0,0
bilalerts,2,101,0,0,0,0,0,0,0,0,0,0,0,0
bilanofficial,49,1514170,0,0,0,0,0,0,0,0,0,0,0,0
bilatserkvatv,231,1472680,1,0,0,0,0,0,6120,0,0,0,0,0
bilimger,3,1067,0,0,0,0,0,0,0,0,0,0,0,0
billsix,16,5557,0,0,0,0,0,0,0,0,0,0,0,0
biloestbudet,18,25032,2,0,0,0,0,0,1063,0,0,0,0,0
bilohorodka_official,14,28053,0,0,0,0,0,0,0,0,0,0,0,0
bilopillya_info,61,143648,0,0,0,0,0,0,0,0,0,0,0,0
bilyayivkasos,13,10916,0,0,0,0,0,0,0,0,0,0,0,0
bimehmarkazii,20,51810,0,0,0,0,0,0,0,0,0,0,0,0
binanews,46,176010,0,0,0,0,0,0,0,0,0,0,0,0
binklbinkl,1,15,0,0,0,0,0,0,0,0,0,0,0,0
binodovna1,21,51061,0,0,0,0,0,0,0,0,0,0,0,0
bionic_russia,22,160960,1,0,0,0,0,0,2300,0,0,0,0,0
biovalor,6,4956,0,0,0,0,0,0,0,0,0,0,0,0
biphousetg,12,14577,0,0,0,0,0,0,0,0,0,0,0,0
bipolarkrom,1,51,0,0,0,0,0,0,0,0,0,0,0,0
birchpunkofficial,11,53920,0,0,0,0,0,0,0,0,0,0,0,0
birgeteksereik,2,88,0,0,0,0,0,0,0,0,0,0,0,0
birmanalex,34,759330,3,0,0,0,0,0,13250,0,0,0,0,0
birthrightarm,7,6961,0,0,0,0,0,0,0,0,0,0,0,0
biruly,19,9042,0,0,0,0,0,0,0,0,0,0,0,0
birykylia,4,0,0,0,0,0,0,0,0,0,0,0,0,0
bishnews,16,64822,0,0,0,0,0,0,0,0,0,0,0,0
bisto4news,25372,21594725,0,0,0,0,0,0,0,0,0,0,0,0
bit_times,10,660,0,0,0,0,0,0,0,0,0,0,0,0
bitard_671,9,12790,1,0,0,0,0,0,1530,0,0,0,0,0
bitarov_vz,21,475900,0,0,0,0,0,0,0,0,0,0,0,0
bitteltv,451,6068949,0,0,0,0,0,0,0,0,0,0,0,0
bitua,15,2431,0,0,0,0,0,0,0,0,0,0,0,0
biworkBMG,42,45886,0,0,0,0,0,0,0,0,0,0,0,0
biysk_sluh,49,575670,0,0,0,0,0,0,0,0,0,0,0,0
biysk_sobitie,50,664600,0,0,0,0,0,0,0,0,0,0,0,0
biz_live,2,1279,0,0,0,0,0,0,0,0,0,0,0,0
bizcensor,20,90427,0,0,0,0,0,0,0,0,0,0,0,0
bizlida,2,773,0,0,0,0,0,0,0,0,0,0,0,0
bizmag_online,19,627,0,0,0,0,0,0,0,0,0,0,0,0
bizon365,8,3821,0,0,0,0,0,0,0,0,0,0,0,0
biztvuz,2,77,0,0,0,0,0,0,0,0,0,0,0,0
bjork_hookah,2,1769,0,0,0,0,0,0,0,0,0,0,0,0
bjpforgujarat,20,16114,0,0,0,0,0,0,0,0,0,0,0,0
bkalitva_raiyon,6,412,0,0,0,0,0,0,0,0,0,0,0,0
bkamennews,14,209,1,0,0,0,0,0,25,0,0,0,0,0
bknovosti,1,153,0,0,0,0,0,0,0,0,0,0,0,0
bkuster,43,220570,0,0,0,0,0,0,0,0,0,0,0,0
black2white_official,19,14048,0,0,0,0,0,0,0,0,0,0,0,0
black_list_zt,24,11839,0,0,0,0,0,0,0,0,0,0,0,0
black_slipper,25,59692,1,0,0,0,0,0,3350,0,0,0,0,0
black_udm,12,34410,0,0,0,0,0,0,0,0,0,0,0,0
blackflag_ukraine,7,13710,1,0,0,0,0,0,1510,0,0,0,0,0
blacklampa,28,117950,0,0,0,0,0,0,0,0,0,0,0,0
blacklander,47,566200,0,0,0,0,0,0,0,0,0,0,0,0
blacklist2477,2656,257321259,9,0,0,6,1,0,874400,0,0,571900,91500,0
blacklist76,2,892,0,0,0,0,0,0,0,0,0,0,0,0
blacklist_of_vinn,256,2232981,10,0,0,0,0,0,83650,0,0,0,0,0
blackmalewhitefemale,1,3070,0,0,0,0,0,0,0,0,0,0,0,0
blackmamba_psy,8,39460,0,0,0,0,0,0,0,0,0,0,0,0
blackproduct,13,17545,2,0,0,0,0,0,3120,0,0,0,0,0
blackzemye,24,86480,0,0,0,0,0,0,0,0,0,0,0,0
bladerunnerblues,35,3342400,2,0,0,0,0,0,177800,0,0,0,0,0
blag_media,26,38469,1,0,0,0,0,0,907,0,0,0,0,0
blaupausetv,54,265368,0,0,0,0,0,0,0,0,0,0,0,0
blazerboe,2,1947,0,0,0,0,0,0,0,0,0,0,0,0
bledans_v_obraze,22,18884,0,0,0,0,0,0,0,0,0,0,0,0
bleibtstark,64,170591,0,0,0,0,0,0,0,0,0,0,0,0
bletgorod,75,1837060,0,0,0,0,0,0,0,0,0,0,0,0
bleynar_channel,20,3414,0,0,0,0,0,0,0,0,0,0,0,0
blindfatmeft,6,7425,0,0,0,0,0,0,0,0,0,0,0,0
blitzplus,54,252250,0,0,0,0,0,0,0,0,0,0,0,0
bllesseed,1,432,0,0,0,0,0,0,0,0,0,0,0,0
block_ru,23,706682,0,0,0,0,1,0,0,0,0,0,2320,0
blogMarreti,15,31670,0,0,0,0,0,0,0,0,0,0,0,0
blog_andychef,62,1423340,0,0,0,0,0,0,0,0,0,0,0,0
blog_inzhenera,21,27656,1,0,0,0,0,0,482,0,0,0,0,0
blog_muzhika,20,113038,0,0,0,0,0,0,0,0,0,0,0,0
blog_vladivostok,173,557462,1,0,0,0,0,0,3250,0,0,0,0,0
blogarmandof,16,6293,0,0,0,0,0,0,0,0,0,0,0,0
bloger_tut,5,2726,0,0,0,0,0,0,0,0,0,0,0,0
blogerstan,592,4951514,1,0,0,0,0,0,4590,0,0,0,0,0
blogeruzofficial,1,0,0,0,0,0,0,0,0,0,0,0,0,0
bloggerlar_ittifoqi,15,1593,0,0,0,0,0,0,0,0,0,0,0,0
bloggermedium,6,714,0,0,0,0,0,0,0,0,0,0,0,0
bloggggggggggggg,2,6,0,0,0,0,0,0,0,0,0,0,0,0
blogmejdunog,9,13396,1,0,0,0,0,0,1320,0,0,0,0,0
blogmexico,13,18543,0,0,0,0,0,0,0,0,0,0,0,0
blogodel,597,2347184,0,0,0,0,0,0,0,0,0,0,0,0
blogsobyanin,24,940470,0,0,0,0,0,0,0,0,0,0,0,0
blogsostenible,2,441,0,0,0,0,0,0,0,0,0,0,0,0
blogstrajj,5,602,0,0,0,0,0,0,0,0,0,0,0,0
bloknot_morozovsk,20,20853,0,0,0,0,0,0,0,0,0,0,0,0
bloknot_rostov,28,49704,1,0,0,0,0,0,2400,0,0,0,0,0
bloknot_star,84,3304260,0,0,0,0,0,0,0,0,0,0,0,0
bloknot_stavropol,62,695875,2,0,0,0,0,0,18290,0,0,0,0,0
bloknot_taganrog,44,218893,0,0,0,0,0,0,0,0,0,0,0,0
bloknot_tambov_68,15,7988,0,0,0,0,0,0,0,0,0,0,0,0
bloknot_vdonsk,56,7517,2,0,0,0,0,0,330,0,0,0,0,0
bloknot_vlg,12,25960,0,0,0,0,0,0,0,0,0,0,0,0
bloknot_volzhsky,9,3924,0,0,0,0,0,0,0,0,0,0,0,0
bloknot_vrn,73,916728,1,0,0,0,0,0,3090,0,0,0,0,0
bloknotkrasnodar,7,3297,0,0,0,0,0,0,0,0,0,0,0,0
bloknotmd,16,12606,0,0,0,0,0,0,0,0,0,0,0,0
bloknotsochi,2,0,0,0,0,0,0,0,0,0,0,0,0,0
blondy_girl_1,3,296,0,0,0,0,0,0,0,0,0,0,0,0
bloodxglass,2,4120,0,0,0,0,0,0,0,0,0,0,0,0
bloodysx,5289,1013391299,195,0,0,7,4,0,37171400,0,0,1237000,742000,0
bloom_tomabloom,14,129820,0,0,0,0,0,0,0,0,0,0,0,0
bloomberg,101,4427800,0,0,0,0,0,0,0,0,0,0,0,0
bloomberg_ru,21,21912,0,0,0,0,0,0,0,0,0,0,0,0
bloommus,8,25840,0,0,0,0,0,0,0,0,0,0,0,0
bloptop,68,275758,0,0,0,0,0,0,0,0,0,0,0,0
bluepillar,6,1434,0,0,0,0,0,0,0,0,0,0,0,0
blueskyuz,17,20044,0,0,0,0,0,0,0,0,0,0,0,0
blueskyxnblog,16,70470,0,0,0,0,0,0,0,0,0,0,0,0
bluganews,8,53320,0,0,0,0,0,0,0,0,0,0,0,0
bluntmedia,16,33430,0,0,0,0,0,0,0,0,0,0,0,0
bmamadiev,40,165460,0,0,0,0,0,0,0,0,0,0,0,0
bmpd_cast,19,214370,0,0,0,0,0,0,0,0,0,0,0,0
bmpiter,4,477,0,0,0,0,0,0,0,0,0,0,0,0
bmrada,92,1495360,0,0,0,0,0,0,0,0,0,0,0,0
bnetanyahu,34,962140,0,0,0,0,0,0,0,0,0,0,0,0
bnkbel,46,154405,0,0,0,0,0,0,0,0,0,0,0,0
bnonews,37,175319,0,0,0,0,0,0,0,0,0,0,0,0
bntuby,6,4806,0,0,0,0,0,0,0,0,0,0,0,0
bo_kanal,25,37545,2,0,0,0,0,0,1559,0,0,0,0,0
bobkina8,1,1370,0,0,0,0,0,0,0,0,0,0,0,0
bobolord,30,138890,2,0,0,0,0,0,13170,0,0,0,0,0
bobrmr,14,26810,0,0,0,0,0,0,0,0,0,0,0,0
bobruisknews,1,53,0,0,0,0,0,0,0,0,0,0,0,0
bobryshevanina,1,21,0,0,0,0,0,0,0,0,0,0,0,0
boburakmalov,51,1394490,0,0,0,0,0,0,0,0,0,0,0,0
boburmansurov1,45,5245600,0,0,0,0,0,0,0,0,0,0,0,0
bochkala_war,79,520105,0,0,1,0,0,0,0,0,3240,0,0,0
boduma32,2,1047,0,0,0,0,0,0,0,0,0,0,0,0
bodyasaur69,17,36000,0,0,0,0,0,0,0,0,0,0,0,0
boerovaya,6,339,0,0,0,0,0,0,0,0,0,0,0,0
bogdandevisu,7,8600,0,0,0,0,0,0,0,0,0,0,0,0
bogdanlisevskii,40,619790,0,0,0,0,0,0,0,0,0,0,0,0
bogdee,24,74366,0,0,0,0,0,0,0,0,0,0,0,0
bogemasranaya,46,190658,0,0,0,0,0,0,0,0,0,0,0,0
bogggtanya,6,8832,0,0,0,0,0,0,0,0,0,0,0,0
bogorodskiy360,11,11311,0,0,0,0,0,0,0,0,0,0,0,0
bohdan_kytsak,30,33759,0,0,0,0,0,0,0,0,0,0,0,0
boilerroomchannel,1043,114703158,111,0,1,1,0,0,12521600,0,108100,93800,0,0
bokunochera,34,302530,0,0,0,0,0,0,0,0,0,0,0,0
bolgovandrey,1,6400,0,0,0,0,0,0,0,0,0,0,0,0
bolkunets1,31,53560,3,0,0,0,0,0,3180,0,0,0,0,0
bolotova1175,7,95,0,0,0,0,0,0,0,0,0,0,0,0
bolshegruz40rus,54,3514200,0,0,0,0,0,0,0,0,0,0,0,0
bolshenews,622,10832701,5,0,0,3,0,0,91300,0,0,62900,0,0
bolshie_nadezhdi,16,68009,0,0,0,0,0,0,0,0,0,0,0,0
bolshiepushki,819,79655171,8,0,0,1,0,0,592700,0,0,106000,0,0
boltovnya_brunetki,2,36,0,0,0,0,0,0,0,0,0,0,0,0
bombora,7,15364,0,0,0,0,0,0,0,0,0,0,0,0
bondartss,32,156920,0,0,0,0,0,0,0,0,0,0,0,0
bondmerche,1,121,0,0,0,0,0,0,0,0,0,0,0,0
bonsunews,3,4330,0,0,0,0,0,0,0,0,0,0,0,0
bookfairyyyy,1,970,0,0,0,0,0,0,0,0,0,0,0,0
books_ya,6,0,0,0,0,0,0,0,0,0,0,0,0,0
bookswithklishin,40,250820,1,0,0,0,0,0,6140,0,0,0,0,0
bor_by,1,312,0,0,0,0,0,0,0,0,0,0,0,0
bordernights,42,90450,0,0,0,0,0,0,0,0,0,0,0,0
borik_officially,80,2872370,0,0,0,0,0,0,0,0,0,0,0,0
boris_rozhin,20846,3082301283,299,0,17,62,32,2,44719400,0,2657500,9127300,4827400,359500
borischernyshov,14,176940,1,0,0,0,0,0,10300,0,0,0,0,0
borisenkoD,105,3605080,1,0,0,0,0,0,43100,0,0,0,0,0
boriskorchevnikov,170,4912870,8,0,0,0,0,0,264700,0,0,0,0,0
borismyachin,15,105290,1,0,0,0,0,0,5810,0,0,0,0,0
borispol_org_ua,20,23477,0,0,0,0,0,0,0,0,0,0,0,0
borisyavorsky,12,13367,0,0,0,0,0,0,0,0,0,0,0,0
boritko,11,22091,0,0,0,0,0,0,0,0,0,0,0,0
borkasm,4,7910,0,0,0,0,0,0,0,0,0,0,0,0
borodatayaba,59,507890,7,0,0,0,0,0,61070,0,0,0,0,0
borodina_blog,30,1368100,0,0,0,0,0,0,0,0,0,0,0,0
borodylia0803,1637,440037900,16,0,0,0,0,0,3957500,0,0,0,0,0
boroshnonews,12,21490,1,0,0,0,0,0,1650,0,0,0,0,0
borotba,1,12,0,0,0,0,0,0,0,0,0,0,0,0
borschtut,8,9356,1,0,0,0,0,0,1300,0,0,0,0,0
borshtatiana,6,38050,0,0,0,0,0,0,0,0,0,0,0,0
bortMi8,2,3040,0,0,0,0,0,0,0,0,0,0,0,0
bort_01,22,62929,0,0,0,0,0,0,0,0,0,0,0,0
borusio,115,2541330,2,0,0,1,0,0,40700,0,0,12000,0,0
borys_filatovv,82,4042750,3,0,0,2,0,0,144700,0,0,133600,0,0
boryslavrada,25,63340,0,0,0,0,0,0,0,0,0,0,0,0
boryspil_peremoga,11,11325,0,0,0,0,0,0,0,0,0,0,0,0
boryspilinfo,172,880469,0,0,0,0,0,0,0,0,0,0,0,0
boryspilnews,33,275243,0,0,0,0,0,0,0,0,0,0,0,0
bostonliqmurojatlari,2,7000,0,0,0,0,0,0,0,0,0,0,0,0
botbanditnews,29,396380,0,0,0,0,0,0,0,0,0,0,0,0
botcharov,1075,110680197,16,0,0,3,2,0,1633300,0,0,332300,245000,0
botsman_ua,46,220854,0,0,0,0,0,0,0,0,0,0,0,0
boudoirr,21,24281,0,0,0,0,0,0,0,0,0,0,0,0
boulevard_ring,105,347901,0,0,0,0,0,0,0,0,0,0,0,0
bovtznaet,20,366600,0,0,0,0,0,0,0,0,0,0,0,0
box_37,24,53658,3,0,0,0,0,0,5260,0,0,0,0,0
boyarovayulya,22,1334700,0,0,0,0,0,0,0,0,0,0,0,0
boyars7,8,92780,0,0,0,0,0,0,0,0,0,0,0,0
boysunaxborotxizmati,2,878,0,0,0,0,0,0,0,0,0,0,0,0
bozhenabozhenabozhena,47,1226820,1,0,0,0,0,0,5010,0,0,0,0,0
bp_dn,29,52724,0,0,0,0,0,0,0,0,0,0,0,0
bponline,138,3561760,0,0,0,0,0,0,0,0,0,0,0,0
bptaze,19,14011,0,0,0,0,0,0,0,0,0,0,0,0
bpthaber,7455,328744790,0,0,0,0,0,0,0,0,0,0,0,0
br1anm7ps,53,76474297,0,0,0,0,0,0,0,0,0,0,0,0
br_vorchun,17,21081,0,0,0,0,0,0,0,0,0,0,0,0
brada021,5,8314,0,0,0,0,0,0,0,0,0,0,0,0
brai_sa,22,515440,0,0,0,0,0,0,0,0,0,0,0,0
bramomusterpenis,4,26630,0,0,0,0,0,0,0,0,0,0,0,0
brasil247oficial,22,3222,0,0,0,0,0,0,0,0,0,0,0,0
brasilparalelooficial,147,418757,0,0,0,0,0,0,0,0,0,0,0,0
bratsk_sluh,49,531140,0,0,0,0,0,0,0,0,0,0,0,0
bratsk_sobitie,50,615600,0,0,0,0,0,0,0,0,0,0,0,0
bravolara,24,109423,1,0,0,0,0,0,3140,0,0,0,0,0
brd2022slavaUA,25,73948,0,0,0,0,0,0,0,0,0,0,0,0
brd24_official,19,47510,0,0,0,0,1,0,0,0,0,0,2760,0
brdVP,26,411280,0,0,0,0,0,0,0,0,0,0,0,0
brd_nash,31,127441,0,0,0,0,0,0,0,0,0,0,0,0
brd_zavtra,5,2027,0,0,0,0,0,0,0,0,0,0,0,0
brdnews,36,145349,3,0,0,0,0,0,16060,0,0,0,0,0
brdvzp,4,8710,0,0,0,0,0,0,0,0,0,0,0,0
brdwar,27,85018,0,0,0,0,0,0,0,0,0,0,0,0
breaking911,41,680250,0,0,0,0,0,0,0,0,0,0,0,0
breaking_vtv,3,2411,0,0,0,0,0,0,0,0,0,0,0,0
breakingmadme,22,111350,0,0,0,0,0,0,0,0,0,0,0,0
breakingmash,5916,5388704100,125,0,1,18,1,0,111274500,0,950000,16368600,980000,0
breakingteam,2,799,0,0,0,0,0,0,0,0,0,0,0,0
breakingtrends,64,196955,0,0,0,0,0,0,0,0,0,0,0,0
breakonthrough,4,7500,0,0,0,0,0,0,0,0,0,0,0,0
breathemoscow,1,727,0,0,0,0,0,0,0,0,0,0,0,0
brekotins,92,4114,3,0,0,0,0,0,106,0,0,0,0,0
brestcity,9,9809,0,0,0,0,0,0,0,0,0,0,0,0
bri_life,13,8368,0,0,0,0,0,0,0,0,0,0,0,0
brianlovethailand,40,415010,0,0,0,0,0,0,0,0,0,0,0,0
bridge_ew,31,3767400,0,0,0,0,0,0,0,0,0,0,0,0
brieflylife,11,24400,0,0,0,0,0,0,0,0,0,0,0,0
briefspb,1,121,0,0,0,0,0,0,0,0,0,0,0,0
brienjames,1,14,0,0,0,0,0,0,0,0,0,0,0,0
brigadaulichka,24,284370,0,0,0,0,0,0,0,0,0,0,0,0
brigadayasno,10,491,0,0,0,0,0,0,0,0,0,0,0,0
brigade128,6,64020,0,0,0,0,0,0,0,0,0,0,0,0
briqsya,20,1856,0,0,0,0,0,0,0,0,0,0,0,0
brisbanefreedomrallyupdates,26,3576,0,0,0,0,0,0,0,0,0,0,0,0
britishpolitics,39,209486,0,0,0,0,2,0,0,0,0,0,5300,0
brmnntuz,2,785,0,0,0,0,0,0,0,0,0,0,0,0
brnl01,154,569546,1,0,0,0,0,0,4100,0,0,0,0,0
bro_revisor,238,6068745,1,0,0,0,0,0,33200,0,0,0,0,0
brodetsky_2,22,55820,0,0,0,0,0,0,0,0,0,0,0,0
brokefc,72,339556,0,0,0,0,0,0,0,0,0,0,0,0
brooklyner,15,768,1,0,0,0,0,0,46,0,0,0,0,0
brosok_mangusta_Z,5,1791,0,0,0,0,0,0,0,0,0,0,0,0
brosok_petra,37,1498,0,0,0,0,0,0,0,0,0,0,0,0
brother_junior,7,3137,2,0,0,0,0,0,684,0,0,0,0,0
brovarytoday,18,56840,0,0,0,0,0,0,0,0,0,0,0,0
brozabrata,88,298934,2,0,0,0,1,0,10250,0,0,0,1190,0
brsmlive,15,19205,0,0,0,0,0,0,0,0,0,0,0,0
brunnosarttori,2,21500,0,0,0,0,0,0,0,0,0,0,0,0
brusko_ru,25,116420,0,0,0,0,0,0,0,0,0,0,0,0
brussinf,65,1937230,2,0,0,0,0,0,45900,0,0,0,0,0
bryansk_typical,3,23830,0,0,0,0,0,0,0,0,0,0,0,0
brysnichnyduh,2,566,0,0,0,0,0,0,0,0,0,0,0,0
bsindiaofficial,403,1186107,0,0,0,0,0,0,0,0,0,0,0,0
bskgram,11,19280,0,0,0,0,0,0,0,0,0,0,0,0
bssuz,24,36866,0,0,0,0,0,0,0,0,0,0,0,0
bst_rb,21,3759,3,0,0,0,0,0,598,0,0,0,0,0
bstagner,33,481190,0,0,0,0,0,0,0,0,0,0,0,0
btr80,267,5299350,9,0,1,0,1,0,177800,0,19200,0,33500,0
bu911,23,66780,0,0,0,0,0,0,0,0,0,0,0,0
bubblegunshownews,7,19350,0,0,0,0,0,0,0,0,0,0,0,0
bucha_city,35,34839,0,0,0,0,0,0,0,0,0,0,0,0
bucha_live,530,4182694,8,0,0,1,0,0,61120,0,0,7560,0,0
bud_jacket,15,115470,0,0,0,0,0,0,0,0,0,0,0,0
buddagrishna,1226,9297140,47,0,0,0,2,0,348870,0,0,0,14330,0
budem_bambit,14,174350,0,0,0,0,0,0,0,0,0,0,0,0
budennovsk_news,10,1827,0,0,0,0,0,0,0,0,0,0,0,0
budmaydan,3,1475,1,0,0,0,0,0,444,0,0,0,0,0
budni_belogorsk,15,10851,0,0,0,0,0,0,0,0,0,0,0,0
budniby,1,73,0,0,0,0,0,0,0,0,0,0,0,0
budnil,14,23392,0,0,0,0,0,0,0,0,0,0,0,0
budnisantehnlka,19,250820,0,0,0,0,0,0,0,0,0,0,0,0
budrooo_news,17,11080,1,0,0,0,0,0,420,0,0,0,0,0
budva_td,32,165320,0,0,0,0,0,0,0,0,0,0,0,0
buerak_vsegda_anshlag,21,72960,0,0,0,0,0,0,0,0,0,0,0,0
bufetspeakout,12,32040,0,0,0,0,0,0,0,0,0,0,0,0
buftype,18,63180,2,0,0,0,0,0,5900,0,0,0,0,0
bugulgazeta,2,112,0,0,0,0,0,0,0,0,0,0,0,0
bugulma,11,11959,0,0,0,0,0,0,0,0,0,0,0,0
bugungi_xabarlar,2,2230,0,0,0,0,0,0,0,0,0,0,0,0
bugunrasmiy,349,722236,0,0,0,0,0,0,0,0,0,0,0,0
bugunuz,53,312690,0,0,0,0,0,0,0,0,0,0,0,0
buhani,12,12992,1,0,0,0,0,0,2310,0,0,0,0,0
buhcomua,21,38812,0,0,0,0,0,0,0,0,0,0,0,0
buhonlineru,29,145229,1,0,0,0,0,0,4270,0,0,0,0,0
buinovofficial,30,24423,1,0,0,0,0,0,621,0,0,0,0,0
buinsknews,1,204,0,0,0,0,0,0,0,0,0,0,0,0
buka_news,7,17210,0,0,0,0,0,0,0,0,0,0,0,0
buka_tuman_hokimligi,5,4204,0,0,0,0,0,0,0,0,0,0,0,0
bukazoed_channel,4,7693,0,0,0,0,0,0,0,0,0,0,0,0
bulatnikovo,10,15390,0,0,0,0,0,0,0,0,0,0,0,0
buldj,19,343590,0,0,0,0,0,0,0,0,0,0,0,0
bulkin_live,595,135639700,0,0,0,0,0,0,0,0,0,0,0,0
bulletin_vrachihi,3,27760,0,0,0,0,0,0,0,0,0,0,0,0
bullshitnevis,44,198360,0,0,0,0,0,0,0,0,0,0,0,0
bulolajii,8,2525,0,0,0,0,0,0,0,0,0,0,0,0
bulungurliklar,7,19130,0,0,0,0,0,0,0,0,0,0,0,0
bulvarBaku,30,38378,1,0,0,0,0,0,820,0,0,0,0,0
bumaznayaZmeya,9,5462,0,0,0,0,0,0,0,0,0,0,0,0
bumba_bumba,19,9548,0,0,0,0,0,0,0,0,0,0,0,0
bumermedia,4,2850,0,0,0,0,0,0,0,0,0,0,0,0
bundeskanzlerRU,9,45470,2,0,0,0,0,0,12300,0,0,0,0,0
buninskieluga_MoyDom,11,10031,0,0,0,0,0,0,0,0,0,0,0,0
bunker_polit,3,7280,0,0,0,0,0,0,0,0,0,0,0,0
buntariy,1,132000,0,0,0,0,0,0,0,0,0,0,0,0
bupsikittytelegram,2,61,0,0,0,0,0,0,0,0,0,0,0,0
burassr,4,5741,0,0,0,0,0,0,0,0,0,0,0,0
burchakostida,87,649882,0,0,0,0,0,0,0,0,0,0,0,0
burgutuzb,57,842980,0,0,0,0,0,0,0,0,0,0,0,0
burimovasasha,35,786700,2,0,0,0,0,0,51200,0,0,0,0,0
burmalkreed,22,295800,0,0,0,0,0,0,0,0,0,0,0,0
burmatoff,28,215140,0,0,0,0,0,0,0,0,0,0,0,0
burnchill,37,68952,0,0,0,0,0,0,0,0,0,0,0,0
burnerpa,17,7556,1,0,0,0,0,0,688,0,0,0,0,0
burnout_life,2,0,0,0,0,0,0,0,0,0,0,0,0,0
burnpatriarchyburn,25,35663,3,0,0,0,0,0,5560,0,0,0,0,0
buro174,10,8413,0,0,0,0,0,0,0,0,0,0,0,0
buro_vn,505,2070993,20,0,1,0,0,0,84870,0,4460,0,0,0
buroics_taxi,19,45532,0,0,0,0,0,0,0,0,0,0,0,0
burokrat_politika,41,289570,1,0,0,0,0,0,6330,0,0,0,0,0
burrowingowl,25,139714,0,0,0,0,0,0,0,0,0,0,0,0
burtonJ,7,36400,0,0,0,0,0,0,0,0,0,0,0,0
buryatia_online_official,48,156814,1,0,0,0,0,0,489,0,0,0,0,0
buryatia_tgnews,52,687960,0,0,0,0,0,0,0,0,0,0,0,0
buryatiaofficial,34,26999,1,0,0,0,0,0,104,0,0,0,0,0
busargin_r,30,1497340,1,0,0,0,0,0,4300,0,0,0,0,0
busfahrerthomas,22,40649,0,0,0,0,0,0,0,0,0,0,0,0
bushidozho,51,2604500,0,0,0,0,0,0,0,0,0,0,0,0
business21ve,1,814,0,0,0,0,0,0,0,0,0,0,0,0
business_info_platform,1,0,0,0,0,0,0,0,0,0,0,0,0,0
businessclassnews,3,1369,0,0,0,0,0,0,0,0,0,0,0,0
businessgazeta,14,91130,1,0,0,0,0,0,8220,0,0,0,0,0
businesssecrets,38,81192,2,0,0,0,0,0,1209,0,0,0,0,0
busru,8,2675,0,0,0,0,0,0,0,0,0,0,0,0
buss_mca,15,1884,0,0,0,0,0,0,0,0,0,0,0,0
butovo2,8,27449,1,0,0,0,0,0,4110,0,0,0,0,0
butovo7,16,37719,0,0,0,1,0,0,0,0,0,3260,0,0
butovo_life,12,18321,0,0,0,0,0,0,0,0,0,0,0,0
butovo_sherbinka,9,4375,0,0,0,0,0,0,0,0,0,0,0,0
butrimov,15,8872,0,0,0,0,0,0,0,0,0,0,0,0
butterfly_wings0,18,1750,0,0,0,0,0,0,0,0,0,0,0,0
buxaraofficial,21,14961,0,0,0,0,0,0,0,0,0,0,0,0
buxoro24uzb,35,366511,0,0,0,0,0,0,0,0,0,0,0,0
buxoroisharifuz,8,4106,0,0,0,0,0,0,0,0,0,0,0,0
buxorouz_official,255,1040912,0,0,0,0,0,0,0,0,0,0,0,0
buyanTime,1085,30300850,10,0,0,5,1,0,282200,0,0,140100,27100,0
buyrayon,14,7789,0,0,0,0,0,0,0,0,0,0,0,0
buzhnet,15,17779,0,0,0,0,0,0,0,0,0,0,0,0
buzulukvkurse,42,180178,0,0,0,0,0,0,0,0,0,0,0,0
buzzkini,37,6439,0,0,0,0,0,0,0,0,0,0,0,0
bviib,41,65683,0,0,0,0,0,0,0,0,0,0,0,0
bvk_mkr_vostochka,41,78650,0,0,0,0,0,0,0,0,0,0,0,0
bvsyt,28,452800,0,0,0,0,0,0,0,0,0,0,0,0
bw_mir,2,4500,0,0,0,0,0,0,0,0,0,0,0,0
bwlsimvol,15,34770,0,0,0,0,0,0,0,0,0,0,0,0
by136,14,150070,1,0,0,0,0,0,5630,0,0,0,0,0
by_alisenn,6,1224,0,0,0,0,0,0,0,0,0,0,0,0
by_dashalaw,21,11958,1,0,0,0,0,0,449,0,0,0,0,0
by_help,7,3248,0,0,0,0,0,0,0,0,0,0,0,0
by_partyzan,1,301,0,0,0,0,0,0,0,0,0,0,0,0
by_pit_stop,100,2335890,0,0,0,0,0,0,0,0,0,0,0,0
by_prosvet,1,282,0,0,0,0,0,0,0,0,0,0,0,0
byakavasyaka,24,129990,0,0,0,0,0,0,0,0,0,0,0,0
byauthervstihah,2,4850,0,0,0,0,0,0,0,0,0,0,0,0
bydeanon,4,2181,0,0,0,0,0,0,0,0,0,0,0,0
bydruemae,19,113070,0,0,0,0,0,0,0,0,0,0,0,0
bye_biden,103,2074273,3,0,0,0,1,0,54350,0,0,0,4650,0
byi_bizhy,12,13291,0,0,0,0,0,0,0,0,0,0,0,0
byiskros,22,20963,1,0,0,0,0,0,1080,0,0,0,0,0
bykae4ka,18,1810100,0,0,0,0,0,0,0,0,0,0,0,0
bykazan,12,35393,0,0,0,0,0,0,0,0,0,0,0,0
bykvu,88,198919,0,0,0,0,0,0,0,0,0,0,0,0
bymanasirdiana,10,5566,0,0,0,0,0,0,0,0,0,0,0,0
byowl,48,2453050,0,0,0,0,0,0,0,0,0,0,0,0
bysolli,27,210280,0,0,0,0,0,0,0,0,0,0,0,0
byurokrat_novosti,44,250169,3,0,0,0,0,0,12620,0,0,0,0,0
byxanikca,7,26537,0,0,0,0,0,0,0,0,0,0,0,0
byzova_m,46,583,0,0,0,0,0,0,0,0,0,0,0,0
byzovahouse,479,50945379,1,0,0,0,0,0,108000,0,0,0,0,0
bzhlife,7,1248,0,0,0,0,0,0,0,0,0,0,0,0
bzpasn,5,1659,0,0,0,0,0,0,0,0,0,0,0,0
c4mediachannel,17,6987,0,0,1,0,0,0,0,0,456,0,0,0
ca_cronos,17,780,0,0,0,0,0,0,0,0,0,0,0,0
cabarasia,4,2465,0,0,0,0,0,0,0,0,0,0,0,0
cafebrasil,27,4507,0,0,0,0,0,0,0,0,0,0,0,0
caffeebulluq,1,701,0,0,0,0,0,0,0,0,0,0,0,0
calcioesport360,35,10858,0,0,0,0,0,0,0,0,0,0,0,0
caldronpool,1,375,0,0,0,0,0,0,0,0,0,0,0,0
caliber_az_official,107,485133,3,0,0,1,0,0,17300,0,0,2500,0,0
calombour,3,106,0,0,0,0,0,0,0,0,0,0,0,0
calvinrobinson,31,20787,0,0,0,0,0,0,0,0,0,0,0,0
cama_yms,9,10048,0,0,0,0,0,0,0,0,0,0,0,0
camel74,28,14758,0,0,0,0,0,0,0,0,0,0,0,0
camon_edward,44,16083120,0,0,0,0,0,0,0,0,0,0,0,0
canadaimmigrationnews,20,6193,0,0,0,0,0,0,0,0,0,0,0,0
canal5informa,71,590800,0,0,0,0,0,0,0,0,0,0,0,0
canalPSOE,17,12441,0,0,0,0,0,0,0,0,0,0,0,0
canalartedaguerra,94,96962,0,0,0,0,0,0,0,0,0,0,0,0
canalccoo,7,19720,0,0,0,0,0,0,0,0,0,0,0,0
canalpabloiglesias,43,119690,0,0,0,0,0,0,0,0,0,0,0,0
candlesinthenight,23,318634,0,0,0,0,0,0,0,0,0,0,0,0
canigosomeplacefun,9,117270,0,0,0,0,0,0,0,0,0,0,0,0
cantfeelmyfashion,2,1001,0,0,0,0,0,0,0,0,0,0,0,0
caphard,57,865100,1,0,0,0,0,0,20800,0,0,0,0,0
capital_dfo,10,699,1,0,0,0,0,0,21,0,0,0,0,0
captain_falkas,9,11225,0,0,0,0,0,0,0,0,0,0,0,0
captainparker,1,105,0,0,0,0,0,0,0,0,0,0,0,0
carbatushka,7,520,0,0,0,0,0,0,0,0,0,0,0,0
cardiolognovikova,19,97500,0,0,0,0,0,0,0,0,0,0,0,0
carlosl_poesia,1,493,0,0,0,0,0,0,0,0,0,0,0,0
carpediemboys,7,720,0,0,0,0,0,0,0,0,0,0,0,0
cartacapitaloficial,20,5587,0,0,0,0,0,0,0,0,0,0,0,0
casa_jurnalistului,10,18975,0,0,0,0,0,0,0,0,0,0,0,0
casandooverbo,70,1041500,0,0,0,0,0,0,0,0,0,0,0,0
case212,21,18588,2,0,0,0,0,0,1993,0,0,0,0,0
casestatal,11,6096,0,0,0,0,0,0,0,0,0,0,0,0
cashkurs_dirk_mueller,13,2382,0,0,0,0,0,0,0,0,0,0,0,0
caspianlive,20,34096,1,0,0,0,0,0,2040,0,0,0,0,0
casusbellilive,34,73038,0,0,0,0,0,0,0,0,0,0,0,0
cat0news,16,118490,0,0,0,0,0,0,0,0,0,0,0,0
cat_of_skripal,20,170421,0,0,0,0,0,0,0,0,0,0,0,0
catalunyaTriomfant,1,13500,0,0,0,0,0,0,0,0,0,0,0,0
catars_is,7,3494,0,0,0,0,0,0,0,0,0,0,0,0
catheadekvat,2,2622,0,0,0,0,0,0,0,0,0,0,0,0
catherine_gridina,18,253490,0,0,0,0,0,0,0,0,0,0,0,0
cats_are_sacred,1,23,0,0,0,0,0,0,0,0,0,0,0,0
catseditor,10,12328,0,0,0,0,0,0,0,0,0,0,0,0
cbctvaz,72,51121,2,0,0,0,0,0,1605,0,0,0,0,0
cbnua,9,5819,0,0,0,0,0,0,0,0,0,0,0,0
cbs_help,25,79430,0,0,0,0,0,0,0,0,0,0,0,0
cccpfit,1,1570,0,0,0,0,0,0,0,0,0,0,0,0
cdtchinesefeed,28,41732,0,0,0,0,0,0,0,0,0,0,0,0
ce4ldre,24,66769,0,0,0,0,0,0,0,0,0,0,0,0
ceghakron_am,3,631,0,0,0,0,0,0,0,0,0,0,0,0
cegnc,19,288,0,0,0,0,0,0,0,0,0,0,0,0
ceh9forukraine,2,87,0,0,0,0,0,0,0,0,0,0,0,0
cek_info,17,589800,0,0,0,0,0,0,0,0,0,0,0,0
celeb_gossip,27,26271,0,0,0,0,0,0,0,0,0,0,0,0
celebelegan,5,3346,0,0,0,0,0,0,0,0,0,0,0,0
celebs_daily,8,1760,0,0,0,0,0,0,0,0,0,0,0,0
cemetery_partisan,4,4800,0,0,0,0,0,0,0,0,0,0,0,0
cenasreview,3,512,1,0,0,0,0,0,235,0,0,0,0,0
censor_net,5069,230545080,211,2,3,21,8,0,9350900,80600,129100,1080700,338600,0
centerUKR,194,3792900,3,0,0,0,0,0,66800,0,0,0,0,0
center_msp,3,862,0,0,0,0,0,0,0,0,0,0,0,0
centerasiastudy,38,122005,1,0,0,0,0,0,2230,0,0,0,0,0
centerkaf,26,1161180,0,0,0,0,0,0,0,0,0,0,0,0
central_adm_moscow,53,805740,0,0,0,0,0,0,0,0,0,0,0,0
centralbankuzbekistan,23,216450,0,0,0,0,0,0,0,0,0,0,0,0
centrdopomogy_vas_rayon,10,29192,0,0,0,0,0,0,0,0,0,0,0,0
centrmchsevent,17,10875,1,0,0,0,0,0,737,0,0,0,0,0
centrumnovum,66,53820,1,0,0,0,0,0,1100,0,0,0,0,0
cesaresacchetti,29,496150,0,0,0,0,0,0,0,0,0,0,0,0
cgpscmanthan,9,41240,0,0,0,0,0,0,0,0,0,0,0,0
cgrushcm,12,21851,1,0,0,0,0,0,976,0,0,0,0,0
chaadaevamaria,12,124550,0,0,0,0,0,0,0,0,0,0,0,0
chabanivskagromada,5,4126,1,0,0,0,0,0,663,0,0,0,0,0
chadayevru,62,2502000,5,0,0,0,0,0,172000,0,0,0,0,0
chainikorka,16,54251,0,0,0,0,0,0,0,0,0,0,0,0
chaltyr_online,12,14194,0,0,0,0,0,0,0,0,0,0,0,0
champagne_squirt,7,18710,0,0,0,0,0,0,0,0,0,0,0,0
channel24_ua,10048,440974446,116,0,1,40,7,2,4849500,0,45800,1788800,298000,97500
channel34ua,2,0,0,0,0,0,0,0,0,0,0,0,0,0
channel9528988888,121,969957,1,0,0,0,0,0,8510,0,0,0,0,0
channel_russia24,32,0,0,0,0,0,0,0,0,0,0,0,0,0
channelbel,8,2160,0,0,0,0,0,0,0,0,0,0,0,0
channelbpodcast,2,113300,0,0,0,0,0,0,0,0,0,0,0,0
channelmvf,10,6368,0,0,0,0,0,0,0,0,0,0,0,0
charleskrueger,1,158,0,0,0,0,0,0,0,0,0,0,0,0
charter97_org,194,2578953,1,0,0,0,0,0,16900,0,0,0,0,0
charter97org,7,104,0,0,0,0,0,0,0,0,0,0,0,0
chatBelitsalife,3,294,0,0,0,0,0,0,0,0,0,0,0,0
chatkaa,3,8240,1,0,0,0,0,0,1300,0,0,0,0,0
chb_brn,43,147010,0,0,0,0,0,0,0,0,0,0,0,0
cheRostov,22,75378,0,0,0,0,0,0,0,0,0,0,0,0
che_d_e,35,915360,2,0,0,0,0,0,54600,0,0,0,0,0
che_yar,2,2615,0,0,0,0,0,0,0,0,0,0,0,0
chebmedia,6,39030,0,0,0,0,0,0,0,0,0,0,0,0
chebnews,8,4509,0,0,0,0,0,0,0,0,0,0,0,0
chebotareva_elin,84,3373000,0,0,0,0,0,0,0,0,0,0,0,0
chebotarevlife,16,243080,0,0,0,0,0,0,0,0,0,0,0,0
cheboxaryi,104,231269,2,0,0,0,0,0,6850,0,0,0,0,0
chechencivukraine,18,94830,0,0,0,0,0,0,0,0,0,0,0,0
chechnya_tgnews,53,679250,1,0,0,0,0,0,6840,0,0,0,0,0
checity,27,246280,0,0,0,0,0,0,0,0,0,0,0,0
checkroom,48,670891,0,0,0,0,0,0,0,0,0,0,0,0
chedelat_event,21,32486,0,0,0,0,0,0,0,0,0,0,0,0
cheh_artur23,8,10403,0,0,0,0,0,0,0,0,0,0,0,0
chehlmahnews,13,6485,0,0,0,0,0,0,0,0,0,0,0,0
chehovvid,12,25075,0,0,0,0,0,0,0,0,0,0,0,0
chehrejahrom,11,2464,0,0,0,0,0,0,0,0,0,0,0,0
cheliabinsktop,16,100460,0,0,0,0,0,0,0,0,0,0,0,0
chelkashtheone,1,0,0,0,0,0,0,0,0,0,0,0,0,0
chelny_news1,3,802,0,0,0,0,0,0,0,0,0,0,0,0
chelny_online2019,38,709,1,0,0,0,0,0,31,0,0,0,0,0
chelny_onlinee,4,16080,0,0,0,0,0,0,0,0,0,0,0,0
chelnylife,8,20540,0,0,0,0,0,0,0,0,0,0,0,0
cheltodayru,19,12484,0,0,0,0,0,0,0,0,0,0,0,0
cheltvru,5,1095,0,0,0,0,0,0,0,0,0,0,0,0
chelyabinsk,15,36269,0,0,0,0,0,0,0,0,0,0,0,0
chelyabinsk01,21,63022,0,0,0,0,0,0,0,0,0,0,0,0
chemist_msu,11,82130,0,0,0,0,0,0,0,0,0,0,0,0
chenskyalex,38,381130,0,0,0,0,0,0,0,0,0,0,0,0
chepost,20,86370,0,0,0,0,0,0,0,0,0,0,0,0
chepsochi,11,15422,0,0,0,0,0,0,0,0,0,0,0,0
chepygi,2,1380,0,0,0,0,0,0,0,0,0,0,0,0
cherdakLA,3,174200,0,0,0,0,0,0,0,0,0,0,0,0
cheredov_NY,111,386723,0,0,0,0,0,0,0,0,0,0,0,0
cherkashchany,1,324,0,0,0,0,0,0,0,0,0,0,0,0
cherkaskaODA,1002,140452800,0,0,0,1,0,0,0,0,0,173000,0,0
cherkasovchannel,4,5454,0,0,0,0,0,0,0,0,0,0,0,0
cherkassynovyny,9,16640,0,0,0,0,0,0,0,0,0,0,0,0
cherkasy_rada,1,18,0,0,0,0,0,0,0,0,0,0,0,0
chernasovaa,30,255450,0,0,0,0,0,0,0,0,0,0,0,0
chernayavodolazka,2,2400,0,0,0,0,0,0,0,0,0,0,0,0
chernetsa,17,856598,0,0,0,0,0,0,0,0,0,0,0,0
chernhutor,25,1786580,0,0,0,0,0,0,0,0,0,0,0,0
chernigivskaODA,45,427850,3,0,0,0,0,0,29150,0,0,0,0,0
chernihiv_online,16,14370,0,0,0,0,0,0,0,0,0,0,0,0
chernihivtsi,3,2496,0,0,0,0,0,0,0,0,0,0,0,0
chernivchanyy,1,650,0,0,0,0,0,0,0,0,0,0,0,0
chernivetskaODA,19,113280,0,0,0,0,0,0,0,0,0,0,0,0
chernivtsi_ukr,33,47175,0,0,0,0,0,0,0,0,0,0,0,0
chernogaev,17,29088,0,0,0,0,0,0,0,0,0,0,0,0
chernovik,31,147413,1,0,0,0,0,0,3950,0,0,0,0,0
chernyakhiv_gromada,22,31403,0,0,0,0,0,0,0,0,0,0,0,0
chernye_ochki_novosti,21,24270,0,0,0,0,0,0,0,0,0,0,0,0
chernyicooperative,1,1200,0,0,0,0,0,0,0,0,0,0,0,0
chertamedia,20,85371,2,0,0,0,0,0,2420,0,0,0,0,0
chertamkr,33,227750,3,0,0,0,0,0,17060,0,0,0,0,0
chervenby,2,183,0,0,0,0,0,0,0,0,0,0,0,0
chervonec_001,19,20702,0,0,0,0,0,0,0,0,0,0,0,0
chervonenkoo,6,5547,0,0,0,0,0,0,0,0,0,0,0,0
chervonograd_mr,3,74,0,0,0,0,0,0,0,0,0,0,0,0
cheshire_tea,1,610,0,0,0,0,0,0,0,0,0,0,0,0
chesnakovbooks,3,6629,0,0,0,0,0,0,0,0,0,0,0,0
chesnokmedia,46,276389,1,0,0,0,0,0,787,0,0,0,0,0
chesnoqhere,14,98390,0,0,0,0,0,0,0,0,0,0,0,0
chestnome,1,592,0,0,0,0,0,0,0,0,0,0,0,0
chestny804,15,32581,1,0,0,0,0,0,381,0,0,0,0,0
chetosha,13,81320,0,0,0,0,0,0,0,0,0,0,0,0
chetverio,3,6880,0,0,0,0,0,0,0,0,0,0,0,0
chetvertavlada,2,1976,0,0,0,0,0,0,0,0,0,0,0,0
chetvyorka,2,0,0,0,0,0,0,0,0,0,0,0,0,0
chichardio,2,10300,0,0,0,0,0,0,0,0,0,0,0,0
chieftrumpster,26,23028,0,0,0,0,0,0,0,0,0,0,0,0
chikibambonypumpurmur,1,9890,0,0,0,0,0,0,0,0,0,0,0,0
childrenshd,41,465870,0,0,0,0,0,0,0,0,0,0,0,0
chilikto,2,7940,0,0,0,0,0,0,0,0,0,0,0,0
chillosophy,160,5371370,1,0,0,0,0,0,27000,0,0,0,0,0
china3army,9,33300,0,0,0,0,0,0,0,0,0,0,0,0
china_insider,8,5503,0,0,0,0,0,0,0,0,0,0,0,0
chinablogs,2,237,1,0,0,0,0,0,227,0,0,0,0,0
chinaindextg,17,10724,0,0,0,0,0,0,0,0,0,0,0,0
chinalogist_ru,1,18,0,0,0,0,0,0,0,0,0,0,0,0
chinapress_penang,5,101,0,0,0,0,0,0,0,0,0,0,0,0
chinaustigercowboy,8,13372,0,0,0,0,0,0,0,0,0,0,0,0
chinesetourism,2,1106,0,0,0,0,0,0,0,0,0,0,0,0
chinesetruth,2,11170,0,0,0,0,0,0,0,0,0,0,0,0
chinovnik_kz,50,505930,1,0,0,0,0,0,15400,0,0,0,0,0
chirchik,3,745,0,0,0,0,0,0,0,0,0,0,0,0
chiroqchi_press,6,4514,0,0,0,0,0,0,0,0,0,0,0,0
chispiration,1,211,0,0,0,0,0,0,0,0,0,0,0,0
chistopol_news,3,308,0,0,0,0,0,0,0,0,0,0,0,0
chistoprikol,36,12584,3,0,0,0,0,0,1315,0,0,0,0,0
chistyakovapolina,15,1301400,0,0,0,0,0,0,0,0,0,0,0,0
chita_region75,107,27431,1,0,0,0,0,0,277,0,0,0,0,0
chita_today,45,115634,0,0,0,0,0,0,0,0,0,0,0,0
chitago,16,3460,1,0,0,0,0,0,564,0,0,0,0,0
chitaru75,137,2692151,3,0,0,0,0,0,58800,0,0,0,0,0
chloefinfosofficiel,21,110940,0,0,0,0,0,0,0,0,0,0,0,0
chmarey,6,3485,0,0,0,0,0,0,0,0,0,0,0,0
cho_opyat,20,31734,0,0,0,0,0,0,0,0,0,0,0,0
choiceekb,3,3906,0,0,0,0,0,0,0,0,0,0,0,0
chongplus,3,142,0,0,0,0,0,0,0,0,0,0,0,0
chornomorsk,20,92820,1,0,0,0,0,0,5220,0,0,0,0,0
chortoqhokimligiuz,3,1503,0,0,0,0,0,0,0,0,0,0,0,0
chp26rus,48,346069,0,0,0,0,0,0,0,0,0,0,0,0
chp31,84,102030,2,0,0,0,0,0,2097,0,0,0,0,0
chp48dtp,22,48933,0,0,0,0,0,0,0,0,0,0,0,0
chp4e,74,310899,3,0,0,0,0,0,13330,0,0,0,0,0
chp_26stv,33,917850,0,0,0,0,0,0,0,0,0,0,0,0
chp_59_perm,108,3397750,3,0,0,0,0,0,85100,0,0,0,0,0
chp_First,13,27820,1,0,0,0,0,0,2330,0,0,0,0,0
chp_abh,17,60679,0,0,0,0,0,0,0,0,0,0,0,0
chp_armavir,1,1800,0,0,0,0,0,0,0,0,0,0,0,0
chp_chechenya,2,546,0,0,0,0,0,0,0,0,0,0,0,0
chp_cherkessk,16,43754,0,0,0,0,0,0,0,0,0,0,0,0
chp_chita,13,36465,0,0,0,0,0,0,0,0,0,0,0,0
chp_chus59,16,8205,0,0,0,0,0,0,0,0,0,0,0,0
chp_crimea,2884,293991527,17,0,0,1,1,0,1737960,0,0,132000,138000,0
chp_crimea82,14,3845,0,0,0,0,0,0,0,0,0,0,0,0
chp_ekb,12,25112,0,0,0,0,0,0,0,0,0,0,0,0
chp_hmao_ugra,257,175985,2,0,0,0,0,0,1521,0,0,0,0,0
chp_irkutsk,16,33929,0,0,0,0,0,0,0,0,0,0,0,0
chp_kavkaz,93,4414970,0,0,0,0,0,0,0,0,0,0,0,0
chp_kchr,18,125750,1,0,0,0,1,0,7240,0,0,0,5290,0
chp_krd,82,1341670,2,0,0,0,0,0,44700,0,0,0,0,0
chp_kzl,21,259380,0,0,0,0,0,0,0,0,0,0,0,0
chp_novoalexandrovsk,3,6262,0,0,0,0,0,0,0,0,0,0,0,0
chp_novokubansk,1,8300,0,0,0,0,0,0,0,0,0,0,0,0
chp_nv_86,33,247100,0,0,0,0,0,0,0,0,0,0,0,0
chp_ossetia,53,645230,0,0,0,0,0,0,0,0,0,0,0,0
chp_perm_kray,2,0,0,0,0,0,0,0,0,0,0,0,0,0
chp_piter,5,18140,0,0,0,0,0,0,0,0,0,0,0,0
chp_prm,17,61476,0,0,0,0,0,0,0,0,0,0,0,0
chp_rus24,53,575781,0,0,0,0,0,0,0,0,0,0,0,0
chp_samara,26,822580,0,0,0,0,0,0,0,0,0,0,0,0
chp_sev_crimea_82,19,30314,0,0,0,0,0,0,0,0,0,0,0,0
chp_sevastopol,181,25321300,2,0,0,0,0,0,353000,0,0,0,0,0
chp_show,10,24220,0,0,0,0,0,0,0,0,0,0,0,0
chp_simferopol,56,2695050,0,0,0,0,0,0,0,0,0,0,0,0
chp_sochi,146,14812491,3,0,0,0,0,0,275200,0,0,0,0,0
chp_tula,65,346815,0,0,0,0,0,0,0,0,0,0,0,0
chp_vld1,2,0,0,0,0,0,0,0,0,0,0,0,0,0
chp_yo,10,13538,0,0,0,0,0,0,0,0,0,0,0,0
chpachinsk,27,53106,1,0,0,0,0,0,3000,0,0,0,0,0
chpbelgorod,217,1122653,0,0,0,0,0,0,0,0,0,0,0,0
chpcheb,20,58240,1,0,0,0,0,0,1330,0,0,0,0,0
chpchecchnya,17,887,0,0,0,0,0,0,0,0,0,0,0,0
chpdn,9,2317,0,0,0,0,0,0,0,0,0,0,0,0
chpkansk,33,54732,2,0,0,0,0,0,5600,0,0,0,0,0
chpkchr_09,23,298340,0,0,0,0,0,0,0,0,0,0,0,0
chpkrasnodara,89,3311620,2,0,0,0,0,0,100700,0,0,0,0,0
chpmkp,6,10830,0,0,0,0,0,0,0,0,0,0,0,0
chpmoscow,4,6780,0,0,0,0,0,0,0,0,0,0,0,0
chpnalchik,48,900242,0,0,0,0,0,0,0,0,0,0,0,0
chpntv,14,184960,0,0,0,0,0,0,0,0,0,0,0,0
chprus1,22,60370,2,0,0,0,0,0,5120,0,0,0,0,0
chpsakhalin,30,139717,0,0,0,0,0,0,0,0,0,0,0,0
chpsaratov,9,12643,0,0,0,0,0,0,0,0,0,0,0,0
chpserpuhov,13,101940,0,0,0,0,0,0,0,0,0,0,0,0
chpsochi1,18,3457,0,0,0,0,0,0,0,0,0,0,0,0
chptskhinval,16,41167,0,0,0,0,0,0,0,0,0,0,0,0
chpulsk,52,1288240,0,0,0,0,0,0,0,0,0,0,0,0
chpvl,5,3555,0,0,0,0,0,0,0,0,0,0,0,0
chpvladik,77,2487550,0,0,0,0,0,0,0,0,0,0,0,0
chr1swav,35,1052720,0,0,0,0,0,0,0,0,0,0,0,0
chrdk,14,11023,0,0,0,0,0,0,0,0,0,0,0,0
chriskisskiss,8,5517,0,0,0,0,0,0,0,0,0,0,0,0
christiecharm,16,215870,0,0,0,0,0,0,0,0,0,0,0,0
christopherbvelez,7,6371,0,0,0,0,0,0,0,0,0,0,0,0
chroniques_conflit_ukraine,15,4648,0,0,0,0,0,0,0,0,0,0,0,0
chrtnv,36,1455000,0,0,0,0,0,0,0,0,0,0,0,0
chs_togliatti,38,31181,0,0,0,0,0,0,0,0,0,0,0,0
chtddd,2751,262763300,54,0,2,4,1,0,5224200,0,162200,358900,84800,0
chto_delat_2022,99,1490667,8,0,0,0,2,0,139470,0,0,0,31100,0
chto_gde_kogda_tv,23,433730,0,0,0,0,0,0,0,0,0,0,0,0
chto_vzyat_vb,23,38696,0,0,0,0,0,0,0,0,0,0,0,0
chtotamkaliningrad,11,11415,0,0,0,0,0,0,0,0,0,0,0,0
chudniv,22,34023,0,0,0,0,0,0,0,0,0,0,0,0
chudokyiv,60,145601,0,0,0,0,0,0,0,0,0,0,0,0
chuguev_today,2,4700,0,0,0,0,0,0,0,0,0,0,0,0
chuguevnews,8,18430,0,0,0,0,0,0,0,0,0,0,0,0
chuguevskayadmin,8,3866,0,0,0,0,0,0,0,0,0,0,0,0
chuguiv,2,2370,0,0,0,0,0,0,0,0,0,0,0,0
chuguyiv911,5,7829,0,0,0,0,0,0,0,0,0,0,0,0
chuhonjin,2,9290,0,0,0,0,0,0,0,0,0,0,0,0
chumaaaaaaa,6,411,0,0,0,0,0,0,0,0,0,0,0,0
churapchinsky,4,806,0,0,0,0,0,0,0,0,0,0,0,0
chuvak1337,33,329409,1,0,0,0,0,0,8109,0,0,0,0,0
chuvashia_tgnews,54,705750,0,0,0,0,0,0,0,0,0,0,0,0
chuvinform,1,1790,0,0,0,0,0,0,0,0,0,0,0,0
chvans,47,539639,1,0,0,0,0,0,16900,0,0,0,0,0
chvkmedia,75,123526,3,0,0,0,0,0,5070,0,0,0,0,0
chvteme,22,21028,1,0,0,0,0,0,919,0,0,0,0,0
cian_official,7,6226,0,0,0,0,0,0,0,0,0,0,0,0
cidbmy,29,37132,0,0,0,0,0,0,0,0,0,0,0,0
cikrossii,32,228020,0,0,0,0,0,0,0,0,0,0,0,0
cinsolite,19,59939,0,0,0,0,0,0,0,0,0,0,0,0
ciranien,3,2464,0,0,0,0,0,0,0,0,0,0,0,0
circassianren,4,4423,0,0,0,0,0,0,0,0,0,0,0,0
cirogomes,25,162845,0,0,0,0,0,0,0,0,0,0,0,0
citilink_official,33,217740,0,0,0,0,0,0,0,0,0,0,0,0
citizen_opinion,1,78,0,0,0,0,0,0,0,0,0,0,0,0
city1661,80,250925,2,0,0,0,0,0,8270,0,0,0,0,0
city16kazan,65,409090,0,0,0,0,0,0,0,0,0,0,0,0
city_maykop,1,2,0,0,0,0,0,0,0,0,0,0,0,0
city_vrn,43,159279,0,0,0,0,0,0,0,0,0,0,0,0
citycherkessk,4,1383,0,0,0,0,0,0,0,0,0,0,0,0
citydogby,10,6454,0,0,0,0,0,0,0,0,0,0,0,0
citykharkivua,14,41866,2,0,0,0,0,0,5080,0,0,0,0,0
citymaga,41,9667,3,0,0,0,0,0,743,0,0,0,0,0
cityopen,3,327,0,0,0,0,0,0,0,0,0,0,0,0
citysakhru,25,6373,0,0,0,0,0,0,0,0,0,0,0,0
cityspb,7,12010,0,0,0,0,0,0,0,0,0,0,0,0
ciudadanos_por_la_verdad,30,28192,0,0,0,0,0,0,0,0,0,0,0,0
civil_resistance_ekb,3,3960,0,0,0,0,0,0,0,0,0,0,0,0
civilnetv,20,13484,0,0,0,0,0,0,0,0,0,0,0,0
cknot,20,7564,0,0,0,0,0,0,0,0,0,0,0,0
ckt18,4,6470,0,0,0,0,0,0,0,0,0,0,0,0
classical_liberal,16,11235,0,0,0,0,0,0,0,0,0,0,0,0
classicalmusicnews,19,28217,0,0,0,0,0,0,0,0,0,0,0,0
clear8conscience,16,21565,0,0,0,0,0,0,0,0,0,0,0,0
clegauche,6,1588,0,0,0,0,0,0,0,0,0,0,0,0
cleochai,3,5670,0,0,0,0,0,0,0,0,0,0,0,0
click_uz,11,298430,0,0,0,0,0,0,0,0,0,0,0,0
cliffhangerchannel,18,25113,0,0,0,0,0,0,0,0,0,0,0,0
clinic_shafa_azarshahr,3,697,0,0,0,0,0,0,0,0,0,0,0,0
cloveri,10,4392,0,0,0,0,0,0,0,0,0,0,0,0
clownallcash,47,90278,0,0,0,0,0,0,0,0,0,0,0,0
clshnvrc,41,251010,0,0,0,0,0,0,0,0,0,0,0,0
club_shebekino,40,681460,0,0,0,0,0,0,0,0,0,0,0,0
clubboyz,12,38520,0,0,0,0,0,0,0,0,0,0,0,0
clubpravda,51,873190,1,0,0,1,2,0,28200,0,0,20000,26290,0
clubrf,2,7396,0,0,0,0,0,0,0,0,0,0,0,0
cmblog,13,5872,0,0,0,0,0,0,0,0,0,0,0,0
cn_chuguev_news,8,23130,0,0,0,0,0,0,0,0,0,0,0,0
cnalatest,864,66725200,0,0,0,0,0,0,0,0,0,0,0,0
cnlegal,4,2904,0,0,0,0,0,0,0,0,0,0,0,0
cnn_news01,6,742,0,0,0,0,0,0,0,0,0,0,0,0
coachpolishuk,32,115980,1,0,0,0,0,0,5480,0,0,0,0,0
coast51,24,10958,0,0,0,1,0,0,0,0,0,355,0,0
cockscublo,26,150840,0,0,0,0,0,0,0,0,0,0,0,0
cocktail_MR,2,365,0,0,0,0,0,0,0,0,0,0,0,0
codeseven_Z,46,20867,0,0,0,0,3,0,0,0,0,0,5050,0
coffee_Sukhum,22,137220,3,0,0,0,0,0,21370,0,0,0,0,0
coffee_notes,25,44679,2,0,0,0,0,0,4050,0,0,0,0,0
coffiYT,56,5233700,0,0,0,0,0,0,0,0,0,0,0,0
coldmannvox,44,99282,0,0,0,0,0,0,0,0,0,0,0,0
colonel_cassad,105,560234,4,0,0,0,0,0,17974,0,0,0,0,0
combat_cypress,99,12962400,1,0,0,0,0,0,133000,0,0,0,0,0
commerage,3,21790,0,0,0,0,0,0,0,0,0,0,0,0
commonscomua,13,17056,1,0,0,0,0,0,1230,0,0,0,0,0
competitionis,1,1300,0,0,0,0,0,0,0,0,0,0,0,0
compromatru,4,44460,0,0,0,0,0,0,0,0,0,0,0,0
comradepelevin,20,68948,0,0,0,0,0,0,0,0,0,0,0,0
comunecagliari,20,11559,0,0,0,0,0,0,0,0,0,0,0,0
comunelucca,47,273300,0,0,0,0,0,0,0,0,0,0,0,0
concordgroup_official,2,0,0,0,0,0,0,0,0,0,0,0,0,0
conflictszone,2,1221,0,0,0,0,0,0,0,0,0,0,0,0
cononovanail,6,148,0,0,0,0,0,0,0,0,0,0,0,0
cons_rembskorea,13,63280,0,0,0,0,0,0,0,0,0,0,0,0
conservative_ua,64,22237,0,0,0,0,1,0,0,0,0,0,11,0
conservochka,1,0,0,0,0,0,0,0,0,0,0,0,0,0
conspiracystreets,19,28377,0,0,0,0,0,0,0,0,0,0,0,0
consultashkent,15,27714,0,0,0,0,0,0,0,0,0,0,0,0
contextuz,2,1703,0,0,0,0,0,0,0,0,0,0,0,0
control_sigma,16,101951,0,0,0,0,0,0,0,0,0,0,0,0
cooking_by_eteri1,59,551305,1,0,0,0,0,0,3050,0,0,0,0,0
cooperanny,10,14945,0,0,0,0,0,0,0,0,0,0,0,0
copich,16,16971,0,0,0,0,0,0,0,0,0,0,0,0
copperhorn,20,116890,1,0,0,0,0,0,5990,0,0,0,0,0
copy_bara,39,173280,3,0,0,0,0,0,14250,0,0,0,0,0
cordannte,4,2641,0,0,0,0,0,0,0,0,0,0,0,0
corlive,4,4239,0,0,0,0,0,0,0,0,0,0,0,0
corona2019ncov,3,2421,0,0,0,0,0,0,0,0,0,0,0,0
corona_infokanal_bmg,129,3500230,0,0,0,0,0,0,0,0,0,0,0,0
corona_kyiv,2,239,0,0,0,0,0,0,0,0,0,0,0,0
coronairan1,5,2591,0,0,0,0,0,0,0,0,0,0,0,0
coronalive,57,1242310,0,0,0,0,0,0,0,0,0,0,0,0
coronaviridae_ua,1,201,0,0,0,0,0,0,0,0,0,0,0,0
coronavirus_stavropol,5,7205,0,0,0,0,0,0,0,0,0,0,0,0
coronawahrheit,49,76255,0,0,0,0,0,0,0,0,0,0,0,0
corrkosarev,32,89081,0,0,0,0,0,0,0,0,0,0,0,0
cottoncandynewsRus,25,1192,0,0,0,0,0,0,0,0,0,0,0,0
counterpropaganda20,15,11057,0,0,0,0,0,0,0,0,0,0,0,0
countryfreekherson,2,6,0,0,0,0,0,0,0,0,0,0,0,0
courier_fight,42,135842,4,0,0,0,0,0,12160,0,0,0,0,0
covid19bulgaria,16,12180,2,0,0,0,0,0,1369,0,0,0,0,0
cowrobochka,15,40030,1,0,0,0,0,0,1350,0,0,0,0,0
cpbelarus,34,506400,0,0,0,0,0,0,0,0,0,0,0,0
cprckkm,59,2892057,0,0,0,0,0,0,0,0,0,0,0,0
cpsip,3,58,0,0,0,0,0,0,0,0,0,0,0,0
craftysound1,37,252930,1,0,0,0,0,0,6000,0,0,0,0,0
crazy_hollywood,8,15720,0,0,0,0,0,0,0,0,0,0,0,0
crazylira_news,15,50829,0,0,0,0,0,0,0,0,0,0,0,0
crazypower1,30,45998,0,0,0,0,2,0,0,0,0,0,3370,0
crazyprophecies,54,5959300,3,0,0,0,0,1,271300,0,0,0,0,85600
crazysketches,8,21570,0,0,0,0,0,0,0,0,0,0,0,0
creanotes,22,29590,1,0,0,0,0,0,2120,0,0,0,0,0
createfreeaccount,7,6973,0,0,0,0,0,0,0,0,0,0,0,0
crfeed,1,16,0,0,0,0,0,0,0,0,0,0,0,0
cri_persian_china,52,28973,0,0,0,0,0,0,0,0,0,0,0,0
crimea24new,88,1917590,0,0,0,0,0,0,0,0,0,0,0,0
crimea_chp,97,1700453,0,0,0,0,0,0,0,0,0,0,0,0
crimea_onlinee,20,6409,0,0,0,0,0,0,0,0,0,0,0,0
crimea_operative,29,82891,0,0,0,0,0,0,0,0,0,0,0,0
crimea_tgnews,52,698890,0,0,0,0,0,0,0,0,0,0,0,0
crimeainform,37,121920,0,0,0,0,0,0,0,0,0,0,0,0
crimeanashe,7,1418,0,0,0,0,0,0,0,0,0,0,0,0
crimeanewscom,574,1298764,10,0,0,0,1,0,21152,0,0,0,2500,0
crimeanplatform,14,11107,0,0,0,0,0,0,0,0,0,0,0,0
crimearesorts,5,23360,0,0,0,0,0,0,0,0,0,0,0,0
crimeatru,17,102299,0,0,0,0,0,0,0,0,0,0,0,0
crimeaua1,3,738,0,0,0,0,0,0,0,0,0,0,0,0
crimesakh,116,355972,0,0,0,0,0,0,0,0,0,0,0,0
criminalbio,26,113260,2,0,0,0,0,0,10040,0,0,0,0,0
criminalru,190,14653800,31,0,0,0,0,0,2290400,0,0,0,0,0
criminalrusss,8,1315,0,0,0,0,0,0,0,0,0,0,0,0
crimsondigest,51,7647500,3,0,0,0,0,0,556000,0,0,0,0,0
crimyakutiaru,92,674102,0,0,0,0,0,0,0,0,0,0,0,0
cringeahoy,27,763940,0,0,0,0,0,0,0,0,0,0,0,0
crisisman,8,22893,0,0,0,0,0,0,0,0,0,0,0,0
crisispr,16,39660,0,0,0,0,0,0,0,0,0,0,0,0
cristianterhes,41,51870,0,0,0,0,0,0,0,0,0,0,0,0
crituk,108,1041837,3,0,0,0,1,0,37010,0,0,0,1120,0
crm_sochi,7,635,0,0,0,0,0,0,0,0,0,0,0,0
crow5s,20,8624,0,0,0,0,0,0,0,0,0,0,0,0
crrimea,18,21830,0,0,0,0,0,0,0,0,0,0,0,0
crypt0scamm,28,219560,0,0,0,0,0,0,0,0,0,0,0,0
cryptaplatonica,38,121310,0,0,0,0,0,0,0,0,0,0,0,0
crystalenergy,1,43,0,0,0,0,0,0,0,0,0,0,0,0
csrc_agency,19,47,1,0,0,0,0,0,3,0,0,0,0,0
csskatana,20,41523,0,0,0,0,0,0,0,0,0,0,0,0
ctotoznayu,17,39189,0,0,0,0,0,0,0,0,0,0,0,0
ctrs2018,1132,21314340,22,0,0,1,0,0,406560,0,0,18500,0,0
cttevent,13,3525,1,0,0,0,0,0,267,0,0,0,0,0
cuisine_by,20,1506,0,0,0,0,0,0,0,0,0,0,0,0
cuiz_muiz,25,88142,0,0,0,0,0,0,0,0,0,0,0,0
cukrcity,14,36420,0,0,0,0,0,0,0,0,0,0,0,0
culturalproject,5,2707,0,0,0,0,0,0,0,0,0,0,0,0
cumatru,17,54340,0,0,0,0,0,0,0,0,0,0,0,0
cumyshovy_kot,7,22630,0,0,0,0,0,0,0,0,0,0,0,0
cup_of_tea_2022,16,23740,3,0,0,0,0,0,4490,0,0,0,0,0
cuprumpete,23,27701,0,0,0,0,0,0,0,0,0,0,0,0
cuquemar,20,13911,0,0,0,0,0,0,0,0,0,0,0,0
curly_diary_pro,15,16818,1,0,0,0,0,0,512,0,0,0,0,0
curlypishke,11,9909,0,0,0,0,0,0,0,0,0,0,0,0
currentmoodd,10,2765,0,0,0,0,0,0,0,0,0,0,0,0
currenttime,3175,55243595,89,0,0,28,1,0,1518690,0,0,558700,14900,0
customs_rf,19,158810,0,0,0,0,0,0,0,0,0,0,0,0
customschannel,6,7037,0,0,0,0,0,0,0,0,0,0,0,0
cutedorik,32,1775650,0,0,0,0,0,0,0,0,0,0,0,0
cuterland,23,199420,0,0,0,0,0,0,0,0,0,0,0,0
cuticles,2,7530,0,0,0,0,0,0,0,0,0,0,0,0
cwbnow,25,22590,0,0,0,0,0,0,0,0,0,0,0,0
cxemu,15,71550,6,0,0,0,0,0,28670,0,0,0,0,0
cyber_MipZ,5,3006,0,0,0,0,0,0,0,0,0,0,0,0
cyber_csd,45,333190,1,0,0,0,0,0,6690,0,0,0,0,0
cyber_frontZ,482,7793483,4,0,0,0,0,0,64400,0,0,0,0,0
cyberfront_ua,1,129,0,0,0,0,0,0,0,0,0,0,0,0
cyprusnews,19,52690,0,0,0,0,0,0,0,0,0,0,0,0
czartv,2,0,0,0,0,0,0,0,0,0,0,0,0,0
czech_info,12,33851,0,0,0,0,0,0,0,0,0,0,0,0
czeshka_secrets,7,6395,0,0,0,0,0,0,0,0,0,0,0,0
czseznam,27,1043,1,0,0,0,0,0,27,0,0,0,0,0
d107a,7,16400,0,0,0,0,0,0,0,0,0,0,0,0
d_boykov,1,3100,0,0,0,0,0,0,0,0,0,0,0,0
d_o_b_r_o_r_u,8,5549,0,0,0,0,0,0,0,0,0,0,0,0
d_ogneev,23,27910,3,0,0,0,0,0,1077,0,0,0,0,0
d_willis,17,111610,0,0,0,0,0,0,0,0,0,0,0,0
da_nu_gulbanu,10,3407,0,0,0,0,0,0,0,0,0,0,0,0
dabbler_vape,4,26,0,0,0,0,0,0,0,0,0,0,0,0
dadakinder,23,85578,6,0,0,0,0,0,19190,0,0,0,0,0
dadtex,27,141369,0,0,0,0,0,0,0,0,0,0,0,0
dadyboris,74,1250080,0,0,0,0,0,0,0,0,0,0,0,0
dag_one,4,4700,0,0,0,0,0,0,0,0,0,0,0,0
dagestanSVO,14,10583,0,0,0,0,0,0,0,0,0,0,0,0
dagestan_tgnews,54,682440,1,0,0,0,0,0,13200,0,0,0,0,0
dagestanblog,41,1135490,0,0,0,0,0,0,0,0,0,0,0,0
dagizvestiya,23,40193,0,0,0,0,0,0,0,0,0,0,0,0
dagnews24,14,32962,0,0,0,0,0,0,0,0,0,0,0,0
dagon_official,15,252100,1,0,0,0,0,0,28500,0,0,0,0,0
dagpravdaru,4,307,0,0,0,0,0,0,0,0,0,0,0,0
dagranovsky,20,19604,0,0,0,0,0,0,0,0,0,0,0,0
daily_rozhok,17,28290,1,0,0,0,0,0,1700,0,0,0,0,0
dailyarm,25,168230,2,0,0,0,0,0,17800,0,0,0,0,0
dailykarelia,9,22900,0,0,0,0,0,0,0,0,0,0,0,0
dailymoscowru,31,4351,0,0,0,0,0,0,0,0,0,0,0,0
dailynews_peace,39,365000,0,0,0,0,0,0,0,0,0,0,0,0
dailyrss,6,871,0,0,0,0,0,0,0,0,0,0,0,0
dalainside,47,612009,0,0,0,0,0,0,0,0,0,0,0,0
damnambivalence,8,13330,2,0,0,0,0,0,2821,0,0,0,0,0
damnsadend,13,32200,0,0,0,0,0,0,0,0,0,0,0,0
damu_med_official,8,5565,0,0,0,0,0,0,0,0,0,0,0,0
dan_dnr,39,56301,1,0,0,0,0,0,289,0,0,0,0,0
dan_myas8,20,127109,0,0,0,0,0,0,0,0,0,0,0,0
danadelon,11,46180,0,0,0,0,0,0,0,0,0,0,0,0
dance_adrenalin,23,3583900,0,0,0,0,0,0,0,0,0,0,0,0
dancedfm,2,566,0,0,0,0,0,0,0,0,0,0,0,0
danchoooos,20,133140,0,0,0,0,0,0,0,0,0,0,0,0
dancingalone,10,3829,0,0,0,0,0,0,0,0,0,0,0,0
danekamun,6,49810,0,0,0,0,0,0,0,0,0,0,0,0
daneshju_on,35,72105,0,0,0,0,0,0,0,0,0,0,0,0
dangekordi24,6,12141,0,0,0,0,0,0,0,0,0,0,0,0
dangerlyoha,61,17498100,0,0,0,0,0,0,0,0,0,0,0,0
dangishar,24,377600,0,0,0,0,0,0,0,0,0,0,0,0
daniel_in_mind1,8,7299,0,0,0,0,0,0,0,0,0,0,0,0
danielemiz13,33,106018,0,0,0,0,0,0,0,0,0,0,0,0
danielsilveiraoficial,21,15136,0,0,0,0,0,0,0,0,0,0,0,0
danila_gorilla,23,4864500,0,0,0,0,0,0,0,0,0,0,0,0
danilakozlovsky_official,29,500180,0,0,0,0,0,0,0,0,0,0,0,0
danilkors,1,0,0,0,0,0,0,0,0,0,0,0,0,0
dankakriv,15,253400,0,0,0,0,0,0,0,0,0,0,0,0
dankartut,38,34692000,0,0,0,0,0,0,0,0,0,0,0,0
dannykollar,49,1499210,0,0,0,0,0,0,0,0,0,0,0,0
danokhlopkov,21,141629,0,0,0,0,0,0,0,0,0,0,0,0
danonetnostya,54,1463720,0,0,0,0,0,0,0,0,0,0,0,0
danyapodswag,24,152788,0,0,0,0,0,0,0,0,0,0,0,0
danykuuu,18,127020,0,0,0,1,0,0,0,0,0,13300,0,0
daokedao,453,5550830,17,0,0,0,1,0,204260,0,0,0,11300,0
dapnews,29,16452,0,0,0,0,0,0,0,0,0,0,0,0
darakchi,2568,32915936,0,0,0,0,0,0,0,0,0,0,0,0
daria_animamori,28,211806,0,0,0,0,0,0,0,0,0,0,0,0
daria_aslamova,15,24510,0,0,0,0,0,0,0,0,0,0,0,0
daria_moguchaya_life,31,711690,0,0,0,0,0,0,0,0,0,0,0,0
dariabeloglazova,1,1800,0,0,0,0,0,0,0,0,0,0,0,0
dariabondar,1,1700,0,0,0,0,0,0,0,0,0,0,0,0
dariamilk,14,29719,0,0,0,0,0,0,0,0,0,0,0,0
dariko_pro_remont,21,24850,0,0,0,0,0,0,0,0,0,0,0,0
darionardella,1,990,0,0,0,0,0,0,0,0,0,0,0,0
darishaberss,22,114650,0,0,0,0,0,0,0,0,0,0,0,0
dark_dnepr,9,6566,0,0,0,0,0,0,0,0,0,0,0,0
darkprapor,25,5356,0,0,0,0,0,0,0,0,0,0,0,0
darkvoicemag,45,407671,0,0,0,0,0,0,0,0,0,0,0,0
darkzotovland,52,2078020,3,0,0,0,1,0,87300,0,0,0,32300,0
darnicalive,1039,13000000,28,0,0,1,0,0,318440,0,0,11100,0,0
darrkjesuss,2,342,0,0,0,0,0,0,0,0,0,0,0,0
darya_stef,16,59888,1,0,0,0,0,0,2480,0,0,0,0,0
daryaleto,42,1232487,0,0,0,0,1,0,0,0,0,0,37400,0
daryo_kirill,22,44651,0,0,0,0,0,0,0,0,0,0,0,0
daryo_live,303,5449626,0,0,0,0,0,0,0,0,0,0,0,0
dasha_nahutoree,14,15605,0,0,0,0,0,0,0,0,0,0,0,0
dashacamon,5,8540,0,0,0,0,0,0,0,0,0,0,0,0
dashadisney,4,998,0,0,0,0,0,0,0,0,0,0,0,0
dashafru,25,80260,1,0,0,0,0,0,4060,0,0,0,0,0
dashakochukova,5,884,0,0,0,0,0,0,0,0,0,0,0,0
dashakoshkinaua,32,142530,0,0,0,0,0,0,0,0,0,0,0,0
dashakozlouskayatg,307,9156560,2,0,0,0,0,0,38530,0,0,0,0,0
dashaxkareyka,15,432537,0,0,0,0,0,0,0,0,0,0,0,0
dashazarivna,15,61807,0,0,0,1,0,0,0,0,0,6050,0,0
dashi_garbuzova,8,118200,0,0,0,0,0,0,0,0,0,0,0,0
dashimbayev,19,42677,1,0,0,0,0,0,1080,0,0,0,0,0
dashkofa_official,3,8150,1,0,0,0,0,0,3390,0,0,0,0,0
dasriam,5215,112625,0,0,0,0,0,0,0,0,0,0,0,0
data_csv,20,74690,0,0,0,0,0,0,0,0,0,0,0,0
data_new_gold,4,6106,0,0,0,0,0,0,0,0,0,0,0,0
database2044,9,2317,0,0,0,0,0,0,0,0,0,0,0,0
datafeeling,22,55762,0,0,0,0,0,0,0,0,0,0,0,0
datasas,2,2750,0,0,0,0,0,0,0,0,0,0,0,0
datavizcomics,1,1200,0,0,0,0,0,0,0,0,0,0,0,0
daterekhov,15,90800,0,0,0,0,0,0,0,0,0,0,0,0
davankov,14,1753800,1,0,0,0,0,0,148000,0,0,0,0,0
davatelega,152,6422300,0,0,0,0,0,0,0,0,0,0,0,0
davebrych_public,84,222944,0,0,0,0,0,0,0,0,0,0,0,0
david_comrad,1,336,0,0,0,0,0,0,0,0,0,0,0,0
davidbek1724,3,2438,0,0,0,0,0,0,0,0,0,0,0,0
davide_zedda,26,54804,0,0,0,0,0,0,0,0,0,0,0,0
davidobryakov,7,3318,1,0,0,0,0,0,479,0,0,0,0,0
davidovssharing,1,4480,0,0,0,0,0,0,0,0,0,0,0,0
davlat_va_jamiyat,35,1575,0,0,0,0,0,0,0,0,0,0,0,0
davlatqomita,6,4461,0,0,0,0,0,0,0,0,0,0,0,0
davlatsiyosati,27,52536,0,0,0,0,0,0,0,0,0,0,0,0
davletkill,19,31893,0,0,0,0,0,0,0,0,0,0,0,0
davletovuz,55,1555980,0,0,0,0,0,0,0,0,0,0,0,0
davletovuztw,17,96720,0,0,0,0,0,0,0,0,0,0,0,0
davr24official,20,6756,0,0,0,0,0,0,0,0,0,0,0,0
davxizmat,37,1190700,0,0,0,0,0,0,0,0,0,0,0,0
daxak4,29,250830,0,0,0,0,0,0,0,0,0,0,0,0
dayana_lifee,7,18,0,0,0,0,0,0,0,0,0,0,0,0
dayanaocoznay,32,33504,1,0,0,0,0,0,1420,0,0,0,0,0
dayaz,6,568,0,0,0,0,0,0,0,0,0,0,0,0
daydaynews,22,178336,0,0,0,0,0,0,0,0,0,0,0,0
daysofbers,8,18070,0,0,0,0,0,0,0,0,0,0,0,0
dbkrieg,13,15866,0,0,0,0,0,0,0,0,0,0,0,0
dbnchannel,41,17684,0,0,0,0,0,0,0,0,0,0,0,0
dcheremushkin,27,195910,0,0,0,0,0,0,0,0,0,0,0,0
dctrkomarovskiy,16,24502,0,0,0,0,0,0,0,0,0,0,0,0
dczloda,273,74239600,0,0,0,0,0,0,0,0,0,0,0,0
ddanilov_blog,7,31070,0,0,0,0,0,0,0,0,0,0,0,0
ddborisov,16,54330,0,0,0,0,0,0,0,0,0,0,0,0
dddimych,3,3324,0,0,0,0,0,0,0,0,0,0,0,0
dddjournalism,177,5037220,5,0,0,0,0,0,147900,0,0,0,0,0
ddma_official,1,233,0,0,0,0,0,0,0,0,0,0,0,0
ddnewshindi,38,6361,0,0,0,0,0,0,0,0,0,0,0,0
ddoisback,1,6750,0,0,0,0,0,0,0,0,0,0,0,0
deadblonde,50,2790000,0,0,0,0,0,0,0,0,0,0,0,0
dearmothers,2,619,0,0,0,0,0,0,0,0,0,0,0,0
deatshow,30,25495,0,0,0,0,0,0,0,0,0,0,0,0
debatehub,14,8379,2,0,0,0,0,0,1517,0,0,0,0,0
decembrist_spb,49,1034500,1,0,0,0,0,0,20000,0,0,0,0,0
ded_shinibi,48,1168800,2,0,0,0,0,0,48700,0,0,0,0,0
dedicated_to_sheldon,19,16305,0,0,0,0,0,0,0,0,0,0,0,0
dedpomor,30,228550,2,0,0,0,0,0,7680,0,0,0,0,0
dedushkaOleg,3,2111,0,0,0,0,0,0,0,0,0,0,0,0
deepinstv,224,65660800,0,0,0,0,0,0,0,0,0,0,0,0
defacto_press,15,6095,1,0,0,0,0,0,772,0,0,0,0,0
defencepioneersg,1,301,0,0,0,0,0,0,0,0,0,0,0,0
defender062,32,372440,0,0,0,0,0,0,0,0,0,0,0,0
defensorcivitatis,20,86610,2,0,0,0,0,0,6220,0,0,0,0,0
defiendi_1,1,104,0,0,0,0,0,0,0,0,0,0,0,0
degradat1,31,186470,0,0,0,0,0,0,0,0,0,0,0,0
degtyarevonamur,16,98389,0,0,0,0,0,0,0,0,0,0,0,0
degunino_dmitrovka,23,177270,0,0,0,0,0,0,0,0,0,0,0,0
dehgannews,47,62230,0,0,0,0,0,0,0,0,0,0,0,0
dejzdub,3,22130,0,0,0,0,0,0,0,0,0,0,0,0
delakrasnoyarsk,1,34,0,0,0,0,0,0,0,0,0,0,0,0
delo_ua,20,3892,0,0,0,2,0,0,0,0,0,377,0,0
delokinky,4,3350,0,0,0,0,0,0,0,0,0,0,0,0
delovaya_udmurtia,1,667,0,0,0,0,0,0,0,0,0,0,0,0
delovayarazvedka,32,3052,0,0,0,0,0,0,0,0,0,0,0,0
delyagin,120,2584527,2,0,0,0,0,0,34037,0,0,0,0,0
demacre,1,0,0,0,0,0,0,0,0,0,0,0,0,0
demendeuk,1,34,0,0,0,0,0,0,0,0,0,0,0,0
dementevatwins,17,91460,0,0,0,0,0,0,0,0,0,0,0,0
dementiaetsinopsis,7,11580,0,0,0,0,0,0,0,0,0,0,0,0
demidov_mger,7,7466,0,0,0,0,0,0,0,0,0,0,0,0
demonkr,2,78200,0,0,0,0,0,0,0,0,0,0,0,0
demura_stepan,32,352859,0,0,0,0,0,0,0,0,0,0,0,0
demyan_poet,37,442360,0,0,0,0,0,0,0,0,0,0,0,0
den19k,43,1135830,0,0,0,0,0,0,0,0,0,0,0,0
den_pihoty,4,6980,0,0,0,0,0,0,0,0,0,0,0,0
denazi_UA,845,5893423,16,0,3,2,33,0,139150,0,24160,16510,134570,0
denderty_channel,1,1900,0,0,0,0,0,0,0,0,0,0,0,0
dendipro,35,135429,0,0,0,0,0,0,0,0,0,0,0,0
dengiz_va_qahva,1,226,0,0,0,0,0,0,0,0,0,0,0,0
deni_mani,47,2631800,1,0,0,0,0,0,48500,0,0,0,0,0
denilkhanov,4,134,0,0,0,0,0,0,0,0,0,0,0,0
denisov_karapusam,21,27629,0,0,0,0,0,0,0,0,0,0,0,0
denisova_liudmyla,4,300,0,0,0,0,0,0,0,0,0,0,0,0
denly48,21,85370,0,0,0,0,0,0,0,0,0,0,0,0
denski_blog,10,38950,0,0,0,0,0,0,0,0,0,0,0,0
dentrolanotizia,67,1241526,0,0,0,0,0,0,0,0,0,0,0,0
denyaleto,17,22880,0,0,0,0,0,0,0,0,0,0,0,0
denzelwashiington,25,12374,0,0,0,0,0,0,0,0,0,0,0,0
deputatEkaterina,59,1785709,1,0,0,0,0,0,26400,0,0,0,0,0
deputatSemaschkoPavelPavlovich,12,3386,0,0,0,0,0,0,0,0,0,0,0,0
deputat_bratsk,3,6150,0,0,0,0,0,0,0,0,0,0,0,0
deputat_ionin,1,803,0,0,0,0,0,0,0,0,0,0,0,0
deputat_kusherbayev,40,7972,0,0,0,0,0,0,0,0,0,0,0,0
deputatdumy,82,3892420,1,0,0,0,0,0,52600,0,0,0,0,0
deputatka,1,3060,0,0,0,0,0,0,0,0,0,0,0,0
deputy9district,3,1601,0,0,0,0,0,0,0,0,0,0,0,0
deputydiary,2,564,0,0,0,0,0,0,0,0,0,0,0,0
deraketaua,603,21386900,0,0,0,0,0,0,0,0,0,0,0,0
derbentnovosti,19,18151,1,0,0,0,0,0,1260,0,0,0,0,0
derbentskiyrayon_official,1,24,0,0,0,0,0,0,0,0,0,0,0,0
derberart,2,2051,0,0,0,0,0,0,0,0,0,0,0,0
derbloknot,11,31127,0,0,0,0,0,0,0,0,0,0,0,0
deriglazovartem,2,43090,0,0,0,0,0,0,0,0,0,0,0,0
derz_khab,57,1577570,0,0,0,0,0,0,0,0,0,0,0,0
des0ut,40,2326270,0,0,0,0,0,0,0,0,0,0,0,0
descontosdainternet,20,20,0,0,0,0,0,0,0,0,0,0,0,0
desertwitch,11,12242,0,0,0,0,0,0,0,0,0,0,0,0
desir13,29,32487,0,0,0,0,0,0,0,0,0,0,0,0
desna_gromada,20,73400,0,0,0,0,0,0,0,0,0,0,0,0
desnitsky,20,64230,0,0,0,0,0,0,0,0,0,0,0,0
dessidens36,40,159536,0,0,0,0,0,0,0,0,0,0,0,0
destroyer_a,45,321340,0,0,0,0,0,0,0,0,0,0,0,0
detalynews,32,305020,0,0,0,0,0,0,0,0,0,0,0,0
detector_media,19,11639,0,0,0,0,0,0,0,0,0,0,0,0
detektor_tg,6,20800,0,0,0,0,0,0,0,0,0,0,0,0
detrasdelarazonconroberto,45,131502,0,0,0,0,0,0,0,0,0,0,0,0
detskymat,20,363,0,0,0,0,0,0,0,0,0,0,0,0
deutschebotschafttaschkent,15,125592,0,0,0,0,0,0,0,0,0,0,0,0
devilonpointshoes,8,46650,0,0,0,0,0,0,0,0,0,0,0,0
devils_ass,21,238690,1,0,0,0,0,0,10300,0,0,0,0,0
devitadobled,28,31662,0,0,0,0,0,0,0,0,0,0,0,0
devukraine,26,58480,0,0,0,0,0,0,0,0,0,0,0,0
dezhurniy,20,68192,0,0,0,0,0,0,0,0,0,0,0,0
dfonews,29,385443,2,0,0,0,0,0,20600,0,0,0,0,0
dfzwe4,23,134210,0,0,0,0,0,0,0,0,0,0,0,0
dg_cast,2,114500,0,0,0,0,0,0,0,0,0,0,0,0
dgbensina,16,599,0,0,0,0,0,0,0,0,0,0,0,0
dgilmutdinov,18,3344,0,0,0,0,0,0,0,0,0,0,0,0
dgpavlov,26,137070,1,0,0,0,0,0,4690,0,0,0,0,0
dharma1937,21,246980,0,0,0,0,2,0,0,0,0,0,22200,0
dhurnievic,1,710,0,0,0,0,0,0,0,0,0,0,0,0
di_alion,2,20,0,0,0,0,0,0,0,0,0,0,0,0
diaanabondar,4,2705,0,0,0,0,0,0,0,0,0,0,0,0
diademamedia,1,2400,0,0,0,0,0,0,0,0,0,0,0,0
diademanews,2,0,0,0,0,0,0,0,0,0,0,0,0,0
diagileff,16,11684,0,0,0,0,0,0,0,0,0,0,0,0
dialectic_club,20,72080,0,0,0,0,0,0,0,0,0,0,0,0
dialogsochi,3,156,0,0,0,0,0,0,0,0,0,0,0,0
dialogtut,2,2247,0,0,0,0,0,0,0,0,0,0,0,0
diambekov,3,3510,0,0,0,0,0,0,0,0,0,0,0,0
diana_djalalova,5,4766,0,0,0,0,0,0,0,0,0,0,0,0
diana_recepti1,22,248360,0,0,0,0,0,0,0,0,0,0,0,0
diana_udovichenko,37,246960,1,0,0,0,0,0,7520,0,0,0,0,0
dianadimommy,10,50783,0,0,0,0,0,0,0,0,0,0,0,0
dianaomarovaoficial,1,11300,0,0,0,0,0,0,0,0,0,0,0,0
diapazonnews,8,3054,0,0,0,0,0,0,0,0,0,0,0,0
diario_do_nordeste,39,27778,0,0,0,0,0,0,0,0,0,0,0,0
diarmanrodsar,7,1940,0,0,0,0,0,0,0,0,0,0,0,0
diaryofhijrah,2,32,0,0,0,0,0,0,0,0,0,0,0,0
diaryrest,33,150992,2,0,0,0,0,0,12020,0,0,0,0,0
died_anime,6,3467,0,0,0,0,0,0,0,0,0,0,0,0
diegemeindegottes,4,10980,0,0,0,0,0,0,0,0,0,0,0,0
dielinke,33,281400,0,0,0,0,0,0,0,0,0,0,0,0
dies6,43,267860,0,0,0,0,0,0,0,0,0,0,0,0
difesaitalia,8,7369,0,0,0,0,0,0,0,0,0,0,0,0
difficultiesofselfsearching,8,1709,0,0,0,0,0,0,0,0,0,0,0,0
digaleh,2,422,0,0,0,0,0,0,0,0,0,0,0,0
digestdnr,8,7259,0,0,0,0,0,0,0,0,0,0,0,0
digestuz,153,8865863,2,0,0,0,0,0,124100,0,0,0,0,0
digital_apocalypse,22,62429,0,0,0,0,0,0,0,0,0,0,0,0
digital_bar,44,23781,0,0,0,0,0,0,0,0,0,0,0,0
digital_keks,10,84530,0,0,0,0,0,0,0,0,0,0,0,0
digital_kharkiv,3,11320,0,0,0,0,0,0,0,0,0,0,0,0
digitalbuild,18,100742,0,0,0,0,0,0,0,0,0,0,0,0
diia_gov,108,3851410,0,0,0,0,0,0,0,0,0,0,0,0
dikielynx,36,151340,0,0,0,0,0,0,0,0,0,0,0,0
dikiidanik,126,7874099,2,0,0,0,0,0,130599,0,0,0,0,0
dilalara753,95,13242100,0,0,0,0,0,0,0,0,0,0,0,0
dilamamadil,33,45712,0,0,0,0,0,0,0,0,0,0,0,0
dilbliin,56,6000000,0,0,0,0,0,0,0,0,0,0,0,0
dilenasi,6,19144,0,0,0,0,0,0,0,0,0,0,0,0
diletantgamer,5,12980,0,0,0,0,0,0,0,0,0,0,0,0
dima_ermuzevich,27,257690,1,0,0,0,0,0,9520,0,0,0,0,0
dima_lavrutov,2,105,0,0,0,0,0,0,0,0,0,0,0,0
dimabalakirev,4,4411,0,0,0,0,0,0,0,0,0,0,0,0
dimani_blog,1,158,0,0,0,0,0,0,0,0,0,0,0,0
dimaplug_blog,3,1592,0,0,0,0,0,0,0,0,0,0,0,0
dimapomog,23,31317,0,0,0,0,0,0,0,0,0,0,0,0
dimasblog333,233,23108298,2,0,0,0,0,0,232900,0,0,0,0,0
dimaxoru,10,196920,0,0,0,0,0,0,0,0,0,0,0,0
dimdno,11,80780,0,0,0,0,0,0,0,0,0,0,0,0
dimitribamberg,46,919690,0,0,0,0,0,0,0,0,0,0,0,0
dimitrovgradonline,17,100071,1,0,0,0,0,0,10000,0,0,0,0,0
dimok_zatknites,9,20120,0,0,0,0,0,0,0,0,0,0,0,0
dimonundmir,694,43653069,37,0,0,2,4,0,2493800,0,0,141400,232400,0
dimple_dhiman,1,272,0,0,0,0,0,0,0,0,0,0,0,0
dimsmirnov175,9976,556251349,240,0,1,15,5,1,13395900,0,63000,776700,292000,81400
dinablin,46,543840,0,0,0,0,0,0,0,0,0,0,0,0
dinakarannews,133,70181,0,0,0,0,0,0,0,0,0,0,0,0
dinamaaar,12,13203,0,0,0,0,0,0,0,0,0,0,0,0
dinatfamily,16,90800,0,0,0,0,0,0,0,0,0,0,0,0
diplomat_zhk,23,4920,0,0,0,0,0,0,0,0,0,0,0,0
diplomatia,23,405600,1,0,0,0,0,0,17800,0,0,0,0,0
directorate4,22,212440,0,0,0,0,0,0,0,0,0,0,0,0
dirtytatarstan,144,1589050,8,0,0,0,0,0,74390,0,0,0,0,0
dirubenss,26,197510,0,0,0,0,0,0,0,0,0,0,0,0
disabilityRU,8,15790,0,0,0,0,0,0,0,0,0,0,0,0
disaxm,22,735540,0,0,0,0,0,0,0,0,0,0,0,0
disclosed_blog,27,39717,2,0,0,0,0,0,1947,0,0,0,0,0
disclosetv,1205,91033696,0,0,0,0,0,0,0,0,0,0,0,0
discoursio,10,9603,0,0,0,0,0,0,0,0,0,0,0,0
discovery_favorites,9,22900,0,0,0,0,0,0,0,0,0,0,0,0
disgustang,18,14983,0,0,0,1,0,0,0,0,0,865,0,0
disgustingmen,34,325770,0,0,0,0,0,0,0,0,0,0,0,0
dissidentBY,2,1067,0,0,0,0,0,0,0,0,0,0,0,0
dissociati_liberi,51,965720,0,0,0,0,0,0,0,0,0,0,0,0
diva_olivka_channel,3,6170,0,0,0,0,0,0,0,0,0,0,0,0
divanesara,40,201970,0,0,0,0,0,0,0,0,0,0,0,0
divanews_peace,39,366500,0,0,0,0,0,0,0,0,0,0,0,0
divangard,3,4690,0,0,0,0,0,0,0,0,0,0,0,0
divankiev,40,62796,0,0,0,0,0,0,0,0,0,0,0,0
divazndiha,4,1055,0,0,0,0,0,0,0,0,0,0,0,0
divertito_official,23,82439,0,0,0,0,0,0,0,0,0,0,0,0
dixi_devil,38,2060198,3,0,0,0,0,0,19420,0,0,0,0,0
diyor24uz,25,5008,1,0,0,0,0,0,169,0,0,0,0,0
dizzytv,26,27208,0,0,0,0,0,0,0,0,0,0,0,0
djbaldin,26,82750,0,0,0,0,0,0,0,0,0,0,0,0
djidareal,5,1142,0,0,0,0,0,0,0,0,0,0,0,0
djuvayriiyah,17,40261,0,0,0,0,0,0,0,0,0,0,0,0
dkanpasso,10,23140,0,0,0,0,0,0,0,0,0,0,0,0
dkperm,2,1709,0,0,0,0,0,0,0,0,0,0,0,0
dksibru,12,518,1,0,0,0,0,0,33,0,0,0,0,0
dm169,9,13330,0,0,0,0,0,0,0,0,0,0,0,0
dmbegun,22,14512,1,0,0,0,0,0,281,0,0,0,0,0
dmdonline,19,27497,0,0,0,0,0,0,0,0,0,0,0,0
dmibykov,42,638910,1,0,0,0,1,0,9610,0,0,0,24300,0
dmitriseredin,3,5140,0,0,0,0,0,0,0,0,0,0,0,0
dmitriyrozhkov,1,811,0,0,0,0,0,0,0,0,0,0,0,0
dmitrov_detka,14,46720,0,0,0,0,0,0,0,0,0,0,0,0
dmitrov_gorod,13,93560,0,0,0,0,0,0,0,0,0,0,0,0
dmitrovski,6,2417,0,0,0,0,0,0,0,0,0,0,0,0
dmitry_komarov,8,31567,0,0,0,0,0,0,0,0,0,0,0,0
dmitrykrikun,19,35633,0,0,0,0,0,0,0,0,0,0,0,0
dmitrynikotin,7580,2097669130,82,0,0,10,4,0,23663400,0,0,2885000,1169000,0
dmitryspace_code,12,12006,0,0,0,0,0,0,0,0,0,0,0,0
dmitryvekshito,31,316160,0,0,0,0,0,0,0,0,0,0,0,0
dmlixxx,61,8088200,0,0,0,0,0,0,0,0,0,0,0,0
dmytro_dubilet,2,105500,0,0,0,0,0,0,0,0,0,0,0,0
dmytrogordon_official,12047,684088561,351,1,1,47,6,0,19712100,55100,60200,2684100,320900,0
dn360,13,9732,0,0,0,0,0,0,0,0,0,0,0,0
dnalchik,3,5510,0,0,0,0,0,0,0,0,0,0,0,0
dnbs_now,513,1257358,3,0,0,0,0,0,8930,0,0,0,0,0
dnepr,2,45900,0,0,0,0,0,0,0,0,0,0,0,0
dnepr056ua,20,6131,0,0,0,0,0,0,0,0,0,0,0,0
dnepr_operativ,4961,419948960,35,0,3,11,3,0,2716900,0,233900,943300,240400,0
dnepr_partizani,20,122710,1,0,0,0,0,0,8380,0,0,0,0,0
dneprcam,23,22099,0,0,0,0,0,0,0,0,0,0,0,0
dneprnews,24,15836,0,0,0,0,0,0,0,0,0,0,0,0
dnepronline,43,28660,0,0,0,0,0,0,0,0,0,0,0,0
dneproperatyv,8307,347257564,39,0,3,28,0,0,1474100,0,120000,1192100,0,0
dnevnikdoctora,18,89605,1,0,0,0,0,0,6550,0,0,0,0,0
dnevspb,7,724,0,0,0,0,0,0,0,0,0,0,0,0
dnicheebanoe,547,1072801,13,0,1,1,0,0,24845,0,2240,2000,0,0
dnipro_alerts,48,8445600,0,0,0,0,0,0,0,0,0,0,0,0
dnipro_news,1,56,0,0,0,0,0,0,0,0,0,0,0,0
dnipro_now,75,1012928,0,0,0,0,0,0,0,0,0,0,0,0
dniprohistory,7,18810,0,0,0,0,0,0,0,0,0,0,0,0
dnipronewz,8,3359,0,0,0,0,0,0,0,0,0,0,0,0
dniprooblcentr,77,561289,1,0,0,0,0,0,8600,0,0,0,0,0
dniprorudne_vga,4,740,0,0,0,0,0,0,0,0,0,0,0,0
dniprotv,41,61520,1,0,0,0,0,0,1300,0,0,0,0,0
dnlnews,49,101169,0,0,0,0,0,0,0,0,0,0,0,0
dnplace,10,19970,0,0,0,0,0,0,0,0,0,0,0,0
dnr_live,2,7920,0,0,0,0,0,0,0,0,0,0,0,0
dnrdonetsk,563,15038805,8,0,0,0,2,0,179140,0,0,0,61900,0
dnronline,21,17074,0,0,0,0,0,0,0,0,0,0,0,0
dns_club,107,110449,1,0,0,0,0,0,1100,0,0,0,0,0
doTERRADrive,26,45814,1,0,0,0,0,0,1030,0,0,0,0,0
dobermanko,23,11946,0,0,0,0,0,0,0,0,0,0,0,0
doblog,20,157940,0,0,0,0,0,0,0,0,0,0,0,0
dobra_me,25,45694,2,0,0,0,0,0,5860,0,0,0,0,0
dobrepolecomua,298,1397818,3,0,0,0,0,0,15780,0,0,0,0,0
dobrik_live,31,103640,0,0,0,0,0,0,0,0,0,0,0,0
dobro_2ch,69,726400,0,0,0,0,0,0,0,0,0,0,0,0
dobrobat_in_ua,16,17381,0,0,0,0,0,0,0,0,0,0,0,0
dobrodeevv,20,78910,0,0,0,0,0,0,0,0,0,0,0,0
dobrodelmo,24,622290,0,0,0,0,0,0,0,0,0,0,0,0
dobroe_news,32,1444,0,0,0,0,0,0,0,0,0,0,0,0
dobroinrussia,1,273,0,0,0,0,0,0,0,0,0,0,0,0
dobrojournal,1,63,0,0,0,0,0,0,0,0,0,0,0,0
dobrojutrozemljomoja,32,18017,0,0,0,0,0,0,0,0,0,0,0,0
dobrooo_a,5,16705,0,0,0,0,0,0,0,0,0,0,0,0
dobropillya_td,40,465540,0,0,0,0,0,0,0,0,0,0,0,0
dobropilska_otg,4,739,1,0,0,0,0,0,182,0,0,0,0,0
dobrovolci_chechnya,35,399898,1,0,0,0,0,0,11600,0,0,0,0,0
dobry,28,1476299,1,0,0,0,0,0,64900,0,0,0,0,0
dobvolk,7,98,0,0,0,0,0,0,0,0,0,0,0,0
doc_tax,12,20980,1,0,0,0,0,0,1610,0,0,0,0,0
dockahrimanova,9,20250,0,0,0,0,0,0,0,0,0,0,0,0
docpro,244,8741138,21,0,0,0,0,0,722130,0,0,0,0,0
doctor_at_work,2,213,1,0,0,0,0,0,112,0,0,0,0,0
doctor_galeeva,45,320120,1,0,0,0,0,0,11400,0,0,0,0,0
doctor_trio,13,16570,0,0,0,0,0,0,0,0,0,0,0,0
doctorintouch,26,26329,2,0,0,0,0,0,2260,0,0,0,0,0
doctorkhanstanislav,28,387029,0,0,0,0,0,0,0,0,0,0,0,0
doctorwine,14,20896,1,0,0,0,0,0,2100,0,0,0,0,0
dodatimes,20,43547,0,0,0,0,0,0,0,0,0,0,0,0
dofism,23,121870,0,0,0,0,0,0,0,0,0,0,0,0
dogsl1fe,47,3212500,0,0,0,0,0,0,0,0,0,0,0,0
dogwithlog_blog,11,10234,0,0,0,0,0,0,0,0,0,0,0,0
dohammdam,4,8414,0,0,0,0,0,0,0,0,0,0,0,0
doitonlynow,3,176,0,0,0,0,0,0,0,0,0,0,0,0
dokladzakonchil,22,55620,0,0,0,0,0,0,0,0,0,0,0,0
dokuchonlain,17,80560,0,0,0,0,0,0,0,0,0,0,0,0
dokumenty_SSSR,11,5428,0,0,0,1,0,0,0,0,0,689,0,0
dolatebahar,1414,14807924,0,0,0,0,0,0,0,0,0,0,0,0
dolceritaa,11,47650,1,0,0,0,0,0,3690,0,0,0,0,0
dolegovna,13,56109,0,0,0,0,0,0,0,0,0,0,0,0
dolg_z,39,103793,1,0,0,0,2,0,2120,0,0,0,5720,0
dolgarevaanna,40,136458,4,0,0,0,0,0,18698,0,0,0,0,0
dolgoletieMO,12,23864,0,0,0,0,0,0,0,0,0,0,0,0
dolgoprudnyof,3,552,0,0,0,0,0,0,0,0,0,0,0,0
dolinaofficial,35,210282,0,0,0,0,0,0,0,0,0,0,0,0
dollarsandsense,36,89558,0,0,0,0,0,0,0,0,0,0,0,0
dollrkurs,24,52472,0,0,0,0,0,0,0,0,0,0,0,0
dom_bluhera,2,17220,0,0,0,0,0,0,0,0,0,0,0,0
dom_channel,24,11298,0,0,0,0,0,0,0,0,0,0,0,0
dom_dia,2,62,0,0,0,0,0,0,0,0,0,0,0,0
dom_sad_dekor,7,3478,1,0,0,0,0,0,722,0,0,0,0,0
domaneskuchno,16,22510,0,0,0,0,0,0,0,0,0,0,0,0
domidvor,1,2200,0,0,0,0,0,0,0,0,0,0,0,0
dominickrow_blog,9,30980,0,0,0,0,0,0,0,0,0,0,0,0
domkzn,3,9810,0,0,0,0,0,0,0,0,0,0,0,0
domodedovo_sluh,49,512610,0,0,0,1,0,0,0,0,0,10500,0,0
domodedovo_sobitie,48,586800,0,0,0,0,0,0,0,0,0,0,0,0
dompolis,1,986,0,0,0,0,0,0,0,0,0,0,0,0
domsovetov67,9,1552,1,0,0,0,0,0,219,0,0,0,0,0
domtutuz,59,298960,0,0,0,0,0,0,0,0,0,0,0,0
domzur,18,7668,0,0,0,0,0,0,0,0,0,0,0,0
don24tv,41,72623,1,0,0,0,0,0,2400,0,0,0,0,0
don_adekvat,2,67,0,0,0,0,0,0,0,0,0,0,0,0
don_blond,30,462180,1,0,0,0,0,0,11000,0,0,0,0,0
don_gunp,7,5462,0,0,0,0,0,0,0,0,0,0,0,0
don_mash,74,1436709,0,0,0,0,0,0,0,0,0,0,0,0
don_online,4,2433,0,0,0,0,0,0,0,0,0,0,0,0
donbass_mens_club,5,557,0,0,0,0,0,0,0,0,0,0,0,0
donbass_n,10,5676,0,0,0,0,0,0,0,0,0,0,0,0
donbass_photos,12,3924,0,0,0,0,0,0,0,0,0,0,0,0
donbass_porozhnyak_ne_gonit,2,550,0,0,0,0,0,0,0,0,0,0,0,0
donbass_segodnya,21,14120,0,0,0,0,0,0,0,0,0,0,0,0
donbass_sos,10,493,0,0,0,0,0,0,0,0,0,0,0,0
donbassbudny,22,15317,1,0,0,0,0,0,896,0,0,0,0,0
donbasscase,43,156436,1,0,0,0,0,0,951,0,0,0,0,0
donbassinfograd,15,652,0,0,0,0,0,0,0,0,0,0,0,0
donbassinsider,10,1238,0,0,0,0,0,0,0,0,0,0,0,0
donbassnew,176,874657,0,0,0,0,0,0,0,0,0,0,0,0
donbassr,289,1538786,2,0,2,0,1,0,14240,0,8690,0,3900,0
donbassrealii,15,21241,0,0,0,0,0,0,0,0,0,0,0,0
donetsk_chp,23,2830,0,0,0,0,0,0,0,0,0,0,0,0
donetsk_dn,13,13642,0,0,0,0,0,0,0,0,0,0,0,0
donetsknovyny,3,1693,0,0,0,0,0,0,0,0,0,0,0,0
donetsknow,15,7987,0,0,0,0,0,0,0,0,0,0,0,0
donezkiy,37,47223,0,0,0,1,0,0,0,0,0,1270,0,0
donnewsru,20,12455,0,0,0,0,0,0,0,0,0,0,0,0
donpatriot_news,127,9881,0,0,0,0,0,0,0,0,0,0,0,0
donrf22,33,152683,1,0,0,0,0,0,3570,0,0,0,0,0
donsimonlive,22,60772,0,0,0,0,0,0,0,0,0,0,0,0
dontel,21,15635,0,0,0,0,0,0,0,0,0,0,0,0
dontgivepapaya,24,163550,1,0,0,0,0,0,7090,0,0,0,0,0
dontsovaofficial,28,55665,0,0,0,0,0,0,0,0,0,0,0,0
dontstopwar,1778,126606788,12,0,0,3,2,0,913300,0,0,217500,157200,0
dopomoga_hungary,7,10126,0,0,0,0,0,0,0,0,0,0,0,0
dopomoga_zhitlo_Cherkasi,20,11948,0,0,0,0,0,0,0,0,0,0,0,0
dormidontov_chanel,9,81200,0,0,0,0,0,0,0,0,0,0,0,0
dormitorium,1,725,0,0,0,0,0,0,0,0,0,0,0,0
dosiacsgo,1,124,0,0,0,0,0,0,0,0,0,0,0,0
doskapozora08,1,154,0,0,0,0,0,0,0,0,0,0,0,0
dossiercenter,32,5950500,0,0,0,0,0,0,0,0,0,0,0,0
dostaukr,32,372990,2,0,0,0,0,0,23100,0,0,0,0,0
dostawcy,3,0,0,0,0,0,0,0,0,0,0,0,0,0
dostoverno,11,1357,0,0,0,0,0,0,0,0,0,0,0,0
dostovernooglavnom,20,26392,0,0,0,0,0,0,0,0,0,0,0,0
double_bubble_anny,22,1478300,0,0,0,0,0,0,0,0,0,0,0,0
double_solid,110,2927980,0,0,0,0,0,0,0,0,0,0,0,0
dougcasey,35,70760,0,0,0,0,0,0,0,0,0,0,0,0
douwanttotalwar,22,131780,1,0,0,0,0,0,9680,0,0,0,0,0
doveoftheworld,67,1702880,3,0,0,0,0,0,92100,0,0,0,0,0
doxajournal,62,201446,4,0,0,1,0,0,13750,0,0,3460,0,0
dpc_chukotka,9,19970,0,0,0,0,0,0,0,0,0,0,0,0
dplatonova,17,64825,0,0,0,0,0,0,0,0,0,0,0,0
dpol_un,27,515788,2,0,0,0,0,0,11890,0,0,0,0,0
dpr_done,48,354810,0,0,0,0,0,0,0,0,0,0,0,0
dprom,1,2000,0,0,0,0,0,0,0,0,0,0,0,0
dprunews,20,35941,0,0,0,0,0,0,0,0,0,0,0,0
dpskontrol_125rus,355,3507074,2,0,0,0,0,0,23900,0,0,0,0,0
dr_alex_sosnowski,323,9473789,6,0,0,0,0,0,144000,0,0,0,0,0
dr_ali_ghorbani,12,17382,0,0,0,0,0,0,0,0,0,0,0,0
dr_liveseee,76,168550,2,0,0,0,0,0,5130,0,0,0,0,0
drabeen2017,24,4286,0,0,0,0,0,0,0,0,0,0,0,0
dragoniil,4,3815,0,0,0,0,0,0,0,0,0,0,0,0
dragonspech,43,373860,7,0,0,1,3,0,68290,0,0,12400,36240,0
dragunovartem,36,155599,1,0,0,0,0,0,6240,0,0,0,0,0
drakestudio,38,4013600,0,0,0,0,0,0,0,0,0,0,0,0
draliakbarkarimi,5,2041,0,0,0,0,0,0,0,0,0,0,0,0
drama_queem_lilking,15,18819,0,0,0,0,0,0,0,0,0,0,0,0
dreamaero,3,2000,0,0,0,0,0,0,0,0,0,0,0,0
dreamonspec,32,142279,2,0,0,0,0,0,12020,0,0,0,0,0
drfiechtner,4,5329,0,0,0,0,0,0,0,0,0,0,0,0
drghadamalisarami,7,4570,0,0,0,0,0,0,0,0,0,0,0,0
drhooshangamirahmadi,9,6353,0,0,0,0,0,0,0,0,0,0,0,0
drimchukov,49,706330,0,0,0,0,0,0,0,0,0,0,0,0
drimskiy,27,109170,0,0,0,0,0,0,0,0,0,0,0,0
drnalkhamees,39,125770,0,0,0,0,0,0,0,0,0,0,0,0
drob16,2,2350,0,0,0,0,0,0,0,0,0,0,0,0
drogerieretailexperts,16,90360,0,0,0,0,0,0,0,0,0,0,0,0
dronearth,25,213230,0,0,0,0,0,0,0,0,0,0,0,0
dronesrussia,48,207020,1,0,0,0,0,0,7140,0,0,0,0,0
droneswar,36,58658,2,0,0,0,0,0,2920,0,0,0,0,0
dropdeadfam,1,931,0,0,0,0,0,0,0,0,0,0,0,0
drozdenko_au_lo,33,1226270,0,0,0,0,0,0,0,0,0,0,0,0
drromanovskaya,37,158720,1,0,0,0,0,0,4940,0,0,0,0,0
drsimkuihian,46,19303,0,0,0,0,0,0,0,0,0,0,0,0
dru_news,62,646838,0,0,0,0,0,0,0,0,0,0,0,0
drugisallyouneed,4,10270,0,0,0,0,0,0,0,0,0,0,0,0
drugoeeto,67,199165,3,0,0,0,0,0,13110,0,0,0,0,0
drugoiart,1,270,0,0,0,0,0,0,0,0,0,0,0,0
drugoigorod,16,18365,0,0,0,0,0,0,0,0,0,0,0,0
drugoinnov,1,402,0,0,0,0,0,0,0,0,0,0,0,0
druidi,1,746,0,0,0,0,0,0,0,0,0,0,0,0
drunken_masta,21,117990,0,0,0,0,0,0,0,0,0,0,0,0
dryg_naroda,33,208470,3,0,0,0,0,0,70470,0,0,0,0,0
dsns_telegram,171,1479658,2,0,0,0,0,0,12500,0,0,0,0,0
dsszzi_official,174,1237300,4,0,0,0,0,0,26810,0,0,0,0,0
dtarankaaaa,1,2570,0,0,0,0,0,0,0,0,0,0,0,0
dtek_ua,122,19152100,0,0,0,0,0,0,0,0,0,0,0,0
dthaxborotxizmati,4,1696,0,0,0,0,0,0,0,0,0,0,0,0
dtlive,254,3296560,12,0,0,0,0,0,166190,0,0,0,0,0
dtp47rus,8,8680,0,0,0,0,0,0,0,0,0,0,0,0
dtp_42kuzbass,1,39,0,0,0,0,0,0,0,0,0,0,0,0
dtp_blg,17,29599,0,0,0,0,0,0,0,0,0,0,0,0
dtp_kms27,31,68411,0,0,0,0,0,0,0,0,0,0,0,0
dtp_moskva,25,150050,0,0,0,0,0,0,0,0,0,0,0,0
dtp_nn,3,1194,0,0,0,0,0,0,0,0,0,0,0,0
dtp_spb78,52,1581110,0,0,0,0,0,0,0,0,0,0,0,0
dtp_tomsk,14,19051,0,0,0,0,0,0,0,0,0,0,0,0
dtpiuz,1,6640,0,0,0,0,0,0,0,0,0,0,0,0
dtpsochi,11,16857,0,0,0,0,0,0,0,0,0,0,0,0
dtravin61,23,86228,1,0,0,0,0,0,3510,0,0,0,0,0
dtsvet03,3,18010,0,0,0,0,0,0,0,0,0,0,0,0
dtulinov,6,92690,1,0,0,0,0,0,15100,0,0,0,0,0
dtwahnsinn,4,3159,0,0,0,0,0,0,0,0,0,0,0,0
dubai_media,45,361240,0,0,0,0,0,0,0,0,0,0,0,0
dubaimap,340,7148569,1,0,0,0,0,0,17300,0,0,0,0,0
dubinskypro,80,2362233,23,0,0,0,0,0,754530,0,0,0,0,0
dubisthalle,2,3900,0,0,0,0,0,0,0,0,0,0,0,0
dubna,1,134,0,0,0,0,0,0,0,0,0,0,0,0
dubovd,20,90270,0,0,0,0,0,0,0,0,0,0,0,0
dubovskibazar,14,25496,0,0,0,0,0,0,0,0,0,0,0,0
dubrovin8,15,51950,0,0,0,0,0,0,0,0,0,0,0,0
duhovnyfront,2,1851,0,0,0,0,0,0,0,0,0,0,0,0
dukaliti,125,5908430,4,0,0,0,0,0,234400,0,0,0,0,0
dulapchiyinfo,8,53050,0,0,0,0,0,0,0,0,0,0,0,0
duma_2021,56,136930,3,1,0,0,0,0,7340,3390,0,0,0,0
duma_gov_ru,177,1983360,6,0,0,0,0,0,150330,0,0,0,0,0
dumabrief,21,1767,0,0,0,0,0,0,0,0,0,0,0,0
dumainfo,9,1060,0,0,0,0,0,0,0,0,0,0,0,0
dumatv,799,4644116,44,0,0,0,0,0,82874,0,0,0,0,0
dumay_media,2,10,0,0,0,0,0,0,0,0,0,0,0,0
dumayem,53,259690,1,0,0,0,0,0,1040,0,0,0,0,0
dumersky,16,4346,0,0,0,0,0,0,0,0,0,0,0,0
dumskaya_net,40,24279,0,0,0,0,0,0,0,0,0,0,0,0
dumskaya_ua,2,571,0,0,0,0,0,0,0,0,0,0,0,0
dunyo_xabariuz,66,129500,0,0,0,0,0,0,0,0,0,0,0,0
durnevportitvse,81,1343969,0,0,0,0,0,0,0,0,0,0,0,0
durovkgb,1,140000,0,0,0,0,0,0,0,0,0,0,0,0
dushanbepost,1,41,0,0,0,0,0,0,0,0,0,0,0,0
dusnilaparty,126,2680080,0,0,0,0,0,0,0,0,0,0,0,0
dutova_olga,37,45862,0,0,0,0,0,0,0,0,0,0,0,0
dva_majors,3879,800711699,78,0,0,16,14,0,17633900,0,0,4652000,2269600,0
dvaplustwo,32,61521,0,0,0,0,0,0,0,0,0,0,0,0
dvhab_novosti,274,4468509,1,0,0,1,0,0,1960,0,0,19200,0,0
dvmaria,7,18700,0,0,0,0,0,0,0,0,0,0,0,0
dvmatveev_official,12,6854,0,0,0,0,0,0,0,0,0,0,0,0
dvuglav,2,3,0,0,0,0,0,0,0,0,0,0,0,0
dvved,78,81551,1,0,0,0,0,0,1900,0,0,0,0,0
dw_amharic,45,122505,0,0,0,0,0,0,0,0,0,0,0,0
dw_belarus,11,10540,0,0,0,0,0,0,0,0,0,0,0,0
dw_de_news,8,2437,0,0,0,0,0,0,0,0,0,0,0,0
dwellercity,20,92860,1,0,0,0,0,0,480,0,0,0,0,0
dwgformat,12,8261,0,0,0,0,0,0,0,0,0,0,0,0
dwglavnoe,159,2246980,7,0,0,0,0,0,125520,0,0,0,0,0
dwrussian,57,1214950,4,0,0,0,0,0,74850,0,0,0,0,0
dyadyaHabib05,9,1277,0,0,0,0,0,0,0,0,0,0,0,0
dymkamchatki,27,61589,0,0,0,0,0,0,0,0,0,0,0,0
dymovivan,1,1920,0,0,0,0,0,0,0,0,0,0,0,0
dystopiame,7,11439,0,0,0,0,0,0,0,0,0,0,0,0
dyuzhakin_channel,1,1100,0,0,0,0,0,0,0,0,0,0,0,0
dz_heze,17,39390,0,0,0,0,0,0,0,0,0,0,0,0
dzdmos,6,16830,0,0,0,0,0,0,0,0,0,0,0,0
dzerkalomedia,3,54,0,0,0,0,0,0,0,0,0,0,0,0
dzermant,11,2175,0,0,0,0,2,0,0,0,0,0,181,0
dzertv,1,5,0,0,0,0,0,0,0,0,0,0,0,0
dzerzhinsk_sluh,49,626600,1,0,0,0,0,0,10200,0,0,0,0,0
dzerzhinsk_sobitie,49,627200,0,0,0,0,0,0,0,0,0,0,0,0
dzhabrakadabra,39,660250,0,0,0,0,0,0,0,0,0,0,0,0
dzhaku,19,43668,2,0,0,0,0,0,3540,0,0,0,0,0
dzharakhov1,35,655709,0,0,0,0,0,0,0,0,0,0,0,0
dzhizusv,8,4889,0,0,0,0,0,0,0,0,0,0,0,0
dzr_today,46,5093,0,0,0,0,0,0,0,0,0,0,0,0
dzubavictor,29,6227,1,0,0,0,0,0,238,0,0,0,0,0
dzynk,9,10899,0,0,0,0,0,0,0,0,0,0,0,0
dzyubaartem22,20,286250,0,0,0,0,0,0,0,0,0,0,0,0
e1_news,4513,298538066,59,0,0,1,0,0,4338600,0,0,93200,0,0
e_grishkovets,23,64325,0,0,0,0,0,0,0,0,0,0,0,0
e_linch,55,6742400,0,0,0,0,0,0,0,0,0,0,0,0
e_shuvalova_channel,7,11719,0,0,0,0,0,0,0,0,0,0,0,0
e_test_bot_haqida,1,64000,0,0,0,0,0,0,0,0,0,0,0,0
e_turdimov,11,665,0,0,0,0,0,0,0,0,0,0,0,0
ealehin,12,71470,0,0,0,0,0,0,0,0,0,0,0,0
eaomedianews,91,40340,0,0,0,0,0,0,0,0,0,0,0,0
east_ukrainian_diaspora,6,9180,0,0,0,0,0,0,0,0,0,0,0,0
east_veter,21,16140,1,0,0,0,0,0,943,0,0,0,0,0
ebanulisnews,16,10444,0,0,0,0,0,0,0,0,0,0,0,0
ebanutiy_dnepr,38,214560,1,0,0,0,0,0,5800,0,0,0,0,0
ebanutiy_kiev,32,317420,0,0,0,0,0,0,0,0,0,0,0,0
ebobo_rus,1618,28130714,7,0,0,0,0,0,127900,0,0,0,0,0
ebstvworldwide,101,147064,0,0,0,0,0,0,0,0,0,0,0,0
ebzeevarita,2,152,0,0,0,0,0,0,0,0,0,0,0,0
echo80100,121,1013943,9,0,0,0,0,0,73000,0,0,0,0,0
echo_of_war_dnr,14,20616,0,0,0,0,0,0,0,0,0,0,0,0
echofm_online,47,285178,0,0,0,0,0,0,0,0,0,0,0,0
echokremlin,19,11526,0,0,0,0,0,0,0,0,0,0,0,0
echomskpodcast,3,724,0,0,0,0,0,0,0,0,0,0,0,0
echoonline_news,247,4279706,11,0,0,1,0,0,202700,0,0,22200,0,0
eco8man,33,2024,2,0,0,0,0,0,116,0,0,0,0,0
eco_industry,20,15848,0,0,0,0,0,0,0,0,0,0,0,0
eco_system_vo,1,997,0,0,0,0,0,0,0,0,0,0,0,0
eco_today,66,180369,0,0,0,0,0,0,0,0,0,0,0,0
ecoeventru,21,10651,0,0,0,0,0,0,0,0,0,0,0,0
ecolife,1,325,0,0,0,0,0,0,0,0,0,0,0,0
ecologistas,10,9781,0,0,0,0,0,0,0,0,0,0,0,0
economist_kg,13,1531,0,0,0,0,0,0,0,0,0,0,0,0
ecookhabar,33,5860,0,0,0,0,0,0,0,0,0,0,0,0
ecopartyuzb,5,671,0,0,0,0,0,0,0,0,0,0,0,0
ecopatrolDnipro,2,1470,0,0,0,0,0,0,0,0,0,0,0,0
ecoplatform,6,12461,0,0,0,0,0,0,0,0,0,0,0,0
ecopravda,20,25450,0,0,0,0,0,0,0,0,0,0,0,0
ecotech_vodokanal,13,29655,0,0,0,0,0,0,0,0,0,0,0,0
ecstaticaura,1,0,0,0,0,0,0,0,0,0,0,0,0,0
edafood_marina,1,747,0,0,0,0,0,0,0,0,0,0,0,0
edaperm,16,13821,0,0,0,0,0,0,0,0,0,0,0,0
edinorosss,2,0,0,0,0,0,0,0,0,0,0,0,0,0
edisonfamilia,1359,390772500,3,0,0,0,0,0,952000,0,0,0,0,0
edroirk,2,750,0,0,0,0,0,0,0,0,0,0,0,0
eduard_kuznetsov555,1,1400,0,0,0,0,0,0,0,0,0,0,0,0
eduardboyakov,19,19228,0,0,0,0,0,0,0,0,0,0,0,0
edufess,19,4468,0,0,0,0,0,0,0,0,0,0,0,0
edunetflix,12,19980,0,0,0,0,0,0,0,0,0,0,0,0
edycohendr,19,69210,0,0,0,0,0,0,0,0,0,0,0,0
eeoluos,7,7560,0,0,0,0,0,0,0,0,0,0,0,0
eestipost,20,10042,2,0,0,0,0,0,1089,0,0,0,0,0
effectbanochki,10,41010,0,0,0,0,0,0,0,0,0,0,0,0
effectuz,35,69590,1,0,0,0,0,0,3200,0,0,0,0,0
efironlinekazan,2,1226,0,0,0,0,0,0,0,0,0,0,0,0
efremenkovvvva,31,591850,0,0,0,0,0,0,0,0,0,0,0,0
eg_voronov,2,1826,0,0,0,0,0,0,0,0,0,0,0,0
egemenqazaqstan,10,3250,0,0,0,0,0,0,0,0,0,0,0,0
egor_beroev,39,151592,0,0,0,0,0,0,0,0,0,0,0,0
egorershoff,16,22292,0,0,0,0,0,0,0,0,0,0,0,0
egorievsk,14,86010,0,0,0,0,0,0,0,0,0,0,0,0
egorikvtg,149,55739600,0,0,0,0,0,0,0,0,0,0,0,0
egorkaship_bs,42,478090,0,0,0,0,0,0,0,0,0,0,0,0
egorletov,4,11010,0,0,0,0,0,0,0,0,0,0,0,0
egornatstg,43,173250,1,0,0,0,0,0,1390,0,0,0,0,0
egorovmb,2,35500,0,0,0,0,0,0,0,0,0,0,0,0
egovpress,34,358030,0,0,0,0,0,0,0,0,0,0,0,0
eho_gor_09,33,238130,1,0,0,0,0,0,6580,0,0,0,0,0
ehosev,19,21519,1,0,0,0,0,0,464,0,0,0,0,0
ehsanezami,28,174292,0,0,0,0,0,0,0,0,0,0,0,0
ehtemlat2,64,1358070,0,0,0,0,0,0,0,0,0,0,0,0
ein_fruhling_2,33,3176500,1,0,0,0,0,0,114000,0,0,0,0,0
ein_prozent,29,177290,0,0,0,0,0,0,0,0,0,0,0,0
eiriteltv,19,147839,0,0,0,0,0,0,0,0,0,0,0,0
eisragenda,1,1000,0,0,0,0,0,0,0,0,0,0,0,0
ekarkz,10,20390,0,0,0,0,0,0,0,0,0,0,0,0
ekat01,52,201636,1,0,0,0,0,0,5820,0,0,0,0,0
ekaterina_dashevskaya,33,307990,1,0,0,0,0,0,1410,0,0,0,0,0
ekaterina_dukhina,19,77420,1,0,0,0,0,0,3450,0,0,0,0,0
ekaterina_klimova_official,25,538280,0,0,0,0,0,0,0,0,0,0,0,0
ekaterina_mizulina,20,2746600,0,0,0,0,0,0,0,0,0,0,0,0
ekaterinaandreeva_official,42,408470,0,0,0,0,0,0,0,0,0,0,0,0
ekaterinasinitsynasantoni,9,16145,0,0,0,0,0,0,0,0,0,0,0,0
ekaterinavolkovaactress,31,572140,0,0,0,0,0,0,0,0,0,0,0,0
ekaterinburgc,1,31,0,0,0,0,0,0,0,0,0,0,0,0
ekatze007,43,717820,0,0,0,0,0,0,0,0,0,0,0,0
ekazan,17,15404,0,0,0,0,0,0,0,0,0,0,0,0
ekb4tv,11,9361,0,0,0,0,0,0,0,0,0,0,0,0
ekb_tipical,42,12180,1,0,0,0,0,0,69,0,0,0,0,0
ekbadministration,2,1749,0,0,0,0,0,0,0,0,0,0,0,0
ekbevents,2,90,0,0,0,0,0,0,0,0,0,0,0,0
ekbgrad_news,8,5449,0,0,0,0,0,0,0,0,0,0,0,0
ekbnash,10,9740,1,0,0,0,0,0,1100,0,0,0,0,0
ekbonfire,1,705,0,0,0,0,0,0,0,0,0,0,0,0
ekctu,7,12484,0,0,0,0,0,0,0,0,0,0,0,0
ekho_kavkaza,14,16440,0,0,0,0,0,0,0,0,0,0,0,0
ekt_news,16,4185,2,0,0,0,0,0,541,0,0,0,0,0
ekvinokurova,37,88168,4,0,0,0,0,0,8990,0,0,0,0,0
elOJOen,19,72120,0,0,0,0,0,0,0,0,0,0,0,0
elabuf253,68,299927,1,0,0,0,0,0,6100,0,0,0,0,0
elan2220,12,17939,1,0,0,0,0,0,1790,0,0,0,0,0
elarconte,6,75720,0,0,0,0,0,0,0,0,0,0,0,0
elbakyan_edgar,23,17375,0,0,0,0,0,0,0,0,0,0,0,0
elchurerocom,6,9740,0,0,0,0,0,0,0,0,0,0,0,0
elclassicoBand,241,6664239,0,0,0,0,0,0,0,0,0,0,0,0
eldiarioes,58,608140,0,0,0,0,0,0,0,0,0,0,0,0
electionelection,19,30615,0,0,0,0,0,0,0,0,0,0,0,0
electionsquad,19,43709,0,0,0,0,0,0,0,0,0,0,0,0
electionsuz,13,29794,0,0,0,0,0,0,0,0,0,0,0,0
electorium,30,82749,0,0,0,0,0,0,0,0,0,0,0,0
electron_krymsk,1,967,0,0,0,0,0,0,0,0,0,0,0,0
electronadya,5,22390,0,0,0,1,0,0,0,0,0,6310,0,0
electrostal_sluh,52,549750,0,0,0,0,0,0,0,0,0,0,0,0
electrostal_sobitie,51,615200,0,0,0,0,0,0,0,0,0,0,0,0
elektrostal_shchelkovo,48,325440,0,0,0,0,0,0,0,0,0,0,0,0
elemendaria_diy,21,101050,0,0,0,0,0,0,0,0,0,0,0,0
elemghost,8,20795,0,0,0,0,0,0,0,0,0,0,0,0
elena_drapeko,9,11824,0,0,0,0,0,0,0,0,0,0,0,0
elena_ercheva_blog,2,125,0,0,0,0,0,0,0,0,0,0,0,0
elena_kuznetsova_89,40,209013,0,0,0,0,0,0,0,0,0,0,0,0
elenageyko,4,616,0,0,0,0,0,0,0,0,0,0,0,0
elenagolovina11,1,217,0,0,0,0,0,0,0,0,0,0,0,0
elenaraytman,220,133155399,0,0,0,0,0,0,0,0,0,0,0,0
elenarodinastar,21,113330,1,0,0,0,0,0,4800,0,0,0,0,0
elenatelitcyna,16,74594,0,0,0,0,0,0,0,0,0,0,0,0
elengoland,5,4180,0,0,0,0,0,0,0,0,0,0,0,0
elenochka485,1,293,0,0,0,0,0,0,0,0,0,0,0,0
elentir,1,20,0,0,0,0,0,0,0,0,0,0,0,0
elephants_motherland,41,331200,0,0,0,0,0,0,0,0,0,0,0,0
eletsru,11,35719,0,0,0,0,0,0,0,0,0,0,0,0
elevenmediagroup,45,137541,0,0,0,0,0,0,0,0,0,0,0,0
elexpresodemedianoche,17,15768,0,0,0,0,0,0,0,0,0,0,0,0
elfianchannel,5,24200,0,0,0,0,0,0,0,0,0,0,0,0
eliaschsv,5,7720,0,0,0,0,0,0,0,0,0,0,0,0
elinfo_kz,227,513967,4,0,0,0,0,0,11820,0,0,0,0,0
elite_rezerve,6,6310,0,0,0,0,0,0,0,0,0,0,0,0
elitexpert,20,839,0,0,0,0,0,0,0,0,0,0,0,0
elizaveta_anikhovskaya_tg,7,43010,0,0,0,0,0,0,0,0,0,0,0,0
elizaveta_sit,5,9080,0,0,0,0,0,0,0,0,0,0,0,0
elizavetababanovacom,42,321110,1,0,0,0,0,0,11200,0,0,0,0,0
elizavetagerson,2,59400,0,0,0,0,0,0,0,0,0,0,0,0
elkhabarungut,14,5964,0,0,0,0,0,0,0,0,0,0,0,0
ellehappymom,41,673210,0,0,0,0,0,0,0,0,0,0,0,0
ellenvaiiio,3,1692,0,0,0,0,0,0,0,0,0,0,0,0
elliberal,20,55010,0,0,0,0,0,0,0,0,0,0,0,0
ellvitg,20,124320,0,0,0,0,0,0,0,0,0,0,0,0
elmofeo_life,15,88830,0,0,0,0,0,0,0,0,0,0,0,0
elmurodblog,12,10892,0,0,0,0,0,0,0,0,0,0,0,0
elpaisamerica,21,114547,0,0,0,0,0,0,0,0,0,0,0,0
elpaisamericacolombia,1,4110,0,0,0,0,0,0,0,0,0,0,0,0
elpicahielo,35,270046,0,0,0,0,0,0,0,0,0,0,0,0
elrrz,15,82590,0,0,0,0,0,0,0,0,0,0,0,0
elsaltodiario,19,46600,0,0,0,0,0,0,0,0,0,0,0,0
elsk_info,1,89,0,0,0,0,0,0,0,0,0,0,0,0
eltuz2022,40,1876100,0,0,0,0,0,0,0,0,0,0,0,0
elvin_grey_music_official,33,181702,0,0,0,0,0,0,0,0,0,0,0,0
elvina_100,25,143084,0,0,0,0,0,0,0,0,0,0,0,0
elvirooylife,1,1500,0,0,0,0,0,0,0,0,0,0,0,0
elvishgene,11,18508,0,0,0,0,0,0,0,0,0,0,0,0
elya_smith,14,54790,0,0,0,0,0,0,0,0,0,0,0,0
elyaaprelya,40,368460,0,0,0,0,0,0,0,0,0,0,0,0
elyakadir,20,23355,0,0,0,0,0,0,0,0,0,0,0,0
elysee,2,19000,0,0,0,0,0,0,0,0,0,0,0,0
elza_zaza,2,1388,0,0,0,0,0,0,0,0,0,0,0,0
emadbaghi,40,209660,0,0,0,0,0,0,0,0,0,0,0,0
embrusturkey,1,53,0,0,0,0,0,0,0,0,0,0,0,0
emcmo,19,100037,0,0,0,0,0,0,0,0,0,0,0,0
emergency_spb,1,28,0,0,0,0,0,0,0,0,0,0,0,0
emiltelegramm,125,6108920,0,0,0,0,0,0,0,0,0,0,0,0
emma_finance,11,98950,0,0,0,0,0,0,0,0,0,0,0,0
emmanuelmacron,6,615300,0,0,0,0,0,0,0,0,0,0,0,0
emnaumov,1,846,0,0,0,0,0,0,0,0,0,0,0,0
emoji_premiumm,2,11560,0,0,0,0,0,0,0,0,0,0,0,0
emperatori_IR,12,7204,0,0,0,0,0,0,0,0,0,0,0,0
emphasises,55,428366,2,0,0,0,0,0,20785,0,0,0,0,0
empty_clear_bottles,9,14266,0,0,0,0,0,0,0,0,0,0,0,0
emrouz_news,1088,306090,0,0,0,0,0,0,0,0,0,0,0,0
emyasheva,119,16460060,2,0,0,0,0,0,305000,0,0,0,0,0
enBoVZYDCEs0NWJi,42,500030,2,0,0,1,0,0,28100,0,0,11800,0,0
enekasvarzeghan,20,8956,0,0,0,0,0,0,0,0,0,0,0,0
energadartoday,8,146610,0,0,0,0,0,0,0,0,0,0,0,0
energoatom_ua,47,86305,2,0,0,0,0,0,4070,0,0,0,0,0
energodar_today24,36,139482,1,0,0,1,0,0,2840,0,0,301,0,0
energodar_ukr,10,11586,0,0,0,0,0,0,0,0,0,0,0,0
energylandinfo,5,930,0,0,0,1,0,0,0,0,0,217,0,0
energytodaygroup,22,174490,1,0,0,0,0,0,5910,0,0,0,0,0
engels_sluh,48,623900,0,0,0,0,0,0,0,0,0,0,0,0
engels_sobitie,50,650700,0,0,0,0,0,0,0,0,0,0,0,0
enghlabi_ir,16251,11202048,0,0,0,0,0,0,0,0,0,0,0,0
englishabuali,17,31927,0,0,0,0,0,0,0,0,0,0,0,0
engpravda,20,2772,0,0,0,0,0,0,0,0,0,0,0,0
enikeeva_aliya1,24,1440600,1,0,0,0,0,0,121000,0,0,0,0,0
eniseytv,56,172047,1,0,0,0,0,0,7100,0,0,0,0,0
enplusgroup,6,5703,0,0,0,0,0,0,0,0,0,0,0,0
entangledcoasts,10,30730,0,0,0,0,0,0,0,0,0,0,0,0
enter_media,9,26910,0,0,0,0,0,0,0,0,0,0,0,0
enter_samara,11,34560,0,0,0,0,0,0,0,0,0,0,0,0
enter_ufa,10,26310,0,0,0,0,0,0,0,0,0,0,0,0
enterengineeringpteltd,13,54290,0,0,0,0,0,0,0,0,0,0,0,0
entertainmentofficialnew,11,11496,0,0,0,0,0,0,0,0,0,0,0,0
entime2022,2,5050,0,0,0,0,0,0,0,0,0,0,0,0
entra_in_v_v,13,4520,0,0,0,0,0,0,0,0,0,0,0,0
entre_guerras,443,5696870,0,0,0,0,0,0,0,0,0,0,0,0
enzdel,3,1905,0,0,0,0,0,0,0,0,0,0,0,0
enzeshkaperm,1,733,0,0,0,0,0,0,0,0,0,0,0,0
enzzai,15,302800,0,0,0,0,0,0,0,0,0,0,0,0
eo_wt,5023,11171286,0,0,0,0,0,0,0,0,0,0,0,0
eoblast,31,6968,1,0,0,0,0,0,203,0,0,0,0,0
eoguy,17,449330,0,0,0,0,0,0,0,0,0,0,0,0
epanchintsev,15,4376,2,0,0,0,0,0,1352,0,0,0,0,0
epochtimes,3914,15554319,0,0,0,0,0,0,0,0,0,0,0,0
epochtimesde,107,315474,0,0,0,0,0,0,0,0,0,0,0,0
epoddubny,2495,306695368,73,0,2,19,4,0,8102400,0,329000,2799900,457900,0
epravda,20,187820,0,0,0,0,0,0,0,0,0,0,0,0
eprussia,11,1559,0,0,0,0,0,0,0,0,0,0,0,0
epsnewsblogfa,32,52050,0,0,0,0,0,0,0,0,0,0,0,0
eptitmedia,12,16665,0,0,0,0,0,0,0,0,0,0,0,0
er_molnia,37,700270,0,0,0,0,0,0,0,0,0,0,0,0
er_mosobl,9,11427,0,0,0,0,0,0,0,0,0,0,0,0
er_voronezh,2,5340,0,0,0,0,0,0,0,0,0,0,0,0
eraa_ays,12,41275,0,0,0,0,0,0,0,0,0,0,0,0
eranico_com,100,267651,0,0,0,0,0,0,0,0,0,0,0,0
erbashkortostan,7,10329,0,0,0,0,0,0,0,0,0,0,0,0
eremin_krsk,23,33563,0,0,0,0,0,0,0,0,0,0,0,0
ereport,20,26908,0,0,0,0,0,0,0,0,0,0,0,0
eretzh,38,840770,0,0,0,0,0,0,0,0,0,0,0,0
ergalina,22,31784,0,0,0,0,0,0,0,0,0,0,0,0
ergashevs_blog,4,244,0,0,0,0,0,0,0,0,0,0,0,0
ergosdumaofficial,22,3779,2,0,0,0,1,0,222,0,0,0,100,0
erickbriancolon,6,5296,0,0,0,0,0,0,0,0,0,0,0,0
erikarederika,3,4080,0,0,0,0,0,0,0,0,0,0,0,0
erkinbozorovv,49,1002860,0,0,0,0,0,0,0,0,0,0,0,0
erknoncn,15,6516,0,0,0,0,0,0,0,0,0,0,0,0
erkrasnoyarsk,1,469,0,0,0,0,0,0,0,0,0,0,0,0
erlanakhmetoff,4,4839,0,0,0,0,0,0,0,0,0,0,0,0
erlankarin,37,145719,2,0,0,0,0,0,7820,0,0,0,0,0
ermaka2022,160,9231600,3,0,0,0,0,0,803900,0,0,0,0,0
ermolinskiy_news,1,891,0,0,0,0,0,0,0,0,0,0,0,0
ermoscow,36,351690,1,0,0,0,0,0,2600,0,0,0,0,0
erololi,1,219,1,0,0,0,0,0,219,0,0,0,0,0
eroxso2,24,1654400,0,0,0,0,0,0,0,0,0,0,0,0
error_288,68,1011990,0,0,0,0,0,0,0,0,0,0,0,0
ershtg,24,67764,3,0,0,0,0,0,8838,0,0,0,0,0
ertebat_ba_adminhaa2,21,18379,0,0,0,0,0,0,0,0,0,0,0,0
ertelecom_news,12,13748,0,0,0,0,0,0,0,0,0,0,0,0
erusheen,2,8010,0,0,0,0,0,0,0,0,0,0,0,0
es_blog,50,92646,0,0,0,0,0,0,0,0,0,0,0,0
esaultalk,36,334495,1,0,0,0,0,0,13300,0,0,0,0,0
escapezm,30,64643,0,0,0,0,0,0,0,0,0,0,0,0
eschulmann,460,32782099,30,1,0,1,0,3,2086200,67600,0,75100,0,230300
esh_finance,3,5320,0,0,0,0,0,0,0,0,0,0,0,0
eshenepozner,1,11400,0,0,0,0,0,0,0,0,0,0,0,0
eshkaftaknews,8,898,0,0,0,0,0,0,0,0,0,0,0,0
eshkinkrot,990,57513180,35,0,1,5,2,0,1893090,0,57200,290200,118500,0
eshlisee,11,22980,0,0,0,0,0,0,0,0,0,0,0,0
eshteharda_khabar,29,15407,0,0,0,0,0,0,0,0,0,0,0,0
eshtesalo,1,1260,0,0,0,0,0,0,0,0,0,0,0,0
esmixxx,14,98981,1,0,0,0,0,0,6820,0,0,0,0,0
espolitiks,35,43409,0,0,0,0,0,0,0,0,0,0,0,0
espresobc,3,416,0,0,0,0,0,0,0,0,0,0,0,0
espresotb,298,2851008,7,0,1,1,0,0,53580,0,8500,8200,0,0
esquerrarepublicana,27,34184,0,0,0,0,0,0,0,0,0,0,0,0
esquire_kz,1,1000,0,0,0,0,0,0,0,0,0,0,0,0
essentuki_online,7,19460,0,0,0,0,0,0,0,0,0,0,0,0
essizdick,10,5744,0,0,0,0,0,0,0,0,0,0,0,0
estate_rus,20,5821,0,0,0,0,0,0,0,0,0,0,0,0
estekhdamppegah,17,9660,0,0,0,0,0,0,0,0,0,0,0,0
esther_nyan,18,33956,1,0,0,0,0,0,1770,0,0,0,0,0
estlatlitv,31,61110,2,0,0,0,0,0,4190,0,0,0,0,0
esxaton,22,126670,1,0,0,0,0,0,5820,0,0,0,0,0
esyaaass,4,145,0,0,0,0,0,0,0,0,0,0,0,0
etatiste,2,102,0,0,0,0,0,0,0,0,0,0,0,0
etc_by_lukina,1,2000,0,0,0,0,0,0,0,0,0,0,0,0
etehad_Bazn,6,1664,0,0,0,0,0,0,0,0,0,0,0,0
etehademardomilorestan,8,510,0,0,0,0,0,0,0,0,0,0,0,0
etelafedah,20,2230,0,0,0,0,0,0,0,0,0,0,0,0
eterehova,13,5453,0,0,0,0,0,0,0,0,0,0,0,0
eternalglc,31,11489,0,0,0,0,0,0,0,0,0,0,0,0
ethio_mereja,270,5417750,0,0,0,0,0,0,0,0,0,0,0,0
ethio_mereja_news,80,562001,0,0,0,0,0,0,0,0,0,0,0,0
ethiopiacheck,41,477640,0,0,0,0,0,0,0,0,0,0,0,0
ethiopiainsight,5,4346,0,0,0,0,0,0,0,0,0,0,0,0
ethiopian_news24,3,484,0,0,0,0,0,0,0,0,0,0,0,0
etnosism,10,19980,0,0,0,0,0,0,0,0,0,0,0,0
eto_dnepr,19,26403,0,0,0,0,0,0,0,0,0,0,0,0
eto_krivo,22,579200,0,0,0,0,0,0,0,0,0,0,0,0
eto_ne_ellival_detka,29,337740,1,0,0,0,0,0,11800,0,0,0,0,0
eto_zp,3092,174212350,3,0,0,11,0,0,154900,0,0,639000,0,0
etofaib,12,705500,1,0,0,0,0,0,50300,0,0,0,0,0
etogrenka,2,470,0,0,0,0,0,0,0,0,0,0,0,0
etoliana,19,158470,0,0,0,0,0,0,0,0,0,0,0,0
etonekritika,8,15930,0,0,0,0,0,0,0,0,0,0,0,0
etoneksusha,16,112340,0,0,0,0,0,0,0,0,0,0,0,0
etoolesha,39,961200,1,0,0,0,0,0,22300,0,0,0,0,0
etosashaaaa,5,21480,0,0,0,0,0,0,0,0,0,0,0,0
etotyzhasnisex,3,5590,0,0,0,0,0,0,0,0,0,0,0,0
etoyana,6,2568,0,0,0,0,0,0,0,0,0,0,0,0
etozhekoval,36,1322350,0,0,0,0,0,0,0,0,0,0,0,0
etozhevikaaa,7,54400,0,0,0,0,0,0,0,0,0,0,0,0
etozhez,20,26706,0,0,0,0,0,0,0,0,0,0,0,0
etozp,1338,28625110,5,0,0,4,0,0,120100,0,0,95100,0,0
ettehadieiran,19,11359,0,0,0,0,0,0,0,0,0,0,0,0
etudes_avec_accent,12,21560,0,0,0,0,0,0,0,0,0,0,0,0
etvmais,18,4068,0,0,0,0,0,0,0,0,0,0,0,0
eugenejut,7,155,1,0,0,0,0,0,23,0,0,0,0,0
eugenesagaz_official,26,1649600,0,0,0,0,0,0,0,0,0,0,0,0
eurasiaexpert,4,2189,0,0,0,0,0,0,0,0,0,0,0,0
eurasiamoldova,16,1550,2,0,0,0,0,0,116,0,0,0,0,0
euromore,2,4860,0,0,0,0,1,0,0,0,0,0,2470,0
euronews_es,20,17254,0,0,0,0,0,0,0,0,0,0,0,0
europa_press,20,33260,0,0,0,0,0,0,0,0,0,0,0,0
europeancommission,27,135472,0,0,0,0,0,0,0,0,0,0,0,0
euroradio,32,44687,0,0,0,0,0,0,0,0,0,0,0,0
eurorussians,5,575,0,0,1,0,0,0,0,0,75,0,0,0
eurovid,30,25075,0,0,0,0,0,0,0,0,0,0,0,0
eva_apple,16,38732,0,0,0,0,0,0,0,0,0,0,0,0
evakaz,28,15060,1,0,0,0,0,0,358,0,0,0,0,0
evaluatrix,15,53279,0,0,0,0,0,0,0,0,0,0,0,0
evamash7,12,110024,0,0,0,0,0,0,0,0,0,0,0,0
evamillershaaa,9,353500,0,0,0,0,0,0,0,0,0,0,0,0
evasova,11,29660,0,0,0,0,0,0,0,0,0,0,0,0
eveliinushka,46,1075300,0,0,0,0,0,0,0,0,0,0,0,0
evengeleaa,5,3113,1,0,0,0,0,0,1450,0,0,0,0,0
eventmedia,12,19323,0,0,0,0,0,0,0,0,0,0,0,0
events_interesnoe,40,283050,1,0,0,0,0,0,6560,0,0,0,0,0
events_kzn,20,7525,0,0,0,0,0,0,0,0,0,0,0,0
everydayrain,50,7849900,0,0,0,0,0,0,0,0,0,0,0,0
evesna,244,3791048,7,0,0,0,0,0,109990,0,0,0,0,0
evestart,2,1648,0,0,0,0,0,0,0,0,0,0,0,0
evgenii_ponasenkov,139,2551340,10,0,0,0,0,0,162960,0,0,0,0,0
evgeniy_lisitsyn,79,703820,3,0,1,0,0,0,22170,0,11900,0,0,0
evgeniya_gok,11,46478,0,0,0,0,0,0,0,0,0,0,0,0
evgenmt,18,386631,0,0,0,0,0,0,0,0,0,0,0,0
evgenyprimakov,50,249540,0,0,0,0,0,0,0,0,0,0,0,0
evgenysova,12,9241,0,0,0,0,0,0,0,0,0,0,0,0
evgenyuprock,16,41990,0,0,0,0,0,0,0,0,0,0,0,0
evik_006,24,506760,0,0,0,0,0,0,0,0,0,0,0,0
evilchangbinstan,95,264008,0,0,0,0,0,0,0,0,0,0,0,0
evkochegin,1,774,0,0,0,0,0,0,0,0,0,0,0,0
evncov,25,839790,0,0,0,0,0,0,0,0,0,0,0,0
evnoazef,15,563,1,0,0,0,0,0,1,0,0,0,0,0
evonewss,56,83133,0,0,0,0,0,0,0,0,0,0,0,0
evpanteleykin,1,1550,0,0,0,0,0,0,0,0,0,0,0,0
evraevmikhail,3,3474,1,0,0,0,0,0,1170,0,0,0,0,0
evriallive,21,46353,0,0,0,0,0,0,0,0,0,0,0,0
evropakipr,10,25630,0,0,0,0,0,0,0,0,0,0,0,0
evst_on_air,10,117669,0,0,0,0,0,0,0,0,0,0,0,0
evstupin,44,686680,3,0,0,0,0,0,51200,0,0,0,0,0
evvolynkin,1,649,1,0,0,0,0,0,649,0,0,0,0,0
exeqwertalena,15,196420,0,0,0,0,0,0,0,0,0,0,0,0
exilemusic13,173,127341900,1,0,0,0,0,0,785000,0,0,0,0,0
exitpool2021,7,2043,0,0,0,0,0,0,0,0,0,0,0,0
exler443,18,125100,0,0,0,0,0,0,0,0,0,0,0,0
exokkbop,4,3311,0,0,0,0,0,0,0,0,0,0,0,0
exp_fdn,22,86511,0,0,0,0,0,0,0,0,0,0,0,0
expensive_hurma,725,28037606,2,0,0,0,0,0,37140,0,0,0,0,0
expert_psiholog,19,20808,0,0,0,0,0,0,0,0,0,0,0,0
expert_ru,8,7106,0,0,0,0,0,0,0,0,0,0,0,0
expertprimorye,38,499590,2,0,0,0,0,0,23870,0,0,0,0,0
explaining,64,1477180,3,0,0,0,0,0,59980,0,0,0,0,0
explorevryday,3,7430,0,0,0,0,0,0,0,0,0,0,0,0
express_tribune,14,1587,0,0,0,0,0,0,0,0,0,0,0,0
expressotoday,18,69110,0,0,0,0,0,0,0,0,0,0,0,0
exsled,40,986940,1,0,0,0,0,0,19600,0,0,0,0,0
exspress58,1,28,0,0,0,0,0,0,0,0,0,0,0,0
extra_vaganza,11,38570,0,0,0,0,0,0,0,0,0,0,0,0
extraksyu,5,43,0,0,0,0,0,0,0,0,0,0,0,0
extremee77,4,339,0,0,0,0,0,0,0,0,0,0,0,0
extremism_71,5,9322,0,0,0,0,0,0,0,0,0,0,0,0
extremizmunet,1,4000,0,0,0,0,0,0,0,0,0,0,0,0
eyguenot_tg,19,87610,0,0,0,0,0,0,0,0,0,0,0,0
ezhkinkot,13,7191,0,0,0,0,0,0,0,0,0,0,0,0
ezhuskazhu,1,0,0,0,0,0,0,0,0,0,0,0,0,0
ezinoviev,6,4069,0,0,0,0,0,0,0,0,0,0,0,0
f_ajabshir,39,61385,0,0,0,0,0,0,0,0,0,0,0,0
f_yuldosh,3,129,0,0,0,0,0,0,0,0,0,0,0,0
fabrichka,23,95000,0,0,0,0,0,0,0,0,0,0,0,0
faceofwar,220,4160235,0,0,0,0,0,0,0,0,0,0,0,0
factcheckkz,29,29617,0,0,0,0,0,0,0,0,0,0,0,0
factoram,19,19654,0,0,0,0,0,0,0,0,0,0,0,0
fadzaev,18,27143,0,0,0,0,0,0,0,0,0,0,0,0
faedahislamiyahslogohimo,4,1133,0,0,0,0,0,0,0,0,0,0,0,0
fahrenheit1724,32,7273,0,0,0,0,0,0,0,0,0,0,0,0
fahrullo99,11,3524,0,0,0,0,0,0,0,0,0,0,0,0
fainemisto_tv,25,89988,0,0,0,0,0,0,0,0,0,0,0,0
fajernews,433,3283026,0,0,0,0,0,0,0,0,0,0,0,0
fakasutra,3,28100,0,0,0,0,0,0,0,0,0,0,0,0
fake_news_ru,12,29472,0,0,0,0,0,0,0,0,0,0,0,0
fakecontrol,72,1274090,3,0,0,0,0,0,46010,0,0,0,0,0
fakefact_30,3,841,0,0,0,0,0,0,0,0,0,0,0,0
fakeyabi_tak_setare,6,546,0,0,0,0,0,0,0,0,0,0,0,0
fakti_novosti,40,551000,2,0,0,0,0,0,26800,0,0,0,0,0
faktlarla,25,26047,0,0,0,0,0,0,0,0,0,0,0,0
faktorinfo,3,295,0,0,0,0,0,0,0,0,0,0,0,0
fakturauz_info,12,12664,0,0,0,0,0,0,0,0,0,0,0,0
fallinlovewithvivi,3,0,0,0,0,0,0,0,0,0,0,0,0,0
family_nord,45,161,1,0,0,0,0,0,2,0,0,0,0,0
familybenzo,16,135590,0,0,0,0,0,0,0,0,0,0,0,0
familynewsuae,40,26303,0,0,0,0,0,0,0,0,0,0,0,0
familyofukraine,2,238,0,0,0,0,0,0,0,0,0,0,0,0
famousrockchannel,3,13800,0,0,0,0,0,0,0,0,0,0,0,0
fanatelevision,3250,40234010,0,0,0,0,0,0,0,0,0,0,0,0
fancysmth,25,821400,0,0,0,0,0,0,0,0,0,0,0,0
fanflegions,18,25585,0,0,0,0,0,0,0,0,0,0,0,0
fanipolby,1,139,0,0,0,0,0,0,0,0,0,0,0,0
fanslyfromcorgi,13,32210,0,0,0,0,0,0,0,0,0,0,0,0
fantom4sik,5,50610,0,0,0,0,0,0,0,0,0,0,0,0
fantomsky,20,156410,0,0,0,0,0,0,0,0,0,0,0,0
faraagir_E,35,7104,0,0,0,0,0,0,0,0,0,0,0,0
faraistyping,18,52200,0,0,0,0,0,0,0,0,0,0,0,0
faraj_sarkohi,33,101066,0,0,0,0,0,0,0,0,0,0,0,0
farbizz_bat9,33,189140,0,0,0,0,0,0,0,0,0,0,0,0
farelyspace,22,84370,0,0,0,0,0,0,0,0,0,0,0,0
farenheit451,5,4136,0,0,0,0,0,0,0,0,0,0,0,0
fargonalilar,77,630161,0,0,0,0,0,0,0,0,0,0,0,0
fargonauzpress,17,24191,0,0,0,0,0,0,0,0,0,0,0,0
farhadibragim,16,6666,0,0,0,0,0,0,0,0,0,0,0,0
faridaily24,33,1536100,1,1,0,0,0,0,40100,26000,0,0,0,0
farsh,8,4621,0,0,0,0,0,0,0,0,0,0,0,0
farsi_cnn,60,48089,0,0,0,0,0,0,0,0,0,0,0,0
farsiinfarsiiin,22,66412,0,0,0,0,0,0,0,0,0,0,0,0
fas_time,22,12347,1,0,0,0,0,0,369,0,0,0,0,0
fashionchain,47,75052,0,0,0,0,0,0,0,0,0,0,0,0
fasinfo,1,41,0,0,0,0,0,0,0,0,0,0,0,0
fasrussia,30,267070,0,0,0,0,0,0,0,0,0,0,0,0
fastmereja,51,242582,0,0,0,0,0,0,0,0,0,0,0,0
fatalityvdk,2,1120,0,0,0,0,0,0,0,0,0,0,0,0
fatherstracksuitlive,8,57940,0,0,0,0,0,0,0,0,0,0,0,0
fatimaboom,4,9718,1,0,0,0,0,0,4590,0,0,0,0,0
faust21century,24,605390,0,0,0,0,0,0,0,0,0,0,0,0
favtrf,16,5092,0,0,0,0,0,0,0,0,0,0,0,0
fayzboguz,47,589930,0,0,0,0,0,0,0,0,0,0,0,0
fbcAfaanOromo,38,101325,0,0,0,0,0,0,0,0,0,0,0,0
fbi_lnk,4,409,0,0,0,0,0,0,0,0,0,0,0,0
fbm_ru,20,4855,0,0,0,0,0,0,0,0,0,0,0,0
fbrus,4,2835,0,0,0,0,0,0,0,0,0,0,0,0
fcpeshka,59,882650,0,0,0,2,0,0,0,0,0,86600,0,0
fdgkjuvxy56,1,465,0,0,0,0,0,0,0,0,0,0,0,0
fe_city_boy,26,394510,0,0,0,0,0,0,0,0,0,0,0,0
fearstop,14,101930,1,0,0,0,0,0,1570,0,0,0,0,0
fed9n,3,1310,0,0,0,0,0,0,0,0,0,0,0,0
federalpress,9,800,0,0,0,0,0,0,0,0,0,0,0,0
federovasf,23,192720,2,0,0,0,0,0,14990,0,0,0,0,0
fedin_papa,9,9696,0,0,0,0,0,0,0,0,0,0,0,0
fedor_nechitaylo,27,555400,0,0,0,0,0,0,0,0,0,0,0,0
fedorovgd,64,242265,0,0,0,0,0,0,0,0,0,0,0,0
fedot_tumusov,9,566,0,0,0,0,0,0,0,0,0,0,0,0
fedpress_online,39,13610,0,0,0,0,0,0,0,0,0,0,0,0
fedukonelive,27,474560,0,0,0,0,0,0,0,0,0,0,0,0
fedyabooker,48,1490000,0,0,0,0,0,0,0,0,0,0,0,0
fedyaev_evgenij,9,60009,0,0,0,0,0,0,0,0,0,0,0,0
feedbrasil,22,13305,0,0,0,0,0,0,0,0,0,0,0,0
feeviun7,1,455,0,0,0,0,0,0,0,0,0,0,0,0
fefekaka,19,82030,0,0,0,0,0,0,0,0,0,0,0,0
feitalkchannel,9,12047,0,0,0,0,0,0,0,0,0,0,0,0
femagainstwar,43,80817,2,0,0,0,0,0,4740,0,0,0,0,0
femilink,6,9082,0,0,0,0,0,0,0,0,0,0,0,0
feminism_visually_official,30,156430,0,0,0,0,0,0,0,0,0,0,0,0
feminismos,24,12153,0,0,0,0,0,0,0,0,0,0,0,0
feminizm_power,5,18490,0,0,0,0,0,0,0,0,0,0,0,0
femloveumer,17,540000,0,0,0,0,0,0,0,0,0,0,0,0
femmefightale,1,1090,0,0,0,0,0,0,0,0,0,0,0,0
femvremya,14,6652,3,0,0,0,0,0,1316,0,0,0,0,0
fence88,2,7450,0,0,0,0,0,0,0,0,0,0,0,0
fengshuy,2,1147,0,0,0,0,0,0,0,0,0,0,0,0
feniksnews,18,9785,0,0,0,0,0,0,0,0,0,0,0,0
fenyatg,31,1602800,0,0,0,0,0,0,0,0,0,0,0,0
feofilov_shit,1,17100,0,0,0,0,0,0,0,0,0,0,0,0
ferberstas,5,10400,0,0,0,0,0,0,0,0,0,0,0,0
fergana_bugun,2,3030,0,0,0,0,0,0,0,0,0,0,0,0
fergananews,15,12626,0,0,0,0,0,0,0,0,0,0,0,0
feridalife,1,125,0,0,0,0,0,0,0,0,0,0,0,0
fermerznaet,20,57881,0,0,0,0,0,0,0,0,0,0,0,0
fernovin,25,20040,0,0,0,0,0,0,0,0,0,0,0,0
ferummade,19,6088,1,0,0,0,0,0,675,0,0,0,0,0
feruzabonu_rj_tv,16,1008700,0,0,0,0,0,0,0,0,0,0,0,0
festivalny,20,78920,1,0,0,0,0,0,4890,0,0,0,0,0
fetan,162,939130,0,0,0,0,0,0,0,0,0,0,0,0
feya_skidok,1,928,0,0,0,0,0,0,0,0,0,0,0,0
feyalyubvi,2,734,0,0,0,0,0,0,0,0,0,0,0,0
fffmapa,4,10830,0,0,0,0,0,0,0,0,0,0,0,0
ffirefaya,17,93760,1,0,0,0,0,0,5080,0,0,0,0,0
ffzrm,2,718,0,0,0,0,0,0,0,0,0,0,0,0
fi_qalbun,9,1811,0,0,0,0,0,0,0,0,0,0,0,0
fields_of_wheat,20,57150,1,0,0,0,0,0,2390,0,0,0,0,0
fifthrepublic,3,771,0,0,0,0,0,0,0,0,0,0,0,0
fiftyottenkoff,11,44428,0,0,0,0,0,0,0,0,0,0,0,0
fightcorruptor,2,1349,1,0,0,0,0,0,691,0,0,0,0,0
fiillari,3,3000,0,0,0,0,0,0,0,0,0,0,0,0
fikrat,21,39075,0,0,0,0,0,0,0,0,0,0,0,0
fikrbank,19,65301,0,0,0,0,0,0,0,0,0,0,0,0
filatofff,11,90600,0,0,0,0,0,0,0,0,0,0,0,0
fili_k,1,1340,0,0,0,0,0,0,0,0,0,0,0,0
filigradnews,3,6290,0,0,0,0,0,0,0,0,0,0,0,0
filimonov_official,5,3139,0,0,0,0,0,0,0,0,0,0,0,0
filizankanews,39,288080,0,0,0,0,0,0,0,0,0,0,0,0
films74,2,8300,0,0,0,0,0,0,0,0,0,0,0,0
fin_rus,8,1040,2,0,0,0,0,0,379,0,0,0,0,0
finnfinski,36,90166,0,0,0,0,0,0,0,0,0,0,0,0
fiorellastele,2,19,0,0,0,0,0,0,0,0,0,0,0,0
fiparmenia,4,1686,0,0,0,0,0,0,0,0,0,0,0,0
firsov_e,12,69260,1,0,0,0,0,0,12300,0,0,0,0,0
first_morskoy,10,14429,0,0,0,0,0,0,0,0,0,0,0,0
first_political,5886,121284114,302,1,2,55,2,0,6293200,69800,61500,1199000,37800,0
firstchannelforyou,31,93480,0,0,0,0,0,0,0,0,0,0,0,0
firstclasspussy,16,7672,0,0,0,0,0,0,0,0,0,0,0,0
firstsoupe,3,2064,0,0,0,0,0,0,0,0,0,0,0,0
fishmanmish,48,326840,0,0,0,0,0,0,0,0,0,0,0,0
fishnewschannel,3,458,0,0,0,0,0,0,0,0,0,0,0,0
fispeckt,26,495006,1,0,0,0,0,0,16600,0,0,0,0,0
fistfiles,1,800,0,0,0,0,0,0,0,0,0,0,0,0
five_kop_outdoor,3,2881,0,0,0,0,0,0,0,0,0,0,0,0
fivfiv1,52,867910,0,0,0,0,0,0,0,0,0,0,0,0
fixitru,9,368,0,0,0,0,0,0,0,0,0,0,0,0
fixplaygg,31,1469500,0,0,0,0,0,0,0,0,0,0,0,0
fkdacha,18,53626,0,0,0,0,0,0,0,0,0,0,0,0
fladarsun,35,616570,0,0,0,0,0,0,0,0,0,0,0,0
flaffyxandbaby,13,26337,1,0,0,0,0,0,2740,0,0,0,0,0
flagshtok,29,62207,0,0,0,0,0,0,0,0,0,0,0,0
flamiecsgo,2,11,0,0,0,0,0,0,0,0,0,0,0,0
flashpiter,134,146325,1,0,0,0,0,0,953,0,0,0,0,0
flashpoint_news,18,22176,0,0,0,0,0,0,0,0,0,0,0,0
fledu_uz_official,1,4,0,0,0,0,0,0,0,0,0,0,0,0
floristikanaiznanky,2,2460,0,0,0,0,0,0,0,0,0,0,0,0
fltlv,15,8874,0,0,0,0,0,0,0,0,0,0,0,0
fluff_fashion,31,484540,0,0,0,0,0,0,0,0,0,0,0,0
flufyshop,3,406,0,0,0,0,0,0,0,0,0,0,0,0
flyingvasya,30,93999,4,0,0,0,0,0,11430,0,0,0,0,0
fnvolga,8,4430,0,0,0,0,0,0,0,0,0,0,0,0
focuse_on,1,678,0,0,0,0,0,0,0,0,0,0,0,0
follow_the_angel,10,6677,0,0,0,0,0,0,0,0,0,0,0,0
follyfly,22,17432,0,0,0,0,0,0,0,0,0,0,0,0
fonariksvetit,2,0,0,0,0,0,0,0,0,0,0,0,0,0
fonartv,28,98578,0,0,0,0,0,0,0,0,0,0,0,0
fond_bashnya,15,9537,0,0,0,0,0,0,0,0,0,0,0,0
fond_khamovniki,2,2730,0,0,0,0,0,0,0,0,0,0,0,0
fontan1000000,14,84270,0,0,0,0,0,0,0,0,0,0,0,0
fontanka_spb,99,63701,0,0,0,0,0,0,0,0,0,0,0,0
fontankapnz,4,15490,0,0,0,0,0,0,0,0,0,0,0,0
fontankaspb,3100,202227170,37,0,1,8,0,0,2584200,0,71900,573900,0,0
fontanska_ya,18,28330,0,0,0,0,0,0,0,0,0,0,0,0
foodkyiv,22,83290,0,0,0,0,1,0,0,0,0,0,6970,0
foodonfoot,9,18420,1,0,0,0,0,0,1340,0,0,0,0,0
foodyallen,1,598,0,0,0,0,0,0,0,0,0,0,0,0
forbesind,20,7811,0,0,0,0,0,0,0,0,0,0,0,0
forest_fairy_home,5,35550,0,0,0,0,0,0,0,0,0,0,0,0
forest_w,7,4386,0,0,0,0,0,0,0,0,0,0,0,0
forestforum,1,3600,0,0,0,0,0,0,0,0,0,0,0,0
forevernotes,34,324669,0,0,0,0,0,0,0,0,0,0,0,0
forexbiblioteka,32,72320,2,0,0,0,0,0,4340,0,0,0,0,0
forfarhad,9,4814,0,0,0,0,0,0,0,0,0,0,0,0
fori_ardabil,9,2301,0,0,0,0,0,0,0,0,0,0,0,0
fori_khabaar1,38,7622,0,0,0,0,0,0,0,0,0,0,0,0
forish_forishliklar,37,45613,0,0,0,0,0,0,0,0,0,0,0,0
forks_time,23,59943,0,0,0,0,0,0,0,0,0,0,0,0
format_W,18,32868,0,0,0,0,0,0,0,0,0,0,0,0
forodirchNEWS,2,9850,0,0,0,0,0,0,0,0,0,0,0,0
forpost_sev,11,24526,0,0,0,0,0,0,0,0,0,0,0,0
forpost_zp,3,777,0,0,0,0,0,0,0,0,0,0,0,0
fortangaorg,11,17622,0,0,0,0,0,0,0,0,0,0,0,0
forumomskcom,5,6684,0,0,0,0,0,0,0,0,0,0,0,0
fotoblog_vdk,15,14203,0,0,0,0,0,0,0,0,0,0,0,0
fotografersha,9,8946,0,0,0,0,0,0,0,0,0,0,0,0
fotovyatka,3,223,0,0,0,0,0,0,0,0,0,0,0,0
foxandraven,16,6333,0,0,0,0,0,0,0,0,0,0,0,0
fpgasystems_events,1,3140,0,0,0,0,0,0,0,0,0,0,0,0
fpso63,2,3790,0,0,0,0,0,0,0,0,0,0,0,0
fpsr_rus,1,3190,0,0,0,0,0,0,0,0,0,0,0,0
frachan,13,11944,0,0,0,0,0,0,0,0,0,0,0,0
francevichmasha,8,12850,0,0,0,0,0,0,0,0,0,0,0,0
francoisruffin,36,56928,0,0,0,0,0,0,0,0,0,0,0,0
frankivskcity,29,26244,0,0,0,0,0,0,0,0,0,0,0,0
franko_city_gram,31,66894,0,0,0,0,0,0,0,0,0,0,0,0
frantic_easel,21,20252,1,0,0,0,0,0,221,0,0,0,0,0
freakybitjes,4,5640,0,0,0,0,0,0,0,0,0,0,0,0
fredjgrief,44,1633020,0,0,0,0,0,0,0,0,0,0,0,0
fredstoydaeveryday,11,11486,1,0,0,0,0,0,1410,0,0,0,0,0
free_moskva,12,120930,0,0,0,0,0,0,0,0,0,0,0,0
free_navalny_ivanovo,11,10648,1,0,0,0,0,0,1030,0,0,0,0,0
free_zhlobin,4,1535,0,0,0,0,0,0,0,0,0,0,0,0
freebelaruscenter,4,2240,0,0,0,0,0,0,0,0,0,0,0,0
freedom_pride,12,34480,0,0,0,0,0,0,0,0,0,0,0,0
freedom_square,15,23270,1,0,0,0,0,0,1340,0,0,0,0,0
freehostua,4,2258,0,0,0,0,0,0,0,0,0,0,0,0
freeingria,4,2813,0,0,0,0,0,0,0,0,0,0,0,0
freelaure,7,16463,0,0,0,0,0,0,0,0,0,0,0,0
freeman365,3,1005,0,0,0,0,0,0,0,0,0,0,0,0
freenationsrussia,11,2545,0,0,0,0,0,0,0,0,0,0,0,0
freenewspaper,10,16530,0,0,0,0,0,0,0,0,0,0,0,0
freepivovarov,2,285,0,0,0,0,0,0,0,0,0,0,0,0
freesafronov,23,137057,0,0,0,0,0,0,0,0,0,0,0,0
freescience,2,42500,0,0,0,0,0,0,0,0,0,0,0,0
freevekalat_blog,14,11844,0,0,0,0,0,0,0,0,0,0,0,0
freewomenoftheeast,4,2765,0,0,0,0,0,0,0,0,0,0,0,0
freeyanandalex,4,13050,0,0,0,0,0,0,0,0,0,0,0,0
freier_Mann,20,11643,0,0,0,0,0,0,0,0,0,0,0,0
freiesachsen,479,13694118,0,0,0,0,0,0,0,0,0,0,0,0
freiesachsen_dresden,19,36493,0,0,0,0,0,0,0,0,0,0,0,0
freikorps_org,19,162900,0,0,0,0,0,0,0,0,0,0,0,0
freshisnews,40,3074,1,0,0,0,0,0,72,0,0,0,0,0
freshnewsasia,996,9971509,0,0,0,0,0,0,0,0,0,0,0,0
freshnewsinternational,7,1851,0,0,0,0,0,0,0,0,0,0,0,0
freshwhiteroses,10,700,0,0,0,0,0,0,0,0,0,0,0,0
friday25,2,58,0,0,0,0,0,0,0,0,0,0,0,0
fridaytv,115,5131570,0,0,0,0,0,0,0,0,0,0,0,0
friendnsk,27,31036,1,0,0,0,0,0,1070,0,0,0,0,0
friendsoftruth,9,3717,0,0,0,0,0,0,0,0,0,0,0,0
frololina,8,90040,1,0,0,0,0,0,13900,0,0,0,0,0
from_venus,5,7980,0,0,0,0,0,0,0,0,0,0,0,0
fromkareliawithfreedom,11,77700,0,0,0,0,0,0,0,0,0,0,0,0
front_narod,17,137301,0,0,0,0,0,0,0,0,0,0,0,0
frontbird,84,1911990,3,0,0,0,1,0,63900,0,0,0,2480,0
frontend_engineer_blog,7,42140,0,0,0,0,0,0,0,0,0,0,0,0
frontlinesedutech,258,2312186,0,0,0,0,0,0,0,0,0,0,0,0
frosiak,40,834420,1,0,0,0,0,0,25000,0,0,0,0,0
frosik_frosy,10,175050,0,0,0,0,0,0,0,0,0,0,0,0
fsb_boutique,36,1360070,1,0,0,0,0,0,27000,0,0,0,0,0
fsblokpost,14,6396,0,0,0,0,0,0,0,0,0,0,0,0
fsexpert_media,20,72242,0,0,0,0,0,0,0,0,0,0,0,0
fsk_today,21,182291,3,0,1,0,0,0,20937,0,10300,0,0,0
fsnonline,9,29680,0,0,0,0,0,0,0,0,0,0,0,0
fso_fsb,2,0,0,0,0,0,0,0,0,0,0,0,0,0
fsvps_official,9,8205,0,0,0,0,0,0,0,0,0,0,0,0
fsznlive,6,5287,0,0,0,0,0,0,0,0,0,0,0,0
ftaroexpcovid1984,5,12310,1,0,0,0,0,0,11400,0,0,0,0,0
fuckinseconds,2,498,0,0,0,0,0,0,0,0,0,0,0,0
fuckruzzia,120,917186,0,0,0,0,0,0,0,0,0,0,0,0
fuckyouthatswhy,82,267471,0,0,0,0,0,0,0,0,0,0,0,0
fund_anticorr,17,124188,1,0,0,0,0,0,7580,0,0,0,0,0
fundacomunes,2,1315,0,0,0,0,0,0,0,0,0,0,0,0
furgalshtab,48,268930,6,0,0,0,0,0,40210,0,0,0,0,0
fusarodiego,51,109515,0,0,0,0,0,0,0,0,0,0,0,0
futurecrimean,17,64690,0,0,0,0,0,0,0,0,0,0,0,0
fvhokimligi,8,21160,0,0,0,0,0,0,0,0,0,0,0,0
fviib_uz,16,53598,0,0,0,0,0,0,0,0,0,0,0,0
fvpn0,3,19430,0,0,0,0,0,0,0,0,0,0,0,0
fxinspace,33,93860,1,0,0,0,0,0,2840,0,0,0,0,0
fyodork,20,67720,0,0,0,0,0,0,0,0,0,0,0,0
fyyou,3,5550,0,0,0,0,0,0,0,0,0,0,0,0
fzhytomyr,10,8732,0,0,0,0,0,0,0,0,0,0,0,0
g3news,23,19126,0,0,0,0,0,0,0,0,0,0,0,0
g4v3r,43,896240,0,0,0,0,0,0,0,0,0,0,0,0
g_equality,27,40233,4,0,0,0,0,0,6980,0,0,0,0,0
g_live,2,4330,0,0,0,0,0,0,0,0,0,0,0,0
gaarry_potter,9,15782,0,0,0,0,0,0,0,0,0,0,0,0
gaayesh_news,1533,7359778,0,0,0,0,0,0,0,0,0,0,0,0
gabefollower,46,2038601,0,0,0,0,0,0,0,0,0,0,0,0
gabrielbulgakov,24,434840,0,0,0,0,0,0,0,0,0,0,0,0
gabutnyaeca,5,155,0,0,0,0,0,0,0,0,0,0,0,0
gachi_defence,1488,7311849,0,0,0,0,0,0,0,0,0,0,0,0
gaechkatm,39,1291730,0,0,0,0,0,0,0,0,0,0,0,0
gafaroveric,27,188850,0,0,0,0,0,0,0,0,0,0,0,0
gafurovumid,5,95953,0,0,0,0,0,0,0,0,0,0,0,0
gagara1987official,37,1566980,0,0,0,0,0,0,0,0,0,0,0,0
gagarin_daily,18,32468,0,0,0,0,0,0,0,0,0,0,0,0
gagauznewsmd,12,3413,0,0,0,0,0,0,0,0,0,0,0,0
gajdukevichh,24,219590,0,0,0,0,0,0,0,0,0,0,0,0
galabob_telegram,65,1894052,0,0,0,0,0,0,0,0,0,0,0,0
galaktika_spb,3,16050,0,0,0,0,0,0,0,0,0,0,0,0
galaxy_dorama,21,53855,0,0,0,0,0,0,0,0,0,0,0,0
galikeshihaa,20,6406,0,0,0,0,0,0,0,0,0,0,0,0
galina_barabanova,1,628,0,0,0,0,0,0,0,0,0,0,0,0
galinatkaceva3,10,12240,0,0,0,0,0,0,0,0,0,0,0,0
galkaifuanews,83,867000,1,0,0,0,1,0,12500,0,0,0,11300,0
galkovskygram,52,155832,1,0,0,0,0,0,2770,0,0,0,0,0
galkovskyhome,13,72080,0,0,0,0,0,0,0,0,0,0,0,0
galtsevbon,4,8230,0,0,0,0,0,0,0,0,0,0,0,0
galulala,24,21313,0,0,0,0,0,0,0,0,0,0,0,0
galustyanmichael,16,522600,0,0,0,0,0,0,0,0,0,0,0,0
galyam1111,3,538,0,0,0,0,0,0,0,0,0,0,0,0
galyamina,19,17163,0,0,0,0,0,0,0,0,0,0,0,0
galyastepanivna,3,20750,0,0,0,0,0,0,0,0,0,0,0,0
galychynanews,1,185,0,0,0,0,0,0,0,0,0,0,0,0
gamblerbtc,14,42680,0,0,0,0,0,0,0,0,0,0,0,0
gamenews_web,46,831850,0,0,0,0,0,0,0,0,0,0,0,0
games_kazan,2,3400,0,0,0,0,0,0,0,0,0,0,0,0
gan13gan,18,154370,0,0,0,0,0,0,0,0,0,0,0,0
gan_islam,35,640950,0,0,0,0,0,0,0,0,0,0,0,0
ganievartur,4,2582,0,0,0,0,0,0,0,0,0,0,0,0
gantel_ashers,32,1042,0,0,0,0,0,0,0,0,0,0,0,0
garagass,4,12819,0,0,0,0,0,0,0,0,0,0,0,0
garbul,106,8983200,0,0,0,0,0,0,0,0,0,0,0,0
garikovainsight,37,439070,1,0,0,0,0,0,14800,0,0,0,0,0
garmata_ua,2,7,0,0,0,0,0,0,0,0,0,0,0,0
garmsardivar,4,1698,0,0,0,0,0,0,0,0,0,0,0,0
garnanmior,3,276,0,0,0,0,0,0,0,0,0,0,0,0
garnaviation,1,1410,0,0,0,0,0,0,0,0,0,0,0,0
garrykasparov_official,44,463800,0,0,0,0,0,0,0,0,0,0,0,0
gasandmoney,20,6313,1,0,0,0,0,0,183,0,0,0,0,0
gasification_news,21,493900,0,0,0,0,0,0,0,0,0,0,0,0
gasitel,18,15569,0,0,0,0,0,0,0,0,0,0,0,0
gastrofestby,24,413820,0,0,0,0,0,0,0,0,0,0,0,0
gavlife,25,135760,0,0,0,0,0,0,0,0,0,0,0,0
gavrilina_tv,1,18600,0,0,0,0,0,0,0,0,0,0,0,0
gaydarovar05,5,82486,0,0,0,0,0,0,0,0,0,0,0,0
gaydynamite,34,133700,0,0,0,0,0,0,0,0,0,0,0,0
gayfromprovinces,22,26719,1,0,0,0,0,0,697,0,0,0,0,0
gayratovnablog,8,44692,0,0,0,0,0,0,0,0,0,0,0,0
gazaalanpa,17,110345,0,0,0,0,0,0,0,0,0,0,0,0
gazetaMirt,8,3240,0,0,0,0,0,0,0,0,0,0,0,0
gazetaVyshgorod,1,325,0,0,0,0,0,0,0,0,0,0,0,0
gazeta_bam,22,18793,0,0,0,0,0,0,0,0,0,0,0,0
gazeta_do_povo,19,17539,0,0,0,0,0,0,0,0,0,0,0,0
gazeta_industriya_severa,18,2839,1,0,0,0,0,0,41,0,0,0,0,0
gazeta_zavtra,23,23419,1,0,0,0,0,0,249,0,0,0,0,0
gazeta_zori,1,156,0,0,0,0,0,0,0,0,0,0,0,0
gazeta_zt,1,487,0,0,0,0,0,0,0,0,0,0,0,0
gazetabo,14,36222,0,0,0,0,0,0,0,0,0,0,0,0
gazetaby,19,7678,0,0,0,0,0,0,0,0,0,0,0,0
gazetaensieli,12,3865,0,0,0,0,0,0,0,0,0,0,0,0
gazetahangalas,18,3819,1,0,0,0,0,0,407,0,0,0,0,0
gazetakemerovo,10,2298,0,0,0,0,0,0,0,0,0,0,0,0
gazetapredgorie,1,366,0,0,0,0,0,0,0,0,0,0,0,0
gazetaru,97,1783799,1,0,0,0,0,0,18900,0,0,0,0,0
gazetarvs,16,15617,1,0,0,0,0,0,462,0,0,0,0,0
gazetaschk,1,165,0,0,0,0,0,0,0,0,0,0,0,0
gazetasp,25,24270,1,0,0,0,0,0,472,0,0,0,0,0
gazetaua_news,22,14805,0,0,0,1,0,0,0,0,0,959,0,0
gazetauz,119,2466390,0,0,0,0,0,0,0,0,0,0,0,0
gazetauz_uzb,37,121546,1,0,0,0,0,0,3630,0,0,0,0,0
gazetayuga,3,1637,0,0,0,0,0,0,0,0,0,0,0,0
gazetazvezda65,44,89274,0,0,0,0,0,0,0,0,0,0,0,0
gazetchick,78,3843670,2,0,0,0,0,0,89600,0,0,0,0,0
gazety_v_seti,1,506,0,0,0,0,0,0,0,0,0,0,0,0
gazgan_kanal,4,7670,0,0,0,0,0,0,0,0,0,0,0,0
gaziz1984,40,150437,2,0,0,0,0,0,6617,0,0,0,0,0
gazmanovamarina,24,27591,0,0,0,0,0,0,0,0,0,0,0,0
gazprom,32,795550,0,0,0,0,0,0,0,0,0,0,0,0
gazprom_invest_official,8,14671,0,0,0,0,0,0,0,0,0,0,0,0
gazpromdobychayamburgofficial,3,652,0,0,0,0,0,0,0,0,0,0,0,0
gburitualofficial,11,125900,0,0,0,0,0,0,0,0,0,0,0,0
geegunchill,15,287460,0,0,0,0,0,0,0,0,0,0,0,0
geelyofficial,20,90170,0,0,0,0,0,0,0,0,0,0,0,0
gefalsht,16,58750,0,0,0,0,0,0,0,0,0,0,0,0
gefangenenhilfe,7,7624,0,0,0,0,0,0,0,0,0,0,0,0
gelen_chp_official,12,122360,0,0,0,0,0,0,0,0,0,0,0,0
gelen_kriminal,14,53230,0,0,0,0,0,0,0,0,0,0,0,0
gelendzhik,11,1647,0,0,0,0,0,0,0,0,0,0,0,0
gelendzhiknews,6,1202,0,0,0,0,0,0,0,0,0,0,0,0
gelendzhuk,36,213115,2,0,0,0,0,0,12870,0,0,0,0,0
gelenkurort,2,469,0,0,0,0,0,0,0,0,0,0,0,0
gelpriboy,44,77692,1,0,0,0,0,0,2100,0,0,0,0,0
genderfluidhelisexual,39,756730,0,0,0,0,0,0,0,0,0,0,0,0
genderrussia,1,789,0,0,0,0,0,0,0,0,0,0,0,0
general_Vatutin,33,12418,0,0,0,0,0,0,0,0,0,0,0,0
general_governor,28,611220,0,0,0,0,0,0,0,0,0,0,0,0
generallsvr,18,128820,0,0,0,0,0,0,0,0,0,0,0,0
generalstaff_ua,19,68909,0,0,0,0,0,0,0,0,0,0,0,0
generalsvr,240,56873100,3,0,0,0,0,1,693000,0,0,0,0,258000
generalsvr2,11,1403100,0,0,0,0,0,0,0,0,0,0,0,0
generationzi,35,33776,1,0,0,0,0,0,1420,0,0,0,0,0
genesis_daily_news,22,467430,0,0,0,0,0,0,0,0,0,0,0,0
geni4esk,11,43140,0,0,0,0,0,0,0,0,0,0,0,0
genprocrf,25,360930,0,0,0,0,0,0,0,0,0,0,0,0
genshtab24,96,1608921,0,0,0,0,0,0,0,0,0,0,0,0
genshtabsich,7,4655,0,0,0,0,0,0,0,0,0,0,0,0
gensyka,104,12252700,0,0,0,0,0,0,0,0,0,0,0,0
gentsana,35,38292,0,0,0,0,0,0,0,0,0,0,0,0
geo_2019,10,17097,0,0,0,0,0,0,0,0,0,0,0,0
geonrgru,229,12154441,8,0,0,3,0,0,423400,0,0,148100,0,0
geopolit_news,45,375540,5,0,0,1,0,0,35640,0,0,7390,0,0
geopolit_novosti,42,869300,2,0,0,0,0,0,40900,0,0,0,0,0
geopoliticaru,3,708,0,0,0,0,0,0,0,0,0,0,0,0
geopolitik_divan,40,535810,2,0,0,0,0,0,26200,0,0,0,0,0
geoprosto,64,182355,2,0,0,0,0,0,7620,0,0,0,0,0
georgenews,220,3617900,0,0,0,0,0,0,0,0,0,0,0,0
georgia_24,16,35031,0,0,0,0,0,0,0,0,0,0,0,0
georgia_man,20,27132,0,0,0,0,0,0,0,0,0,0,0,0
georgiafacts,23,14047,0,0,0,0,0,0,0,0,0,0,0,0
georgiantimes,20,714,0,0,0,0,0,0,0,0,0,0,0,0
georgievsk_ru,35,164258,0,0,0,0,0,0,0,0,0,0,0,0
georgvlive,12,11073,0,0,0,0,0,0,0,0,0,0,0,0
georgy_fedorov,1,5300,0,0,0,0,0,0,0,0,0,0,0,0
georgy_ma,30,2113600,0,0,0,0,0,0,0,0,0,0,0,0
geostrategrus,96,4518580,7,0,0,0,4,0,362900,0,0,0,276600,0
gercberggrabli,11,5998,0,0,0,0,0,0,0,0,0,0,0,0
geresdnr,24,30003,0,0,0,0,0,0,0,0,0,0,0,0
gerkus_fm,8,38980,0,0,0,0,0,0,0,0,0,0,0,0
germanglasss,16,31696,0,0,0,0,0,0,0,0,0,0,0,0
germanologia,19,21591,0,0,0,0,0,0,0,0,0,0,0,0
germansadulaev,20,80580,1,0,0,0,0,0,4310,0,0,0,0,0
germanskiy_ed,33,99803,0,0,0,0,0,0,0,0,0,0,0,0
germi1_online,29,2425,0,0,0,0,0,0,0,0,0,0,0,0
germinadorcaraotadigital,83,218731,0,0,0,0,0,0,0,0,0,0,0,0
geroi_zlodei,39,45288,2,0,0,0,0,0,2740,0,0,0,0,0
getbalance,19,52970,0,0,0,0,0,0,0,0,0,0,0,0
getit_blog,4,601,0,0,0,0,0,0,0,0,0,0,0,0
getkit,24,2002290,2,0,0,0,0,0,196070,0,0,0,0,0
getmantsevdanil,15,45500,0,0,0,0,0,0,0,0,0,0,0,0
getoutmal,10,107590,0,0,0,0,0,0,0,0,0,0,0,0
gevorgmirzaian,47,246288,0,0,0,0,1,0,0,0,0,0,6380,0
gge_ru,13,12999,1,0,0,0,0,0,707,0,0,0,0,0
ghalemiran_96,25,48600,0,0,0,0,0,0,0,0,0,0,0,0
ghest_55,3,5338,0,0,0,0,0,0,0,0,0,0,0,0
ghest_vlg,18,19123,0,0,0,0,0,0,0,0,0,0,0,0
ghestkrasnodara1,25,45544,0,0,0,0,0,0,0,0,0,0,0,0
ghestkrd,108,1892459,2,0,0,0,0,0,41400,0,0,0,0,0
ghestvolgograd,36,698680,0,0,0,0,0,0,0,0,0,0,0,0
ghorwe11,28,167580,0,0,0,0,0,0,0,0,0,0,0,0
ghost_of_novorossia,1010,23335740,15,0,0,0,0,0,393770,0,0,0,0,0
ghostbusters_poshukati,6,91750,0,0,0,0,0,0,0,0,0,0,0,0
ghostsever,15,11861,1,0,0,0,0,0,801,0,0,0,0,0
ghouryannews,36,64380,0,0,0,0,0,0,0,0,0,0,0,0
ghyamsarnegouni,40,520370,0,0,0,0,0,0,0,0,0,0,0,0
gianieugenio,53,709380,0,0,0,0,0,0,0,0,0,0,0,0
gianluigi_paragone,134,877507,0,0,0,0,0,0,0,0,0,0,0,0
gibdd50mo,7,3668,0,0,0,0,0,0,0,0,0,0,0,0
gifjenonct,1,195,0,0,0,0,0,0,0,0,0,0,0,0
gifkecenih,20,1368,0,0,0,0,0,0,0,0,0,0,0,0
gijnRu,23,15456,1,0,0,0,0,0,404,0,0,0,0,0
gikursk,3,303,0,0,0,0,0,0,0,0,0,0,0,0
gilanestekhdam,22,4457,0,0,0,0,0,0,0,0,0,0,0,0
gilevich_channel,27,58609,3,0,0,0,0,0,7440,0,0,0,0,0
gillshem,28,609860,0,0,0,0,0,0,0,0,0,0,0,0
gingerbreaddomik,1,326,0,0,0,0,0,0,0,0,0,0,0,0
gipsynews,23,46934,0,0,0,0,0,0,0,0,0,0,0,0
giraevski_e,1,1700,0,0,0,0,0,0,0,0,0,0,0,0
girl_in_hijab_mari,9,3051,0,0,0,0,0,0,0,0,0,0,0,0
girlfriend_stories,580,3749553,3,0,0,0,0,0,20710,0,0,0,0,0
girlfrom80,30,74479,0,0,0,0,0,0,0,0,0,0,0,0
girlintech,4,1736,0,0,0,0,0,0,0,0,0,0,0,0
girnykDnUa,22,42756,0,0,0,0,0,0,0,0,0,0,0,0
giseasuz,20,24361,0,0,0,0,0,0,0,0,0,0,0,0
gistapapapa,1102,15736601,5,0,1,0,1,0,75300,0,14400,0,15200,0
gisuz,4,460,0,0,0,0,0,0,0,0,0,0,0,0
giuseppemasala,19,6906,0,0,0,0,0,0,0,0,0,0,0,0
giv_2bk,38,48318,0,0,0,0,0,0,0,0,0,0,0,0
gizhi,17,7124,0,0,0,0,0,0,0,0,0,0,0,0
gk_a101,7,15779,0,0,0,0,0,0,0,0,0,0,0,0
gk_msk123,1,1950,0,0,0,0,0,0,0,0,0,0,0,0
gk_news1,6,3140,0,0,0,0,0,0,0,0,0,0,0,0
gk_tp,1,2600,0,0,0,0,0,0,0,0,0,0,0,0
gkhinfo,14,27668,0,0,0,0,0,0,0,0,0,0,0,0
gkhnewsru,15,25122,1,0,0,0,0,0,1870,0,0,0,0,0
gkn77ru,5,1908,0,0,0,0,0,0,0,0,0,0,0,0
gksamolet,15,33950,0,0,0,0,0,0,0,0,0,0,0,0
gkshlsr,7,21100,0,0,0,0,0,0,0,0,0,0,0,0
gktodaybengali,45,264642,0,0,0,0,0,0,0,0,0,0,0,0
gkucspn,10,20969,0,0,0,0,0,0,0,0,0,0,0,0
glagol38,4,114,0,0,0,0,0,0,0,0,0,0,0,0
glamourpafoslev,3,5850,0,0,0,0,0,0,0,0,0,0,0,0
glasnarod,6,3547,0,0,0,0,0,0,0,0,0,0,0,0
glasnaya_media,14,30880,0,0,0,0,0,0,0,0,0,0,0,0
glav_tur,16,12710,1,0,0,0,0,0,343,0,0,0,0,0
glava_brd,5,21850,0,0,0,0,0,0,0,0,0,0,0,0
glava_lnr_info,16,730700,0,0,0,0,0,0,0,0,0,0,0,0
glava_predgorya,10,10980,0,0,0,0,0,0,0,0,0,0,0,0
glavaderbenta,11,19135,0,0,0,0,0,0,0,0,0,0,0,0
glavcomua,51,66515,0,0,0,0,0,0,0,0,0,0,0,0
glavgorzdrav,1,57,0,0,0,0,0,0,0,0,0,0,0,0
glavindex,11,11283,0,0,0,0,0,0,0,0,0,0,0,0
glavmedia,535,3806182,12,0,0,0,0,0,84532,0,0,0,0,0
glavnaya_tema,1,253,0,0,0,0,0,0,0,0,0,0,0,0
glavnoeUA,4,83,0,0,0,0,0,0,0,0,0,0,0,0
glavpolit,139,660170,11,0,0,0,0,0,65260,0,0,0,0,0
glavredinfo,97,550286,0,0,0,0,0,0,0,0,0,0,0,0
glavsochi,1,177,0,0,0,0,0,0,0,0,0,0,0,0
glavtob,2,683,0,0,0,0,0,0,0,0,0,0,0,0
glazacentr,1,104,0,0,0,0,0,0,0,0,0,0,0,0
glazasever,1,55,0,0,0,0,0,0,0,0,0,0,0,0
glazazapad,2,310,0,0,0,0,0,0,0,0,0,0,0,0
glazieview,20,279200,0,0,0,1,0,0,0,0,0,4710,0,0
glazunovonline,12,131249,0,0,0,0,0,0,0,0,0,0,0,0
glebasik21,33,1950200,0,0,0,0,0,0,0,0,0,0,0,0
gleberve,34,99449,1,0,0,0,0,0,2860,0,0,0,0,0
glebgrinfeld,6,42740,0,0,0,0,0,0,0,0,0,0,0,0
glebkudr,23,88739,1,0,0,0,0,0,4960,0,0,0,0,0
glebneznaet,23,119120,2,0,0,0,0,0,8010,0,0,0,0,0
glebnikitin_nn,17,269850,0,0,0,0,0,0,0,0,0,0,0,0
glebponomarevkz,13,86200,0,0,0,0,0,0,0,0,0,0,0,0
glebshutit,2,193,0,0,0,0,0,0,0,0,0,0,0,0
gliskov,6,17150,0,0,0,0,0,0,0,0,0,0,0,0
glngjk,11,13310,0,0,0,0,0,0,0,0,0,0,0,0
globainstitut,20,38169,0,0,0,0,0,0,0,0,0,0,0,0
globalizacia,13,261,0,0,0,0,0,0,0,0,0,0,0,0
globalwarzone,8,117,0,0,0,0,0,0,0,0,0,0,0,0
globuskavkaz,1,65,0,0,0,0,0,0,0,0,0,0,0,0
gloger777,19,2795,0,0,0,0,0,0,0,0,0,0,0,0
glogerok,5,4117,0,0,0,0,0,0,0,0,0,0,0,0
gloriamat,26,115740,0,0,0,0,0,0,0,0,0,0,0,0
glossmixg,7,37940,0,0,0,0,0,0,0,0,0,0,0,0
glossua,23,5740,0,0,0,0,0,0,0,0,0,0,0,0
glukozamusic,17,232570,0,0,0,0,0,0,0,0,0,0,0,0
gluxixnet,16,13881,0,0,0,0,0,0,0,0,0,0,0,0
gm_pub,53,252459,0,0,0,0,0,0,0,0,0,0,0,0
gmkcenter,2,830,0,0,0,0,0,0,0,0,0,0,0,0
gnezdo_putina,41,292860,1,0,0,0,0,0,6070,0,0,0,0,0
gnmoscow,10,1810,0,0,0,0,0,0,0,0,0,0,0,0
gnntelegram,21,15904,0,0,0,0,0,0,0,0,0,0,0,0
gnskg,5,2211,0,0,0,0,0,0,0,0,0,0,0,0
gnummeblabla,1,1980,0,0,0,0,0,0,0,0,0,0,0,0
go338,293,8603040,16,0,0,0,0,0,486900,0,0,0,0,0
go_barnaul_telegram,17,20529,0,0,0,0,0,0,0,0,0,0,0,0
go_fen,16,11818,0,0,0,0,0,0,0,0,0,0,0,0
go_msk,56,430039,0,0,0,0,0,0,0,0,0,0,0,0
goar_avetisyan7,43,3383656,1,0,0,0,0,0,76600,0,0,0,0,0
gobnl,7,387,0,0,0,0,0,0,0,0,0,0,0,0
godeye_ru,43,178117,2,0,0,0,0,0,13780,0,0,0,0,0
godfatherblog_channel,3,460,0,0,0,0,0,0,0,0,0,0,0,0
gogoKremlin,5,43603,0,0,0,0,0,0,0,0,0,0,0,0
gogovru,45,178014,0,0,0,0,0,0,0,0,0,0,0,0
gogypsy,49,37872,1,0,0,0,0,0,255,0,0,0,0,0
gohasavyurt,1,17,0,0,0,0,0,0,0,0,0,0,0,0
golawlegalhotline,2,389,0,0,0,0,0,0,0,0,0,0,0,0
golayapristantoday,11,4028,0,0,0,0,0,0,0,0,0,0,0,0
goldinsidde,11,21984,0,0,0,0,0,0,0,0,0,0,0,0
golos_kbr,9,41190,0,0,0,0,0,0,0,0,0,0,0,0
golos_live,20,7426,2,0,0,0,0,0,429,0,0,0,0,0
golos_mgb_rus,12,69340,0,0,0,0,0,0,0,0,0,0,0,0
golos_pravda,5,1056,0,0,0,0,0,0,0,0,0,0,0,0
golos_ukr,12,3294,1,0,0,0,0,0,279,0,0,0,0,0
golosavuho,48,6527,0,0,0,0,0,0,0,0,0,0,0,0
golosdagestana05,616,55949260,2,0,0,0,0,0,212500,0,0,0,0,0
golosinfo,41,52997,0,0,0,0,0,0,0,0,0,0,0,0
golosljelsomino777,13,17920,0,0,0,0,0,0,0,0,0,0,0,0
golosmordora,176,8011430,4,0,0,0,1,0,189800,0,0,0,25200,0
golosrn,19,21040,0,0,0,0,1,0,0,0,0,0,1800,0
golostorami,16,125190,0,0,0,0,0,0,0,0,0,0,0,0
golovinsky,9,12233,0,0,0,0,0,0,0,0,0,0,0,0
golovnin_tokyo,23,476780,0,0,0,0,0,0,0,0,0,0,0,0
golovnino,1,733,0,0,0,0,0,0,0,0,0,0,0,0
golubchik,11,17588,1,0,0,0,0,0,6460,0,0,0,0,0
golyanovo_izmailovo,18,122,0,0,0,0,0,0,0,0,0,0,0,0
golyanovotut,1,166,0,0,0,0,0,0,0,0,0,0,0,0
gomeltoday,28,72199,1,0,0,0,0,0,2330,0,0,0,0,0
gonabadonline_ir,16,4636,0,0,0,0,0,0,0,0,0,0,0,0
goncharofren,1,1470,1,0,0,0,0,0,1470,0,0,0,0,0
good78news,95,1349337,2,0,0,0,0,0,35000,0,0,0,0,0
good_events_russia,21,22587,0,0,0,0,0,0,0,0,0,0,0,0
goodalcoholic,1,1630,0,0,0,0,0,0,0,0,0,0,0,0
goodchernivtsi,244,6068780,0,0,0,0,0,0,0,0,0,0,0,0
gooddaily,2,476,0,0,0,0,0,0,0,0,0,0,0,0
goodforhealth,10,9158,0,0,0,0,0,0,0,0,0,0,0,0
goodmorningvietnaam,21,77560,0,0,0,0,0,0,0,0,0,0,0,0
goodnews_goodtimes,20,195060,0,0,0,0,0,0,0,0,0,0,0,0
goodoshnikov,25,426070,5,0,0,0,1,0,92500,0,0,0,14900,0
goodrussianschannel,15,14396,0,0,0,0,0,0,0,0,0,0,0,0
goodtosha,37,221040,0,0,0,0,0,0,0,0,0,0,0,0
goooddron,20,20208,0,0,0,0,0,0,0,0,0,0,0,0
goooze,15,94250,0,0,0,0,0,0,0,0,0,0,0,0
gooshe,29,157360,0,0,0,0,0,0,0,0,0,0,0,0
gopeterburg,24,280410,0,0,0,0,0,0,0,0,0,0,0,0
gorbovskiyfsb,20,74090,0,0,0,0,0,0,0,0,0,0,0,0
gordonuacom,242,864013,1,0,0,0,1,0,3260,0,0,0,3500,0
gordura2019,1,1470,0,0,0,0,0,0,0,0,0,0,0,0
gorenie_admina,1,1660,0,0,0,0,0,0,0,0,0,0,0,0
gorillaenergyofficial,39,290980,0,0,0,0,0,0,0,0,0,0,0,0
gorishnie_plavni1,254,1305483,2,0,6,0,0,0,9780,0,31400,0,0,0
gorizont_uz,88,4647100,0,0,0,0,0,0,0,0,0,0,0,0
gorkoNN,4,818,0,0,0,0,0,0,0,0,0,0,0,0
gorkyparkmsk,7,4654,0,0,0,0,0,0,0,0,0,0,0,0
gorlovka,2,1076,0,0,0,0,0,0,0,0,0,0,0,0
gorlovka_oborona,21,291979,2,0,0,0,0,0,16590,0,0,0,0,0
gornoaltayskinfo,290,3347225,1,0,0,0,0,0,12800,0,0,0,0,0
gornostaevd,1,628,0,0,0,0,0,0,0,0,0,0,0,0
gornovosti,57,39646,0,0,0,0,0,0,0,0,0,0,0,0
gornovskiy,2,2710,0,0,0,0,0,0,0,0,0,0,0,0
gornyakonline,5,333,0,0,0,0,0,0,0,0,0,0,0,0
gorod24online,20,14823,0,0,0,0,0,0,0,0,0,0,0,0
gorod347,2,2400,0,0,0,0,0,0,0,0,0,0,0,0
gorod48ru,23,200300,0,0,0,0,0,0,0,0,0,0,0,0
gorod55ru,12,12354,0,0,0,0,0,0,0,0,0,0,0,0
gorod812spb,19,8959,0,0,0,0,0,0,0,0,0,0,0,0
gorod_27khv,20,57557,0,0,0,0,0,0,0,0,0,0,0,0
gorod_Shumerlya,1,542,0,0,0,0,0,0,0,0,0,0,0,0
gorod_birobidzhan,31,10198,1,0,0,0,0,0,41,0,0,0,0,0
gorod_kropotkin,8,9080,0,0,0,0,0,0,0,0,0,0,0,0
gorod_omsk55,17,11480,0,0,0,0,0,0,0,0,0,0,0,0
gorod_sergiev_posad,9,2121,0,0,0,0,0,0,0,0,0,0,0,0
gorod_st_oskol,6,10260,0,0,0,0,0,0,0,0,0,0,0,0
gorod_vl,81,266960,1,0,0,0,0,0,1600,0,0,0,0,0
gorodbirsk,1,1530,0,0,0,0,0,0,0,0,0,0,0,0
gorodbuynaksk,7,1595,0,0,0,0,0,0,0,0,0,0,0,0
gorodche,7,26038,0,0,0,0,0,0,0,0,0,0,0,0
gorodglazov,4,291,0,0,0,0,0,0,0,0,0,0,0,0
gorodhm_official,1,71,0,0,0,0,0,0,0,0,0,0,0,0
gorodkhabarovsk,32,17793,0,0,0,0,0,0,0,0,0,0,0,0
gorodmozyr,14,70290,0,0,0,0,0,0,0,0,0,0,0,0
gorodmv,6,1699,0,0,0,0,0,0,0,0,0,0,0,0
gorodnebesit,2,885,0,0,0,0,0,0,0,0,0,0,0,0
gorodrostovnadonu,34,2204,1,0,0,0,0,0,35,0,0,0,0,0
gorodsochi,65,2559797,1,0,0,1,0,0,47900,0,0,42600,0,0
gorodulanude,5,2291,0,0,0,0,0,0,0,0,0,0,0,0
goroduu,8,4167,0,0,0,0,0,0,0,0,0,0,0,0
gorodvolsk,3,12400,0,0,0,0,0,0,0,0,0,0,0,0
gorogal,13,40739,0,0,0,0,0,0,0,0,0,0,0,0
gorovyi,3,6000,0,0,0,0,0,0,0,0,0,0,0,0
gorozia_levan,45,398479,0,0,0,0,0,0,0,0,0,0,0,0
gorvodokanal54,21,56901,0,0,0,0,0,0,0,0,0,0,0,0
goryachiye_novosti,213,302613,7,0,0,1,2,0,19280,0,0,1360,3740,0
gosdumaem,25,167800,1,0,0,0,0,0,11500,0,0,0,0,0
gosha_from_the_block,13,17528,0,0,0,0,0,0,0,0,0,0,0,0
goshakartsev,37,878120,0,0,0,0,0,0,0,0,0,0,0,0
goshapolyanskiy,9,8101,0,0,0,0,0,0,0,0,0,0,0,0
gospoja_boli,1,875,0,0,0,0,0,0,0,0,0,0,0,0
gospubest,23,177500,0,0,0,0,0,0,0,0,0,0,0,0
gosrf_ru,163,950,7,0,0,1,0,0,37,0,0,6,0,0
gossluga,32,9279,1,0,0,0,0,0,85,0,0,0,0,0
gosuslugi,151,54229700,4,0,0,0,0,0,1692000,0,0,0,0,0
gothstyle_blya,46,2915100,0,0,0,0,0,0,0,0,0,0,0,0
gottfriedcurio,15,26357,0,0,0,0,0,0,0,0,0,0,0,0
gouvtg,25,110667,0,0,0,0,0,0,0,0,0,0,0,0
gov74,13,6541,0,0,0,0,0,0,0,0,0,0,0,0
government_lnr,10,22030,0,0,0,0,0,0,0,0,0,0,0,0
government_relations_group,28,572820,1,0,0,0,0,0,23000,0,0,0,0,0
government_rus,913,19414678,15,0,0,0,0,0,289100,0,0,0,0,0
governmentkalmykia08,15,4567,1,0,0,0,0,0,447,0,0,0,0,0
governmentru,20,4485,0,0,0,0,0,0,0,0,0,0,0,0
governorsjew,18,33160,1,0,0,0,0,0,2060,0,0,0,0,0
governorsru,18,4497,1,0,0,0,0,0,17,0,0,0,0,0
goviritexpert,20,65520,0,0,0,0,0,0,0,0,0,0,0,0
govorimvsluh,19,23350,0,0,0,0,0,0,0,0,0,0,0,0
govoritDonbass,2,16,0,0,0,0,0,0,0,0,0,0,0,0
govorit_org,3,62600,0,0,0,0,0,0,0,0,0,0,0,0
govorit_rita,4,1484,0,0,0,0,0,0,0,0,0,0,0,0
govorit_tashkent,2,3910,0,0,0,0,0,0,0,0,0,0,0,0
govoritfursov,121,3266239,21,0,0,0,0,0,526600,0,0,0,0,0
govoritirkutsk,3,96,0,0,0,0,0,0,0,0,0,0,0,0
govoritmilonov,7,1478,0,0,0,0,0,0,0,0,0,0,0,0
govoritzhulebino,81,532224,0,0,0,0,0,0,0,0,0,0,0,0
govorun26,15,25648,0,0,0,0,0,0,0,0,0,0,0,0
govtechbytes,11,55570,0,0,0,0,0,0,0,0,0,0,0,0
govvrn36,7,2515,0,0,0,0,0,0,0,0,0,0,0,0
gr_yavlinsky,33,340880,2,0,0,0,0,0,22600,0,0,0,0,0
gradus_veshaet,61,1467970,0,0,0,0,0,0,0,0,0,0,0,0
gradusosetii,5,4180,0,0,0,0,0,0,0,0,0,0,0,0
graf_fiction,10,24984,0,0,0,0,0,0,0,0,0,0,0,0
grafos,43,91684,0,0,0,0,0,0,0,0,0,0,0,0
gramotyyaroslava,59,475,0,0,0,0,0,0,0,0,0,0,0,0
grand_555,27,134430,0,0,0,0,0,0,0,0,0,0,0,0
grandviza,39,252510,0,0,0,0,0,0,0,0,0,0,0,0
granelle_info,6,8024,0,0,0,0,0,0,0,0,0,0,0,0
granellejkh,3,12090,0,0,0,0,0,0,0,0,0,0,0,0
graphdg,344,10604200,2,0,0,0,0,0,65800,0,0,0,0,0
graty_me,2,718,0,0,0,0,0,0,0,0,0,0,0,0
grazhinka_a,16,62075,0,0,0,0,0,0,0,0,0,0,0,0
graziarussia,11,3176,0,0,0,0,0,0,0,0,0,0,0,0
gre4kainfo,20,12343,0,0,1,0,0,0,0,0,529,0,0,0
great_and_sovereign,1,335,0,0,0,0,0,0,0,0,0,0,0,0
greatawakin,21,280830,0,0,0,0,0,0,0,0,0,0,0,0
greatnov53,20,2245,0,0,0,0,0,0,0,0,0,0,0,0
green2018,13,3200,0,0,0,0,0,0,0,0,0,0,0,0
green_stream_ua,1,812,0,0,0,1,0,0,0,0,0,812,0,0
greendriver,1,447,0,0,0,0,0,0,0,0,0,0,0,0
greenfolder,58,693410,3,0,0,0,0,0,30000,0,0,0,0,0
greenfond,10,27130,0,0,0,0,0,0,0,0,0,0,0,0
greenlads,27,37062,0,0,0,0,0,0,0,0,0,0,0,0
greenlegs,5,4085,0,0,0,0,0,0,0,0,0,0,0,0
greenpark09,16,174530,0,0,0,0,0,0,0,0,0,0,0,0
greenpercent,22,22880,1,0,0,0,0,0,1170,0,0,0,0,0
greenserpent,12,73490,0,0,0,0,0,0,0,0,0,0,0,0
greg_gutfeld,2,5500,0,0,0,0,0,0,0,0,0,0,0,0
gregjgeek,24,259270,0,0,0,0,0,0,0,0,0,0,0,0
gregor_zamza,21,75068,0,0,0,0,0,0,0,0,0,0,0,0
gremtelegram,112,2863900,1,0,0,0,0,0,63600,0,0,0,0,0
gres_big_family,1,2170,0,0,0,0,0,0,0,0,0,0,0,0
grevoburtas,6,295,0,0,0,0,0,0,0,0,0,0,0,0
grey_zone,1,0,0,0,0,0,0,0,0,0,0,0,0,0
greyshemes,19,9025,4,0,0,0,0,0,2144,0,0,0,0,0
greywiese,2,33800,0,0,0,0,0,0,0,0,0,0,0,0
gri_nadi,1,1920,0,0,0,0,0,0,0,0,0,0,0,0
grigorevgd75,13,2239,1,0,0,0,0,0,133,0,0,0,0,0
grigoriev_maxim,20,85730,0,0,0,0,0,0,0,0,0,0,0,0
grigoriykuznecov,18,22038,1,0,0,0,0,0,1560,0,0,0,0,0
grigorov_prav,18,17539,1,0,0,0,0,0,801,0,0,0,0,0
grigorytagiltsev,1,5960,0,0,0,0,0,0,0,0,0,0,0,0
grinulya20,28,431810,1,0,0,0,0,0,15700,0,0,0,0,0
grishavdele,27,201020,0,0,0,0,0,0,0,0,0,0,0,0
grishchukroma,9,27700,0,0,0,0,0,0,0,0,0,0,0,0
grishkafilippov,34,248188,1,0,0,0,0,0,1450,0,0,0,0,0
grmoskov70,6,2053,0,0,0,0,0,0,0,0,0,0,0,0
grodnonewsby,85,72519,2,0,0,0,0,0,1063,0,0,0,0,0
grodnosliv,13,1421,0,0,0,0,0,0,0,0,0,0,0,0
gromada_kieva,1,71,0,0,0,0,0,0,0,0,0,0,0,0
gromadacz,16,43008,0,0,0,0,0,0,0,0,0,0,0,0
gromko7,13,7871,0,0,0,0,0,0,0,0,0,0,0,0
groupmurmansk,23,2382,2,0,0,0,0,0,150,0,0,0,0,0
groupzarya,1457,15239576,19,0,0,6,0,0,210410,0,0,59600,0,0
grownupgirls,2,79300,0,0,0,0,0,0,0,0,0,0,0,0
grozmerr,18,11549,0,0,0,0,0,0,0,0,0,0,0,0
groznyinform,6,2178,0,0,0,0,0,0,0,0,0,0,0,0
groznytv,69,117554,1,0,0,0,0,0,2270,0,0,0,0,0
grubnero,33,168250,0,0,0,0,0,0,0,0,0,0,0,0
gruntmedia,2425,80080150,37,0,3,7,3,0,1296100,0,89000,269800,98300,0
grupa_tora,1,734,0,0,0,0,0,0,0,0,0,0,0,0
gryaznota,28,32773,0,0,0,0,0,0,0,0,0,0,0,0
gss_sochi,7,19432,0,0,0,0,0,0,0,0,0,0,0,0
gtrk75,28,6001,0,0,0,0,0,0,0,0,0,0,0,0
gtrkSpb,20,10559,0,0,0,0,0,0,0,0,0,0,0,0
gtrk_kaliningrad,5,490,0,0,0,0,0,0,0,0,0,0,0,0
gtrk_nn,36,66967,0,0,0,0,0,0,0,0,0,0,0,0
gtrkamur,42,75150,0,0,0,0,0,0,0,0,0,0,0,0
gtrkdagestan,14,4020,0,0,0,0,0,0,0,0,0,0,0,0
gtrklotos,61,76018,0,0,0,0,0,0,0,0,0,0,0,0
gtrkorenburg,177,2214679,2,0,0,0,0,0,27500,0,0,0,0,0
gtrksamara,63,94657,0,0,0,0,0,0,0,0,0,0,0,0
gtrksaratov,22,28713,0,0,0,0,0,0,0,0,0,0,0,0
gtrktomsk,60,119711,1,0,0,0,0,0,3500,0,0,0,0,0
gtrktyva,7,3090,0,0,0,0,0,0,0,0,0,0,0,0
gtrkvainah,16,1043,1,0,0,0,0,0,80,0,0,0,0,0
guangmingdaily,29,12154,0,0,0,0,0,0,0,0,0,0,0,0
guarapskypisar,10,19217,0,0,0,0,0,0,0,0,0,0,0,0
guardian,35,196245,0,0,0,0,0,0,0,0,0,0,0,0
guber2,15,41954,0,0,0,0,0,0,0,0,0,0,0,0
gubernator_46,161,15258489,0,0,0,0,0,0,0,0,0,0,0,0
gubernatorik,2,521,0,0,0,0,0,0,0,0,0,0,0,0
guberniaband,19,39999,0,0,0,0,0,0,0,0,0,0,0,0
guberniaonline,131,691530,1,0,0,0,0,0,6170,0,0,0,0,0
gubnet,1,1300,0,0,0,0,0,0,0,0,0,0,0,0
gudymenko_official,52,1054350,7,0,0,0,0,0,163800,0,0,0,0,0
guerrieriperlaliberta,16,18161,0,0,0,0,0,0,0,0,0,0,0,0
gujaratsamacharofficial,40,139390,0,0,0,0,0,0,0,0,0,0,0,0
gulaypole_info,8,23080,1,0,0,0,0,0,2910,0,0,0,0,0
gulbas_news,10,13703,0,0,0,0,0,0,0,0,0,0,0,0
gulfnewsUAE,22,35732,0,0,0,0,0,0,0,0,0,0,0,0
guliajpole,12,13781,0,0,0,0,0,0,0,0,0,0,0,0
guljantv,30,266100,1,0,0,0,0,0,8070,0,0,0,0,0
gulmiraqarasay,55,2946,0,0,0,0,0,0,0,0,0,0,0,0
gultyaev,42,178750,0,0,0,0,0,0,0,0,0,0,0,0
gumkonvoy,10,746,0,0,0,0,0,0,0,0,0,0,0,0
gumomsk55,19,5099,0,0,0,0,0,0,0,0,0,0,0,0
gumskladspb,1,3100,0,0,0,0,0,0,0,0,0,0,0,0
gumvd42,6,4794,0,0,0,0,0,0,0,0,0,0,0,0
gumvd63,1,113,0,0,0,0,0,0,0,0,0,0,0,0
gunblog,12,40910,0,0,0,0,0,0,0,0,0,0,0,0
guraanton,1454,134015190,49,0,1,6,0,0,4396100,0,90000,494800,0,0
guramamaryan,19,199240,0,0,0,0,0,0,0,0,0,0,0,0
gurnalisty_rossii,18,3589,0,0,0,0,0,0,0,0,0,0,0,0
gus_mii,7,1866,0,0,0,0,0,0,0,0,0,0,0,0
guseinnews,5,0,0,0,0,0,0,0,0,0,0,0,0,0
guselandrei,18,50078,0,0,0,0,0,0,0,0,0,0,0,0
gusev_36,23,369300,0,0,0,0,0,0,0,0,0,0,0,0
gusev_tg,9,35558,1,0,0,0,0,0,7480,0,0,0,0,0
gustavopetrooficial,12,278600,0,0,0,0,0,0,0,0,0,0,0,0
gutenev_vv,24,340686,1,0,0,0,1,0,12400,0,0,0,12400,0
guzelurazova,18,121683,0,0,0,0,0,0,0,0,0,0,0,0
gvol20,21,36493,0,0,0,0,0,0,0,0,0,0,0,0
gvozd_mos,7,10320,0,0,0,0,0,0,0,0,0,0,0,0
gvozdey_7,8,18550,0,0,0,0,0,0,0,0,0,0,0,0
gvozdoder_live,61,42642,2,0,0,0,0,0,1424,0,0,0,0,0
gwaramedia,3,647,0,0,0,0,0,0,0,0,0,0,0,0
gxpnews,2,190,0,0,0,0,0,0,0,0,0,0,0,0
gylyajpolecity,14,25786,0,0,0,0,0,0,0,0,0,0,0,0
gymtiktokk,6,8650,0,0,0,0,0,0,0,0,0,0,0,0
gztcom,37,101492,0,0,0,0,0,0,0,0,0,0,0,0
h1ghl1ghts,32,443550,1,0,0,0,0,0,19000,0,0,0,0,0
h_kiev,1557,44623061,7,0,0,7,2,0,187200,0,0,229400,61300,0
h_kremenchug,771,34876340,3,0,2,0,0,0,144100,0,87400,0,0,0
h_lutsk,186,1036701,3,0,0,0,1,0,16640,0,0,0,5440,0
h_lviv,28,28076,0,0,0,0,0,0,0,0,0,0,0,0
h_odessa,13,11690,1,0,0,0,0,0,1450,0,0,0,0,0
h_saltovka,3,12220,0,0,0,0,0,0,0,0,0,0,0,0
haavashenasi,15,6558,0,0,0,0,0,0,0,0,0,0,0,0
hab_news,203,1631650,5,0,0,0,0,0,40370,0,0,0,0,0
habebtykaerlaa,9,21991,0,0,0,0,0,0,0,0,0,0,0,0
haberler,23,95450,0,0,0,0,0,0,0,0,0,0,0,0
haberpaylasim,57,317950,0,0,0,0,0,0,0,0,0,0,0,0
haberplusX,2,455,0,0,0,0,0,0,0,0,0,0,0,0
hackberegini,19,492100,0,0,0,0,0,0,0,0,0,0,0,0
hackernewslive,868,1881311,0,0,0,0,0,0,0,0,0,0,0,0
hacktrip,15,19813,2,0,0,0,0,0,2790,0,0,0,0,0
hadafAzadi2022,8175,241997894,0,0,0,0,0,0,0,0,0,0,0,0
haddadoficial,32,29852,0,0,0,0,0,0,0,0,0,0,0,0
hadeout,14,82480,0,0,0,0,0,0,0,0,0,0,0,0
hafezeye_tarikhi,50,3561700,0,0,0,0,0,0,0,0,0,0,0,0
haftberkeh,6,914,0,0,0,0,0,0,0,0,0,0,0,0
haftehmontreal,17,3974,0,0,0,0,0,0,0,0,0,0,0,0
haghayeghmedia,23,1572,0,0,0,0,0,0,0,0,0,0,0,0
hahadetkaa,10,24320,0,0,0,0,0,0,0,0,0,0,0,0
haifatoday,12,30765,1,0,0,0,0,0,2270,0,0,0,0,0
hakim_kheirandish_En,14,37647,0,0,0,0,0,0,0,0,0,0,0,0
hakinc,2,902,0,0,0,0,0,0,0,0,0,0,0,0
hallo_nastya,26,33151,0,0,0,0,0,0,0,0,0,0,0,0
halychany,24,27198,0,0,0,0,0,0,0,0,0,0,0,0
halyqstan,75,690150,2,0,0,0,0,0,15440,0,0,0,0,0
hamovniky,12,7526,0,0,0,0,0,0,0,0,0,0,0,0
handabadnews,8,1357,0,0,0,0,0,0,0,0,0,0,0,0
hannakapitanova,12,14309,0,0,0,0,0,0,0,0,0,0,0,0
hannover_help,36,143481,0,0,0,0,0,0,0,0,0,0,0,0
hanrayinradio,3,20,0,0,0,0,0,0,0,0,0,0,0,0
hantamerlan1917,23,1765,0,0,0,0,0,0,0,0,0,0,0,0
hantyma,23,39480,0,0,0,0,0,0,0,0,0,0,0,0
happylifemom,30,77282,0,0,0,0,0,0,0,0,0,0,0,0
happysonay,11,17044,0,0,0,0,0,0,0,0,0,0,0,0
haqiqatdaIlyos,21,115850,0,0,0,0,0,0,0,0,0,0,0,0
haqiqatlaryozilgan,2,10,0,0,0,0,0,0,0,0,0,0,0,0
haqiqatonline,3,250,0,0,0,0,0,0,0,0,0,0,0,0
haqqin_azz,163,1107350,4,0,0,0,1,0,27240,0,0,0,7200,0
haraznews_ir,9,2904,0,0,0,0,0,0,0,0,0,0,0,0
hardcons,31,328290,0,0,0,0,0,0,0,0,0,0,0,0
hardgabar,40,1382300,0,0,0,0,0,0,0,0,0,0,0,0
hardmonday,14,2216,0,0,0,0,0,0,0,0,0,0,0,0
harley_with_love,15,140840,1,0,0,0,0,0,11300,0,0,0,0,0
harry_homolsky,67,437449,2,0,0,0,0,0,9890,0,0,0,0,0
has_magomed,31,34548,0,0,0,0,0,0,0,0,0,0,0,0
has_rayon05,3,142,0,0,0,0,0,0,0,0,0,0,0,0
hasan_fedam_1976,70,2023,0,0,0,0,0,0,0,0,0,0,0,0
hasanovblog,13,11938,0,0,0,0,0,0,0,0,0,0,0,0
hasht_e_subh,21,1434,0,0,0,0,0,0,0,0,0,0,0,0
hatefull24,2,0,0,0,0,0,0,0,0,0,0,0,0,0
hatskevichv,35,99770,2,0,0,0,0,0,12500,0,0,0,0,0
havashenas_ir,32,58992,0,0,0,0,0,0,0,0,0,0,0,0
havashenasi244,47,33840,0,0,0,0,0,0,0,0,0,0,0,0
havo_ob,21,2545,0,0,0,0,0,0,0,0,0,0,0,0
havryliakonair,5,5023,0,0,0,0,0,0,0,0,0,0,0,0
hayderaljezane,1,973,0,0,0,0,0,0,0,0,0,0,0,0
haydovchilar_uz,55,5685,0,0,0,0,0,0,0,0,0,0,0,0
hcacofficial,2,1610,0,0,0,0,0,0,0,0,0,0,0,0
hd4ppl,4,1684,1,0,0,0,0,0,348,0,0,0,0,0
healthpravda,18,17028,1,0,0,0,0,0,872,0,0,0,0,0
hear_me_sanya,11,10703,1,0,0,0,0,0,1090,0,0,0,0,0
heck_with_it,1,733,0,0,0,0,0,0,0,0,0,0,0,0
hectorshouse,2,1771,0,0,0,0,0,0,0,0,0,0,0,0
heelmee,1,0,0,0,0,0,0,0,0,0,0,0,0,0
heisanteri,3,6270,0,0,0,0,0,0,0,0,0,0,0,0
helbchannel,164,68360,1,0,0,0,0,0,530,0,0,0,0,0
helga18plus,66,1926230,1,0,0,0,0,0,38800,0,0,0,0,0
helgametamorphos,10,106960,0,0,0,0,0,0,0,0,0,0,0,0
heliman86,14,23706,1,0,0,0,0,0,987,0,0,0,0,0
heliosofc,20,857,0,0,0,0,0,0,0,0,0,0,0,0
hello_astrakhan,2,593,0,0,0,0,0,0,0,0,0,0,0,0
hello_kavkaz,34,24257,0,0,0,0,0,0,0,0,0,0,0,0
hello_mag,13,28720,0,0,0,0,0,0,0,0,0,0,0,0
helloaesthete,7,7961,0,0,0,0,0,0,0,0,0,0,0,0
hellopolya,14,219450,0,0,0,0,0,0,0,0,0,0,0,0
hellotransfer,1665,34865950,91,1,0,1,0,0,1859490,20300,0,71100,0,0
helltyumen,13,26700,0,0,0,0,0,0,0,0,0,0,0,0
helpdesk_media,86,107018,0,0,0,0,0,0,0,0,0,0,0,0
helpforukraineberegove,3,3710,0,0,0,0,0,0,0,0,0,0,0,0
helpinireland,2,5300,0,0,0,0,0,0,0,0,0,0,0,0
heneral_kgb,40,693940,6,0,0,0,0,0,106100,0,0,0,0,0
henrykissfig,25,72010,0,0,0,0,1,0,0,0,0,0,3030,0
heradeLegendtel,48,3089109,0,0,0,0,0,0,0,0,0,0,0,0
herbi_azerbaijan,9,5150,0,0,0,0,0,0,0,0,0,0,0,0
herbixeberaz,1,1320,0,0,0,0,0,0,0,0,0,0,0,0
hercon_ru,322,18469928,6,0,0,0,0,0,306900,0,0,0,0,0
herissonrenard,4,0,0,0,0,0,0,0,0,0,0,0,0,0
heroes34,15,8184,0,0,0,0,0,0,0,0,0,0,0,0
heroesofZ,40,5002960,0,0,0,0,0,0,0,0,0,0,0,0
herson_rus,11,14235,0,0,0,0,0,0,0,0,0,0,0,0
hespress,21,6802,0,0,0,0,0,0,0,0,0,0,0,0
hetmuloqot,15,99800,0,0,0,0,0,0,0,0,0,0,0,0
hetqinrussian,2,460,0,0,0,0,0,0,0,0,0,0,0,0
hetqonline,15,24949,0,0,0,0,0,0,0,0,0,0,0,0
hey_little_unicorn1,8,2511,1,0,0,0,0,0,294,0,0,0,0,0
heyitsdonya,39,248800,0,0,0,0,0,0,0,0,0,0,0,0
hhamidov,25,60060,2,0,0,0,0,0,3600,0,0,0,0,0
hi_anon,27,203170,0,0,0,0,0,0,0,0,0,0,0,0
hidnua,14,18265,0,0,0,0,0,0,0,0,0,0,0,0
highlylikely20,19,28340,1,0,0,0,0,0,1370,0,0,0,0,0
highway_inflames,1,8,0,0,0,0,0,0,0,0,0,0,0,0
hiidontfirst,34,852100,0,0,0,0,0,0,0,0,0,0,0,0
hikiray993,13,54110,0,0,0,0,0,0,0,0,0,0,0,0
hikkannumber1,13,34040,0,0,0,0,0,0,0,0,0,0,0,0
hinews_ru,10,2919,0,0,0,0,0,0,0,0,0,0,0,0
hiphop_shopUz,6,10170,0,0,0,0,0,0,0,0,0,0,0,0
hiphopfunquiz,44,241720,0,0,0,0,0,0,0,0,0,0,0,0
hiprapirr,33,16454,0,0,0,0,0,0,0,0,0,0,0,0
hirkyiguignol,5,2991,0,0,0,0,0,0,0,0,0,0,0,0
hirurgnw,2,24500,0,0,0,0,0,0,0,0,0,0,0,0
hist_reflects,11,18906,0,0,0,0,1,0,0,0,0,0,1340,0
histtales,20,5432,2,0,0,0,0,0,242,0,0,0,0,0
hitokchannel,40,452390,0,0,0,0,0,0,0,0,0,0,0,0
hitorinii,3,10880,0,0,0,0,0,0,0,0,0,0,0,0
hitoryankafm,17,6178,0,0,0,0,0,0,0,0,0,0,0,0
hkbioinsight,5,993,0,0,0,0,0,0,0,0,0,0,0,0
hkposter777,38,41068,0,0,0,0,0,0,0,0,0,0,0,0
hkstandstrong_promo,2,13520,0,0,0,0,0,0,0,0,0,0,0,0
hktgb,33,187228,0,0,0,0,0,0,0,0,0,0,0,0
hladenko,670,126533060,0,0,0,0,0,0,0,0,0,0,0,0
hlavnespravy1,14,13853,0,0,0,0,0,0,0,0,0,0,0,0
hlavnydennik,22,14428,0,0,0,0,0,0,0,0,0,0,0,0
hlukhiv_info,33,132843,0,0,0,0,0,0,0,0,0,0,0,0
hmabakarov,23,83266,0,0,0,0,0,0,0,0,0,0,0,0
hmarochos,11,13270,0,0,0,0,0,0,0,0,0,0,0,0
hmtorum,5,6464,0,0,0,0,0,0,0,0,0,0,0,0
hnaftali,15,143530,0,0,0,0,0,0,0,0,0,0,0,0
hodmyslei,20,25988,0,0,0,0,0,0,0,0,0,0,0,0
hodnaby,4,2419,0,0,0,0,0,0,0,0,0,0,0,0
hodseyy,23,33891,0,0,0,0,0,0,0,0,0,0,0,0
hoffmanteam,51,1340240,0,0,0,0,0,0,0,0,0,0,0,0
hokahed,38,3463800,0,0,0,0,0,0,0,0,0,0,0,0
hokku_huekku,2,1150,0,0,0,0,0,0,0,0,0,0,0,0
holakaksam,2,3630,0,0,0,0,0,0,0,0,0,0,0,0
holanewskz,16,26224,0,0,0,0,0,0,0,0,0,0,0,0
holarhia,1,7820,0,0,0,0,0,0,0,0,0,0,0,0
holdorz,15,214220,0,0,0,0,0,0,0,0,0,0,0,0
holodmedia,127,807542,4,0,0,1,0,0,18730,0,0,3600,0,0
holyShrines14,3,406,0,0,0,0,0,0,0,0,0,0,0,0
holyshitholywater,7,16676,1,0,0,0,0,0,3300,0,0,0,0,0
homelandch,2,21500,0,0,0,0,0,0,0,0,0,0,0,0
honaremananews,1,417,0,0,0,0,0,0,0,0,0,0,0,0
honest_customs,13,23103,0,0,0,0,0,0,0,0,0,0,0,0
honestpeople_by,20,7732,0,0,0,0,0,0,0,0,0,0,0,0
honeyhannni,5,9440,0,0,0,0,0,0,0,0,0,0,0,0
honeyybabe,10,962,0,0,0,0,0,0,0,0,0,0,0,0
hongkongersecrets,5,1045,0,0,0,0,0,0,0,0,0,0,0,0
hongkongfp,7,1337,0,0,0,0,0,0,0,0,0,0,0,0
hongkongindex,22,27174,0,0,0,0,0,0,0,0,0,0,0,0
honka_home,15,32360,0,0,0,0,0,0,0,0,0,0,0,0
hook_report,12,10454,1,0,0,0,0,0,2000,0,0,0,0,0
hookahbraine,9,2124,2,0,0,0,0,0,574,0,0,0,0,0
hooskonline,2,646,0,0,0,0,0,0,0,0,0,0,0,0
hopelessian,4,5110,0,0,0,0,0,0,0,0,0,0,0,0
horabrasilia,42,27152,0,0,0,0,0,0,0,0,0,0,0,0
hordiquz,33,14509,0,0,0,0,0,0,0,0,0,0,0,0
horizont_telegram,58,1568990,0,0,0,0,0,0,0,0,0,0,0,0
horizontal_russia,28,42393,1,0,0,0,0,0,1780,0,0,0,0,0
hoseinrazzagh,22,34205,0,0,0,0,0,0,0,0,0,0,0,0
hosseinronaghi,51,1023747,0,0,0,0,0,0,0,0,0,0,0,0
hot_spot20,1,1650,0,0,0,0,0,0,0,0,0,0,0,0
hotelducroissant,18,33742,0,0,0,0,0,0,0,0,0,0,0,0
hoteliersstories,2,903,0,0,0,0,0,0,0,0,0,0,0,0
hotnews,9,3894,0,0,0,0,0,0,0,0,0,0,0,0
hotnews_peace,39,367650,0,0,0,0,0,0,0,0,0,0,0,0
hotnewsdaily,21,6295,0,0,0,0,0,0,0,0,0,0,0,0
house_cv,2,405,0,0,0,0,0,0,0,0,0,0,0,0
house_of_cards_qr,54,194220,2,0,0,0,0,0,8690,0,0,0,0,0
housegovby,2,1099,0,0,0,0,0,0,0,0,0,0,0,0
howareyoukir,40,158470,0,0,0,0,0,0,0,0,0,0,0,0
howfrankydies,1,574,0,0,0,0,0,0,0,0,0,0,0,0
howimetyourmommy,8,14728,0,0,0,0,0,0,0,0,0,0,0,0
howiseeitsasha,22,147010,2,0,0,0,0,0,10770,0,0,0,0,0
howtohelpp,14,689,1,0,0,0,0,0,46,0,0,0,0,0
howtosashanovikova,33,875900,0,0,0,0,0,0,0,0,0,0,0,0
hramnadrame,14,7159,0,0,0,0,0,0,0,0,0,0,0,0
hranalitycs,48,165080,2,0,0,0,0,0,5560,0,0,0,0,0
hrantbek,9,9790,0,0,0,0,0,0,0,0,0,0,0,0
hrendyabliki,2,2330,0,0,0,0,0,0,0,0,0,0,0,0
hrinovyny,54,441640,2,0,0,0,0,0,22180,0,0,0,0,0
hromadske_ua,1427,23234699,41,0,0,1,1,0,641380,0,0,18400,16200,0
hronikatm,28,94880,1,0,0,0,0,0,5440,0,0,0,0,0
hsealumnichannel,18,34529,1,0,0,0,0,0,1580,0,0,0,0,0
httpsLcfVSilpkvk1ZTAy,2,6,0,0,0,0,0,0,0,0,0,0,0,0
hudud24official,13,9016,0,0,0,0,0,0,0,0,0,0,0,0
hudud_inform,26,97310,0,0,0,0,0,0,0,0,0,0,0,0
huevajapoltava,44,167430,0,0,0,0,0,0,0,0,0,0,0,0
hueviyherson,5116,443508428,4,0,0,3,1,0,374200,0,0,265600,98100,0
hueviykiev,19,37660,0,0,0,0,0,0,0,0,0,0,0,0
huevochka,48,141192,1,0,0,0,0,0,3680,0,0,0,0,0
huevoe_kosiora,22,82408,0,0,0,0,0,0,0,0,0,0,0,0
huevoe_zaporozhye,165,562033,1,0,0,0,0,0,3660,0,0,0,0,0
huevuy_dnepr,41,152889,2,0,0,0,0,0,13070,0,0,0,0,0
huevuy_mn,284,2044086,0,0,0,0,0,0,0,0,0,0,0,0
huevuy_nmsk,59,425963,0,0,0,0,0,0,0,0,0,0,0,0
huevyi_dnepr,1175,38879882,3,0,1,0,0,0,101400,0,28100,0,0,0
huevyi_kiev,144,443224,4,0,0,0,0,0,10360,0,0,0,0,0
hugotalks,35,133439,0,0,0,0,0,0,0,0,0,0,0,0
huliwar,64,63266,0,0,0,0,0,0,0,0,0,0,0,0
humanitarna,230,4435299,0,0,0,0,0,0,0,0,0,0,0,0
humbertovolts,32,59405,0,0,0,0,0,0,0,0,0,0,0,0
humidpeachbitch,63,134866,1,0,0,0,0,0,2080,0,0,0,0,0
humpolitic,29,197670,0,0,0,0,0,0,0,0,0,0,0,0
humusfable,26,154270,1,0,0,0,0,0,4880,0,0,0,0,0
hursin,23,28984,0,0,0,0,0,0,0,0,0,0,0,0
husky_spgs,31,2793600,0,0,0,0,0,0,0,0,0,0,0,0
huskygrouplg,13,4811,0,0,0,0,0,0,0,0,0,0,0,0
hustle365,4,754,0,0,0,0,0,0,0,0,0,0,0,0
huyova_poltava,20,29983,0,0,0,0,0,0,0,0,0,0,0,0
huyovy_kharkiv,13720,1323896510,67,0,2,29,7,0,6206900,0,179500,2850000,694400,0
huyovyi_ternopil,244,3833810,9,0,1,0,1,0,147300,0,20400,0,13900,0
hvatitboyatsya,19,14444,0,0,0,0,0,0,0,0,0,0,0,0
hvylya,20,11036,0,0,0,0,0,0,0,0,0,0,0,0
hybridwarfare,35,85147,2,0,0,0,0,0,9000,0,0,0,0,0
hyevuy_alex,20,177600,0,0,1,0,0,0,0,0,5800,0,0,0
hyevuy_dnepr,5819,910408100,22,0,4,14,2,0,3150700,0,556000,2173000,329700,0
hyggetube,3,919,0,0,0,0,0,0,0,0,0,0,0,0
hyperduh,3,9510,1,0,0,0,0,0,3140,0,0,0,0,0
hyperpopmonarchism,22,111787,0,0,0,0,0,0,0,0,0,0,0,0
hyukraine,14,4183,0,0,0,0,0,0,0,0,0,0,0,0
i63media,21,16798,0,0,0,0,0,0,0,0,0,0,0,0
iBadKhabar,129,253343,0,0,0,0,0,0,0,0,0,0,0,0
iBreaking,37,117969,0,0,0,0,0,0,0,0,0,0,0,0
iGorodovoy,41,362406,1,0,0,0,0,0,9350,0,0,0,0,0
iKONYGE,2,385,0,0,0,0,0,0,0,0,0,0,0,0
iPressUAUA,20,16808,0,0,0,0,0,0,0,0,0,0,0,0
iSANS_Belarus,42,47605,4,0,0,0,0,0,4132,0,0,0,0,0
i_am_americanec,19,1116600,0,0,0,0,0,0,0,0,0,0,0,0
i_bryntsalov,2,561,0,0,0,0,0,0,0,0,0,0,0,0
i_comments,7,2932,0,0,0,0,0,0,0,0,0,0,0,0
i_curtain,55,969450,7,0,0,0,0,0,128000,0,0,0,0,0
i_jivotnovodstvo,3,631,1,0,0,0,0,0,213,0,0,0,0,0
i_mariupol,3,1497,0,0,0,0,0,0,0,0,0,0,0,0
i_sherstyuk,42,277603,0,0,0,0,0,0,0,0,0,0,0,0
i_think_uz,33,402140,0,0,0,0,0,0,0,0,0,0,0,0
ia_rossa,23,13136,1,0,0,0,0,0,408,0,0,0,0,0
ia_steklomoy,62,1858350,3,0,0,0,0,0,196000,0,0,0,0,0
iabajur,6,4362,0,0,0,0,0,0,0,0,0,0,0,0
iadunyo,118,54769,1,0,0,0,0,0,501,0,0,0,0,0
iadunyo_uz,38,14803,0,0,0,0,0,0,0,0,0,0,0,0
iakhakasia,49,12669,1,0,0,0,0,0,553,0,0,0,0,0
iamaslova,23,20294,2,0,0,0,0,0,1619,0,0,0,0,0
iamdosh1k,14,1528200,0,0,0,0,0,0,0,0,0,0,0,0
iameball,12,104000,0,0,0,0,0,0,0,0,0,0,0,0
iamgodfitness,9,27853,0,0,0,0,0,0,0,0,0,0,0,0
iamkkkkkkkkkkkk,1,4210,0,0,0,0,0,0,0,0,0,0,0,0
iamnotstable,8,5657,0,0,0,0,0,0,0,0,0,0,0,0
iamskripka,35,270859,0,0,0,0,0,0,0,0,0,0,0,0
iamstrannikov,12,12997,0,0,0,0,0,0,0,0,0,0,0,0
iamttami,3,4440,0,0,0,0,0,0,0,0,0,0,0,0
ianina_sokolova,171,1638543,25,0,0,0,0,0,254893,0,0,0,0,0
ianvaletov,24,186990,3,0,0,0,1,0,19860,0,0,0,18200,0
iarexru,2,151,0,0,0,0,0,0,0,0,0,0,0,0
iasips_mentor,14,351800,0,0,0,0,0,0,0,0,0,0,0,0
iaspp_kz,14,16676,1,0,0,0,0,0,966,0,0,0,0,0
iauTnews,38,66369,0,0,0,0,0,0,0,0,0,0,0,0
ibarabanch,3,19070,0,0,0,0,0,0,0,0,0,0,0,0
ibespalova_fm,32,692389,0,0,0,0,0,0,0,0,0,0,0,0
ibezler,2,594,0,0,0,0,0,0,0,0,0,0,0,0
ibnyusupov,19,11908,0,0,0,0,0,0,0,0,0,0,0,0
ibragimov_public,3,18,0,0,0,0,0,0,0,0,0,0,0,0
ibsachsen,4,5108,0,0,0,0,0,0,0,0,0,0,0,0
icceeeberg,16,238540,0,0,0,0,0,0,0,0,0,0,0,0
icdagestan,10,676,0,0,0,0,0,0,0,0,0,0,0,0
icerkov,2,680,1,0,0,0,0,0,404,0,0,0,0,0
ichkeriaoplot,29,111212,1,0,0,0,0,0,6530,0,0,0,0,0
icon_ltd,10,2798,0,0,0,0,0,0,0,0,0,0,0,0
idamnckalie,2,1598,0,0,0,0,0,0,0,0,0,0,0,0
idealist_lab,20,28421,0,0,0,0,0,0,0,0,0,0,0,0
idelrealii,20,13444,0,0,0,0,0,0,0,0,0,0,0,0
idench,46,1698600,0,0,0,0,0,0,0,0,0,0,0,0
ideya_ye,6,15400,0,0,0,0,0,0,0,0,0,0,0,0
idf_telegram,24,230230,0,0,0,0,0,0,0,0,0,0,0,0
idfofficial,23,131519,0,0,0,0,0,0,0,0,0,0,0,0
idillika,4,1892,0,0,0,0,0,0,0,0,0,0,0,0
idrak_m,42,469670,0,0,0,0,0,0,0,0,0,0,0,0
idu_na_vi,1,0,0,0,0,0,0,0,0,0,0,0,0,0
ieexplained,26,180530,0,0,0,0,0,0,0,0,0,0,0,0
ierey_alexandr,49,279060,1,0,0,0,0,0,2170,0,0,0,0,0
ietamil,2906,101504,0,0,0,0,0,0,0,0,0,0,0,0
ifacts_rus,1,347,0,0,0,0,0,0,0,0,0,0,0,0
ifalarm,50,568710,0,0,0,0,0,0,0,0,0,0,0,0
ifax_go,20,14943,0,0,0,0,0,0,0,0,0,0,0,0
ifilato,26,162254,3,0,0,0,0,0,66340,0,0,0,0,0
ignazbearth,140,306632,0,0,0,0,0,0,0,0,0,0,0,0
igor_artamonov48,47,2953300,0,0,0,0,0,0,0,0,0,0,0,0
igor_korotchenko,14,127110,1,0,0,0,0,0,253,0,0,0,0,0
igor_medov,36,1498449,0,0,0,0,0,0,0,0,0,0,0,0
igor_panarin,134,508055,0,0,0,0,0,0,0,0,0,0,0,0
igor_titenkov,1,295,0,0,0,0,0,0,0,0,0,0,0,0
igor_vorobey,17,25392,0,0,0,0,0,0,0,0,0,0,0,0
igorchagaev,5,9800,0,0,0,0,0,0,0,0,0,0,0,0
igordodon,6,21916,0,0,0,0,0,0,0,0,0,0,0,0
igoreidman,19,66300,0,0,0,0,0,0,0,0,0,0,0,0
igorgulyaevdesigner,51,288777,0,0,0,0,0,0,0,0,0,0,0,0
igorprokopenkotv,33,69968,1,0,0,0,1,0,3890,0,0,0,3890,0
igorserov_26,35,95311,0,0,0,0,0,0,0,0,0,0,0,0
igorsmelyansky,42,248810,2,0,0,0,0,0,8720,0,0,0,0,0
igorstrelkov,55,20003,0,0,0,0,1,0,0,0,0,0,397,0
igoryakovenko,2,1149,0,0,0,0,0,0,0,0,0,0,0,0
ihacomtr,19,10717,0,0,0,0,0,0,0,0,0,0,0,0
ihatecakes,30,499560,0,0,0,0,0,0,0,0,0,0,0,0
ihor_terekhov,47,7556300,0,0,0,0,0,0,0,0,0,0,0,0
iiaquamarieii,23,453930,2,0,0,0,0,0,48000,0,0,0,0,0
iibbuz,5,9800,0,0,0,0,0,0,0,0,0,0,0,0
iikhu,1092,41443020,34,0,0,1,1,0,1121450,0,0,35400,47900,0
iir_ambassador,3,2326,0,0,0,0,0,0,0,0,0,0,0,0
iiulyanchenko,16,23822,0,0,0,0,0,0,0,0,0,0,0,0
iivjxduz,17,24592,0,0,0,0,0,0,0,0,0,0,0,0
iivuz,116,686035,0,0,0,0,0,0,0,0,0,0,0,0
ijustwannaphil,33,275110,0,0,0,0,0,0,0,0,0,0,0,0
ikakprosto,237,57978100,2,0,0,0,0,0,460000,0,0,0,0,0
ikeeralahda,21,85840,0,0,0,0,0,0,0,0,0,0,0,0
iklife,1,709,0,0,0,0,0,0,0,0,0,0,0,0
ikolyuchka3,15,12451,0,0,0,0,0,0,0,0,0,0,0,0
ikomek109,11,11938,0,0,0,0,0,0,0,0,0,0,0,0
ikotika,30,77725,0,0,0,0,0,0,0,0,0,0,0,0
ikpk59,1,4100,0,0,0,0,0,0,0,0,0,0,0,0
ikramabdikalikov,17,21258,0,0,0,0,0,0,0,0,0,0,0,0
ikrus,28,197084,0,0,0,0,0,0,0,0,0,0,0,0
iksrf66,3,3944,0,0,0,0,0,0,0,0,0,0,0,0
iksrf74,3,152,1,0,0,0,0,0,29,0,0,0,0,0
ikydane,12,63720,0,0,0,0,0,0,0,0,0,0,0,0
ilahayoo,10,34050,0,0,0,0,0,0,0,0,0,0,0,0
ilambek,14,40940,0,0,0,0,0,0,0,0,0,0,0,0
ildanews,8,2655,0,0,0,0,0,0,0,0,0,0,0,0
ildargame,9,68700,0,0,0,0,0,0,0,0,0,0,0,0
ilfpetrov,17,6960,0,0,0,0,0,0,0,0,0,0,0,0
ilia_makar,27,285400,0,0,0,0,0,0,0,0,0,0,0,0
ilia_zenov,9,13426,0,0,0,0,0,0,0,0,0,0,0,0
ilinskie_luga,1,520,0,0,0,0,0,0,0,0,0,0,0,0
ilkehaberajansi,2,12,0,0,0,0,0,0,0,0,0,0,0,0
illegallyblonde,1,14000,0,0,0,0,0,0,0,0,0,0,0,0
illienko,31,197790,1,0,0,0,1,0,6240,0,0,0,4090,0
illusioscope,12,6252,0,0,0,0,0,0,0,0,0,0,0,0
ilmanifest,1,85,0,0,0,0,0,0,0,0,0,0,0,0
ilmiranagimovaa,6,1255,0,0,0,0,0,0,0,0,0,0,0,0
ilmuz,3,2257,0,0,0,0,0,0,0,0,0,0,0,0
ilovebelarus100,3,29,0,0,0,0,0,0,0,0,0,0,0,0
ilovebrb,30,628520,0,0,0,0,0,0,0,0,0,0,0,0
iloveru,25,75559,0,0,0,0,0,0,0,0,0,0,0,0
ilovesex666,52,9748380,0,0,0,0,0,0,0,0,0,0,0,0
ilpost_official,98,675981,0,0,0,0,0,0,0,0,0,0,0,0
ilyabirman_channel,20,63200,1,0,0,0,0,0,3690,0,0,0,0,0
ilyabuyakov,4,12000,0,0,0,0,0,0,0,0,0,0,0,0
ilyakosygin,1,401,0,0,0,0,0,0,0,0,0,0,0,0
ilyaovechkincomedy,12,73120,0,0,0,0,0,0,0,0,0,0,0,0
ilyaseredyuk,7,44290,0,0,0,0,0,0,0,0,0,0,0,0
ilyashepelin,41,684780,0,0,0,0,0,0,0,0,0,0,0,0
im_ksun_official,157,29322700,7,0,0,0,0,0,1338000,0,0,0,0,0
im_not_a_princess,84,2774,3,0,0,0,0,0,103,0,0,0,0,0
imagine_cuddle,4,15340,0,0,0,0,0,0,0,0,0,0,0,0
imagine_people_official,4,2545,0,0,0,0,0,0,0,0,0,0,0,0
imaginespost,9,7125,0,0,0,0,0,0,0,0,0,0,0,0
imameev,9,53780,0,0,0,0,0,0,0,0,0,0,0,0
imaniTelegram,8,15140,0,0,0,0,0,0,0,0,0,0,0,0
imerelgia,23,135048,0,0,0,0,0,0,0,0,0,0,0,0
imerkouri,110,3320700,1,0,0,0,0,0,29100,0,0,0,0,0
imi_mgimo,20,17704,3,0,0,1,0,0,4048,0,0,1120,0,0
imilenaioanna,2,3850,0,0,0,0,0,0,0,0,0,0,0,0
immaulida,4,88500,0,0,0,0,0,0,0,0,0,0,0,0
imnotbozhena,2991,263064268,39,0,0,0,0,0,3624300,0,0,0,0,0
imoparty,1,250,0,0,0,0,0,0,0,0,0,0,0,0
imoscow,12,7140,0,0,0,0,0,0,0,0,0,0,0,0
imotvet,84,511620,3,0,0,0,0,0,16910,0,0,0,0,0
imperiya_3,49,32468,0,0,0,0,0,0,0,0,0,0,0,0
impfen_nein_danke,31,2795,0,0,0,0,0,0,0,0,0,0,0,0
impostorlife,37,468330,1,0,0,0,0,0,16200,0,0,0,0,0
improxkss,11,8677,0,0,0,0,0,0,0,0,0,0,0,0
imvanillaninja,13,18098,1,0,0,0,0,0,938,0,0,0,0,0
in4sportal,20,10103,0,0,0,0,0,0,0,0,0,0,0,0
inGOLubertsy,8,974,0,0,0,0,0,0,0,0,0,0,0,0
inaktaukz,1,38,0,0,0,0,0,0,0,0,0,0,0,0
inarmyadmins,12,67280,0,0,0,0,0,0,0,0,0,0,0,0
inburgru,38,185852,1,0,0,0,0,0,1030,0,0,0,0,0
inc54,175,6566254,4,0,0,0,0,0,106200,0,0,0,0,0
incident04,4,7958,0,0,0,0,0,0,0,0,0,0,0,0
incident19,44,1371,0,0,0,0,0,0,0,0,0,0,0,0
incident22,287,15108027,3,0,0,0,0,0,136300,0,0,0,0,0
incident38,19,59012,0,0,0,0,0,0,0,0,0,0,0,0
incident_138,19,42113,0,0,0,0,0,0,0,0,0,0,0,0
incident_22,23,50913,0,0,0,0,0,0,0,0,0,0,0,0
incident_42kuzbass,39,95436,0,0,0,0,0,0,0,0,0,0,0,0
incident_42lk,40,58504,1,0,0,0,0,0,757,0,0,0,0,0
incident_kld,1,21,0,0,0,0,0,0,0,0,0,0,0,0
incident_krk,35,352930,0,0,0,0,0,0,0,0,0,0,0,0
incident_kuzbass,8,195750,0,0,0,0,0,0,0,0,0,0,0,0
incidentbratsk,19,92470,0,0,0,0,0,0,0,0,0,0,0,0
incidentkld,5,12570,0,0,0,0,0,0,0,0,0,0,0,0
incidentoren,101,385755,1,0,0,0,0,0,4510,0,0,0,0,0
increase_frequency,3,8200,0,0,0,0,0,0,0,0,0,0,0,0
incrussiamedia,11,25944,1,0,0,0,0,0,377,0,0,0,0,0
independent_moscow,57,148800,0,0,0,0,0,0,0,0,0,0,0,0
india_tv2020,105,299340,2,0,0,1,0,0,3230,0,0,3500,0,0
indiaanalytics,12,31490,0,0,0,1,0,0,0,0,0,5190,0,0
indianexpress,19703,5280189,0,0,0,0,0,0,0,0,0,0,0,0
indianmilitarynews,21,72510,0,0,0,0,0,0,0,0,0,0,0,0
indicator_news,1,362,0,0,0,0,0,0,0,0,0,0,0,0
indignant62,6,21240,0,0,0,0,0,0,0,0,0,0,0,0
indigo77,47,333400,0,0,0,0,0,0,0,0,0,0,0,0
indogswetrust,7,16480,0,0,0,0,0,0,0,0,0,0,0,0
inelstalnn,1,2020,0,0,0,0,0,0,0,0,0,0,0,0
ines_sainz,34,83926,0,0,0,0,0,0,0,0,0,0,0,0
inessas1992,1,226,0,0,0,0,0,0,0,0,0,0,0,0
infantmilitario,9499,572795667,144,0,0,12,2,0,8402700,0,0,803900,132400,0
infdom,3,381,0,0,0,0,0,0,0,0,0,0,0,0
influencelife,16,911,1,0,0,0,0,0,48,0,0,0,0,0
infoBalagura,29,219315,0,0,0,0,0,0,0,0,0,0,0,0
infoBunLuga,2,9540,0,0,0,0,0,0,0,0,0,0,0,0
infoHub45,8,710,0,0,0,0,0,0,0,0,0,0,0,0
infoLibre_es,20,28560,0,0,0,0,0,0,0,0,0,0,0,0
infoV102ru,13,7736,0,0,0,0,0,0,0,0,0,0,0,0
infoZa_Russia,2,243,0,0,0,0,0,0,0,0,0,0,0,0
info_izi,10,56440,0,0,0,0,0,0,0,0,0,0,0,0
info_nizhyn,21,166275,0,0,0,0,0,0,0,0,0,0,0,0
info_ss_ds,11,22527,0,0,0,0,0,0,0,0,0,0,0,0
info_tatar,12,14467,0,0,0,0,0,0,0,0,0,0,0,0
info_uz,40,1130700,2,0,0,0,0,0,50400,0,0,0,0,0
info_zp,7806,409896311,13,0,0,13,2,0,679700,0,0,720400,106800,0
infoarch,59,92330,0,0,0,0,0,0,0,0,0,0,0,0
infocassiopeia,42,54131,0,0,0,0,0,0,0,0,0,0,0,0
infocdmv,11,5475,0,0,0,0,0,0,0,0,0,0,0,0
infocentrskrf,34,75679,0,0,0,0,0,0,0,0,0,0,0,0
infocomm,31,68521,0,0,0,0,0,0,0,0,0,0,0,0
infodeserteur,12,29470,0,0,0,0,0,0,0,0,0,0,0,0
infofilatov_lug,14,66110,0,0,0,1,0,0,0,0,0,4740,0,0
infofreenet,10,24690,0,0,0,0,0,0,0,0,0,0,0,0
infohlaing,1129,4625060,0,0,0,0,0,0,0,0,0,0,0,0
infolesoparkoviy,8,28380,0,0,0,0,0,0,0,0,0,0,0,0
infomoscow24,6855,570669610,62,0,0,4,0,0,5069900,0,0,309400,0,0
infonosiy,36,50755,0,0,0,0,0,0,0,0,0,0,0,0
informK,10,88130,0,0,0,0,0,0,0,0,0,0,0,0
inform_bouro,7,16590,0,0,0,0,0,0,0,0,0,0,0,0
inform_kiev,184,413819,3,0,1,0,0,0,17250,0,22500,0,0,0
information_zvenigorodka,2,84,0,0,0,0,0,0,0,0,0,0,0,0
informationbureau,2,53900,0,0,0,0,0,0,0,0,0,0,0,0
informationresistanse,5,328,0,0,0,0,0,0,0,0,0,0,0,0
informator_ukraina,34,134190,3,0,0,0,0,0,10910,0,0,0,0,0
informatorpress,26,35147,4,0,0,0,0,0,5034,0,0,0,0,0
informatorz,23,38064,0,0,0,0,0,0,0,0,0,0,0,0
informburo_kz,36,46286,0,0,0,0,0,0,0,0,0,0,0,0
informburo_sfd,113,683120,2,0,0,0,0,0,14460,0,0,0,0,0
informmobil05,5,787,0,0,0,0,0,0,0,0,0,0,0,0
informnapalm,648,17709050,11,0,0,0,3,0,262910,0,0,0,92100,0
informpskov,8,1114,0,0,0,0,0,0,0,0,0,0,0,0
informzp1,32,18850,0,0,0,0,0,0,0,0,0,0,0,0
infoshtabnews,1,427,0,0,0,0,0,0,0,0,0,0,0,0
infostory_malika,1,125,0,0,0,0,0,0,0,0,0,0,0,0
infotaxme,9,14690,1,0,0,0,0,0,1430,0,0,0,0,0
infoteka24,93,357826,2,0,0,0,0,0,6780,0,0,0,0,0
infowarslive,23,32262,0,0,0,0,0,0,0,0,0,0,0,0
infoxabar,7,152,0,0,0,0,0,0,0,0,0,0,0,0
infoxkupikupifm,38,14126,0,0,0,0,0,0,0,0,0,0,0,0
infoxvodokanal,25,594450,0,0,0,0,0,0,0,0,0,0,0,0
infpolru,248,2915438,3,0,0,0,0,0,29430,0,0,0,0,0
infspletni,7,3080,0,0,0,0,0,0,0,0,0,0,0,0
ingridcourregesartiste,29,138130,0,0,0,0,0,0,0,0,0,0,0,0
ingsobranie,8,81650,0,0,0,0,0,0,0,0,0,0,0,0
ingushetia_tgnews,54,686980,1,0,0,0,0,0,6270,0,0,0,0,0
ingushetiaaa,19,6198,0,0,0,0,0,0,0,0,0,0,0,0
inja_ghaemshahr,54,21692,0,0,0,0,0,0,0,0,0,0,0,0
inkazanischa,13,19351,0,0,0,0,0,0,0,0,0,0,0,0
inkorr_n,9,52,1,0,0,0,0,0,4,0,0,0,0,0
inlvivinua,22,5670,0,0,0,0,0,0,0,0,0,0,0,0
inmediahknet,41,84982,0,0,0,0,0,0,0,0,0,0,0,0
innafory,20,29261,0,0,0,0,0,0,0,0,0,0,0,0
innashakti,11,3885,0,0,0,0,0,0,0,0,0,0,0,0
inner_feast,19,21144,0,0,0,0,0,0,0,0,0,0,0,0
inner_ireland,4,10670,0,0,0,0,0,0,0,0,0,0,0,0
inno_info,3,9820,0,0,0,0,0,0,0,0,0,0,0,0
innovationsru,165,1962881,1,0,0,0,0,0,20200,0,0,0,0,0
inosmi_natapara,4,1517,0,0,0,0,0,0,0,0,0,0,0,0
inosmichannel,663,17746790,22,0,0,4,2,0,475100,0,0,105900,40400,0
inostranets_v_RF,8,2265,0,0,0,0,0,0,0,0,0,0,0,0
inozemtsev_dumaet,4,6190,0,0,0,0,0,0,0,0,0,0,0,0
inrussia_online,55,177201,0,0,0,0,0,0,0,0,0,0,0,0
insect_life,320,30827799,1,0,0,0,0,0,105000,0,0,0,0,0
inside_avia,11,12164,0,0,0,0,0,0,0,0,0,0,0,0
insident_abakan,16,3125,0,0,0,0,0,0,0,0,0,0,0,0
insider08,2,4130,0,0,0,0,0,0,0,0,0,0,0,0
insiderUKR,10871,4394139100,462,0,6,77,5,0,177036000,0,2190000,32464000,1929000,0
insider_amigo,44,129296,0,0,0,0,0,0,0,0,0,0,0,0
insider_uz,45,158570,0,0,0,0,0,0,0,0,0,0,0,0
insidersua,7,601,0,0,0,0,0,0,0,0,0,0,0,0
insiderukraina,6,12560,0,0,0,0,0,0,0,0,0,0,0,0
insights_demchuk,4,23000,0,0,0,0,0,0,0,0,0,0,0,0
insired,34,728310,0,0,0,0,0,0,0,0,0,0,0,0
inspector_uz,15,29835,0,0,0,0,0,0,0,0,0,0,0,0
inspiringwomen,2,163,0,0,0,0,0,0,0,0,0,0,0,0
inst_rinnaa,61,5903200,0,0,0,0,0,0,0,0,0,0,0,0
instabro,6,42860,0,0,0,0,0,0,0,0,0,0,0,0
instamaisto,1,216,0,0,0,0,0,0,0,0,0,0,0,0
institurRiMR,3,271,0,0,0,0,0,0,0,0,0,0,0,0
instrukcia24,37,310800,0,0,0,0,0,0,0,0,0,0,0,0
intellinews_russian,112,1039595,0,0,0,0,0,0,0,0,0,0,0,0
intelslava,4945,237056199,0,0,0,0,0,0,0,0,0,0,0,0
intelslavaua,9,2108,0,0,0,0,0,0,0,0,0,0,0,0
intercourier,26,1385,2,0,0,0,0,0,81,0,0,0,0,0
interesnaya_moskwa,6,1707,0,0,0,0,0,0,0,0,0,0,0,0
interesno_pro,24,808,0,0,0,0,0,0,0,0,0,0,0,0
interesnye,2,606,0,0,0,0,0,0,0,0,0,0,0,0
interesting_zagadki,47,87725,0,0,0,0,0,0,0,0,0,0,0,0
interestpiter,12,5035,0,0,0,0,0,0,0,0,0,0,0,0
interfax_uk,10,784,0,0,0,0,0,0,0,0,0,0,0,0
interfaxonline,117,1050176,2,0,0,0,0,0,17410,0,0,0,0,0
interfaxua,7,137,0,0,0,0,0,0,0,0,0,0,0,0
internetsmi,64,1340610,3,0,0,0,0,0,52210,0,0,0,0,0
internews_uz,14,8311,0,0,0,0,0,0,0,0,0,0,0,0
interpretaciya,19,3955,0,0,0,0,0,0,0,0,0,0,0,0
interstellar,21,43410,0,0,0,0,0,0,0,0,0,0,0,0
intlawtoday,11,2968,0,0,0,0,0,0,0,0,0,0,0,0
introspecto_psy,24,4577,0,0,0,0,0,0,0,0,0,0,0,0
intuition2036,33,528190,1,0,0,0,0,0,18100,0,0,0,0,0
inure,18,5828,0,0,0,0,0,0,0,0,0,0,0,0
invadernow,1,83,0,0,0,0,0,0,0,0,0,0,0,0
invest_crypto_defi,17,79670,0,0,0,0,0,0,0,0,0,0,0,0
investbase,32,3259,0,0,0,0,0,0,0,0,0,0,0,0
investigativnyblogSK,551,1425228,0,0,0,0,0,0,0,0,0,0,0,0
invictus_portucale,32,270830,0,0,0,0,0,0,0,0,0,0,0,0
invoicemedia,53,4853,2,0,0,0,0,0,123,0,0,0,0,0
ioannZH,47,415220,0,0,0,0,0,0,0,0,0,0,0,0
iolka_ua,4,0,0,0,0,0,0,0,0,0,0,0,0,0
iowa_band,15,26083,0,0,0,0,0,0,0,0,0,0,0,0
ipakyulinews,854,3102676,0,0,0,0,0,0,0,0,0,0,0,0
ipcourtpractice,2,2820,0,0,0,0,0,0,0,0,0,0,0,0
ipustira,16,40559,0,0,0,0,0,0,0,0,0,0,0,0
iqtisadiyyataz,30,12232,0,0,0,0,0,0,0,0,0,0,0,0
irZagrosNews,9049,95266999,0,0,0,0,0,0,0,0,0,0,0,0
ir_fory,20,4780,0,0,0,0,0,0,0,0,0,0,0,0
ir_km,501,4836820,0,0,0,0,0,0,0,0,0,0,0,0
ira_khay,25,424480,0,0,0,0,0,0,0,0,0,0,0,0
ira_podrez,24,507,0,0,0,0,0,0,0,0,0,0,0,0
irabogunchik,6,31280,0,0,0,0,0,0,0,0,0,0,0,0
iran_militarynews,11,34950,0,0,0,0,0,0,0,0,0,0,0,0
iranarchismnews,62,220741,0,0,0,0,0,0,0,0,0,0,0,0
iranarmeniachamber,2,1142,0,0,0,0,0,0,0,0,0,0,0,0
irandezhurniy,43,442660,1,0,0,0,0,0,6290,0,0,0,0,0
iranembassytbilisi,21,17729,0,0,0,0,0,0,0,0,0,0,0,0
iranfnews,22976,1035699374,0,0,0,0,0,0,0,0,0,0,0,0
iranian,37,257700,0,0,0,0,0,0,0,0,0,0,0,0
iranictv,41,55403,0,0,0,0,0,0,0,0,0,0,0,0
iranpipelines,1,488,0,0,0,0,0,0,0,0,0,0,0,0
iranpolitico_ir,25,3324,0,0,0,0,0,0,0,0,0,0,0,0
irans_question,11,10971,0,0,0,0,0,0,0,0,0,0,0,0
irantr,14,2538,0,0,0,0,0,0,0,0,0,0,0,0
iraqicts,6,92400,0,0,0,0,0,0,0,0,0,0,0,0
irasug,4,12530,0,0,0,0,0,0,0,0,0,0,0,0
iravan1747,7,4014,0,0,0,0,0,0,0,0,0,0,0,0
irawaimerVchat,21,62145,0,0,0,0,0,0,0,0,0,0,0,0
irazzavrr_official,2,341,0,0,0,0,0,0,0,0,0,0,0,0
irbislegend,19,49230,1,0,0,0,0,0,5630,0,0,0,0,0
irbitincident,12,20702,0,0,0,0,0,0,0,0,0,0,0,0
ircbrda,1,3200,0,0,0,0,0,0,0,0,0,0,0,0
ircity_ru,69,185121,1,0,0,0,0,0,4700,0,0,0,0,0
irena_pol,30,95436,0,0,0,0,0,0,0,0,0,0,0,0
irena_ponaroshku,996,116676900,6,0,0,0,0,0,727000,0,0,0,0,0
irforinews,10216,167601740,0,0,0,0,0,0,0,0,0,0,0,0
iribnews_com,895,2608630,0,0,0,0,0,0,0,0,0,0,0,0
iribnews_guilan2,47,36015,0,0,0,0,0,0,0,0,0,0,0,0
iribnews_skh,37,58138,0,0,0,0,0,0,0,0,0,0,0,0
iribnewsardestan,38,28502,0,0,0,0,0,0,0,0,0,0,0,0
iribnewssb,3,1470,0,0,0,0,0,0,0,0,0,0,0,0
irikina,23,11965,2,0,0,0,0,0,885,0,0,0,0,0
irina_myagkov,7,94000,0,0,0,0,0,0,0,0,0,0,0,0
irinamarclay_official,15,111550,0,0,0,0,0,0,0,0,0,0,0,0
irinamyagkov,26,351240,0,0,0,0,0,0,0,0,0,0,0,0
irinapetrakova,2,294,0,0,0,0,0,0,0,0,0,0,0,0
irinausichenko,33,101814,2,0,0,0,0,0,7020,0,0,0,0,0
irinavs_rieltor,18,4118,0,0,0,0,0,0,0,0,0,0,0,0
irinkamamy_home,36,290920,0,0,0,0,0,0,0,0,0,0,0,0
irinulyaka,15,78020,0,0,0,0,0,0,0,0,0,0,0,0
irisira,17,20576,0,0,0,0,0,0,0,0,0,0,0,0
irk01,30,159030,0,0,0,0,0,0,0,0,0,0,0,0
irk38mchs,34,209545,0,0,0,0,0,0,0,0,0,0,0,0
irk_24,33,40795,0,0,0,0,0,0,0,0,0,0,0,0
irk_messenger,3,599,0,0,0,0,0,0,0,0,0,0,0,0
irkblog,9,21009,0,0,0,0,0,0,0,0,0,0,0,0
irkdtp,69,587179,0,0,0,0,0,0,0,0,0,0,0,0
irkdzen,1,1600,1,0,0,0,0,0,1600,0,0,0,0,0
irkkp,13,5376,1,0,0,0,0,0,674,0,0,0,0,0
irkobl,38,111607,0,0,0,0,0,0,0,0,0,0,0,0
irkqq,3,971,0,0,0,0,0,0,0,0,0,0,0,0
irkru,94,525268,1,0,0,0,0,0,6550,0,0,0,0,0
irktlgr,9,2613,0,0,0,0,0,0,0,0,0,0,0,0
irktoday,15,3114,0,0,0,0,0,0,0,0,0,0,0,0
irkutsk,12,1704,0,0,0,0,0,0,0,0,0,0,0,0
irkutskcorruption,25,91230,0,0,0,0,0,0,0,0,0,0,0,0
irkutskoilcompany,1,6300,0,0,0,0,0,0,0,0,0,0,0,0
irnews_24,6611,102823721,0,0,0,0,0,0,0,0,0,0,0,0
irobiyolo,12,294380,0,0,0,0,0,0,0,0,0,0,0,0
irobosheep,26,17556,0,0,0,0,0,0,0,0,0,0,0,0
iron_bonvarnon,20,56811,0,0,0,0,0,0,0,0,0,0,0,0
iron_feliks,90,2255650,2,0,0,0,0,0,35400,0,0,0,0,0
ironlogica,38,2141300,0,0,0,0,0,0,0,0,0,0,0,0
ironzek,14,369270,4,0,0,0,0,0,9120,0,0,0,0,0
irpentip,13,18185,0,0,0,0,0,0,0,0,0,0,0,0
irpingrisha,161,5360220,1,0,0,0,0,0,3650,0,0,0,0,0
irpinonline,28,40727,0,0,0,0,0,0,0,0,0,0,0,0
irynadmytrivna,8,7459,0,0,0,0,0,0,0,0,0,0,0,0
irynagerashchenko,9,30920,1,0,0,0,0,0,1080,0,0,0,0,0
isaakovsky,2,1006,0,0,0,0,0,0,0,0,0,0,0,0
isaevlive,31,94590,1,0,0,0,0,0,3880,0,0,0,0,0
isaevmixail,3,831,0,0,0,0,0,0,0,0,0,0,0,0
isayevios,30,58418,0,0,0,0,0,0,0,0,0,0,0,0
isfahanuni97,24,41780,0,0,0,0,0,0,0,0,0,0,0,0
ishkovka,2,581,0,0,0,0,0,0,0,0,0,0,0,0
ishtixonovozi,11,3489,0,0,0,0,0,0,0,0,0,0,0,0
ishutin_vkk,18,206220,0,0,0,0,0,0,0,0,0,0,0,0
iskra1917,25,173500,0,0,0,0,0,0,0,0,0,0,0,0
iskrenochkkajizn,29,64205,0,0,0,0,0,0,0,0,0,0,0,0
islam_kuraev,9,12850,0,0,0,0,0,0,0,0,0,0,0,0
islndtv,15,44070,0,0,0,0,0,0,0,0,0,0,0,0
islohotuz_qarorlar,1,1870,0,0,0,0,0,0,0,0,0,0,0,0
ismagilovv,3,9940,0,0,0,0,0,0,0,0,0,0,0,0
ismayil_huseynov,11,28940,0,0,0,0,0,0,0,0,0,0,0,0
isna94,883,7305518,0,0,0,0,0,0,0,0,0,0,0,0
ispionline,42,203970,0,0,0,0,0,0,0,0,0,0,0,0
israel24info,5,1012,0,0,0,0,0,0,0,0,0,0,0,0
israel_9,36,709225,0,0,0,1,0,0,0,0,0,19500,0,0
israelinfo_co_il,70,134909,0,0,0,0,0,0,0,0,0,0,0,0
israelpoliceforce,28,200310,0,0,0,0,0,0,0,0,0,0,0,0
israelrealnews,13,14373,0,0,0,0,0,0,0,0,0,0,0,0
israeltoday,80,3731200,0,0,0,0,0,0,0,0,0,0,0,0
israeltodays,19,31946,1,0,0,0,0,0,2610,0,0,0,0,0
israeltzahal,5,956,0,0,0,0,0,0,0,0,0,0,0,0
israfilof,9,11174,1,0,0,0,0,0,374,0,0,0,0,0
issenova,34,50980,0,0,0,0,0,0,0,0,0,0,0,0
isshishkin,19,32039,2,0,0,0,0,0,2770,0,0,0,0,0
ist_nap,35,573430,4,0,0,0,1,0,79460,0,0,0,27200,0
istanbul_wolf,20,2197,0,0,0,0,0,0,0,0,0,0,0,0
istinovaa,23,330480,0,0,0,0,0,0,0,0,0,0,0,0
istochnikonline,11,5483,0,0,0,0,0,0,0,0,0,0,0,0
istocnabuducnost,44,34696,2,0,0,0,0,0,1913,0,0,0,0,0
istocni_front,203,732470,6,0,0,0,0,0,15316,0,0,0,0,0
istohnik,4,5560,0,0,0,0,0,0,0,0,0,0,0,0
istoki_slova,23,156140,1,0,0,0,0,0,7050,0,0,0,0,0
istomin_chef,35,270960,0,0,0,0,0,0,0,0,0,0,0,0
istominakarina,31,1631400,1,0,0,0,0,0,53100,0,0,0,0,0
istorii_kyky,49,112702,0,0,0,0,0,0,0,0,0,0,0,0
istorijaoruzijaZ,806,11525589,22,0,0,0,0,0,277280,0,0,0,0,0
istra360,17,44299,0,0,0,0,0,0,0,0,0,0,0,0
istra_gorod,34,61938,3,0,0,0,0,0,5030,0,0,0,0,0
istrebin,1,980,0,0,0,0,0,0,0,0,0,0,0,0
istrkalkglk,64,4669600,3,0,0,0,0,0,204700,0,0,0,0,0
it_oper,6,6064,0,0,0,0,0,0,0,0,0,0,0,0
itakblet,36,394420,1,0,0,0,0,0,7130,0,0,0,0,0
italia24hflash,50,5175,0,0,0,0,0,0,0,0,0,0,0,0
itdoesntmeanwhatyouthink,7,2890,0,0,0,0,0,0,0,0,0,0,0,0
iter_ad_ortus,17,23036,0,0,0,0,0,0,0,0,0,0,0,0
itiltg,53,960540,1,0,0,0,0,0,15500,0,0,0,0,0
itogdalie,10,3349,1,0,0,0,0,0,424,0,0,0,0,0
itpedia_blog,3,2354,0,0,0,0,0,0,0,0,0,0,0,0
itsaliiinna,6,19920,0,0,0,0,0,0,0,0,0,0,0,0
itsallmostmidnightbb,2,15,0,0,0,0,0,0,0,0,0,0,0,0
itsalwayssunnyinmoscow,2,169590,0,0,0,0,0,0,0,0,0,0,0,0
itsdonetsk,30514,2745878494,116,0,0,22,0,0,10361800,0,0,2217000,0,0
itseemstobe,10,6433,0,0,0,0,0,0,0,0,0,0,0,0
itsellieleen,12,46483,0,0,0,0,0,0,0,0,0,0,0,0
itsmashazoom,21,610890,0,0,0,0,0,0,0,0,0,0,0,0
itsmycity,14,42990,0,0,0,0,0,0,0,0,0,0,0,0
itspadonbass,14,32860,0,0,0,0,0,0,0,0,0,0,0,0
itsreallynot,20,381280,0,0,0,0,0,0,0,0,0,0,0,0
iunida,13,12206,0,0,0,0,0,0,0,0,0,0,0,0
ivan4pointru,20,33675,0,0,0,0,0,0,0,0,0,0,0,0
ivan_abramov_standup,34,523610,0,0,0,0,0,0,0,0,0,0,0,0
ivan_preobraz,36,178479,1,0,0,0,0,1,5230,0,0,0,0,5940
ivan_yakovina,57,799350,0,0,0,0,0,0,0,0,0,0,0,0
ivanchelayt,41,1070560,0,0,0,0,0,0,0,0,0,0,0,0
ivanfdavydov,23,97580,0,0,0,0,0,0,0,0,0,0,0,0
ivanhuracan,28,435360,1,0,0,0,0,0,19200,0,0,0,0,0
ivanna_balak,17,17472,0,0,0,0,0,0,0,0,0,0,0,0
ivanofrankivsknovosty,8,8252,0,0,0,0,0,0,0,0,0,0,0,0
ivanoise,106,986509,10,0,0,0,0,0,96360,0,0,0,0,0
ivanovnamd,10,17819,1,0,0,0,0,0,1080,0,0,0,0,0
ivanovo_oblast,13,48820,0,0,0,0,0,0,0,0,0,0,0,0
ivanovonewsBars,8,7398,0,0,0,0,0,0,0,0,0,0,0,0
ivanovoobl,14,39518,0,0,0,0,0,0,0,0,0,0,0,0
ivanpunch,2,7010,0,0,0,0,0,0,0,0,0,0,0,0
ivanshitpostin,2,1506,0,0,0,0,0,0,0,0,0,0,0,0
ivanzaichenko,10,119970,0,0,0,0,0,0,0,0,0,0,0,0
ivatsevichynews,34,59964,1,0,0,2,0,0,2100,0,0,4500,0,0
ivetti7,63,6763899,1,0,0,0,0,0,129000,0,0,0,0,0
ivleeva360,2156,90183100,23,0,0,0,0,0,1021560,0,0,0,0,0
ivnvo,18,6463,0,0,0,0,0,0,0,0,0,0,0,0
ivoryhecker,47,87968,0,0,0,0,0,0,0,0,0,0,0,0
ivoryinspo18,19,205361,0,0,0,0,0,0,0,0,0,0,0,0
ivyenews,1,16,0,0,0,0,0,0,0,0,0,0,0,0
iwantmorecoffee,1,113,0,0,0,0,0,0,0,0,0,0,0,0
izbirkomkuban,8,6086,0,0,0,0,0,0,0,0,0,0,0,0
izborsk,21,18186,0,0,0,0,0,0,0,0,0,0,0,0
izboskanpress,13,9468,0,0,0,0,0,0,0,0,0,0,0,0
izdebilov,2,8610,0,0,0,0,0,0,0,0,0,0,0,0
izhevsk_izh_life,13,4656,0,0,0,0,0,0,0,0,0,0,0,0
izhevsktop1,8,20980,0,0,0,0,0,0,0,0,0,0,0,0
izhsider,10,29106,0,0,0,0,0,0,0,0,0,0,0,0
izmailovo_onIine,14,81560,0,0,0,0,0,0,0,0,0,0,0,0
iznanka_dashenki,3,221,0,0,0,0,0,0,0,0,0,0,0,0
izobil126,11,13140,0,0,0,0,0,0,0,0,0,0,0,0
izolentalive,24,108070,0,0,0,0,0,0,0,0,0,0,0,0
izum_na_matzo,30,4936,0,0,0,0,0,0,0,0,0,0,0,0
izvestia,58,748100,2,0,0,0,0,0,30800,0,0,0,0,0
izvmor,5,528,0,0,0,0,0,0,0,0,0,0,0,0
j0kerru,10,7115,0,0,0,0,0,0,0,0,0,0,0,0
j_crush,3,291,0,0,0,0,0,0,0,0,0,0,0,0
jaaardotcom,5,302,0,0,0,0,0,0,0,0,0,0,0,0
jaanikaelife,7,9351,1,0,0,0,0,0,1440,0,0,0,0,0
jaarreaza,1,350,0,0,0,0,0,0,0,0,0,0,0,0
jackbelozerov,9,61430,0,0,0,0,0,0,0,0,0,0,0,0
jacquesanthony812,18,34960,0,0,0,0,0,0,0,0,0,0,0,0
jadugar_2,4,170,0,0,0,0,0,0,0,0,0,0,0,0
jagutop,1,0,0,0,0,0,0,0,0,0,0,0,0,0
jahan_24,20,1421,0,0,0,0,0,0,0,0,0,0,0,0
jahanbinnews1,22,361,0,0,0,0,0,0,0,0,0,0,0,0
jahatpress,204,19542,0,0,0,0,0,0,0,0,0,0,0,0
jairbolsonarobrasil,432,86626400,0,0,0,0,0,0,0,0,0,0,0,0
jajjining_kundaligi,6,1902,0,0,0,0,0,0,0,0,0,0,0,0
jalolmurad,8,20386,0,0,0,0,0,0,0,0,0,0,0,0
jamarannews,390,965683,0,0,0,0,0,0,0,0,0,0,0,0
jambarkzn,25,30973,0,0,0,0,0,0,0,0,0,0,0,0
jamesbanana001,7,21070,0,0,0,0,0,0,0,0,0,0,0,0
jamshik,8,252,2,0,0,0,0,0,58,0,0,0,0,0
janaga_one,26,8943,0,0,0,0,0,0,0,0,0,0,0,0
janbazanesabz,28,45054,0,0,0,0,0,0,0,0,0,0,0,0
jangsty,4,7930,1,0,0,0,0,0,1350,0,0,0,0,0
janjalnewskz,26,1947,0,0,0,0,0,0,0,0,0,0,0,0
jankoy,12,19838,0,0,0,0,0,0,0,0,0,0,0,0
jannalevinamart,29,540400,0,0,0,0,0,0,0,0,0,0,0,0
jannet0207,15,226724,0,0,0,0,0,0,0,0,0,0,0,0
janogarcia89,56,499360,0,0,0,0,0,0,0,0,0,0,0,0
jansampark_mp,20,28583,0,0,0,0,0,0,0,0,0,0,0,0
japan_today_news,9,11958,0,0,0,0,0,0,0,0,0,0,0,0
jarqurgon_yangiliklari,24,209830,0,0,0,0,0,0,0,0,0,0,0,0
java_interview_tasks,19,32960,1,0,0,0,0,0,2680,0,0,0,0,0
javan_news1,58,2156,0,0,0,0,0,0,0,0,0,0,0,0
javan_newss,5,4633,0,0,0,0,0,0,0,0,0,0,0,0
javanane_gorgan,14,6288,0,0,0,0,0,0,0,0,0,0,0,0
javanmardi77,7921,285739818,0,0,0,0,0,0,0,0,0,0,0,0
javharuz,29,55300,0,0,0,0,0,0,0,0,0,0,0,0
javierbertucci,8,10220,0,0,0,0,0,0,0,0,0,0,0,0
jazanir,4,2888,0,0,0,0,0,0,0,0,0,0,0,0
jedaal,30,202500,0,0,0,0,0,0,0,0,0,0,0,0
jeensoff,41,1715106,0,0,0,0,0,0,0,0,0,0,0,0
jekakasatkin,43,1474230,0,0,0,0,0,0,0,0,0,0,0,0
jekichoid,22,21394,0,0,0,0,0,0,0,0,0,0,0,0
jekie_dugn_gr,1,2940,0,0,0,0,0,0,0,0,0,0,0,0
jeksofia,6,41220,0,0,0,0,0,0,0,0,0,0,0,0
jeleznyak_official,5,3266,0,0,0,0,0,0,0,0,0,0,0,0
jenencamb,920,12006031,0,0,0,0,0,0,0,0,0,0,0,0
jennieitupacarsaya,47,132620,0,0,0,0,0,0,0,0,0,0,0,0
jenya_fermer,23,106999,0,0,0,0,0,0,0,0,0,0,0,0
jenya_zub_live_news,43,1009980,0,0,0,0,0,0,0,0,0,0,0,0
jenyasha1,13,47320,0,0,0,0,0,0,0,0,0,0,0,0
jermes,1,430,0,0,0,0,0,0,0,0,0,0,0,0
jerryheil,31,152000,0,0,0,0,0,0,0,0,0,0,0,0
jesusavgntwitch,76,6860700,0,0,0,0,0,0,0,0,0,0,0,0
jetvillainz,1,1500,0,0,0,0,0,0,0,0,0,0,0,0
jetztgemeinsamstark,78,1129690,0,0,0,0,0,0,0,0,0,0,0,0
jexenews,20,31356,1,0,0,0,0,0,879,0,0,0,0,0
jike_collection,81,286311,0,0,0,0,0,0,0,0,0,0,0,0
jikook_x,17,36370,1,0,0,0,0,0,3670,0,0,0,0,0
jilrock1,9,9437,0,0,0,0,0,0,0,0,0,0,0,0
jingdon,48,506,0,0,0,0,0,0,0,0,0,0,0,0
jirandeh,26,147050,0,0,0,0,0,0,0,0,0,0,0,0
jirojable,10,3743,0,0,0,0,0,0,0,0,0,0,0,0
jismirnova,31,406667,0,0,0,0,0,0,0,0,0,0,0,0
jivaiagazeta,2,1201,0,0,0,0,0,0,0,0,0,0,0,0
jizzax_yangiliklari,6,397,0,0,0,0,0,0,0,0,0,0,0,0
jizzaxviloyatihokimligi,15,80720,0,0,0,0,0,0,0,0,0,0,0,0
jj_holidays,18,21575,3,0,0,0,0,0,2867,0,0,0,0,0
jkRojdestvenskiy,12,24150,0,0,0,0,0,0,0,0,0,0,0,0
jkuartive,22,15561,0,0,0,0,0,0,0,0,0,0,0,0
jliferu,11,8486,0,0,0,0,0,0,0,0,0,0,0,0
jmedvedevaj_official,91,2708780,1,0,0,0,0,0,32900,0,0,0,0,0
jndfxck,10,184,0,0,0,0,0,0,0,0,0,0,0,0
jobs_in_ethiopia1,45,9245,0,0,0,0,0,0,0,0,0,0,0,0
john_tomsky_official,38,55711,3,0,0,0,0,0,3321,0,0,0,0,0
johncallianotv,30,374670,0,0,0,0,0,0,0,0,0,0,0,0
join_hider,1,11500,0,0,0,0,0,0,0,0,0,0,0,0
jojohf,89,1408980,2,0,0,0,0,0,17860,0,0,0,0,0
joker_kremen,13,38370,0,0,0,0,0,0,0,0,0,0,0,0
joker_yuzhny,1,685,0,0,0,0,0,0,0,0,0,0,0,0
jokerjames,12,18530,0,0,0,0,0,0,0,0,0,0,0,0
jokernejad,29,316440,0,0,0,0,0,0,0,0,0,0,0,0
joldasova_shaxnoza,1,18,0,0,0,0,0,0,0,0,0,0,0,0
jolybells,415,102130620,9,0,0,1,0,0,2386200,0,0,289000,0,0
jomboytongi,1,321,0,0,0,0,0,0,0,0,0,0,0,0
jooshin,5,8610,0,0,0,0,0,0,0,0,0,0,0,0
joqargikenes,14,149630,0,0,0,0,0,0,0,0,0,0,0,0
jordansather,48,691690,0,0,0,0,0,0,0,0,0,0,0,0
jorgemoruno,12,8733,0,0,0,0,0,0,0,0,0,0,0,0
joskayatelega,45,1769786,0,0,0,0,0,0,0,0,0,0,0,0
jourfaculty,19,24533,0,0,0,0,0,0,0,0,0,0,0,0
journalbd,25,33641,2,0,1,0,0,0,2830,0,944,0,0,0
journalist_live,10,1076,2,0,0,0,0,0,320,0,0,0,0,0
jouwatch,20,11071,0,0,0,0,0,0,0,0,0,0,0,0
joyikelganda,14,58310,0,0,0,0,0,0,0,0,0,0,0,0
ju_letta_team,7,19770,0,0,0,0,0,0,0,0,0,0,0,0
jualbeliacctiktokmalaysia,32,14258,0,0,0,0,0,0,0,0,0,0,0,0
juchkovsky,29,126493,0,0,0,0,0,0,0,0,0,0,0,0
judgenovikov,2,1250,0,0,0,0,0,0,0,0,0,0,0,0
judische_Frau,2,763,0,0,0,0,0,0,0,0,0,0,0,0
juju_the_mystic1111,23,12899,0,0,0,0,0,0,0,0,0,0,0,0
jukov_online,16,13411,0,0,0,0,0,0,0,0,0,0,0,0
julia_chicherina,62,977820,0,0,0,0,0,0,0,0,0,0,0,0
julia_fir,6,8864,0,0,0,0,0,0,0,0,0,0,0,0
julia_rodochinskaya,16,20027,0,0,0,0,0,0,0,0,0,0,0,0
juliakupetskaya,2,380,1,0,0,0,0,0,93,0,0,0,0,0
juliaosipovaselfie,17,2744,0,0,0,0,0,0,0,0,0,0,0,0
juliapolza,7,50730,0,0,0,0,0,0,0,0,0,0,0,0
juliarussianspirit,4,1913,0,0,0,0,0,0,0,0,0,0,0,0
juliasoldatova1,7,27500,0,0,0,0,0,0,0,0,0,0,0,0
julicosmo,8,19740,0,0,0,0,0,0,0,0,0,0,0,0
juliki_belarus_new,2,0,0,0,0,0,0,0,0,0,0,0,0,0
julirazina,43,3820225,0,0,0,0,0,0,0,0,0,0,0,0
juliusspeak,187,5129200,0,0,0,0,0,0,0,0,0,0,0,0
jullboom1,11,6964,0,0,0,0,0,0,0,0,0,0,0,0
jullovaa,26,398410,0,0,0,0,0,0,0,0,0,0,0,0
julmetova,58,4746100,0,0,0,0,0,0,0,0,0,0,0,0
julya_alzhukova,8,280,0,0,0,0,0,0,0,0,0,0,0,0
julya_puh,11,22210,0,0,0,0,0,0,0,0,0,0,0,0
jumoreski_diary,2,3300,0,0,0,0,0,0,0,0,0,0,0,0
jump_cut,21,131280,2,0,0,0,0,0,16850,0,0,0,0,0
jung_masha,4,3028,0,0,0,0,0,0,0,0,0,0,0,0
junior_python,2,0,0,0,0,0,0,0,0,0,0,0,0,0
juntax,15,9224,0,0,0,0,0,0,0,0,0,0,0,0
junyuo,34,33946,0,0,0,0,0,0,0,0,0,0,0,0
juralde,2,1033,0,0,0,0,0,0,0,0,0,0,0,0
juravleva_romanovna,1,2300,0,0,0,0,0,0,0,0,0,0,0,0
jurnalistikauzbek,2,3200,0,0,0,0,0,0,0,0,0,0,0,0
jurnko,45,767420,5,0,0,0,0,0,96400,0,0,0,0,0
jusoorstudies,11,6373,0,0,0,0,0,0,0,0,0,0,0,0
just_kharkov,10,9619,0,0,0,0,0,0,0,0,0,0,0,0
justdoeat,4,5771,0,0,0,0,0,0,0,0,0,0,0,0
justfNew,3,1093,0,0,0,0,0,0,0,0,0,0,0,0
justlsmail,7,36350,0,0,0,0,0,0,0,0,0,0,0,0
justmediaru,21,4150,0,0,0,0,0,0,0,0,0,0,0,0
justnow_nv,1,85,0,0,0,0,0,0,0,0,0,0,0,0
k66kmin,1,1300,0,0,0,0,0,0,0,0,0,0,0,0
k8442,17,43870,0,0,0,0,0,0,0,0,0,0,0,0
k_gecati,8,193900,0,0,0,0,0,0,0,0,0,0,0,0
k_gubareva,35,86072,1,0,0,0,0,0,2190,0,0,0,0,0
k_kotrikadze,30,261853,1,0,0,0,0,0,42600,0,0,0,0,0
k_pravda,48,416983,0,0,0,0,0,0,0,0,0,0,0,0
kaagranovich,37,368000,1,0,0,0,0,0,6470,0,0,0,0,0
kabachok_tertishnogo,2,4650,0,0,0,0,0,0,0,0,0,0,0,0
kaban_cripto,1,0,0,0,0,0,0,0,0,0,0,0,0,0
kabanovkv,19,206830,0,0,0,0,0,0,0,0,0,0,0,0
kabardinobalkaria_tgnews,51,650660,0,0,0,0,0,0,0,0,0,0,0,0
kachuratut,19,321804,0,0,0,0,0,0,0,0,0,0,0,0
kadabrus,14,42620,0,0,0,0,0,0,0,0,0,0,0,0
kadastr_uzb,21,7836,0,0,0,0,0,0,0,0,0,0,0,0
kadavrcontent,3,3853,0,0,0,0,0,0,0,0,0,0,0,0
kadinew,14,84390,0,0,0,0,0,0,0,0,0,0,0,0
kadrovikjulia,29,62053,0,0,0,0,0,0,0,0,0,0,0,0
kadyrovaonline,1,741,0,0,0,0,0,0,0,0,0,0,0,0
kafshhaye_aahani,5,3763,0,0,0,0,0,0,0,0,0,0,0,0
kaibicy,1,40,0,0,0,0,0,0,0,0,0,0,0,0
kaibrenner,35,574760,0,0,0,0,0,0,0,0,0,0,0,0
kaifsurfing,9,9328,0,0,0,0,0,0,0,0,0,0,0,0
kak_na_samom_to_dele,32,321790,2,0,0,0,0,0,28800,0,0,0,0,0
kakieknigi,11,15307,0,0,0,0,0,0,0,0,0,0,0,0
kakovo_otar,38,205909,0,0,0,0,0,0,0,0,0,0,0,0
kaktus_bol,34,19672,0,0,0,0,0,0,0,0,0,0,0,0
kaktus_kalb,5,12850,0,0,0,0,0,0,0,0,0,0,0,0
kaktus_media,2,80,0,0,0,0,0,0,0,0,0,0,0,0
kaktus_mediakg,49,639359,1,0,0,0,0,0,13300,0,0,0,0,0
kaktuskg,2,369,0,0,0,0,0,0,0,0,0,0,0,0
kakzarabotatvinternetax,3,834,0,0,0,0,0,0,0,0,0,0,0,0
kalachevpost,15,124346,0,0,0,0,0,0,0,0,0,0,0,0
kalalehp,11,2938,0,0,0,0,0,0,0,0,0,0,0,0
kalaleir,35,20498,0,0,0,0,0,0,0,0,0,0,0,0
kalantiernaia_anna,31,14942,0,0,0,0,0,0,0,0,0,0,0,0
kalatay7,1,842,0,0,0,0,0,0,0,0,0,0,0,0
kaliningrad_novosty,60,71614,0,0,0,0,0,0,0,0,0,0,0,0
kaliningrad_online,9,2298,0,0,0,0,0,0,0,0,0,0,0,0
kaliningrad_tut,10,26634,0,0,0,0,0,0,0,0,0,0,0,0
kaliningradru,15,32587,0,0,0,0,0,0,0,0,0,0,0,0
kaliningradtop,4,8510,0,0,0,0,0,0,0,0,0,0,0,0
kalitki,9,15480,1,0,0,0,0,0,1010,0,0,0,0,0
kaliyevchannel,50,191525,2,0,0,0,0,0,6050,0,0,0,0,0
kalmnovosti,12,2644,0,0,0,0,0,0,0,0,0,0,0,0
kalmykia_08_rk,8,815,0,0,0,0,0,0,0,0,0,0,0,0
kalmykia_tgnews,52,703160,2,0,0,0,0,0,14450,0,0,0,0,0
kalmykiya_news,10,13727,0,0,0,0,0,0,0,0,0,0,0,0
kaluganews,74,123915,1,0,0,0,0,0,2200,0,0,0,0,0
kalugatoday40,1,179,0,0,0,0,0,0,0,0,0,0,0,0
kaluginboy,20,170190,0,0,0,0,0,0,0,0,0,0,0,0
kalushform,16,155880,0,0,0,0,0,0,0,0,0,0,0,0
kaluzhskaya,29,74480,2,0,0,0,0,0,4810,0,0,0,0,0
kama_volga,1,7,0,0,0,0,0,0,0,0,0,0,0,0
kambulat111,31,91448,0,0,0,0,0,0,0,0,0,0,0,0
kamchatinfo,32,44972,1,0,0,0,0,0,1900,0,0,0,0,0
kamchatka01,193,2087537,1,0,0,0,0,0,11000,0,0,0,0,0
kamchatka_news,140,748522,1,0,0,0,0,0,44,0,0,0,0,0
kamchatkalife2022,4,3649,0,0,0,0,0,0,0,0,0,0,0,0
kamchatkasvoiZ,4,869,0,0,0,0,0,0,0,0,0,0,0,0
kamchatskymacho,20,137360,0,0,0,0,0,0,0,0,0,0,0,0
kamennews,12,7888,0,0,0,0,0,0,0,0,0,0,0,0
kamensk_61,3,4980,0,0,0,0,0,0,0,0,0,0,0,0
kamensk_online,17,22593,0,0,0,0,0,0,0,0,0,0,0,0
kamianets_online,37,48055,0,0,0,0,0,0,0,0,0,0,0,0
kamianetsplus,46,704930,2,0,0,0,0,0,38000,0,0,0,0,0
kamiangrad,1,562,0,0,0,0,0,0,0,0,0,0,0,0
kamil_galeev,54,973619,3,0,0,0,1,0,62100,0,0,0,19100,0
kamil_kikido10,18,133350,0,0,0,0,0,0,0,0,0,0,0,0
kamilavalieva26official,72,7747530,2,0,0,0,0,0,150000,0,0,0,0,0
kamimeee,1,4300,0,0,0,0,0,0,0,0,0,0,0,0
kaminjournal,14,344,0,0,0,0,0,0,0,0,0,0,0,0
kamkrab,20,12841,0,0,0,0,0,0,0,0,0,0,0,0
kamreporter,380,2971896,2,0,0,0,0,0,9820,0,0,0,0,0
kamsindrom,22,12080,1,0,0,0,0,0,1230,0,0,0,0,0
kamyanskoe,16,10657,0,0,0,0,0,0,0,0,0,0,0,0
kanaknewsofficial,20,82329,0,0,0,0,0,0,0,0,0,0,0,0
kanal12omsk,19,79480,1,0,0,0,0,0,4440,0,0,0,0,0
kanalnekiy,355,17420709,1,0,0,0,0,0,62200,0,0,0,0,0
kanalrespublika,10,477,0,0,0,0,0,0,0,0,0,0,0,0
kanapepasan,5,7600,0,0,0,0,0,0,0,0,0,0,0,0
kanarab,24,22794,0,0,0,0,0,0,0,0,0,0,0,0
kaneof,5,6854,0,0,0,0,0,0,0,0,0,0,0,0
kanevskaya_com,19,4325,2,0,0,0,0,0,367,0,0,0,0,0
kanevskayaofficial,1,1880,0,0,0,0,0,0,0,0,0,0,0,0
kann_news,19,2995,0,0,0,0,0,0,0,0,0,0,0,0
kanobu_ru,8,2313,0,0,0,0,0,0,0,0,0,0,0,0
kanoonajakaraj,6,10855,0,0,0,0,0,0,0,0,0,0,0,0
kanskirazpizdai,18,30030,0,0,0,0,0,0,0,0,0,0,0,0
kansklife,45,439321,0,0,0,0,0,0,0,0,0,0,0,0
kantsy,2,1468,0,0,0,0,0,0,0,0,0,0,0,0
kanzlerdaddy,108,1708169,3,0,0,0,0,0,43230,0,0,0,0,0
kanzori,1,124,0,0,0,0,0,0,0,0,0,0,0,0
kaosenlared,27,8341,0,0,0,0,0,0,0,0,0,0,0,0
kaostap,20,80410,0,0,0,0,0,0,0,0,0,0,0,0
kapeshkaa,8,8242,0,0,0,0,0,0,0,0,0,0,0,0
kaplanopis,22,73380,0,0,0,0,0,0,0,0,0,0,0,0
kapterkarus,17,59638,0,0,0,0,0,0,0,0,0,0,0,0
karabakhskie_armyane,14,83810,0,0,0,0,0,0,0,0,0,0,0,0
karachaycherkessia_tgnews,49,633930,0,0,0,0,0,0,0,0,0,0,0,0
karafsiha,12,4418,0,0,0,0,0,0,0,0,0,0,0,0
karagyan,15,52750,0,0,0,0,0,0,0,0,0,0,0,0
karamova_fm,72,486140,0,0,0,0,0,0,0,0,0,0,0,0
karantindneprr,6,10563,0,0,0,0,0,0,0,0,0,0,0,0
karaoolduma,11,5876,1,0,0,0,0,0,408,0,0,0,0,0
karastalks,9,4469,0,0,0,0,0,0,0,0,0,0,0,0
karaulny,7301,50574188,143,1,0,20,7,0,955890,7560,0,136160,52300,0
karaulnytula,12,153,1,0,0,0,0,0,28,0,0,0,0,0
karaulov_pravda,51,2191240,1,0,0,0,1,0,56200,0,0,0,45000,0
karaulovnews,27,31957,0,0,0,0,0,0,0,0,0,0,0,0
karaulpodcast,2,1081,0,0,0,0,0,0,0,0,0,0,0,0
karavaevkirill,9,55980,0,0,0,0,0,0,0,0,0,0,0,0
karavanahuitelnyhistoriy,38,1139140,0,0,0,0,0,0,0,0,0,0,0,0
karaylystal,2,8110,0,0,0,0,0,0,0,0,0,0,0,0
karazin_university,11,27364,0,0,0,0,0,0,0,0,0,0,0,0
kareldep,14,14688,0,0,0,0,0,0,0,0,0,0,0,0
karelia_online,11,851,0,0,0,0,0,0,0,0,0,0,0,0
karelia_tgnews,53,678630,0,0,0,0,0,0,0,0,0,0,0,0
karelskajabarabulka,3,5067,0,0,0,0,0,0,0,0,0,0,0,0
kareyanews,14,8382,0,0,0,0,0,0,0,0,0,0,0,0
karga4,176,480918,1,0,0,0,2,0,2800,0,0,0,5700,0
karganag,17,201870,0,0,0,0,0,0,0,0,0,0,0,0
kargokult,32,235350,1,0,0,0,0,0,5900,0,0,0,0,0
kari_zhuu,5,18590,0,0,0,0,0,0,0,0,0,0,0,0
karimovuz,21,140469,0,0,0,0,0,0,0,0,0,0,0,0
karimyla,14,9664,0,0,0,0,0,0,0,0,0,0,0,0
karinaVIP,101,7226400,0,0,0,0,0,0,0,0,0,0,0,0
karina_markarian,20,299930,1,0,0,0,0,0,18100,0,0,0,0,0
karinaaa2828,17,120199,0,0,0,0,0,0,0,0,0,0,0,0
karinformuz,4,1250,0,0,0,0,0,0,0,0,0,0,0,0
karki43,5,10390,0,0,0,0,0,0,0,0,0,0,0,0
karmana_tumani_axborot_xizmati,24,25543,0,0,0,0,0,0,0,0,0,0,0,0
karmanov_media,15,22630,0,0,0,0,0,0,0,0,0,0,0,0
karnava1l,97,21756600,0,0,0,0,0,0,0,0,0,0,0,0
karnavalvalya2,2,15310,0,0,0,0,0,0,0,0,0,0,0,0
karocheeto,5,3872,0,0,0,0,0,0,0,0,0,0,0,0
karolina_kanon,16,321260,0,0,0,0,0,0,0,0,0,0,0,0
karolishaS8,7,136300,0,0,0,0,0,0,0,0,0,0,0,0
karpatsich,1,10900,0,0,0,0,0,0,0,0,0,0,0,0
karpatska_sich,22,26192,0,0,0,0,0,0,0,0,0,0,0,0
karpinsk,24,36329,1,0,0,0,0,0,2200,0,0,0,0,0
karpova_viktoria,15,3159,1,0,0,0,0,0,240,0,0,0,0,0
karrambamby,76,7868100,0,0,0,0,0,0,0,0,0,0,0,0
kartelega,19,143996,1,0,0,0,0,0,7200,0,0,0,0,0
kartochniydomik,17,144060,0,0,0,0,0,0,0,0,0,0,0,0
karyaoks,7,12,0,0,0,0,0,0,0,0,0,0,0,0
kase_gasanov,4,12940,0,0,0,0,0,0,0,0,0,0,0,0
kashanonlinechannel,1,800,0,0,0,0,0,0,0,0,0,0,0,0
kashindaily,1,17600,0,0,0,0,0,0,0,0,0,0,0,0
kashinguru,174,2710653,2,0,0,0,0,0,13040,0,0,0,0,0
kashowra,45,67464,0,0,0,0,0,0,0,0,0,0,0,0
kashuvd,33,44462,0,0,0,0,0,0,0,0,0,0,0,0
kasimova_viktoria,7,77,0,0,0,0,0,0,0,0,0,0,0,0
kasjanovcom,30,128690,5,0,0,1,0,0,24850,0,0,3460,0,0
kasparovru,20,25690,0,0,0,0,0,0,0,0,0,0,0,0
kaspiyskyberet,14,4721,0,0,0,0,0,0,0,0,0,0,0,0
kastanedamsk,18,84580,0,0,0,0,0,0,0,0,0,0,0,0
kastyukevich_live,5,726,0,0,0,0,0,0,0,0,0,0,0,0
kasyanenko_anna,7,1166,0,0,0,0,0,0,0,0,0,0,0,0
kata1a_live,12,6732,0,0,0,0,0,0,0,0,0,0,0,0
katabasia,15,35960,0,0,0,0,0,0,0,0,0,0,0,0
katakatauntukmu,20,1350,0,0,0,0,0,0,0,0,0,0,0,0
kate_blanche,851,60821683,16,0,0,0,2,0,1474780,0,0,0,131400,0
kate_pozova,29,629870,1,0,0,0,0,0,14600,0,0,0,0,0
kate_twinsrussian,17,51888,1,0,0,0,0,0,468,0,0,0,0,0
katebutkodaily,1,973,0,0,0,0,0,0,0,0,0,0,0,0
kateneibb,9,146900,0,0,0,0,0,0,0,0,0,0,0,0
katenka_ts,4,11330,0,0,0,0,0,0,0,0,0,0,0,0
katerimodel,10,5756,0,0,0,0,0,0,0,0,0,0,0,0
katerina_tarantino,16,46520,0,0,0,0,0,0,0,0,0,0,0,0
katerinarodimova,5,35280,0,0,0,0,0,0,0,0,0,0,0,0
katerockstyle,5,14660,0,0,0,0,0,0,0,0,0,0,0,0
katevoynova,1,1200,1,0,0,0,0,0,1200,0,0,0,0,0
katiamargolisvenezia,5,18420,1,0,0,0,0,0,2270,0,0,0,0,0
katibatbalata,25,81030,0,0,0,0,0,0,0,0,0,0,0,0
katienotes,5,15654,0,0,0,0,0,0,0,0,0,0,0,0
katorga_sci,26,110239,1,0,0,0,0,0,4470,0,0,0,0,0
katrinka_family,4,3090,0,0,0,0,0,0,0,0,0,0,0,0
kattyberrymom,45,2753400,1,0,0,0,0,0,63400,0,0,0,0,0
katukssaaa,8,115990,0,0,0,0,0,0,0,0,0,0,0,0
katun24new,431,2982826,4,0,0,0,0,0,32670,0,0,0,0,0
katyCHAPAYKAAA,15,160840,0,0,0,0,0,0,0,0,0,0,0,0
katyaRozhdTV,16,56354,0,0,0,0,0,0,0,0,0,0,0,0
katya_farm,60,738930,3,0,0,0,0,0,34160,0,0,0,0,0
katya_maleev,5,9340,0,0,0,0,0,0,0,0,0,0,0,0
katya_valya_dnr,40,150921,0,0,0,0,0,0,0,0,0,0,0,0
katya_young,26,69760,1,0,0,0,0,0,3070,0,0,0,0,0
katyabuslovalife,3,376,0,0,0,0,0,0,0,0,0,0,0,0
katyadolgorukova,9,20592,0,0,0,0,0,0,0,0,0,0,0,0
katyagorod7,3,37200,0,0,0,0,0,0,0,0,0,0,0,0
katyaillustrator,10,4460,0,0,0,0,0,0,0,0,0,0,0,0
katyarazreshila,2,642,0,0,0,0,0,0,0,0,0,0,0,0
katyashkuro,29,1655490,1,0,0,0,0,0,56600,0,0,0,0,0
katylifevlogs,22,666000,0,0,0,0,0,0,0,0,0,0,0,0
katyuhis,17,34638,0,0,0,0,0,0,0,0,0,0,0,0
katyusha_russian,8,40866,0,0,0,0,0,0,0,0,0,0,0,0
kaufmanmk,20,310240,0,0,0,0,0,0,0,0,0,0,0,0
kavilo4ka,6,21650,0,0,0,0,0,0,0,0,0,0,0,0
kavkaz_leakbez,29,191270,1,0,0,0,0,0,7930,0,0,0,0,0
kavkaz_nowosti,20,7467,0,0,0,0,0,0,0,0,0,0,0,0
kavkaz_tgnews,54,678680,0,0,0,0,0,0,0,0,0,0,0,0
kavkaz_uzor,20,17268,0,0,0,0,0,0,0,0,0,0,0,0
kavkazgolos,20,5144,0,0,0,0,0,0,0,0,0,0,0,0
kavkazrealii,20,21086,0,0,0,0,0,0,0,0,0,0,0,0
kavkazskij_dozornii,17,13410,0,0,0,0,0,0,0,0,0,0,0,0
kavkazskij_rubezh,35,169080,0,0,0,0,0,0,0,0,0,0,0,0
kavtoday,20,34591,0,0,0,0,0,0,0,0,0,0,0,0
kavuncity,21,27455,0,0,0,0,0,0,0,0,0,0,0,0
kazachiydozor,1,1700,0,0,0,0,0,0,0,0,0,0,0,0
kazakh_inform,43,201459,2,0,0,0,0,0,7115,0,0,0,0,0
kazaki_home_family,38,459820,0,0,0,0,0,0,0,0,0,0,0,0
kazakof,29,155590,0,0,0,0,0,0,0,0,0,0,0,0
kazakovi_life,15,45892,0,0,0,0,0,0,0,0,0,0,0,0
kazan,78,4344840,0,0,0,0,0,0,0,0,0,0,0,0
kazan_da,9,42020,0,0,0,0,0,0,0,0,0,0,0,0
kazan_interesnaya,11,16141,0,0,0,0,0,0,0,0,0,0,0,0
kazan_only,11,26243,0,0,0,0,0,0,0,0,0,0,0,0
kazan_ru,2,9600,0,0,0,0,0,0,0,0,0,0,0,0
kazan_tatarstan_vesti,38,114472,1,0,0,0,0,0,3280,0,0,0,0,0
kazanalization,2,1218,0,0,0,0,0,0,0,0,0,0,0,0
kazanchp16,54,87699,0,0,0,1,0,0,0,0,0,789,0,0
kazanfirst,9,3424,1,0,0,0,0,0,564,0,0,0,0,0
kazansky2017,61,3537320,0,0,1,0,0,0,0,0,71200,0,0,0
kazantop1,70,719772,0,0,0,0,0,0,0,0,0,0,0,0
kazanzdes,18,28851,0,0,0,0,0,0,0,0,0,0,0,0
kazchuvash,11,44620,0,0,0,0,0,0,0,0,0,0,0,0
kazinform_news,21,10303,0,0,0,0,0,0,0,0,0,0,0,0
kaznurkz,22,7443,0,0,0,0,0,0,0,0,0,0,0,0
kaztag_tg,82,524170,0,0,0,0,0,0,0,0,0,0,0,0
kbelchik,41,935550,0,0,0,0,0,0,0,0,0,0,0,0
kbgram,8,25095,0,0,0,0,0,0,0,0,0,0,0,0
kbrvdvkr,49,824611,0,0,0,0,0,0,0,0,0,0,0,0
kbztainews,1,5,0,0,0,0,0,0,0,0,0,0,0,0
kchr_inform09,11,28000,0,0,0,0,0,0,0,0,0,0,0,0
kdpiter,846,20487789,6,0,0,0,0,0,114720,0,0,0,0,0
kdsandrew,1,1200,0,0,0,0,0,0,0,0,0,0,0,0
kedmi,1639,19271810,63,0,1,11,6,0,689430,0,17800,138570,65020,0
kedubesrusia,11,4058,0,0,0,0,0,0,0,0,0,0,0,0
keepcalmandcomingout,3,10850,0,0,0,0,0,0,0,0,0,0,0,0
keepitstreet,35,603540,0,0,0,0,0,0,0,0,0,0,0,0
keepkurs1,48,339810,8,0,0,0,1,0,62630,0,0,0,8210,0
keitachan,11,54890,1,0,0,0,0,0,5390,0,0,0,0,0
keith_woods,41,678080,0,0,0,0,0,0,0,0,0,0,0,0
kejiqu,33,68904,0,0,0,0,0,0,0,0,0,0,0,0
keksinbar,4,388,0,0,0,0,0,0,0,0,0,0,0,0
kellerfm,58,709530,0,0,0,0,0,0,0,0,0,0,0,0
kem42live,1,78,0,0,0,0,0,0,0,0,0,0,0,0
kemerovo001,147,501382,0,0,0,0,0,0,0,0,0,0,0,0
kemerovo_142,27,23616,0,0,0,0,0,0,0,0,0,0,0,0
kemertop,183,1430754,1,0,0,0,0,0,7560,0,0,0,0,0
kemprokuratura,3,378,0,0,0,0,0,0,0,0,0,0,0,0
kenig01,15,37550,0,0,0,0,0,0,0,0,0,0,0,0
kenyainsight,50,106140,0,0,0,0,0,0,0,0,0,0,0,0
kenyan_news_panel,20,34301,0,0,0,0,0,0,0,0,0,0,0,0
kerch_news,12,17313,0,0,0,0,0,0,0,0,0,0,0,0
kerch_sluh,40,446200,0,0,0,0,0,0,0,0,0,0,0,0
kerjakiniofficial,48,10139,0,0,0,0,0,0,0,0,0,0,0,0
kermane_no,40,25111,0,0,0,0,0,0,0,0,0,0,0,0
kermanshah_iribnews,11,2119,0,0,0,0,0,0,0,0,0,0,0,0
kermanshahmet,12,36115,0,0,0,0,0,0,0,0,0,0,0,0
keshnews,17,26641,0,0,0,0,0,0,0,0,0,0,0,0
kettuz,23,10217,0,0,0,0,0,0,0,0,0,0,0,0
keyeren,1,5620,0,0,0,0,0,0,0,0,0,0,0,0
kfm936,24,23048,0,0,0,0,0,0,0,0,0,0,0,0
kgdmfrk,12,5211,0,0,0,0,0,0,0,0,0,0,0,0
kgh_moscow,8,57765,0,0,0,0,0,0,0,0,0,0,0,0
kgtimes,2,848,0,0,0,0,0,0,0,0,0,0,0,0
kgua_news,22,18436,0,0,0,0,0,0,0,0,0,0,0,0
kh_enghelab,1,0,0,0,0,0,0,0,0,0,0,0,0,0
khabar1khatti1400,260,2219363,0,0,0,0,0,0,0,0,0,0,0,0
khabarforikerman,1,310,0,0,0,0,0,0,0,0,0,0,0,0
khabarfouriani,20,305,0,0,0,0,0,0,0,0,0,0,0,0
khabargar,20,778,0,0,0,0,0,0,0,0,0,0,0,0
khabargram2018,3,15,0,0,0,0,0,0,0,0,0,0,0,0
khabarhaye_farhangian,47,38090,0,0,0,0,0,0,0,0,0,0,0,0
khabari_rasmi,3267,35224628,0,0,0,0,0,0,0,0,0,0,0,0
khabarikhush,31,4867,1,0,0,0,0,0,7,0,0,0,0,0
khabarovskie,28,2737,0,0,0,0,0,0,0,0,0,0,0,0
khabarrasmi_babolsar,2,1680,0,0,0,0,0,0,0,0,0,0,0,0
khabpolitcentr,8,93,0,0,0,0,0,0,0,0,0,0,0,0
khafizovy,28,197359,0,0,0,0,0,0,0,0,0,0,0,0
khakasia_v_kurse,1,1800,0,0,0,0,0,0,0,0,0,0,0,0
khakasiaglavnoe,16,6959,1,0,0,0,0,0,277,0,0,0,0,0
khakassia_tgnews,54,724290,0,0,0,0,0,0,0,0,0,0,0,0
khamsin_season,33,96893,1,0,0,0,0,0,6450,0,0,0,0,0
khanehkheshtinews,17,1046,0,0,0,0,0,0,0,0,0,0,0,0
khansarnews1,20,61480,0,0,0,0,0,0,0,0,0,0,0,0
kharchevnikov,112,3693870,0,0,0,0,0,0,0,0,0,0,0,0
kharkiv_127_brigada_tro,18,21131,1,0,0,0,0,0,565,0,0,0,0,0
kharkiv_1654,5622,341885273,37,0,4,28,2,0,2272800,0,245000,1751900,146300,0
kharkiv_24_7,9,10976,0,0,0,0,0,0,0,0,0,0,0,0
kharkiv_event,30,74578,0,0,0,1,0,0,0,0,0,15600,0,0
kharkiv_tut,48,94509,2,0,0,0,0,0,3240,0,0,0,0,0
kharkivlife,16970,3026183251,5,0,1,16,0,0,953000,0,204000,2989000,0,0
kharkivnovyny,16,3116,0,0,0,0,0,0,0,0,0,0,0,0
kharkivoda,23,23589,0,0,0,0,0,0,0,0,0,0,0,0
kharkivts,21,66470,0,0,0,0,0,0,0,0,0,0,0,0
kharkov057ua,15,6013,0,0,0,0,0,0,0,0,0,0,0,0
kharkov_narodnuy,20,29349,0,0,0,0,0,0,0,0,0,0,0,0
kharkov_now,36,350789,0,0,0,0,0,0,0,0,0,0,0,0
kharkovchanee,1,294,0,0,0,0,0,0,0,0,0,0,0,0
kharkovtishki,6,16260,0,0,0,0,0,0,0,0,0,0,0,0
kharmagaas,20,43919,0,0,0,0,0,0,0,0,0,0,0,0
khartsyz,3,2572,0,0,0,0,0,0,0,0,0,0,0,0
khasavyurt_sluh,50,448310,0,0,0,0,0,0,0,0,0,0,0,0
khasavyurt_sobitie,49,607800,0,0,0,0,0,0,0,0,0,0,0,0
khashchenko,41,78493,1,0,0,0,0,0,2490,0,0,0,0,0
khavsssn,10,115,0,0,0,0,0,0,0,0,0,0,0,0
khayalpressa313,23,186950,0,0,0,0,0,0,0,0,0,0,0,0
khazinml,1002,96352878,8,0,0,1,0,0,906700,0,0,109700,0,0
khbare_resan,23,2591,0,0,0,0,0,0,0,0,0,0,0,0
khedmatesadeqane,1,92,0,0,0,0,0,0,0,0,0,0,0,0
khempire,8,253,0,0,0,0,0,0,0,0,0,0,0,0
kherson_live,6,728,0,0,0,0,0,0,0,0,0,0,0,0
kherson_mohair,30,93620,0,0,0,0,0,0,0,0,0,0,0,0
kherson_non_fake,12,481300,1,0,0,0,0,0,49900,0,0,0,0,0
kherson_novostim,225,5352,4,0,0,0,0,0,68,0,0,0,0,0
khersonnovosty,14,9627,0,0,0,0,0,0,0,0,0,0,0,0
khersonskaODA,27,37464,0,0,0,0,0,0,0,0,0,0,0,0
khersontsi_news,5,3647,0,0,0,0,0,0,0,0,0,0,0,0
khiavnews24,19,3082,0,0,0,0,0,0,0,0,0,0,0,0
khilkevich_anna,28,380990,0,0,0,0,0,0,0,0,0,0,0,0
khimki_live,37,32068,0,0,0,0,0,0,0,0,0,0,0,0
khitthitnews,1081,20270893,0,0,0,0,0,0,0,0,0,0,0,0
khiva_city_press,2,588,0,0,0,0,0,0,0,0,0,0,0,0
khkrist,12,164320,0,0,0,0,0,0,0,0,0,0,0,0
khm_gov_ua,44,239040,0,0,0,0,0,0,0,0,0,0,0,0
khmelnytskaODA,20,135480,1,0,0,0,0,0,4540,0,0,0,0,0
khmerload,20,167999,0,0,0,0,0,0,0,0,0,0,0,0
khmlv,1881,184840170,22,0,1,13,2,0,2270000,0,112000,1501900,174500,0
khmrchk,9,151090,0,0,0,0,0,0,0,0,0,0,0,0
khodorkovski,123,9331800,7,0,0,1,2,0,598300,0,0,108000,137100,0
kholodnaiagora,59,98309,0,0,0,0,0,0,0,0,0,0,0,0
khominews,39,130387,0,0,0,0,0,0,0,0,0,0,0,0
khonlinee,80,78870,0,0,0,0,0,0,0,0,0,0,0,0
khoroshev,30,317080,0,0,0,0,0,0,0,0,0,0,0,0
khreschatyk36,11,33700,0,0,0,0,0,0,0,0,0,0,0,0
khromovasonya,40,1496600,0,0,0,0,0,0,0,0,0,0,0,0
khudaibergenkz,10,9055,0,0,0,0,0,0,0,0,0,0,0,0
khuevyy,35,154340,0,0,0,0,0,0,0,0,0,0,0,0
khujand2018,10,34360,0,0,0,0,0,0,0,0,0,0,0,0
khutoryanka515,17,227659,0,0,0,0,0,0,0,0,0,0,0,0
khv27_official,5,2001,0,0,0,0,0,0,0,0,0,0,0,0
khv_news,126,827639,1,0,0,1,0,0,7080,0,0,7480,0,0
khv_reporter,32,140230,0,0,0,0,0,0,0,0,0,0,0,0
khvof,1,0,0,0,0,0,0,0,0,0,0,0,0,0
khvorostfire,8,2864,0,0,0,0,0,0,0,0,0,0,0,0
khvregion,8,43960,0,0,0,0,0,0,0,0,0,0,0,0
khvtv,7,1859,0,0,0,0,0,0,0,0,0,0,0,0
ki_krd,3,1323,0,0,0,0,0,0,0,0,0,0,0,0
kibaonline,13,41450,2,0,0,0,0,0,6060,0,0,0,0,0
kiborgnews,24,338024,0,0,0,1,0,0,0,0,0,2350,0,0
kidscorner_homeschool,11,2326,0,0,0,0,0,0,0,0,0,0,0,0
kidsoccer,8,11437,0,0,0,0,0,0,0,0,0,0,0,0
kidwashere,7,8781,0,0,0,0,0,0,0,0,0,0,0,0
kiev_trevoga,90,467912,0,0,0,0,0,0,0,0,0,0,0,0
kievbc,15,2535,0,0,0,0,0,0,0,0,0,0,0,0
kievinform,66,93942,0,0,0,0,0,0,0,0,0,0,0,0
kievnovosty,5,2869,0,0,0,0,0,0,0,0,0,0,0,0
kievreal1,15304,6361728777,32,0,7,27,2,0,12873000,0,2754600,10977000,756000,0
kievskienovosty,29,16387,0,0,0,0,0,0,0,0,0,0,0,0
kievskienovyny,4,3249,1,0,0,0,0,0,720,0,0,0,0,0
kievvlast,54,29519,2,0,0,0,0,0,1047,0,0,0,0,0
kikidocampus,13,441960,0,0,0,0,0,0,0,0,0,0,0,0
kinadm,1,8,0,0,0,0,0,0,0,0,0,0,0,0
kinanebudet,16,60990,0,0,0,0,0,0,0,0,0,0,0,0
kinder_v_kube,39,195129,0,0,0,0,0,0,0,0,0,0,0,0
kineshmaspeckor,4,5050,0,0,0,0,0,0,0,0,0,0,0,0
kinets,3,765,0,0,0,0,0,0,0,0,0,0,0,0
kinform,39,899630,2,0,0,0,0,0,25800,0,0,0,0,0
king_prawn11,6,89283,0,0,0,0,0,0,0,0,0,0,0,0
kinometro,11,34626,1,0,0,0,0,0,4220,0,0,0,0,0
kirahabibilal,2,1115,0,0,0,0,0,0,0,0,0,0,0,0
kiranagibator,2,6860,0,0,0,0,0,0,0,0,0,0,0,0
kiranight13,4,1156,0,0,0,0,0,0,0,0,0,0,0,0
kirasazonova,39,177108,0,0,0,0,0,0,0,0,0,0,0,0
kireeva_science,16,11440,2,0,0,0,0,0,1523,0,0,0,0,0
kirienko_inspiration,11,29380,0,0,0,0,0,0,0,0,0,0,0,0
kirillova_life,7,5113,0,0,0,0,0,0,0,0,0,0,0,0
kiririlllme,7,18500,0,0,0,0,0,0,0,0,0,0,0,0
kiriyachan,35,225207,0,0,0,0,0,0,0,0,0,0,0,0
kirmosinfo,4,1821,0,0,0,0,0,0,0,0,0,0,0,0
kirov1gorodskoi,1,120,0,0,0,0,0,0,0,0,0,0,0,0
kirovadmufa,3,170,0,0,0,0,0,0,0,0,0,0,0,0
kirovchano,6,5722,0,0,0,0,0,0,0,0,0,0,0,0
kirovmp,17,16047,0,0,0,0,0,0,0,0,0,0,0,0
kirovograd_official,52,888297,0,0,0,0,0,0,0,0,0,0,0,0
kirovogradnovyny,13,6720,0,0,0,0,0,0,0,0,0,0,0,0
kirovogradskaODA,158,2956480,1,0,0,0,0,0,21900,0,0,0,0,0
kirovohradskaODA,50,50380,0,0,0,0,0,0,0,0,0,0,0,0
kirushaborodachannel,2,1814,0,0,0,0,0,0,0,0,0,0,0,0
kisatiff,37,13871,0,0,0,0,0,0,0,0,0,0,0,0
kiselev_ms,11,3346,0,0,0,0,0,0,0,0,0,0,0,0
kiselevtv,3,13550,0,0,0,0,0,0,0,0,0,0,0,0
kishinev24,13,53140,0,0,0,0,0,0,0,0,0,0,0,0
kishiribnews,7,42,0,0,0,0,0,0,0,0,0,0,0,0
kishlak_family,39,4789560,0,0,0,0,0,0,0,0,0,0,0,0
kisimiakalovepie,39,239690,0,0,0,0,0,0,0,0,0,0,0,0
kislyakovaa,7,19560,0,0,0,0,0,0,0,0,0,0,0,0
kisoolya,30,671065,0,0,0,0,0,0,0,0,0,0,0,0
kissmynumber,22,39440,0,0,0,0,0,0,0,0,0,0,0,0
kisssu117,19,41820,0,0,0,0,0,0,0,0,0,0,0,0
kitab_district,3,7130,0,0,0,0,0,0,0,0,0,0,0,0
kitabatsite,20,890,0,0,0,0,0,0,0,0,0,0,0,0
kitchen_chef,92,1695230,11,0,0,0,0,0,201560,0,0,0,0,0
kitchpolit,36,29374,1,0,0,0,1,0,943,0,0,0,926,0
kitilampa,37,50572,0,0,0,0,0,0,0,0,0,0,0,0
kitnnet,21,19856,0,0,0,0,0,0,0,0,0,0,0,0
kitobliklar,16,75680,0,0,0,0,0,0,0,0,0,0,0,0
kittendances,13,8096,0,0,0,0,0,0,0,0,0,0,0,0
kitty_soloma,10,14650,0,0,0,0,0,0,0,0,0,0,0,0
kizaket_am,33,4601,0,0,0,0,0,0,0,0,0,0,0,0
kizilyurtrn,1,29,0,0,0,0,0,0,0,0,0,0,0,0
kja_inform,1,390,0,0,0,0,0,0,0,0,0,0,0,0
kjorea,3,123,0,0,0,0,0,0,0,0,0,0,0,0
kkanivfm,9,49749,0,0,0,0,0,0,0,0,0,0,0,0
kkinchevzona,29,201280,4,0,0,0,0,0,28540,0,0,0,0,0
kl_informator,228,556386,2,0,0,0,0,0,4970,0,0,0,0,0
kladovaya_vse_o_baby,10,28647,0,0,0,0,0,0,0,0,0,0,0,0
klassmarket,5,9410,0,0,0,0,0,0,0,0,0,0,0,0
klassnoe_pp,7,21110,0,0,0,0,0,0,0,0,0,0,0,0
klavacoca,103,19704500,0,0,0,0,0,0,0,0,0,0,0,0
kleveta,18,102010,0,0,0,0,2,0,0,0,0,0,31210,0
klgzhest,76,1928930,0,0,0,0,0,0,0,0,0,0,0,0
kliati_pereklady,5,10700,0,0,0,0,0,0,0,0,0,0,0,0
klikklaktg,42,1572619,0,0,0,0,0,0,0,0,0,0,0,0
klimovcom,15,2079,1,0,0,0,0,0,106,0,0,0,0,0
klimzhukoff,53,2236020,0,0,0,0,0,0,0,0,0,0,0,0
kloopnews,15,18336,1,0,0,0,0,0,2700,0,0,0,0,0
klops_news,108,2433803,3,0,0,0,0,0,40010,0,0,0,0,0
kluchisla725,15,13753,0,0,0,0,0,0,0,0,0,0,0,0
klunyaka,48,476,0,0,0,0,0,0,0,0,0,0,0,0
klutOR,15,3158,0,0,0,0,0,0,0,0,0,0,0,0
klyatiy_rationalist,5,25420,0,0,0,0,0,0,0,0,0,0,0,0
klyukinad,5,15680,0,0,0,0,0,0,0,0,0,0,0,0
kmnskoe,20,69528,0,0,0,0,0,0,0,0,0,0,0,0
kmsadm,4,943,0,0,0,0,0,0,0,0,0,0,0,0
kmv_express,1,336,0,0,0,0,0,0,0,0,0,0,0,0
kmv_seichas,1,473,0,0,0,0,0,0,0,0,0,0,0,0
knews_kg,3,106,0,0,0,0,0,0,0,0,0,0,0,0
knifemedia,198,2569987,1,0,0,0,0,0,12100,0,0,0,0,0
kniga_katrin,23,37417,0,0,0,0,0,0,0,0,0,0,0,0
knigagid,18,45790,2,0,0,0,0,0,4150,0,0,0,0,0
knightsmove,54,314959,1,0,0,0,0,0,4090,0,0,0,0,0
knitshopru,15,18290,1,0,0,0,0,0,1800,0,0,0,0,0
knovoystrane,22,8141,0,0,0,0,0,0,0,0,0,0,0,0
knt_nuzp,7,2634,0,0,0,0,0,0,0,0,0,0,0,0
knuca1930,20,25571,1,0,0,0,0,0,957,0,0,0,0,0
knyaz_cherkasky,21,122010,0,0,0,0,0,0,0,0,0,0,0,0
knyazevleonid,26,55760,1,0,0,0,0,0,1760,0,0,0,0,0
kobzevii,24,805170,0,0,0,0,0,0,0,0,0,0,0,0
kogalym_city,1,96,1,0,0,0,0,0,96,0,0,0,0,0
kogonuz_official,24,43873,0,0,0,0,0,0,0,0,0,0,0,0
kohsantepheapdaily,261,437562,0,0,0,0,0,0,0,0,0,0,0,0
kojournal,31,9111,1,0,0,0,0,0,336,0,0,0,0,0
koko_by,431,15034608,1,0,0,0,0,0,34000,0,0,0,0,0
kokosksu,29,678466,0,0,0,0,0,0,0,0,0,0,0,0
kolezev,60,1083180,4,0,0,0,0,0,56610,0,0,0,0,0
kolisnichenko_kate,30,225519,0,0,0,0,0,0,0,0,0,0,0,0
kolm_zemlekop,19,1261500,0,0,0,0,0,0,0,0,0,0,0,0
kolobok1973,13,48038,0,0,0,0,0,0,0,0,0,0,0,0
kolokol_21,77,936872,0,0,0,1,0,0,0,0,0,12500,0,0
kolomna_sluh,50,653660,0,0,0,0,0,0,0,0,0,0,0,0
kolomna_sobitie,50,623200,2,0,0,0,0,0,22200,0,0,0,0,0
kolos_vladimir,23,132489,0,0,0,0,0,0,0,0,0,0,0,0
kolrada_civil_defence,37,953100,0,0,0,0,0,0,0,0,0,0,0,0
koltsov,2,1335,0,0,0,0,0,0,0,0,0,0,0,0
kolxozdelodobrovolnoeRUS,154,2917670,7,0,0,0,1,0,94400,0,0,0,10600,0
kolyakiller,36,202050,2,0,0,0,0,0,9460,0,0,0,0,0
kolymanews,24,7296,1,0,0,0,0,0,315,0,0,0,0,0
komazenok058,9,18510,0,0,0,0,0,0,0,0,0,0,0,0
komcitynews,237,2726729,7,0,0,0,0,0,93200,0,0,0,0,0
komi_tgnews,52,657920,1,0,0,0,0,0,17300,0,0,0,0,0
komiinform,2,54,0,0,0,0,0,0,0,0,0,0,0,0
komileaks,31,54181,2,0,0,0,0,0,2650,0,0,0,0,0
komiljonabdulloh,2,2955,0,0,0,0,0,0,0,0,0,0,0,0
komintariy,30,187300,3,0,0,0,0,0,17360,0,0,0,0,0
komiregion,2,19,0,0,0,0,0,0,0,0,0,0,0,0
komissarischezaet,59,572473,6,0,0,0,0,0,56930,0,0,0,0,0
komissaro8a,39,1265000,0,0,0,0,0,0,0,0,0,0,0,0
komissr,3,2050,0,0,0,0,1,0,0,0,0,0,1700,0
komitelega,22,24463,2,0,0,0,0,0,986,0,0,0,0,0
komitesha,1,8,0,0,0,0,0,0,0,0,0,0,0,0
komitetnacinter,35,583444,3,0,0,0,1,0,61927,0,0,0,61800,0
komitetpolk,35,263130,0,0,0,0,0,0,0,0,0,0,0,0
kommers_perm,30,61039,0,0,0,0,0,0,0,0,0,0,0,0
kommersant,7941,284117763,109,1,0,7,0,0,4120700,27700,0,262800,0,0
kommersant18,3,403,0,0,0,0,0,0,0,0,0,0,0,0
kommersant_nn,1,297,0,0,0,0,0,0,0,0,0,0,0,0
kommersant_siberia,6,829,0,0,0,0,0,0,0,0,0,0,0,0
kommersantkazan,1,2,0,0,0,0,0,0,0,0,0,0,0,0
kommersantufa,1,138,0,0,0,0,0,0,0,0,0,0,0,0
kommersantvrn,1,342,1,0,0,0,0,0,342,0,0,0,0,0
kommersuz,20,4221,0,0,0,0,0,0,0,0,0,0,0,0
kompanpavel,6,2233,0,0,0,0,0,0,0,0,0,0,0,0
kompasukraine,21,12407,0,0,0,0,0,0,0,0,0,0,0,0
komplekbutchyofc,7,1971,0,0,0,0,0,0,0,0,0,0,0,0
kompr,148,897624,8,0,0,1,0,0,48840,0,0,5150,0,0
kompro,34,47482,7,0,0,0,0,0,11226,0,0,0,0,0
kompromatkz,7,22990,0,0,0,0,0,0,0,0,0,0,0,0
kompromatmedia,30,60560,0,0,0,0,0,0,0,0,0,0,0,0
komprosperm,15,7356,0,0,0,0,0,0,0,0,0,0,0,0
komsa_news,38,26676,0,0,0,0,0,0,0,0,0,0,0,0
komsa_online,1,108,0,0,0,0,0,0,0,0,0,0,0,0
komsagram,103,942219,2,0,0,0,0,0,22720,0,0,0,0,0
komsomolec_z,9,549355,0,0,0,0,0,0,0,0,0,0,0,0
komsomolrf,3,1139,0,0,0,0,0,0,0,0,0,0,0,0
komukota,9,2254,0,0,0,0,0,0,0,0,0,0,0,0
komunevseravno,48,239417,0,0,0,0,0,0,0,0,0,0,0,0
konasovatut,25,588420,0,0,0,0,0,0,0,0,0,0,0,0
kondratyevvi,54,2129900,0,0,0,0,0,0,0,0,0,0,0,0
kondrusius,42,83819,0,0,0,0,0,0,0,0,0,0,0,0
konfuzfamilylove,19,354090,0,0,0,0,0,0,0,0,0,0,0,0
konig1255,20,30729,0,0,0,0,0,0,0,0,0,0,0,0
konkretnost,13,49150,1,0,0,0,0,0,3460,0,0,0,0,0
konkurentinua,148,1502970,1,0,0,0,0,0,13400,0,0,0,0,0
konograi,35,2565300,0,0,0,0,0,0,0,0,0,0,0,0
konotop_live,56,789344,0,0,0,0,0,0,0,0,0,0,0,0
konovalov_khakasia19,3,968,0,0,0,0,0,0,0,0,0,0,0,0
konservativnaya,26,90582,0,0,0,0,0,0,0,0,0,0,0,0
konstantinovsk161,19,97920,3,0,0,0,0,0,16560,0,0,0,0,0
konstantinzatulin,14,109652,1,0,0,0,0,0,7320,0,0,0,0,0
kontsarenko,31,188410,0,0,0,0,0,0,0,0,0,0,0,0
koochehnewschannel,20,193369,0,0,0,0,0,0,0,0,0,0,0,0
koomaroovaa,9,55259,0,0,0,0,0,0,0,0,0,0,0,0
kopeek29,33,68232,0,0,0,0,0,0,0,0,0,0,0,0
kopeek5,6,366,0,0,0,0,0,0,0,0,0,0,0,0
kopeysk_sluh,49,553560,1,0,0,0,0,0,15500,0,0,0,0,0
kopeysk_sobitie,49,628200,0,0,0,0,0,0,0,0,0,0,0,0
koptevo_voykovskaya,22,182300,0,0,0,0,0,0,0,0,0,0,0,0
kopvtm,19,16697,0,0,0,0,0,0,0,0,0,0,0,0
kopytkoav,56,1033230,5,0,0,0,1,0,98900,0,0,0,56600,0
kor1985,13,6614,3,0,0,0,0,0,1410,0,0,0,0,0
kor_vesti,1,233,0,0,0,0,0,0,0,0,0,0,0,0
korabelov_info,663,3343000,35,0,0,0,0,0,166309,0,0,0,0,0
koraim,20,833,0,0,0,0,0,0,0,0,0,0,0,0
koraxabar,856,36279861,0,0,0,0,0,0,0,0,0,0,0,0
korbanofficial,17,28716,0,0,0,0,0,0,0,0,0,0,0,0
korchynskiy,21,91906,1,0,0,0,0,0,3640,0,0,0,0,0
kordon_ua,1,4250,0,0,0,0,0,0,0,0,0,0,0,0
kordons_ukraine,27,75469,0,0,0,0,0,0,0,0,0,0,0,0
korea_18plus,51,281959,1,0,0,0,0,0,5350,0,0,0,0,0
korenovsk_today,17,47782,0,0,0,0,0,0,0,0,0,0,0,0
koreshzy,87,39078600,0,0,0,0,0,0,0,0,0,0,0,0
koreyadagi_vatandoshlar,37,141763,0,0,0,0,0,0,0,0,0,0,0,0
koreyadagi_yurtdoshlar,41,98425,0,0,0,0,0,0,0,0,0,0,0,0
korgoliev_k,7,38420,0,0,0,0,0,0,0,0,0,0,0,0
koridorOP,21,33500,1,0,0,0,0,0,703,0,0,0,0,0
korifeyhab,13,48217,0,0,0,0,0,0,0,0,0,0,0,0
kornilov1968,628,12680775,24,0,1,1,2,0,357600,0,9600,26700,30000,0
koro4eDON,62,528700,0,0,0,0,0,0,0,0,0,0,0,0
korobov18,2,1601,0,0,0,0,0,0,0,0,0,0,0,0
koroche_kg,24,236970,0,0,0,0,0,0,0,0,0,0,0,0
korolev_adm,4,1678,1,0,0,0,0,0,702,0,0,0,0,0
korolev_city,40,43307,0,0,0,0,0,0,0,0,0,0,0,0
korolev_sluh,50,568470,1,0,0,0,0,0,10300,0,0,0,0,0
korolev_sobitie,49,595700,1,0,0,0,0,0,10100,0,0,0,0,0
korolevastar,15,229190,0,0,0,0,0,0,0,0,0,0,0,0
koronavirus32,1,84,0,0,0,0,0,0,0,0,0,0,0,0
koronavirus_saratov,20,6195,0,0,0,0,0,0,0,0,0,0,0,0
korostentoday,82,1853681,0,0,0,0,0,0,0,0,0,0,0,0
korotko_podelu,10,3939,1,0,0,0,0,0,303,0,0,0,0,0
korotko_polit,40,531780,4,0,0,0,0,0,52000,0,0,0,0,0
korrespondentnet,26,44434,0,0,0,0,0,0,0,0,0,0,0,0
korroziavlasti,3,189,0,0,0,0,0,0,0,0,0,0,0,0
korrzakadrom,28,1876750,1,0,0,0,0,0,159000,0,0,0,0,0
korupciya,3,209,0,0,0,0,0,0,0,0,0,0,0,0
kosarewlis,18,62459,1,0,0,0,0,0,3690,0,0,0,0,0
koshiokrug,1,1060,0,0,0,0,0,0,0,0,0,0,0,0
koshism,13,138110,0,0,0,0,0,0,0,0,0,0,0,0
koshmishka,31,192499,0,0,0,0,0,0,0,0,0,0,0,0
kosim_ukrop,41,14601,0,0,0,0,0,0,0,0,0,0,0,0
kosiv_gram,9,37310,0,0,0,0,0,0,0,0,0,0,0,0
kosmatenochka,2,1090,0,0,0,0,0,0,0,0,0,0,0,0
kosmetan_fr,8,28770,0,0,0,0,0,0,0,0,0,0,0,0
kosmolenta,10,4782,0,0,0,0,0,0,0,0,0,0,0,0
kosonsoyhokimligi,47,41015,0,0,0,0,0,0,0,0,0,0,0,0
kosonsoyinfo,9,36,0,0,0,0,0,0,0,0,0,0,0,0
kostarev,18,19060,1,0,0,0,0,0,987,0,0,0,0,0
kostitg,13,5814,0,0,0,0,0,0,0,0,0,0,0,0
kostroma_news_media,5,9990,1,0,0,0,0,0,1350,0,0,0,0,0
kostromachp,16,119810,0,0,0,0,0,0,0,0,0,0,0,0
kostromama,22,49271,1,0,0,0,0,0,1920,0,0,0,0,0
kostromatch,16,8696,0,0,0,0,0,0,0,0,0,0,0,0
kostyushkin_team,27,86498,0,0,0,0,0,0,0,0,0,0,0,0
koteljniklive,3,2799,0,0,0,0,0,0,0,0,0,0,0,0
kotelniki_moscow,8,14185,0,0,0,0,0,0,0,0,0,0,0,0
kotletipmr,2,94,0,0,0,0,0,0,0,0,0,0,0,0
kotobasa,35,73630,0,0,0,0,0,0,0,0,0,0,0,0
kotreal,2296,137041058,31,0,0,5,9,0,1966000,0,0,263600,619900,0
koturi,28,33862,0,0,0,0,0,0,0,0,0,0,0,0
kotyakotyara,5,8890,0,0,0,0,0,0,0,0,0,0,0,0
kournikov,32,139879,1,0,0,1,0,0,4960,0,0,6280,0,0
kovalevnews,6,799,2,0,0,0,0,0,272,0,0,0,0,0
kovelmedia,44,769540,0,0,0,0,0,0,0,0,0,0,0,0
kovrov_sluh,53,479300,0,0,0,0,0,0,0,0,0,0,0,0
kovrov_sobitie,48,605900,0,0,0,0,0,0,0,0,0,0,0,0
kovsharovkainfo,7,40832,0,0,0,0,0,0,0,0,0,0,0,0
kozachkow,221,8428450,9,0,0,0,0,0,346900,0,0,0,0,0
kozakrichala,803,43545660,6,0,0,0,0,0,356200,0,0,0,0,0
kozhemiakoofficial,44,1040910,0,0,0,0,0,0,0,0,0,0,0,0
kozytskyy_maksym_official,859,28102039,9,0,0,2,0,0,226200,0,0,52100,0,0
kp_ednipro,21,40065,0,0,0,0,0,0,0,0,0,0,0,0
kp_kuban,6,1349,0,0,0,0,0,0,0,0,0,0,0,0
kp_kz,6,970,1,0,0,0,0,0,121,0,0,0,0,0
kp_spb,34,111883,0,0,0,0,0,0,0,0,0,0,0,0
kpimportant,10,29590,0,0,0,0,0,0,0,0,0,0,0,0
kpinfo,1,0,0,0,0,0,0,0,0,0,0,0,0,0
kpisearch,12,26996,0,0,0,0,0,0,0,0,0,0,0,0
kpkhv,36,1162,0,0,0,0,0,0,0,0,0,0,0,0
kpkrsk,15,1483,0,0,0,0,0,0,0,0,0,0,0,0
kpnauka,18,146341,0,0,0,0,0,0,0,0,0,0,0,0
kprfaltay,1,38,0,0,0,0,0,0,0,0,0,0,0,0
kpsaratov,4,1600,0,0,0,0,0,0,0,0,0,0,0,0
kpszsu,153,20988800,0,0,0,0,0,0,0,0,0,0,0,0
kpuccc,1,530,0,0,0,0,0,0,0,0,0,0,0,0
kpvlg,6,913,0,0,0,0,0,0,0,0,0,0,0,0
kr1937dn,8,4459,0,0,0,0,0,0,0,0,0,0,0,0
kr_informator_ua,28,18152,0,0,0,0,0,0,0,0,0,0,0,0
kraftmuesli,19,38378,0,0,0,0,0,0,0,0,0,0,0,0
kraftyou,33,236091,0,0,0,0,0,0,0,0,0,0,0,0
kralibankafresh,7,21210,0,0,0,0,0,0,0,0,0,0,0,0
kramatorsk_rada,28,266050,0,0,0,0,0,0,0,0,0,0,0,0
kramnikcat,46,851490,0,0,0,0,0,0,0,0,0,0,0,0
krapkakrapka,1,3750,0,0,0,0,0,0,0,0,0,0,0,0
kras_mash,46,701853,1,0,0,0,0,0,7470,0,0,0,0,0
kras_sunny,8,7082,0,0,0,0,0,0,0,0,0,0,0,0
kraschp,59,1700510,1,0,0,0,0,0,49000,0,0,0,0,0
krasichkovdima,48,203673,0,0,0,0,0,0,0,0,0,0,0,0
krasnayarussianews,26,2354,2,0,0,0,1,0,234,0,0,0,157,0
krasniydom,2,1774,0,0,0,0,0,0,0,0,0,0,0,0
krasnobakovec,16,116150,0,0,0,0,0,0,0,0,0,0,0,0
krasnodarkrasnodar,10,30794,0,0,0,0,0,0,0,0,0,0,0,0
krasnodarkray1,1536,29618731,10,0,0,0,0,0,197340,0,0,0,0,0
krasnodarnewstelegram,8,6891,0,0,0,0,0,0,0,0,0,0,0,0
krasnoeradio,16,24877,1,0,0,0,0,0,2080,0,0,0,0,0
krasnogorsk_mammy,15,13712,0,0,0,0,0,0,0,0,0,0,0,0
krasnogorsk_official,1,384,0,0,0,0,0,0,0,0,0,0,0,0
krasnogorsk_sluh,49,475220,0,0,0,0,0,0,0,0,0,0,0,0
krasnogorsk_sobitie,49,588600,1,0,0,0,0,0,20800,0,0,0,0,0
krasnogorsk_times,9,2215,0,0,0,0,0,0,0,0,0,0,0,0
krasnogorsk_today,28,27235,0,0,0,0,0,0,0,0,0,0,0,0
krasnograd_rda,2,592,0,0,0,0,0,0,0,0,0,0,0,0
krasnogradskiy_official,21,102629,0,0,1,0,0,0,0,0,7200,0,0,0
krasnokamensk_75,49,79176,1,0,0,0,0,0,677,0,0,0,0,0
krasnoray,2,1152,0,0,0,0,0,0,0,0,0,0,0,0
krasnoturinsk,30,44481,0,0,0,0,0,0,0,0,0,0,0,0
krasnova_official,251,18428,4,0,0,0,0,0,294,0,0,0,0,0
krasnoy_kray,2,0,0,0,0,0,0,0,0,0,0,0,0,0
krasnoyarsk_crazy,49,691900,0,0,0,0,0,0,0,0,0,0,0,0
krasnoyarsk_true,45,248289,1,0,0,0,0,0,21300,0,0,0,0,0
krasntop,213,1840704,1,0,0,0,0,0,9160,0,0,0,0,0
krasotam,2,0,0,0,0,0,0,0,0,0,0,0,0,0
krasoti_rossii_beautiful_russian,47,70082,0,0,0,0,0,0,0,0,0,0,0,0
krasovkin,238,2808470,0,0,0,0,0,0,0,0,0,0,0,0
krastelega,21,33789,0,0,0,0,0,0,0,0,0,0,0,0
kratkoinfo,4,24,0,0,0,0,0,0,0,0,0,0,0,0
kratosplaygang,41,102168,0,0,0,0,0,0,0,0,0,0,0,0
kravchenko_glava_nvrsk,9,63560,0,0,0,0,0,0,0,0,0,0,0,0
kravchuk_official,12,15757,0,0,0,0,0,0,0,0,0,0,0,0
kravchulia,19,95427,0,0,0,0,0,0,0,0,0,0,0,0
krd_detka,1,14,0,0,0,0,0,0,0,0,0,0,0,0
krd_tipich,12,12314,1,0,0,0,0,0,1050,0,0,0,0,0
krd_tipich_ru,1345,94905330,13,0,0,0,0,0,937700,0,0,0,0,0
krddtp1,54,399255,0,0,0,0,0,0,0,0,0,0,0,0
krdru,6,1844,0,0,0,0,0,0,0,0,0,0,0,0
kreavs,28,56960,1,0,0,0,0,0,1700,0,0,0,0,0
krem_gromada,19,20702,1,0,0,0,0,0,1050,0,0,0,0,0
kremeniuk,5,3873,0,0,0,0,0,0,0,0,0,0,0,0
kreml,11,4470,0,0,0,0,0,0,0,0,0,0,0,0
kremlebezBashennik,139,1031360,9,0,0,0,0,0,59800,0,0,0,0,0
kremlebot_24_02_2022,16,4085,0,0,0,0,0,0,0,0,0,0,0,0
kremlevskiysosed,20,1099,0,0,0,0,0,0,0,0,0,0,0,0
kremlin_bashnya,20,6041,0,0,0,0,1,0,0,0,0,0,620,0
kremlin_brulee,1,13,0,0,0,0,0,0,0,0,0,0,0,0
kremlin_mother_expert,501,27018729,21,0,0,1,0,0,1539200,0,0,34500,0,0
kremlin_secrets,20,400610,0,0,0,0,0,0,0,0,0,0,0,0
kremlinbatia,43,731717,4,0,0,0,0,0,72890,0,0,0,0,0
kremlininfo,37,30817,0,0,0,0,0,0,0,0,0,0,0,0
kremlinlight,34,158189,0,0,0,0,0,0,0,0,0,0,0,0
krestmech,5,5,0,0,0,0,0,0,0,0,0,0,0,0
krgv_live,16,22564,0,0,0,0,0,0,0,0,0,0,0,0
krihtova_anthropology,18,38980,0,0,0,0,0,0,0,0,0,0,0,0
kriknews_official,2,813,0,0,0,0,0,0,0,0,0,0,0,0
krilishkami,1,1050,0,0,0,0,0,0,0,0,0,0,0,0
krilyatv,9,6416,0,0,0,0,0,0,0,0,0,0,0,0
kriminalblag,30,411,1,0,0,0,0,0,12,0,0,0,0,0
kriminalkharkov,6,5599,0,0,0,0,0,0,0,0,0,0,0,0
krimski,26,20654,0,0,0,0,0,0,0,0,0,0,0,0
kris_p_almaty_official,108,442600,2,0,0,0,0,0,3240,0,0,0,0,0
krispitdk,7,6360,0,0,0,0,0,0,0,0,0,0,0,0
krispotupchik,492,9316129,7,0,0,1,0,0,107900,0,0,13000,0,0
kristi_cherkasova,19,7358,0,0,0,0,0,0,0,0,0,0,0,0
kristiikrime,10,11069,0,0,0,0,0,0,0,0,0,0,0,0
kristina_zdes,36,257035,1,0,0,0,0,0,17900,0,0,0,0,0
kristinabo1,5,62400,0,0,0,0,0,0,0,0,0,0,0,0
kristinadurman,3,17500,0,0,0,0,0,0,0,0,0,0,0,0
kritiknewsfeed,54,657353,4,0,0,0,0,0,55470,0,0,0,0,0
krivbaslove,7,2021,0,0,0,0,0,0,0,0,0,0,0,0
krivorozhane,3,4142,0,0,0,0,0,0,0,0,0,0,0,0
krivosheevlive,3,2833,0,0,0,0,0,0,0,0,0,0,0,0
krivoy_town,44,17337,0,0,0,0,0,0,0,0,0,0,0,0
krivoyrog_glavny,24,55110,0,0,0,0,0,0,0,0,0,0,0,0
krnd1,7,2106,0,0,0,0,0,0,0,0,0,0,0,0
krnews_ua,8,854,0,0,0,0,0,0,0,0,0,0,0,0
krolevets_05453,53,124590,0,0,0,0,0,0,0,0,0,0,0,0
krolik53,4,47500,0,0,0,0,0,0,0,0,0,0,0,0
krolikmun,38,306410,1,0,0,0,0,0,11700,0,0,0,0,0
kropnews,11,17707,0,0,0,0,0,0,0,0,0,0,0,0
kropotkin_news,39,84346,0,0,0,0,0,0,0,0,0,0,0,0
kroppolice2,15,38868,0,0,0,0,0,0,0,0,0,0,0,0
krotgay,2,12300,0,0,0,0,0,0,0,0,0,0,0,0
krsel,8,5016,0,0,0,0,0,0,0,0,0,0,0,0
krsk01,42,219131,0,0,0,0,0,0,0,0,0,0,0,0
krsk_loginov,14,204840,0,0,0,0,0,0,0,0,0,0,0,0
krsknew,12,4866,0,0,0,0,0,0,0,0,0,0,0,0
krsknow,15,5336,0,0,0,0,0,0,0,0,0,0,0,0
krskstate,1,685,0,0,0,0,0,0,0,0,0,0,0,0
krugozor_news,25,15714,1,0,0,0,0,0,914,0,0,0,0,0
kruzhochkii,7,3467,0,0,0,0,0,0,0,0,0,0,0,0
kruzhokt,17,143,0,0,0,0,0,0,0,0,0,0,0,0
kruzuz,24,283590,0,0,0,0,0,0,0,0,0,0,0,0
krymrealii,9,17611,1,0,0,0,0,0,817,0,0,0,0,0
kryuchkovoleg,25,467620,0,0,0,0,0,0,0,0,0,0,0,0
kryuchoktv,16,31066,0,0,0,0,0,0,0,0,0,0,0,0
kryvbasvodokanal,21,83350,0,0,0,0,0,0,0,0,0,0,0,0
kryvoozerskaTR,2,3320,0,0,0,0,0,0,0,0,0,0,0,0
ksantyZ,31,157229,1,0,0,0,0,0,494,0,0,0,0,0
ksbchk,1652,103581149,16,0,0,1,0,0,1026700,0,0,58400,0,0
ksbspravy,62,46359,0,0,0,0,0,0,0,0,0,0,0,0
ksd_bookclub,13,183000,0,0,0,0,0,0,0,0,0,0,0,0
ksenia_shoigu,18,66660,0,0,0,0,0,0,0,0,0,0,0,0
kseniadenisovna,13,74270,0,0,0,0,0,0,0,0,0,0,0,0
ksenialferova,24,55804,0,0,0,0,0,0,0,0,0,0,0,0
kseniarazuvaeva,8,51040,1,0,0,0,0,0,8280,0,0,0,0,0
kseniyagurina,11,30680,0,0,0,0,0,0,0,0,0,0,0,0
kseniyavostrikova,11,170640,0,0,0,0,0,0,0,0,0,0,0,0
ksenonksksks,15,13672,0,0,0,0,0,0,0,0,0,0,0,0
ksenyaboletskaya,42,467560,1,0,0,0,0,0,10400,0,0,0,0,0
ksenzovaislove,2,2630,0,0,0,0,0,0,0,0,0,0,0,0
kshishtovsky,37,606180,0,0,0,0,0,0,0,0,0,0,0,0
kshonline,36,30623,0,0,0,0,0,0,0,0,0,0,0,0
kshulika,97,206277,1,0,0,1,0,0,339,0,0,2400,0,0
ksk66_news,1,47,0,0,0,0,0,0,0,0,0,0,0,0
kspcc,7,90070,0,0,0,0,0,0,0,0,0,0,0,0
kstati_nn,13,40050,0,0,0,0,0,0,0,0,0,0,0,0
kstati_p,2555,112143270,76,0,0,3,0,0,3329100,0,0,121600,0,0
kstatiplus,93,1117,0,0,0,0,0,0,0,0,0,0,0,0
ksu_gladysheva,12,115980,0,0,0,0,0,0,0,0,0,0,0,0
ksuksu_life1,30,257930,0,0,0,0,0,0,0,0,0,0,0,0
ksuuuuu_govorit,13,57050,1,0,0,0,0,0,4280,0,0,0,0,0
ktknews,24,10561,0,0,0,0,0,0,0,0,0,0,0,0
ktrk_live,1,1200,0,0,0,0,0,0,0,0,0,0,0,0
kty_hmm,1,907,0,0,0,0,0,0,0,0,0,0,0,0
ku66_ru,21,11631,0,0,0,0,0,0,0,0,0,0,0,0
kub_mash,98,4210050,1,0,0,0,0,0,38100,0,0,0,0,0
kub_media,2,834,0,0,0,0,0,0,0,0,0,0,0,0
kub_news_ru,32,77792,0,0,0,0,0,0,0,0,0,0,0,0
kuban23_love,20,20009,1,0,0,0,0,0,990,0,0,0,0,0
kuban24,107,1968791,2,0,0,0,0,0,49900,0,0,0,0,0
kuban_23,66,893402,0,0,0,0,0,0,0,0,0,0,0,0
kubanoidTG,19,2276,0,0,0,0,0,0,0,0,0,0,0,0
kubanoid_news,6,4964,0,0,0,0,0,0,0,0,0,0,0,0
kubanskienovosti,39,73300,1,0,0,0,0,0,1250,0,0,0,0,0
kubeyevcom,9,2488,0,0,0,0,0,0,0,0,0,0,0,0
kubrasklady,7,7277,0,0,0,0,0,0,0,0,0,0,0,0
kuchkarov_blog,11,7424,0,0,0,0,0,0,0,0,0,0,0,0
kuda161,17,21760,0,0,0,0,0,0,0,0,0,0,0,0
kudaekb,33,297790,0,0,0,0,0,0,0,0,0,0,0,0
kudri_v_oblaka,14,55900,0,0,0,0,0,0,0,0,0,0,0,0
kuertov,10,4914000,0,0,0,0,0,0,0,0,0,0,0,0
kuharuk_ruslan,1,1000,0,0,0,0,0,0,0,0,0,0,0,0
kujikuji,13,693600,0,0,0,0,0,0,0,0,0,0,0,0
kukmor_tatarstan,22,38971,1,0,0,0,0,0,2100,0,0,0,0,0
kulemzin_donetsk,35,258708,0,0,0,0,0,0,0,0,0,0,0,0
kulichevskiy,6,15080,0,0,0,0,0,0,0,0,0,0,0,0
kultas_live,43,972799,0,0,0,0,0,0,0,0,0,0,0,0
kulttms,7,6586,0,0,0,0,0,0,0,0,0,0,0,0
kultura174,6,3626,0,0,0,0,0,0,0,0,0,0,0,0
kulturblog,1,405,0,0,0,0,0,0,0,0,0,0,0,0
kumprofficial,11,6015,0,0,0,0,0,0,0,0,0,0,0,0
kun_uz_tezkor_xabarlari,32,110656,0,0,0,0,0,0,0,0,0,0,0,0
kunduziy,31,303850,0,0,0,0,0,0,0,0,0,0,0,0
kunuz,923,14675050,0,0,0,0,0,0,0,0,0,0,0,0
kunuzen,20,27890,0,0,0,0,0,0,0,0,0,0,0,0
kunuzofficial,8009,2735740850,12,0,0,4,0,0,3818000,0,0,1462000,0,0
kunuzru,265,7081030,1,0,0,0,0,0,12700,0,0,0,0,0
kupiansknash,20,125339,0,0,0,0,0,0,0,0,0,0,0,0
kupin_aleksey,14,54870,0,0,0,0,0,0,0,0,0,0,0,0
kuptg,47,516019,0,0,0,0,0,0,0,0,0,0,0,0
kurabaz,1,1,0,0,0,0,0,0,0,0,0,0,0,0
kuraifutlar,41,354148,1,0,0,0,1,0,11800,0,0,0,1130,0
kurbanoffnet,20,112275,0,0,0,0,0,0,0,0,0,0,0,0
kurbanoffyoq,17,21796,0,0,0,0,0,0,0,0,0,0,0,0
kurdiribnews,20,2240,0,0,0,0,0,0,0,0,0,0,0,0
kureelka,513,12259561,0,0,0,0,1,0,0,0,0,0,20400,0
kurenikyiv,1,84,0,0,0,0,0,0,0,0,0,0,0,0
kurganinskie,1,68,0,0,0,0,0,0,0,0,0,0,0,0
kurganinskrudenkovp,1,2330,0,0,0,0,0,0,0,0,0,0,0,0
kurganskayaobl,1,277,0,0,0,0,0,0,0,0,0,0,0,0
kurganskie_ru,185,1141561,0,0,0,0,0,0,0,0,0,0,0,0
kurkino_ru,27,255460,0,0,0,0,0,0,0,0,0,0,0,0
kurochki_govoryat,18,120200,0,0,0,0,0,0,0,0,0,0,0,0
kurs_if,67,375631,0,0,0,0,1,0,0,0,0,0,5600,0
kurskN1,60,1465,0,0,0,0,0,0,0,0,0,0,0,0
kursk_now,17,34030,0,0,0,0,0,0,0,0,0,0,0,0
kursk_time,2,945,0,0,0,0,0,0,0,0,0,0,0,0
kurskadm,43,724144,1,0,0,0,0,0,17000,0,0,0,0,0
kurskaya_life,1,319,0,0,0,0,0,0,0,0,0,0,0,0
kurskbomond,946,35678982,7,0,0,0,0,0,204200,0,0,0,0,0
kurskchp,25,168,0,0,0,0,0,0,0,0,0,0,0,0
kurskfirst,1,493,0,0,0,0,0,0,0,0,0,0,0,0
kurskpressa,1,258,0,0,0,0,0,0,0,0,0,0,0,0
kurskseichas,13,4475,0,0,0,0,0,0,0,0,0,0,0,0
kurtievofficial,2653,36417692,0,0,0,0,0,0,0,0,0,0,0,0
kurumkan_datsan,2,589,0,0,0,0,0,0,0,0,0,0,0,0
kushnir_na_provode,2,470,0,0,0,0,0,0,0,0,0,0,0,0
kushugumrada,5,6603,0,0,0,0,0,0,0,0,0,0,0,0
kut_o,63,58501,0,0,0,0,1,0,0,0,0,0,125,0
kuvalda_liv,2,164,0,0,0,0,0,0,0,0,0,0,0,0
kuyovboshliklar,6,2218,0,0,0,0,0,0,0,0,0,0,0,0
kuyvashevevgeny,2,0,0,0,0,0,0,0,0,0,0,0,0,0
kuz_plus,1,48,0,0,0,0,0,0,0,0,0,0,0,0
kuzbass_news,31,131378,1,0,0,0,0,0,2750,0,0,0,0,0
kuzbass_now,8,4997,0,0,0,0,0,0,0,0,0,0,0,0
kuzbassinfo,2,236,0,0,0,0,0,0,0,0,0,0,0,0
kuzbassofficial,7,2339,0,0,0,0,0,0,0,0,0,0,0,0
kuzmenkomedia,5,38090,0,0,0,0,0,0,0,0,0,0,0,0
kuznet_skuzn,5,8800,1,0,0,0,0,0,1920,0,0,0,0,0
kuzov_lab,20,60790,0,0,0,0,0,0,0,0,0,0,0,0
kuzovleva_ptichka,18,45240,0,0,0,0,0,0,0,0,0,0,0,0
kuzsoc,13,4424,0,0,0,0,0,0,0,0,0,0,0,0
kuzyaolya,2,313,0,0,0,0,0,0,0,0,0,0,0,0
kv_vo,2,101,0,0,0,0,0,0,0,0,0,0,0,0
kvachova_s,30,1118800,1,0,0,0,0,0,61300,0,0,0,0,0
kvartaly_ispanskie,9,55560,0,0,0,0,0,0,0,0,0,0,0,0
kvashenayakto,36,613560,0,0,0,0,0,0,0,0,0,0,0,0
kvashonkinalexey,39,231610,0,0,0,0,0,0,0,0,0,0,0,0
kvgazetaRU,3,160,0,0,0,0,0,0,0,0,0,0,0,0
kvotamoscow,17,233830,0,0,0,0,0,0,0,0,0,0,0,0
ky24uz,3,15790,0,0,0,0,0,0,0,0,0,0,0,0
kyakhta_buryatia,4,3803,1,0,0,0,0,0,991,0,0,0,0,0
kyawswarks969,28,2000,0,0,0,0,0,0,0,0,0,0,0,0
kyber_net,1,414,0,0,0,0,0,0,0,0,0,0,0,0
kyevwar,36,101990,0,0,0,0,0,0,0,0,0,0,0,0
kyianynews,1,261,0,0,0,0,0,0,0,0,0,0,0,0
kyiv_event,27,71689,0,0,0,0,0,0,0,0,0,0,0,0
kyiv_informator_ua,20,14640,0,0,0,0,0,0,0,0,0,0,0,0
kyiv_n,41,309083,1,0,0,0,0,0,5730,0,0,0,0,0
kyiv_novyny_24,3825,190880869,22,0,1,16,1,0,1143700,0,48200,826100,48500,0
kyiv_overheard,14,33300,0,0,0,0,0,0,0,0,0,0,0,0
kyiv_to_day,12,19190,1,0,0,0,0,0,1540,0,0,0,0,0
kyivcaritas,15,7667,0,0,0,0,0,0,0,0,0,0,0,0
kyivfuel,6,249,0,0,0,0,0,0,0,0,0,0,0,0
kyivmetroalerts,26,88300,0,0,0,0,0,0,0,0,0,0,0,0
kyivmiskbud_official,10,55580,0,0,0,0,0,0,0,0,0,0,0,0
kyivnovosty,85,1096519,1,0,0,0,0,0,17000,0,0,0,0,0
kyivoda,3324,39510877,9,0,0,6,2,0,109650,0,0,77000,14820,0
kyivoperativ,27,34257,0,0,0,0,0,0,0,0,0,0,0,0
kyivpasstrans,9,30080,0,0,0,0,0,0,0,0,0,0,0,0
kyivpatrol,15,15056,0,0,0,0,0,0,0,0,0,0,0,0
kyivpride,32,141950,0,0,0,0,0,0,0,0,0,0,0,0
kyivregione,3,6887,0,0,0,0,0,0,0,0,0,0,0,0
kyivska_rus,32,50872,0,0,0,0,0,0,0,0,0,0,0,0
kyivstonergang,14,26859,0,0,0,0,0,0,0,0,0,0,0,0
kyivteploenergo,32,672200,0,0,0,1,0,0,0,0,0,17900,0,0
kyivtopnews,7,2002,0,0,0,0,0,0,0,0,0,0,0,0
kyivtv,141,174012,1,0,0,2,0,0,1100,0,0,2100,0,0
kyivvillage,409,2071399,2,0,0,1,1,0,11560,0,0,3000,4390,0
kyky_org,30,79110,0,0,0,0,0,0,0,0,0,0,0,0
kypyansk,23,818500,0,0,0,0,0,0,0,0,0,0,0,0
kyrgyzitwebinarbykg_usa,11,40236,0,0,0,0,0,0,0,0,0,0,0,0
kyrkino,6,159,0,0,0,0,0,0,0,0,0,0,0,0
kyunghamin,17,9710,0,0,0,0,0,0,0,0,0,0,0,0
kyzyl_news,20,6012,0,0,0,0,0,0,0,0,0,0,0,0
kz_press,1,453,0,0,0,0,0,0,0,0,0,0,0,0
kzn_official,6,9807,0,0,0,0,0,0,0,0,0,0,0,0
kznuniversity,10,22350,0,0,0,0,0,0,0,0,0,0,0,0
kzpublic,21,7119,0,0,0,0,0,0,0,0,0,0,0,0
kzqqq,2,3150,0,0,0,0,0,0,0,0,0,0,0,0
l0bukv,11,69810,0,0,0,0,0,0,0,0,0,0,0,0
l0malmo,23,117960,0,0,0,0,0,0,0,0,0,0,0,0
l1veoskol,3,64,0,0,0,0,0,0,0,0,0,0,0,0
l4vip,13,969,0,0,0,0,0,0,0,0,0,0,0,0
la_campora,19,13967,0,0,0,0,0,0,0,0,0,0,0,0
la_lektoryi,31,543790,0,0,0,0,0,0,0,0,0,0,0,0
la_patilla,108,392171,0,0,0,0,0,0,0,0,0,0,0,0
la_piter,21,64409,1,0,0,0,0,0,889,0,0,0,0,0
la_tatarstan,1,2510,0,0,0,0,0,0,0,0,0,0,0,0
la_vita_felice,2,0,0,0,0,0,0,0,0,0,0,0,0,0
labelcompeople,2,858,0,0,0,0,0,0,0,0,0,0,0,0
laborpandemie,17,7489,0,0,0,0,0,0,0,0,0,0,0,0
lacafetera,19,24842,0,0,0,0,0,0,0,0,0,0,0,0
lachentyt,7033,3952651599,213,0,4,18,4,0,116978000,0,2063000,10588000,2163000,0
lacksheru,21,2801,0,0,0,0,0,0,0,0,0,0,0,0
lada_pro_online,17,66386,0,0,0,0,0,0,0,0,0,0,0,0
ladakz,28,63201,0,0,0,0,0,0,0,0,0,0,0,0
laddilo,1,0,0,0,0,0,0,0,0,0,0,0,0,0
lady_joker,1,268,0,0,0,0,0,0,0,0,0,0,0,0
lady_north,30,239649,3,0,0,0,0,0,3261,0,0,0,0,0
ladydiankax11,35,1411300,0,0,0,0,0,0,0,0,0,0,0,0
ladyjendeukie,1,0,0,0,0,0,0,0,0,0,0,0,0,0
ladysmedia,20,29037,0,0,0,0,0,0,0,0,0,0,0,0
laenredadera,8,11215,0,0,0,0,0,0,0,0,0,0,0,0
laesinfo,18,62110,0,0,0,0,0,0,0,0,0,0,0,0
lafionda,20,55170,0,0,0,0,0,0,0,0,0,0,0,0
laguuspotify,1,5,0,0,0,0,0,0,0,0,0,0,0,0
lahijone_zakon,21,2197,0,0,0,0,0,0,0,0,0,0,0,0
laksheri_kotaksheri,4,1801,1,0,0,0,0,0,509,0,0,0,0,0
lalashki,1,1400,0,0,0,0,0,0,0,0,0,0,0,0
lamasafonova1,21,6993,0,0,0,0,0,0,0,0,0,0,0,0
lana_home,30,237764,0,0,0,0,0,0,0,0,0,0,0,0
lana_istomina_channel,13,51610,0,0,0,0,0,0,0,0,0,0,0,0
landforcesofukraine,25,132593,0,0,0,0,0,0,0,0,0,0,0,0
landofsiberia,1,4,0,0,0,0,0,0,0,0,0,0,0,0
landoinlondon,3,8680,0,0,0,0,0,0,0,0,0,0,0,0
landscrona33,25,226990,0,0,0,0,0,0,0,0,0,0,0,0
langauer,5,1642,0,0,0,0,0,0,0,0,0,0,0,0
languev_blog,1,578,0,0,0,0,0,0,0,0,0,0,0,0
laninaalina,11,79530,0,0,0,0,0,0,0,0,0,0,0,0
lankarra,34,2333770,0,0,0,0,0,0,0,0,0,0,0,0
lantidiplomatico,808,9291768,0,0,0,0,0,0,0,0,0,0,0,0
lantratovaDOBRO,12,175663,2,0,0,0,0,0,29368,0,0,0,0,0
laokretsu,9,10994,0,0,0,0,0,0,0,0,0,0,0,0
lapiovra09,2,7380,0,0,0,0,0,0,0,0,0,0,0,0
laquintacolumna,1332,16525301,0,0,0,0,0,0,0,0,0,0,0,0
laragall1,18,41867,0,0,0,0,0,0,0,0,0,0,0,0
larisa_ilina_mk,12,15604,0,0,0,0,0,0,0,0,0,0,0,0
larisaguzeevaof,15,745100,0,0,0,0,0,0,0,0,0,0,0,0
larkin_doc,14,20449,0,0,0,0,0,0,0,0,0,0,0,0
laroutine,76,3691140,0,0,0,0,0,0,0,0,0,0,0,0
lastanislavska,2,4810,0,0,0,0,0,0,0,0,0,0,0,0
latifundistcom,2,116,0,0,0,0,0,0,0,0,0,0,0,0
latizadecuba,13,6036,0,0,0,0,0,0,0,0,0,0,0,0
latushka,24,28788,0,0,0,0,0,0,0,0,0,0,0,0
lauratowler,35,82485,0,0,0,0,0,0,0,0,0,0,0,0
lav_i_na,25,148980,0,0,0,0,0,0,0,0,0,0,0,0
lavinialond,28,391790,1,0,0,0,0,0,7980,0,0,0,0,0
lavka_bulavka,3,4730,0,0,0,0,0,0,0,0,0,0,0,0
lavrant,17,22463,2,0,0,0,0,0,2900,0,0,0,0,0
lavrentievoastrovskie,24,54641,0,0,0,0,0,0,0,0,0,0,0,0
lavrentyeva_space,20,125810,0,0,0,1,0,0,0,0,0,7680,0,0
lawdocument,68,191239,0,0,0,0,0,0,0,0,0,0,0,0
lawlyrics,7,15090,0,0,0,0,0,0,0,0,0,0,0,0
layjka,21,45360,0,0,0,0,0,0,0,0,0,0,0,0
lazutchenko,7,9,0,0,0,0,0,0,0,0,0,0,0,0
lcltre,10,49710,0,0,0,0,0,0,0,0,0,0,0,0
ldnrlife,11,105,0,0,0,0,0,0,0,0,0,0,0,0
ldnrwarzzz,22,3647,1,0,0,0,0,0,107,0,0,0,0,0
ldpbmogilev,11,15637,0,0,0,0,0,0,0,0,0,0,0,0
ldpr_party,41,31852,4,0,0,0,0,0,1952,0,0,0,0,0
ldwg_channel,9,21480,0,0,0,0,0,0,0,0,0,0,0,0
le_fortovo,2,47,0,0,0,0,0,0,0,0,0,0,0,0
leaklive,21,106110,0,0,0,0,0,0,0,0,0,0,0,0
leaksff,16,27830,0,0,0,0,0,0,0,0,0,0,0,0
learning_xpresso,1,1510,0,0,0,0,0,0,0,0,0,0,0,0
lebanonnews2,35,68808,0,0,0,0,0,0,0,0,0,0,0,0
lebedivi,1,12,0,0,0,0,0,0,0,0,0,0,0,0
lebigaa,18,2821000,0,0,0,0,0,0,0,0,0,0,0,0
lectorium_nk,24,23267,0,0,0,0,0,0,0,0,0,0,0,0
ledorub_merkadera,34,49766,0,0,0,0,0,0,0,0,0,0,0,0
leehsienloong,49,182890,0,0,0,0,0,0,0,0,0,0,0,0
leejenodailyupdate,112,213861,0,0,0,0,0,0,0,0,0,0,0,0
leekei28,28,63049,0,0,0,0,0,0,0,0,0,0,0,0
leenakilling,21,357240,0,0,0,0,0,0,0,0,0,0,0,0
legionoffreedom,65,2902600,2,0,0,0,0,0,73400,0,0,0,0,0
legitimniy,1904,622177803,335,0,10,19,2,1,111860200,0,3205700,6327000,589000,256000
legitimniy_live,41,3173300,5,0,0,0,0,0,258300,0,0,0,0,0
lelyataxi,26,155742,0,0,0,0,0,0,0,0,0,0,0,0
lemonkansk,16,7944,0,0,0,0,0,0,0,0,0,0,0,0
lemurburo,15,24391,1,0,0,0,0,0,3100,0,0,0,0,0
len_oblast,78,11714,0,0,0,0,0,0,0,0,0,0,0,0
lena_ashnina_live,58,3179289,0,0,0,0,0,0,0,0,0,0,0,0
lena_kartss,68,4448679,4,0,0,0,0,0,250900,0,0,0,0,0
lenadeg,34,140280,3,0,0,0,0,0,17090,0,0,0,0,0
lenadexter,17,78034,0,0,0,0,0,0,0,0,0,0,0,0
lenajenkina,1,6100,0,0,0,0,0,0,0,0,0,0,0,0
lenamiro,8,1896,0,0,0,0,0,0,0,0,0,0,0,0
lenaperminova_official,17,694500,1,0,0,0,0,0,36600,0,0,0,0,0
lenar_s,3,3430,0,0,0,0,0,0,0,0,0,0,0,0
lenasamchuk,1,14700,0,0,0,0,0,0,0,0,0,0,0,0
lenashushurinaa,6,6383,0,0,0,0,0,0,0,0,0,0,0,0
lenayasenkova,4,3628,0,0,0,0,0,0,0,0,0,0,0,0
lenchiklapp,2,1180,0,0,0,0,0,0,0,0,0,0,0,0
leni_kotik,11,33680,0,0,0,0,0,0,0,0,0,0,0,0
lenin0gorsk_city,2,535,0,0,0,0,0,0,0,0,0,0,0,0
lenin_dom,31,524459,0,0,0,0,0,0,0,0,0,0,0,0
lenina59,12,19520,0,0,0,0,0,0,0,0,0,0,0,0
leninapaket,7,13960,0,0,0,0,0,0,0,0,0,0,0,0
leniniwtv,18,71089,1,0,0,0,0,0,3990,0,0,0,0,0
lenjaniha1,47,122629,0,0,0,0,0,0,0,0,0,0,0,0
lenny_kravets_INFP,25,113730,0,0,0,0,0,0,0,0,0,0,0,0
lenoblast47,36,31384,0,0,0,0,0,0,0,0,0,0,0,0
lenoblast_online,14,7943,0,0,0,0,0,0,0,0,0,0,0,0
lenskayanastya,1,37,0,0,0,0,0,0,0,0,0,0,0,0
lent_az,14,2474,0,0,0,0,0,0,0,0,0,0,0,0
lenta174,17,13380,0,0,0,0,0,0,0,0,0,0,0,0
lenta75ru,134,548008,3,0,0,0,0,0,15330,0,0,0,0,0
lenta_rf,3,2362,0,0,0,0,0,0,0,0,0,0,0,0
lenta_ua,3,722,0,0,0,0,0,0,0,0,0,0,0,0
lentach,1,2990,0,0,0,0,0,0,0,0,0,0,0,0
lentachold,2139,285724139,30,0,0,0,0,0,4033000,0,0,0,0,0
lentadna,28,1012300,1,0,0,0,0,0,85700,0,0,0,0,0
lentadnya,5213,304851407,91,0,1,11,0,0,4978800,0,72000,669600,0,0
lenusheenstyle,5,1605,0,0,0,0,0,0,0,0,0,0,0,0
leonid_volkov,36,366390,2,0,0,0,0,1,16850,0,0,0,0,12400
leonidgozman,1,277,0,0,0,0,0,0,0,0,0,0,0,0
leonidnevzlin,74,901840,3,0,0,0,0,0,26070,0,0,0,0,0
leonidparfenov_official,30,1448100,4,0,0,0,0,0,222700,0,0,0,0,0
leonidshvets,1,1500,0,0,0,0,0,0,0,0,0,0,0,0
leontyev_ilya,13,77680,0,0,0,0,0,0,0,0,0,0,0,0
lepasrbija,1,510,0,0,0,0,0,0,0,0,0,0,0,0
lepekhinblog,9,8489,0,0,0,0,0,0,0,0,0,0,0,0
ler_chek_tg,7,4634,0,0,0,0,0,0,0,0,0,0,0,0
lera_stori,3,75,0,0,0,0,0,0,0,0,0,0,0,0
lera_tumanova,70,101385,0,0,0,0,0,0,0,0,0,0,0,0
lerakryuk,13,31646,0,0,0,0,0,0,0,0,0,0,0,0
lerakudryavtseva,772,83168429,3,0,0,0,0,0,267800,0,0,0,0,0
lerarisachan,14,69370,0,0,0,0,0,0,0,0,0,0,0,0
leruinisays,2,14080,0,0,0,0,0,0,0,0,0,0,0,0
lesdiffuseurs,32,39829,0,0,0,0,0,0,0,0,0,0,0,0
lesinform,8,25920,0,0,0,0,0,0,0,0,0,0,0,0
lesnue,25,506530,1,0,0,0,0,0,19200,0,0,0,0,0
lestercm,17,84790,0,0,0,0,0,0,0,0,0,0,0,0
lesyaguseva,22,61946,0,0,0,0,0,0,0,0,0,0,0,0
lesyaryabtseva,21,92119,0,0,0,0,0,0,0,0,0,0,0,0
lesyayellow,6,11230,0,0,0,0,0,0,0,0,0,0,0,0
letaembezstraha,41,151120,2,0,0,0,0,0,7580,0,0,0,0,0
letaitg,3,14010,0,0,0,0,0,0,0,0,0,0,0,0
letuchayaelena,13,87400,1,0,0,0,0,0,12200,0,0,0,0,0
levchenko_ua,47,109563,10,0,0,0,0,0,14329,0,0,0,0,0
level_A_YK,1,1200,0,0,0,0,0,0,0,0,0,0,0,0
level_info,1,3340,0,0,0,0,0,0,0,0,0,0,0,0
leventsovka_news,11,22092,0,0,0,0,0,0,0,0,0,0,0,0
levlevitsky_channel,5,3624,0,0,0,0,0,0,0,0,0,0,0,0
levoborin,4,1787,0,0,0,0,0,0,0,0,0,0,0,0
levoradikal,3,1032,0,0,0,0,0,0,0,0,0,0,0,0
levsd,2,977,0,0,0,0,0,0,0,0,0,0,0,0
levsha_tg,17,11482,0,0,0,0,0,0,0,0,0,0,0,0
lexa_sniper,37,258828,0,0,0,0,0,0,0,0,0,0,0,0
leylakhi,35,98539,0,0,0,0,0,0,0,0,0,0,0,0
leylinurimm,12,94312,0,0,0,0,0,0,0,0,0,0,0,0
leytink_ru,14,15654,0,0,0,0,0,0,0,0,0,0,0,0
lezgigazet1,1,36,0,0,0,0,0,0,0,0,0,0,0,0
lgbelarussegodnya,11,935,0,0,0,0,0,0,0,0,0,0,0,0
lgbtfess,22,16623,0,0,0,0,0,0,0,0,0,0,0,0
lh_health,35,93791,1,0,0,0,0,0,2950,0,0,0,0,0
lhdigest,32,40168,0,0,0,0,0,0,0,0,0,0,0,0
liababaeva,2,26,0,0,0,0,0,0,0,0,0,0,0,0
lianashulginaa,18,358990,0,0,0,0,0,0,0,0,0,0,0,0
lianayelyeah,16,41173,0,0,0,0,0,0,0,0,0,0,0,0
liashko_official,4,8402,0,0,0,0,0,0,0,0,0,0,0,0
libaniran,22,23633,0,0,0,0,0,0,0,0,0,0,0,0
liberaespressione,3,31990,0,0,0,0,0,0,0,0,0,0,0,0
liberal_XXI,7,90,0,0,0,0,0,0,0,0,0,0,0,0
libermantranslate,6,7109,1,0,0,0,0,0,1180,0,0,0,0,0
liberta_ua,24,79579,3,0,0,1,0,0,12400,0,0,1900,0,0
libertarian_party,2,4740,0,0,0,0,0,0,0,0,0,0,0,0
libertas_justitia_veritas,29,256130,0,0,0,0,0,0,0,0,0,0,0,0
libertypeople,307,9000179,4,0,0,0,0,0,120000,0,0,0,0,0
licarbxx,22,155180,0,0,0,0,0,0,0,0,0,0,0,0
lichtwarts,18,106590,2,0,0,0,2,0,16660,0,0,0,12750,0
lidamoniava,5,15210,0,0,0,0,0,0,0,0,0,0,0,0
lietomerealty,35,101366,0,0,0,0,0,0,0,0,0,0,0,0
life_aurora,4,385,0,0,0,0,0,0,0,0,0,0,0,0
life_dagestan,32,32422,0,0,0,0,0,0,0,0,0,0,0,0
life_in_sweden,7,10657,0,0,0,0,0,0,0,0,0,0,0,0
life_saratov,13,2373,0,0,0,0,0,0,0,0,0,0,0,0
life_sergiev_posad,20,300500,0,0,0,0,0,0,0,0,0,0,0,0
life_udmurtia,20,51263,0,0,0,0,0,0,0,0,0,0,0,0
life_voronezh,15,11544,0,0,0,0,0,0,0,0,0,0,0,0
lifecellukraine,29,170420,0,0,0,0,0,0,0,0,0,0,0,0
lifeistravel,1,178,0,0,0,0,0,0,0,0,0,0,0,0
lifekarina,14,1331800,1,0,0,0,0,0,105000,0,0,0,0,0
lifemanager,1,509,0,0,0,0,0,0,0,0,0,0,0,0
lifeoflikograd,3,2685,0,0,0,0,0,0,0,0,0,0,0,0
lifepetersburg,504,7382274,1,0,0,0,0,0,24300,0,0,0,0,0
lifepicnic,11,18774,0,0,0,0,0,0,0,0,0,0,0,0
lifepublic,3,874,0,0,0,0,0,0,0,0,0,0,0,0
lifesitetelegram,22,7534,0,0,0,0,0,0,0,0,0,0,0,0
lifewithHanna,292,4902810,1,0,0,0,0,0,10600,0,0,0,0,0
liganet,97,664014,6,0,0,0,0,0,43730,0,0,0,0,0
lightMoscow,12,37250,0,0,0,0,0,0,0,0,0,0,0,0
lightmycire,11,244800,2,0,0,0,0,0,45700,0,0,0,0,0
likebook_ya,17,92630,1,0,0,0,0,0,3670,0,0,0,0,0
liliapokataevaa,26,169770,0,0,0,0,0,0,0,0,0,0,0,0
lilleof2000,2,2200,0,0,0,0,0,0,0,0,0,0,0,0
limarenko_official,34,109556,0,0,0,0,0,0,0,0,0,0,0,0
limkdon,425,8188,0,0,0,0,0,0,0,0,0,0,0,0
linadzhebisashviliofficial,8,29290,0,0,0,0,0,0,0,0,0,0,0,0
linassworld,9,17094,0,0,0,0,0,0,0,0,0,0,0,0
lineasrojas,14,37688,0,0,0,0,0,0,0,0,0,0,0,0
linguabarno,27,446502,0,0,0,0,0,0,0,0,0,0,0,0
linkdoni,61316,982103718,0,0,0,0,0,0,0,0,0,0,0,0
linnawin,5,220600,0,0,0,0,0,0,0,0,0,0,0,0
linwoodspeakstruth,2225,38438916,0,0,0,0,0,0,0,0,0,0,0,0
lipetsk48_city,14,5519,0,0,0,0,0,0,0,0,0,0,0,0
lipetskmediaru,5,2526,0,0,0,0,0,0,0,0,0,0,0,0
lipetsktop1,20,105200,0,0,0,0,0,0,0,0,0,0,0,0
liptown,52,391610,1,0,0,0,0,0,7630,0,0,0,0,0
lirika_project,6,2177,0,0,0,0,0,0,0,0,0,0,0,0
lisa_angel_288,8,55,0,0,0,0,0,0,0,0,0,0,0,0
lisa_magazine,8,1320,0,0,0,0,0,0,0,0,0,0,0,0
lisagoncharova,29,947400,2,0,0,0,0,0,65600,0,0,0,0,0
lisandrinaaa,6,7636,1,0,0,0,0,0,1770,0,0,0,0,0
lisofalii,5,471,0,0,0,0,0,0,0,0,0,0,0,0
lisoofficial,29,8280,0,0,0,0,0,0,0,0,0,0,0,0
lisovskaya_k,20,13308,0,0,0,0,0,0,0,0,0,0,0,0
lissamedia,2,131,0,0,0,0,0,0,0,0,0,0,0,0
lissbuha,30,137170,0,0,0,0,0,0,0,0,0,0,0,0
lissoff,27,144190,0,0,0,0,0,0,0,0,0,0,0,0
listenvoicenews,1,196,0,0,0,0,0,0,0,0,0,0,0,0
listmdpmr,22,76750,0,0,0,0,0,0,0,0,0,0,0,0
listnewsru,73,862431,2,0,0,0,0,0,21540,0,0,0,0,0
listovki_97,1,289,0,0,0,0,0,0,0,0,0,0,0,0
lisy70,22,74771,0,0,0,0,0,0,0,0,0,0,0,0
litehdtv,35,473910,0,0,0,0,0,0,0,0,0,0,0,0
liternews,31,7583,0,0,0,0,0,0,0,0,0,0,0,0
litreevsays,17,19895,0,0,0,0,0,0,0,0,0,0,0,0
littlebusinkaa,10,152020,0,0,0,0,0,0,0,0,0,0,0,0
litvintm,199,178357800,0,0,0,0,0,0,0,0,0,0,0,0
liubatolkalina,16,120416,0,0,0,0,0,0,0,0,0,0,0,0
liubotyn,135,486383,0,0,0,0,0,0,0,0,0,0,0,0
liusivaya,27,447929,0,0,0,0,0,0,0,0,0,0,0,0
live_41,14,19613,0,0,0,0,0,0,0,0,0,0,0,0
live_America,18,25185,0,0,0,0,0,0,0,0,0,0,0,0
live_che,2,345,0,0,0,0,0,0,0,0,0,0,0,0
live_krass,2,844,0,0,0,0,0,0,0,0,0,0,0,0
live_kuban,24,37402,0,0,0,0,0,0,0,0,0,0,0,0
live_mos,34,119066,0,0,0,0,0,0,0,0,0,0,0,0
live_sicilia,31,101160,0,0,0,0,0,0,0,0,0,0,0,0
live_tver,3,3262,0,0,0,0,0,0,0,0,0,0,0,0
liveangarsk,1,358,0,0,0,0,0,0,0,0,0,0,0,0
livebir,185,1405048,3,0,0,1,0,0,31630,0,0,7770,0,0
livegvozd,70,446689,3,0,0,0,0,0,33340,0,0,0,0,0
livekasimov,15,32246,0,0,0,0,0,0,0,0,0,0,0,0
livelikegangsta,25,608330,0,0,0,0,0,0,0,0,0,0,0,0
livennov,2,888,0,0,0,0,0,0,0,0,0,0,0,0
livesochi,61,585272,0,0,0,0,0,0,0,0,0,0,0,0
livetouring,25,13916,0,0,0,0,0,0,0,0,0,0,0,0
livinginarmenia,15,29430,0,0,0,0,0,0,0,0,0,0,0,0
livson,2,1701,0,0,0,0,0,0,0,0,0,0,0,0
liza_kiriia,3,477,0,0,0,0,0,0,0,0,0,0,0,0
liza_rudkevich,13,185910,0,0,0,0,0,0,0,0,0,0,0,0
lizaalert,13,129080,1,0,0,0,0,0,3680,0,0,0,0,0
lizaalert_irkutsk,2,1685,0,0,0,0,0,0,0,0,0,0,0,0
lizaalert_kk,38,215510,0,0,0,0,0,0,0,0,0,0,0,0
lizagysevskaya,15,94440,1,0,0,0,0,0,5340,0,0,0,0,0
lizanugumanova,31,218385,0,0,0,0,0,0,0,0,0,0,0,0
lizasidorinalive,9,3901,0,0,0,0,0,0,0,0,0,0,0,0
lizobez,31,60577,0,0,0,0,0,0,0,0,0,0,0,0
lizonnnnn,9,166720,0,0,0,0,0,0,0,0,0,0,0,0
lizzieasy,7,503,0,0,0,0,0,0,0,0,0,0,0,0
lizzzogub,188,5431500,0,0,0,0,0,0,0,0,0,0,0,0
ljvova_olga1,53,693310,2,0,0,0,0,0,19150,0,0,0,0,0
llizaaleksseevna,7,38760,0,0,0,0,0,0,0,0,0,0,0,0
lluiko,41,16675,0,0,0,0,0,0,0,0,0,0,0,0
lmdlf,17,27730,1,0,0,0,0,0,1080,0,0,0,0,0
lmikeb,41,510400,0,0,0,0,0,0,0,0,0,0,0,0
lmn_in_ua,20,18461,0,0,0,0,0,0,0,0,0,0,0,0
lngchannel,31,49890,0,0,0,0,0,0,0,0,0,0,0,0
lobaev_vlad,69,1246492,0,0,0,0,0,0,0,0,0,0,0,0
lobnya,22,108509,0,0,0,0,0,0,0,0,0,0,0,0
lobnya2,23,60052,0,0,0,0,0,0,0,0,0,0,0,0
lobushkin,61,690404,1,0,0,0,0,0,10600,0,0,0,0,0
localhost_ru,13,81110,0,0,0,0,0,0,0,0,0,0,0,0
localpresshk,36,8630,0,0,0,0,0,0,0,0,0,0,0,0
locus_equation,7,8119,1,0,0,0,0,0,1070,0,0,0,0,0
logikamarkova,54,1418900,0,0,0,0,0,0,0,0,0,0,0,0
logscm,21,9492,1,0,0,0,0,0,564,0,0,0,0,0
logvinenko_rnd,3,350,0,0,0,0,0,0,0,0,0,0,0,0
lokoncevalexey,30,34801,0,0,0,0,0,0,0,0,0,0,0,0
lolitamilyavskaya,56,938450,0,0,0,0,0,0,0,0,0,0,0,0
lomovkaa,197,6643148,17,0,0,0,1,0,546392,0,0,0,48300,0
long_telegram,3,3610,0,0,0,0,0,0,0,0,0,0,0,0
looking_for_beauty,13,57710,0,0,0,0,0,0,0,0,0,0,0,0
lookmoor,28,253841,1,0,0,0,0,0,12700,0,0,0,0,0
loomeredofficial,38,66236,0,0,0,0,0,0,0,0,0,0,0,0
loonydrom,34,131729,0,0,0,0,0,0,0,0,0,0,0,0
loove_yourself,1,117,0,0,0,0,0,0,0,0,0,0,0,0
lopyrevavictoria,85,1328020,0,0,0,0,0,0,0,0,0,0,0,0
lorcencov,27,150850,0,0,0,0,1,0,0,0,0,0,4300,0
losevlive,38,60313,0,0,0,0,0,0,0,0,0,0,0,0
losinka_yaroslavka,23,209060,0,0,0,0,0,0,0,0,0,0,0,0
love_is_top,30,143821,0,0,0,0,0,0,0,0,0,0,0,0
love_new_york,4,4,0,0,0,0,0,0,0,0,0,0,0,0
love_poltava,48,20558,1,0,0,1,0,0,375,0,0,318,0,0
lovechernihiv,111,1113656,0,0,0,0,0,0,0,0,0,0,0,0
lovecity0629,15,13558,0,0,0,0,0,0,0,0,0,0,0,0
loveinthefuckingworld,6,4782,0,0,0,0,0,0,0,0,0,0,0,0
lovemoscow24,21,29876,0,0,0,0,0,0,0,0,0,0,0,0
lovennov,25,3144,0,0,0,0,0,0,0,0,0,0,0,0
lovepeacesvet,18,127680,2,0,0,0,0,0,20480,0,0,0,0,0
lovessfat,40,879600,0,0,0,0,0,0,0,0,0,0,0,0
lovessska,12,7048,0,0,0,0,0,0,0,0,0,0,0,0
loveucrimea,20,529,0,0,0,0,0,0,0,0,0,0,0,0
lovimskidki,20,4767,0,0,0,0,0,0,0,0,0,0,0,0
lovuska,20,16686,0,0,0,0,0,0,0,0,0,0,0,0
loza_evgeniya,20,161237,0,0,0,0,0,0,0,0,0,0,0,0
lozova_news,2,6340,0,0,0,0,0,0,0,0,0,0,0,0
lpr_tg,11,18320,0,0,0,0,0,0,0,0,0,0,0,0
lsh_afisha,11,9439,0,0,0,0,0,0,0,0,0,0,0,0
lsmlv,1,3870,0,0,0,0,0,0,0,0,0,0,0,0
lspof,40,5089700,0,0,0,0,0,0,0,0,0,0,0,0
lu_di_z,110,402904,1,0,0,0,0,0,4300,0,0,0,0,0
luberecki,19,113850,0,0,0,0,0,0,0,0,0,0,0,0
lublu_litry,7,23920,0,0,0,0,0,0,0,0,0,0,0,0
lubotin_miskarada,2,2440,0,0,0,0,0,0,0,0,0,0,0,0
lubyatinkaone,58,7319,0,0,0,0,0,0,0,0,0,0,0,0
lucia_reload,22,105049,0,0,0,0,0,0,0,0,0,0,0,0
ludzu,4,13000,0,0,0,0,0,0,0,0,0,0,0,0
luganmedia,6,462,0,0,0,0,0,0,0,0,0,0,0,0
lugansk_life,11,17880,0,0,0,0,0,0,0,0,0,0,0,0
lugansk_ru,29,122080,0,0,0,0,0,0,0,0,0,0,0,0
luganska_oda,2,46,0,0,0,0,0,0,0,0,0,0,0,0
luganskallnews,70,776733,0,0,0,0,0,0,0,0,0,0,0,0
lugovoyandrey,32,707550,1,0,0,0,0,0,6340,0,0,0,0,0
luguev1,38,183408,0,0,0,0,0,0,0,0,0,0,0,0
luhanskaVTSA,64,100859,4,0,0,0,0,0,5770,0,0,0,0,0
luiciffo,25,551470,0,0,0,0,0,0,0,0,0,0,0,0
luizcamargovlog,34,43567,0,0,0,0,0,0,0,0,0,0,0,0
lukenchuktoday,16,30600,0,0,0,0,0,0,0,0,0,0,0,0
lukhovitsypodslushano,35,46262,0,0,0,0,0,0,0,0,0,0,0,0
lukiru,4,2451,0,0,0,0,0,0,0,0,0,0,0,0
lumandao,33,81444,2,0,0,0,0,0,15340,0,0,0,0,0
lumberjacklogicshow,10,4396,0,0,0,0,0,0,0,0,0,0,0,0
lumpen_v,38,295030,1,0,0,0,0,0,10100,0,0,0,0,0
lunainfo,1,102,0,0,0,0,0,0,0,0,0,0,0,0
lunmisto,6,9320,0,0,0,0,0,0,0,0,0,0,0,0
lunomos,55,945900,0,0,0,0,0,0,0,0,0,0,0,0
luppolobeer,1,2140,0,0,0,0,0,0,0,0,0,0,0,0
lusaban,18,12240,0,0,0,0,0,0,0,0,0,0,0,0
lushnikov_Alexey,34,292450,2,0,0,0,0,0,6230,0,0,0,0,0
lusin_moon1,47,170226,0,0,0,0,0,0,0,0,0,0,0,0
lutzbachmann,20,74740,0,0,0,0,0,0,0,0,0,0,0,0
luxta_tv,60,6472760,0,0,0,0,0,0,0,0,0,0,0,0
luxtoday,22,41540,0,0,0,0,0,0,0,0,0,0,0,0
lvaht,8,7318,0,0,0,0,0,0,0,0,0,0,0,0
lvanka_Trump,21,68389,0,0,0,0,0,0,0,0,0,0,0,0
lvivVScoronavirus,49,675250,0,0,0,0,0,0,0,0,0,0,0,0
lviv_adm,16,14322,0,0,0,0,0,0,0,0,0,0,0,0
lviv_balachka,20,3050,0,0,0,0,0,0,0,0,0,0,0,0
lviv_golovne,55,886989,0,0,0,0,0,0,0,0,0,0,0,0
lviv_lmbrg,150,1925560,0,0,0,0,0,0,0,0,0,0,0,0
lviv_vakansii,40,23473,1,0,0,0,0,0,452,0,0,0,0,0
lviving,15,16873,0,0,0,0,0,0,0,0,0,0,0,0
lvivmedia,24,37607,1,0,0,0,0,0,1520,0,0,0,0,0
lvivoblenergo,31,3737600,0,0,0,0,0,0,0,0,0,0,0,0
lvivregion,15,1317,0,0,0,0,0,0,0,0,0,0,0,0
lvivshchyna_news,199,938335,4,0,0,0,1,0,19770,0,0,0,4390,0
lvivyany_news,17,34583,0,0,0,0,0,0,0,0,0,0,0,0
lvivych_news,1612,183517330,6,0,0,1,1,0,688600,0,0,132000,111000,0
lyaisan_daminova,9,4137,0,0,0,0,0,0,0,0,0,0,0,0
lyalechkareal,18,305690,1,0,0,0,0,0,22000,0,0,0,0,0
lyalina_natalie,98,12849246,2,0,0,0,0,0,481000,0,0,0,0,0
lyashov12,20,369240,0,0,0,0,0,0,0,0,0,0,0,0
lybnusvitlo,15,17772,0,0,0,0,0,0,0,0,0,0,0,0
lychee_wood,20,30552,0,0,0,0,0,0,0,0,0,0,0,0
lynacom200,40,2585340,0,0,0,0,0,0,0,0,0,0,0,0
lynxstories,13,355,0,0,0,0,0,0,0,0,0,0,0,0
lyptsi_gromada_group,1,667,0,0,0,0,0,0,0,0,0,0,0,0
lyubertsy_life,33,28086,0,0,0,0,0,0,0,0,0,0,0,0
lyubertsy_park,19,20888,0,0,0,0,0,0,0,0,0,0,0,0
lyubertsy_sos,14,33143,0,0,0,0,0,0,0,0,0,0,0,0
m1acum,15,2057,0,0,0,0,0,0,0,0,0,0,0,0
m3takal,5,25120,0,0,0,0,0,0,0,0,0,0,0,0
m4kx1m2OO3,13,28430,1,0,0,0,0,0,1890,0,0,0,0,0
mBRFF,32,357850,0,0,0,0,0,0,0,0,0,0,0,0
m_alexa_art,11,133500,0,0,0,0,0,0,0,0,0,0,0,0
m_almasmari,4,3270,0,0,0,0,0,0,0,0,0,0,0,0
m_elizarov,38,1106730,0,0,0,0,0,0,0,0,0,0,0,0
m_gladkih24,47,646879,1,0,0,0,0,0,29800,0,0,0,0,0
m_goldarb,48,514359,6,0,0,1,0,0,76700,0,0,4720,0,0
m_s_v_balouchestan,1,26,0,0,0,0,0,0,0,0,0,0,0,0
m_timonov,9,19550,1,0,0,0,0,0,2320,0,0,0,0,0
maIa9a,5,7130,0,0,0,0,0,0,0,0,0,0,0,0
maMinenkov,19,237850,0,0,0,0,0,0,0,0,0,0,0,0
ma_linochkaa,49,846239,1,0,0,0,0,0,12200,0,0,0,0,0
mabrur_dev,22,73669,0,0,0,0,0,0,0,0,0,0,0,0
mac_feyka,27,13889,0,0,0,0,0,0,0,0,0,0,0,0
macaogcs,74,12133,0,0,0,0,0,0,0,0,0,0,0,0
maccins,35,131470,1,0,0,0,0,0,3930,0,0,0,0,0
madam_kaka_allo,38,1222200,1,0,0,0,0,0,35900,0,0,0,0,0
madam_secretar,165,884687,8,0,0,0,0,0,33370,0,0,0,0,0
madaniyatvazirligi,3,3539,0,0,0,0,0,0,0,0,0,0,0,0
madanname_ir,20,9096,0,0,0,0,0,0,0,0,0,0,0,0
madcpa,7,5951,0,0,0,0,0,0,0,0,0,0,0,0
maddysontg,52,6222301,1,0,0,0,0,0,96000,0,0,0,0,0
made_in_kg,21,15500,1,0,0,0,0,0,805,0,0,0,0,0
madhajimn,32,40529,0,0,0,0,0,0,0,0,0,0,0,0
madrid_phantoms,23,27273,0,0,0,0,0,0,0,0,0,0,0,0
madworkdays,28,58595,1,0,0,0,0,0,1430,0,0,0,0,0
maester,583,43501698,39,0,0,1,1,0,2815600,0,0,83900,59500,0
maevamasha,15,61920,0,0,0,0,0,0,0,0,0,0,0,0
magadan_magadan,90,595277,0,0,0,0,0,0,0,0,0,0,0,0
magadanmedia,43,71361,0,0,0,0,0,0,0,0,0,0,0,0
magaisma1,31,243260,0,0,0,0,0,0,0,0,0,0,0,0
magarsaaqilxuu,19,11632,0,0,0,0,0,0,0,0,0,0,0,0
magcity74ru,26,21062,0,0,0,0,0,0,0,0,0,0,0,0
magcrime,11,2310,0,0,0,0,0,0,0,0,0,0,0,0
magera_pro_vybory,4,3311,0,0,0,0,0,0,0,0,0,0,0,0
magistral20,5,4482,0,0,0,0,0,0,0,0,0,0,0,0
magnum_RI,3,2062,0,0,0,0,0,0,0,0,0,0,0,0
magnum_opu3,9,97020,0,0,0,0,0,0,0,0,0,0,0,0
magomedkostoev,1,494,0,0,0,0,0,0,0,0,0,0,0,0
magomedov_mus,8,6809,0,0,0,0,0,0,0,0,0,0,0,0
magpravda,13,1148,1,0,0,0,0,0,85,0,0,0,0,0
mahabadnews_irib,7,2383,0,0,0,0,0,0,0,0,0,0,0,0
mahalati_news,17,12175,0,0,0,0,0,0,0,0,0,0,0,0
mahalehdarabad,16,13905,0,0,0,0,0,0,0,0,0,0,0,0
mahalla_raisi,31,244110,0,0,0,0,0,0,0,0,0,0,0,0
mahallehonline,2,150,0,0,0,0,0,0,0,0,0,0,0,0
mahavsekruto1224,21,199540,0,0,0,0,0,0,0,0,0,0,0,0
mahchzo,18,3112,0,0,0,0,0,0,0,0,0,0,0,0
mahdavifar2021,93,1153654,0,0,0,0,0,0,0,0,0,0,0,0
mahdyyon,3,63,0,0,0,0,0,0,0,0,0,0,0,0
mahfuzasblog,2,4120,0,0,0,0,0,0,0,0,0,0,0,0
mahonin59,3,7810,0,0,0,0,0,0,0,0,0,0,0,0
mahtiev13top,5,2598,0,0,0,0,0,0,0,0,0,0,0,0
main_aerodrome,24,24970,0,0,0,0,0,0,0,0,0,0,0,0
maindisclosurenews,184,272719,0,0,0,0,0,0,0,0,0,0,0,0
mainnews,1150,1570077,0,0,0,0,0,0,0,0,0,0,0,0
maitanov_online,6,4587,1,0,0,0,0,0,662,0,0,0,0,0
majdankrd,2,4,0,0,0,0,0,0,0,0,0,0,0,0
majorselivanov,11,4577,0,0,0,0,0,0,0,0,0,0,0,0
mak_mini7,5,4058,0,0,0,0,0,0,0,0,0,0,0,0
makar_ignatov,2,89200,0,0,0,0,0,0,0,0,0,0,0,0
makarenko_channel,35,550370,0,0,0,0,0,0,0,0,0,0,0,0
makarivinfo,65,139857,0,0,0,0,0,0,0,0,0,0,0,0
makarov_kb,6,71730,0,0,0,0,0,0,0,0,0,0,0,0
makarskayababsovet,458,17443530,4,0,0,0,0,0,158400,0,0,0,0,0
make_A_great_again,1,679,0,0,0,0,0,0,0,0,0,0,0,0
makedonskaya_chatt,1,21300,0,0,0,0,0,0,0,0,0,0,0,0
maken_news,1,0,0,0,0,0,0,0,0,0,0,0,0,0
makkasagaipova87,32,235750,0,0,0,0,0,0,0,0,0,0,0,0
makor_il,21,3644,0,0,0,0,0,0,0,0,0,0,0,0
maksim_ivanon,4,109,0,0,0,0,0,0,0,0,0,0,0,0
maksim_tesak,10,518680,0,0,0,0,0,0,0,0,0,0,0,0
maksimkamensk,67,51683,1,0,0,0,1,0,506,0,0,0,1300,0
maksimovich_pi,15,6269,0,0,0,0,0,0,0,0,0,0,0,0
maksyt2020,1,7850,0,0,0,0,0,0,0,0,0,0,0,0
makutv,30,21598,0,0,0,0,0,0,0,0,0,0,0,0
mal1navag1na,15,400230,0,0,0,0,0,0,0,0,0,0,0,0
mal_books,2,1396,0,0,0,0,0,0,0,0,0,0,0,0
malanka,10,8214,0,0,0,0,0,0,0,0,0,0,0,0
malayadanilovka,39,74039,0,0,0,0,0,0,0,0,0,0,0,0
malaysia_with_nik,9,8469,1,0,0,0,0,0,965,0,0,0,0,0
malaysiasinarharian,15,3907,0,0,0,0,0,0,0,0,0,0,0,0
male_syndicate,20,5339,1,0,0,0,0,0,402,0,0,0,0,0
malekdudakov,81,5560420,6,0,0,1,0,1,229300,0,0,22600,0,25000
malenacircassa,2,1468,0,0,0,0,0,0,0,0,0,0,0,0
malfoysquad,14,43990,0,0,0,0,0,0,0,0,0,0,0,0
malina_wildberries,14,9293,0,0,0,0,0,0,0,0,0,0,0,0
malkevich_live,30,629577,1,0,1,0,0,0,24300,0,23700,0,0,0
mallaev_ru,8,13200,0,0,0,0,0,0,0,0,0,0,0,0
mallina_by,2,3820,0,0,0,0,0,0,0,0,0,0,0,0
mallxx1999,9,3846,0,0,0,0,0,0,0,0,0,0,0,0
maluyebat,5,10740,0,0,0,0,0,0,0,0,0,0,0,0
mama_mi_shonka,17,90880,0,0,0,0,0,0,0,0,0,0,0,0
mama_nydika,8,20080,0,0,0,0,0,0,0,0,0,0,0,0
mamaeat,1,798,0,0,0,0,0,0,0,0,0,0,0,0
mamaia_ro,13,52980,0,0,0,0,0,0,0,0,0,0,0,0
mamalapatundeley,38,3042,1,0,0,0,0,0,29,0,0,0,0,0
mamaoliaaa,1,19,0,0,0,0,0,0,0,0,0,0,0,0
mamaraspytina,18,114070,0,0,0,0,0,0,0,0,0,0,0,0
mamashvetka,19,95334,0,0,0,0,0,0,0,0,0,0,0,0
mamayavtoronto,1,313,0,0,0,0,0,0,0,0,0,0,0,0
mamazanuda,1,4560,0,0,0,0,0,0,0,0,0,0,0,0
mamina_nezhnost,24,27277,0,0,0,0,0,0,0,0,0,0,0,0
mamkini_budni,4,171,0,0,0,0,0,0,0,0,0,0,0,0
mamlekate,1898,250285651,0,0,0,0,0,0,0,0,0,0,0,0
mamul_am,24,5532,0,0,0,0,0,0,0,0,0,0,0,0
mamymoskva,25,35572,0,0,0,0,0,0,0,0,0,0,0,0
man_of_a_thousand_faces,6,19488,1,0,0,0,0,0,726,0,0,0,0,0
manarenewal,16,34530,0,0,0,0,0,0,0,0,0,0,0,0
manaviyat_va_marifat_darsi,54,4199300,0,0,0,0,0,0,0,0,0,0,0,0
manewsagency,10,1204,0,0,0,0,0,0,0,0,0,0,0,0
manfromsib,33,75643,1,0,0,0,0,0,1650,0,0,0,0,0
manga_anime_news,45,536370,0,0,0,0,0,0,0,0,0,0,0,0
mangasgate,3,3015,0,0,0,0,0,0,0,0,0,0,0,0
mangostandlyaexlibrisss,3,5820,0,0,0,0,0,0,0,0,0,0,0,0
mangystaumedia,4,113,0,0,0,0,0,0,0,0,0,0,0,0
mani4estor,16,7441,0,0,0,0,0,0,0,0,0,0,0,0
manifestinua,14,8958,0,0,0,0,0,0,0,0,0,0,0,0
manilounpizdit,27,440700,0,0,0,0,0,0,0,0,0,0,0,0
manizhme,24,247270,0,0,0,0,0,0,0,0,0,0,0,0
manjilkhabar,65,33154,0,0,0,0,0,0,0,0,0,0,0,0
mann_igor,22,44717,0,0,0,0,0,0,0,0,0,0,0,0
manshuq,3,475,1,0,0,0,0,0,166,0,0,0,0,0
manudavila,1,5830,0,0,0,0,0,0,0,0,0,0,0,0
mapfu2022,7,20970,0,0,0,0,0,0,0,0,0,0,0,0
mapkez,25,159240,0,0,0,0,0,0,0,0,0,0,0,0
mapsua,20,62330,0,0,0,0,0,0,0,0,0,0,0,0
marachok,11,51860,0,0,0,0,0,0,0,0,0,0,0,0
maradyerbook,6,8400,0,0,0,0,0,0,0,0,0,0,0,0
maragli_faktlar,27,136,0,0,0,0,0,0,0,0,0,0,0,0
maraqli_tv,677,12064890,0,0,0,0,0,0,0,0,0,0,0,0
marawhisper,4,951,0,0,0,0,0,0,0,0,0,0,0,0
marazmRT,40,174840,0,0,0,0,0,0,0,0,0,0,0,0
mardanaka,2140,131765516,71,0,1,16,1,0,4751700,0,67700,1056300,50100,0
mardom_press,11,4592,0,0,0,0,0,0,0,0,0,0,0,0
mardomfoundation,25,65773,0,0,0,0,0,0,0,0,0,0,0,0
maresievport,14,440,0,0,0,0,0,0,0,0,0,0,0,0
marfugashapian,6,4950,0,0,0,0,0,0,0,0,0,0,0,0
marganets_news,46,16312,0,0,0,0,0,0,0,0,0,0,0,0
margaritadirge,11,11156,0,0,0,0,0,0,0,0,0,0,0,0
margaritasimonyan,839,207277789,14,0,0,0,1,0,3065800,0,0,0,156500,0
margaritayacobson,5,11310,0,0,0,0,0,0,0,0,0,0,0,0
marginalgaynotes,1,711,0,0,0,0,0,0,0,0,0,0,0,0
marhamat_bugun,411,1382587,0,0,0,0,0,0,0,0,0,0,0,0
marhamatliklar_Marhamat,127,5758,0,0,0,0,0,0,0,0,0,0,0,0
marhamatpress,10,5121,0,0,0,0,0,0,0,0,0,0,0,0
maria_degtereva,19,52332,0,0,0,0,0,0,0,0,0,0,0,0
maria_germany,24,33272,1,0,0,0,0,0,1190,0,0,0,0,0
maria_kiseleva_official,25,7403,0,0,0,0,0,0,0,0,0,0,0,0
mariabaym,20,48769,0,0,0,0,0,0,0,0,0,0,0,0
mariabutina,40,403626,1,0,0,0,0,0,569,0,0,0,0,0
mariadenisova19,26,27175,1,0,0,0,0,0,383,0,0,0,0,0
mariaershovachannel,13,11268,0,0,0,0,0,0,0,0,0,0,0,0
mariakakdela,50,1517120,0,0,0,0,0,0,0,0,0,0,0,0
mariannaeliseeva,10,338910,1,0,0,0,0,0,20100,0,0,0,0,0
mariasergeyeva,30,1003300,1,0,0,0,0,0,16200,0,0,0,0,0
mariashukshina,136,4909875,2,0,0,0,0,0,109000,0,0,0,0,0
marie_lobanova,6,16047,0,0,0,0,0,0,0,0,0,0,0,0
mariel_tgnews,54,675080,1,0,0,0,0,0,17000,0,0,0,0,0
marifatjamal,25,309750,0,0,0,0,0,0,0,0,0,0,0,0
mariia_belovaa,1,892,0,0,0,0,0,0,0,0,0,0,0,0
mariianel,39,84881,1,0,0,0,0,0,2020,0,0,0,0,0
marik_life,12,51360,2,0,0,0,0,0,8010,0,0,0,0,0
marik_news,9,3019,0,0,0,0,0,0,0,0,0,0,0,0
marik_today,1,3630,0,0,0,0,0,0,0,0,0,0,0,0
marikakravtsova,6,3039,0,0,0,0,0,0,0,0,0,0,0,0
marina_maksim,23,162090,0,0,0,0,0,0,0,0,0,0,0,0
marina_omichka,5,6610,1,0,0,0,0,0,1010,0,0,0,0,0
marina_skidki,128,1323940,0,0,0,0,0,0,0,0,0,0,0,0
marinafilatovaaa,6,95950,1,0,0,0,0,0,9520,0,0,0,0,0
marinagiller,6,5032,1,0,0,0,0,0,765,0,0,0,0,0
marinakimm,3,3970,0,0,0,0,0,0,0,0,0,0,0,0
marinakravets_official,42,468599,0,0,0,0,0,0,0,0,0,0,0,0
marinaluxious,30,356270,0,0,0,0,0,0,0,0,0,0,0,0
marinamalinovaya,7,35220,1,0,0,0,0,0,3660,0,0,0,0,0
mariofriasoficiall,20,33380,0,0,0,0,0,0,0,0,0,0,0,0
marireporter,2,3300,0,0,0,0,0,0,0,0,0,0,0,0
maritimeforum,14,291,0,0,0,0,0,0,0,0,0,0,0,0
mariupol,9,143420,0,0,0,0,0,0,0,0,0,0,0,0
mariupol_1778,5,2307,0,0,0,0,0,0,0,0,0,0,0,0
mariupol_lviv,1,26,0,0,0,0,0,0,0,0,0,0,0,0
mariupol_online24,21,116698,0,0,0,0,0,0,0,0,0,0,0,0
mariupol_super_marik,3,0,0,0,0,0,0,0,0,0,0,0,0,0
mariupolnow,2170,53930422,8,0,0,1,0,0,236900,0,0,26100,0,0
mariupolrada,38,65689,1,0,0,0,0,0,2170,0,0,0,0,0
mariupolz,6,1411,0,0,0,0,0,0,0,0,0,0,0,0
marivoyage,4,495,0,0,0,0,0,0,0,0,0,0,0,0
mariwankhabar,100,1197470,0,0,0,0,0,0,0,0,0,0,0,0
mariyambotasheva01,4,9410,0,0,0,0,0,0,0,0,0,0,0,0
mariyaomgchannel,22,333730,0,0,0,0,0,0,0,0,0,0,0,0
mark2_che,100,1625370,0,0,0,0,0,0,0,0,0,0,0,0
markacollett,19,49225,0,0,0,0,0,0,0,0,0,0,0,0
markaz24uz,68,743346,0,0,0,0,0,0,0,0,0,0,0,0
markkalinin,34,352110,0,0,0,0,0,0,0,0,0,0,0,0
markkot56,41,147274,2,0,0,0,0,0,9030,0,0,0,0,0
markninetyninth,34,652590,0,0,0,0,0,0,0,0,0,0,0,0
markofglory,38,450460,0,0,0,0,0,0,0,0,0,0,0,0
markovatlt,22,67400,0,0,0,0,0,0,0,0,0,0,0,0
markovnews,20,6731,0,0,0,0,0,0,0,0,0,0,0,0
marksteele5g,40,67333,0,0,0,0,0,0,0,0,0,0,0,0
marmarrries,67,2545000,1,0,0,0,0,0,59300,0,0,0,0,0
marmok_yt,61,29570400,0,0,0,0,0,0,0,0,0,0,0,0
marplevls,12,75760,0,0,0,0,0,0,0,0,0,0,0,0
marryme_bellamy,25,132306,0,0,0,0,0,0,0,0,0,0,0,0
marrymemariya13,24,165120,0,0,0,0,0,0,0,0,0,0,0,0
marsalMalinovskij,18,50364,0,0,0,0,0,0,0,0,0,0,0,0
marselchk,16,22861,0,0,0,0,0,0,0,0,0,0,0,0
martin_brest_pehota,24,213500,2,0,0,0,0,0,17600,0,0,0,0,0
martinsellnerIB,103,1258350,0,0,0,0,0,0,0,0,0,0,0,0
martinsellnervideos,50,420930,0,0,0,0,0,0,0,0,0,0,0,0
martsinkiv_ONLINE,58,565740,0,0,0,0,0,0,0,0,0,0,0,0
martynenko_vlog,20,39866,0,0,0,0,0,0,0,0,0,0,0,0
martynov2021,60,2680744,1,0,0,0,0,0,58000,0,0,0,0,0
martynov_23,29,686250,0,0,0,0,0,0,0,0,0,0,0,0
martynovadn,15,36362,0,0,0,0,0,0,0,0,0,0,0,0
maru_oru,31,15477,0,0,0,0,0,0,0,0,0,0,0,0
marunovnikolay,1,809,0,0,0,0,0,0,0,0,0,0,0,0
marvastonline,30,19436,0,0,0,0,0,0,0,0,0,0,0,0
marx_union,41,198920,3,0,0,0,0,0,14310,0,0,0,0,0
marxismcenter,27,14627,0,0,0,0,0,0,0,0,0,0,0,0
maryananaumova,42,736005,0,0,0,0,0,0,0,0,0,0,0,0
marygutak_music,1,55,0,0,0,0,0,0,0,0,0,0,0,0
marykohno888,52,2375953,0,0,0,0,0,0,0,0,0,0,0,0
marylvk,31,249190,0,0,0,0,0,0,0,0,0,0,0,0
marysennx,12,189100,0,0,0,0,0,0,0,0,0,0,0,0
maryymmee,4,41600,0,0,0,0,0,0,0,0,0,0,0,0
marzoev_oleg,13,5021,0,0,0,0,0,0,0,0,0,0,0,0
mash_batash,57,836510,0,0,0,0,0,0,0,0,0,0,0,0
mash_donbass,76,718261,0,0,0,0,0,0,0,0,0,0,0,0
mash_gor,59,535381,0,0,0,0,0,0,0,0,0,0,0,0
mash_iptash,56,2306709,0,0,0,0,0,0,0,0,0,0,0,0
mash_na_volne,57,1089560,3,0,0,0,0,0,45650,0,0,0,0,0
mash_nimash,40,454243,0,0,0,1,0,0,0,0,0,17700,0,0
mash_siberia,71,780541,0,0,0,0,0,0,0,0,0,0,0,0
masha51,14,174330,0,0,0,0,0,0,0,0,0,0,0,0
masha_machere,6,5087,0,0,0,0,0,0,0,0,0,0,0,0
masha_on_tour,18,467130,0,0,0,0,0,0,0,0,0,0,0,0
mashaanohina,26,378970,0,0,0,0,0,0,0,0,0,0,0,0
mashagorban,20,310710,0,0,0,0,0,0,0,0,0,0,0,0
mashaivakova,20,425390,0,0,0,0,0,0,0,0,0,0,0,0
mashanedovolnaya,16,173040,0,0,0,0,0,0,0,0,0,0,0,0
mashapashuk,3,6920,0,0,0,0,0,0,0,0,0,0,0,0
mashatill,5,8144,0,0,0,0,0,0,0,0,0,0,0,0
mashkomnata,6,60630,2,0,0,0,0,0,27000,0,0,0,0,0
mashmoyka,1066,128274238,15,0,0,1,0,0,1625600,0,0,124000,0,0
maslenikovliga,1,3690,0,0,0,0,0,0,0,0,0,0,0,0
maslennikovliga,194,228898000,0,0,0,0,0,0,0,0,0,0,0,0
masllovv1,9,132700,0,0,0,0,0,0,0,0,0,0,0,0
maslo_va,2,214,0,0,0,0,0,0,0,0,0,0,0,0
maslov_as,3,3540,0,0,0,0,0,0,0,0,0,0,0,0
maslovasia,44,178039,0,0,0,0,0,0,0,0,0,0,0,0
maspt,1,919,0,0,0,0,0,0,0,0,0,0,0,0
massaget_news,72,107079,0,0,0,0,0,0,0,0,0,0,0,0
massmediauz,4,6410,0,0,0,0,0,0,0,0,0,0,0,0
master_pera,42,506142,3,0,0,0,0,0,34200,0,0,0,0,0
masterildar,8,473900,0,0,0,0,0,0,0,0,0,0,0,0
masyashpakofficial,74,2405110,0,0,0,0,0,0,0,0,0,0,0,0
matabienews,30,1393,0,0,0,0,0,0,0,0,0,0,0,0
mataherinews2,48,608040,0,0,0,0,0,0,0,0,0,0,0,0
matanaliz_kofman,18,12512,0,0,0,0,0,0,0,0,0,0,0,0
matanove_zno,1,304,0,0,0,0,0,0,0,0,0,0,0,0
matchboxdoodles,4,0,0,0,0,0,0,0,0,0,0,0,0,0
matrena_struchkova25,13,16654,0,0,0,0,0,0,0,0,0,0,0,0
matrix_failure,1,79,0,0,0,0,0,0,0,0,0,0,0,0
matrixpractikum,7,9590,0,0,0,0,0,0,0,0,0,0,0,0
matteogracis,58,3906400,0,0,0,0,0,0,0,0,0,0,0,0
matteorenziufficiale,35,62598,0,0,0,0,0,0,0,0,0,0,0,0
mattlawsonphotography,14,27224,0,0,0,0,0,0,0,0,0,0,0,0
matushka_austra_lia,6,2057,0,0,0,0,0,0,0,0,0,0,0,0
matushka_life,20,22580,0,0,0,0,0,0,0,0,0,0,0,0
matveevkalive,18,5994,0,0,0,0,0,0,0,0,0,0,0,0
matveevkomment,7,73260,0,0,0,0,0,0,0,0,0,0,0,0
matveybezdar,1,885,0,0,0,0,0,0,0,0,0,0,0,0
matveychev,38,31450,2,0,0,0,0,0,1078,0,0,0,0,0
mavrinlive,12,68590,0,0,0,0,0,0,0,0,0,0,0,0
max_chepay,48,191311,0,0,0,0,0,0,0,0,0,0,0,0
max_drozd,4,13520,1,0,0,0,0,0,2760,0,0,0,0,0
maxalex1979,9,8899,0,0,0,0,0,0,0,0,0,0,0,0
maxandmama,32,57687,3,0,0,0,0,0,7470,0,0,0,0,0
maxbakhmatov,15,36760,0,0,0,0,0,0,0,0,0,0,0,0
maxdaykaa,12,16745,0,0,0,0,0,0,0,0,0,0,0,0
maxfiylink,11,69250,0,0,0,0,0,0,0,0,0,0,0,0
maxfiyxabarlar,1,0,0,0,0,0,0,0,0,0,0,0,0,0
maxgadyukin,26,40065,0,0,0,0,0,0,0,0,0,0,0,0
maxi_musaev,14,29871,0,0,0,0,0,0,0,0,0,0,0,0
maxifednews,18,12964,0,0,0,0,0,0,0,0,0,0,0,0
maxim2004live,5,7515,0,0,0,0,0,0,0,0,0,0,0,0
maximgrigoryev,18,146849,1,0,0,0,0,0,554,0,0,0,0,0
maximkatz,83,5118000,3,0,0,0,0,0,171100,0,0,0,0,0
maximreznik,11,1949,0,0,0,0,0,0,0,0,0,0,0,0
maximrru,13,104060,0,0,0,0,0,0,0,0,0,0,0,0
maximtoury,46,35439,0,0,0,0,0,0,0,0,0,0,0,0
maximum_radio,10,13537,0,0,0,0,0,0,0,0,0,0,0,0
maxlineua,20,61150,0,0,0,0,0,0,0,0,0,0,0,0
maxmarmazh,26,1893900,0,0,0,0,0,0,0,0,0,0,0,0
maxnetua,34,139280,0,0,0,0,0,0,0,0,0,0,0,0
mayadeenchannel,121,767713,0,0,0,0,0,0,0,0,0,0,0,0
mayamanna,4,2574,0,0,0,0,0,0,0,0,0,0,0,0
mayapurnews,3,3340,0,0,0,0,0,0,0,0,0,0,0,0
maybejuli,14,35850,0,0,0,0,0,0,0,0,0,0,0,0
mayday_7700,29,655270,2,0,0,0,0,0,8500,0,0,0,0,0
maydecree,17,129050,0,0,0,0,0,0,0,0,0,0,0,0
mayniyt,39,2131200,0,0,0,0,0,0,0,0,0,0,0,0
mayorpolishchuk,38,1548900,0,0,0,0,0,0,0,0,0,0,0,0
mayorthunder,12,174600,0,0,0,0,0,0,0,0,0,0,0,0
mayyadragan,12,39082,0,0,0,0,0,0,0,0,0,0,0,0
mazandaraniribnews,21,1956,0,0,0,0,0,0,0,0,0,0,0,0
mazellovvv,466,76788200,0,0,0,0,0,0,0,0,0,0,0,0
mazibaid,1,1720,0,0,0,0,0,0,0,0,0,0,0,0
mazur_70,13,106730,0,0,0,0,0,0,0,0,0,0,0,0
mazurtelegram,9,13720,0,0,0,0,0,0,0,0,0,0,0,0
mbn360,52,66593,0,0,0,0,0,0,0,0,0,0,0,0
mbsmolin,4,21030,0,0,0,0,0,0,0,0,0,0,0,0
mchs112by,19,132335,0,0,0,0,0,0,0,0,0,0,0,0
mchs30,1,96,0,0,0,0,0,0,0,0,0,0,0,0
mchs_dnr,42,171830,0,0,0,0,0,0,0,0,0,0,0,0
mchs_rostov,4,3692,0,0,0,0,0,0,0,0,0,0,0,0
mchskrsk,6,3103,0,0,0,0,0,0,0,0,0,0,0,0
mchsrb01,1,768,0,0,0,0,0,0,0,0,0,0,0,0
mctoday,14,9906,0,0,0,0,0,0,0,0,0,0,0,0
mcusochi,10,5029,0,0,0,0,0,0,0,0,0,0,0,0
md_alieva,6,15710,0,0,0,0,0,0,0,0,0,0,0,0
md_infa,20,128250,0,0,0,0,0,0,0,0,0,0,0,0
md_krot,52,547174,1,0,0,1,0,0,12200,0,0,11500,0,0
mdkVostok,40,5079,0,0,0,0,0,0,0,0,0,0,0,0
mdkm_rf,5,1993,0,0,0,0,0,0,0,0,0,0,0,0
mebis_58,15,48756,0,0,0,0,0,0,0,0,0,0,0,0
mechtaproject,8,4297,0,0,0,0,0,0,0,0,0,0,0,0
mechtay,10,81060,0,0,0,0,0,0,0,0,0,0,0,0
medads,281,876176,0,0,0,0,0,0,0,0,0,0,0,0
medbezumie,19,1811,0,0,0,0,0,0,0,0,0,0,0,0
medcorps,2,1612,0,0,0,0,0,0,0,0,0,0,0,0
mediaAlmashrek,12,2489,0,0,0,0,0,0,0,0,0,0,0,0
mediaIQBelarus,2,1041,0,0,0,0,0,0,0,0,0,0,0,0
media_aurora,3,325,0,0,0,0,0,0,0,0,0,0,0,0
media_polonne,14,3160,0,0,0,0,0,0,0,0,0,0,0,0
media_slivki,20,51340,2,0,0,0,0,0,5140,0,0,0,0,0
media_soldier,40,3926,0,0,0,0,0,0,0,0,0,0,0,0
media_vdk,17,22305,0,0,0,0,0,0,0,0,0,0,0,0
mediaagency_acc,23,14164,1,0,1,0,0,0,1200,0,533,0,0,0
mediadeportugal,15,15149,0,0,0,0,0,0,0,0,0,0,0,0
mediagroza_kzn,35,71220,0,0,0,0,0,0,0,0,0,0,0,0
mediakailo,43,437310,0,0,0,0,0,0,0,0,0,0,0,0
mediakr,8,3094,0,0,0,0,0,0,0,0,0,0,0,0
mediamvd,24,103934,0,0,0,0,0,0,0,0,0,0,0,0
mediapolesye,3,70,0,0,0,0,0,0,0,0,0,0,0,0
mediasib,35,15396,0,0,0,0,0,0,0,0,0,0,0,0
mediaskat,14,2503,0,0,0,0,0,0,0,0,0,0,0,0
mediasrachi3,20,40770,0,0,0,0,0,0,0,0,0,0,0,0
mediastan,3,3337,0,0,0,0,0,0,0,0,0,0,0,0
mediatorfm,8,1454,0,0,0,0,0,0,0,0,0,0,0,0
mediatrend,2,1674,0,0,0,0,0,0,0,0,0,0,0,0
mediatusovka,20,104329,0,0,0,0,0,0,0,0,0,0,0,0
mediavist,32,176690,1,0,0,0,0,0,7820,0,0,0,0,0
mediazonaCA,24,43409,1,0,0,0,0,0,1100,0,0,0,0,0
mediazonalinks,20,2521,0,0,0,0,0,0,0,0,0,0,0,0
mediazp,9,287,0,0,0,0,0,0,0,0,0,0,0,0
mediazzzona,2709,50998380,53,0,1,3,2,0,1045860,0,18700,64200,34200,0
mediia_news,2,0,0,0,0,0,0,0,0,0,0,0,0,0
medpharm,20,9193,0,0,0,0,0,0,0,0,0,0,0,0
meduza_news,2981,143858395,23,0,0,4,0,0,1860100,0,0,104800,0,0
meduzalive,11435,2368306996,344,0,1,33,8,1,70588300,0,208000,7181900,1868400,159000
meduzapro,20,95560,0,0,0,0,0,0,0,0,0,0,0,0
medve_diva1,30,265350,0,0,0,0,0,0,0,0,0,0,0,0
medvedev_note,47,360840,2,0,0,0,0,0,9220,0,0,0,0,0
medvedev_telegram,159,449633998,3,0,0,0,1,0,9610000,0,0,0,1380000,0
medvedievmykhailo,15,18414,0,0,0,0,0,0,0,0,0,0,0,0
medvedlos,3,5120,0,0,0,0,0,0,0,0,0,0,0,0
meels_kel,66,19675800,0,0,0,0,0,0,0,0,0,0,0,0
meestchina_schedule,20,72230,0,0,0,0,0,0,0,0,0,0,0,0
meeters,19,22759,0,0,0,0,0,0,0,0,0,0,0,0
megaberloga,61,951070,0,0,0,0,0,0,0,0,0,0,0,0
megabitch,42,831970,3,0,0,0,0,0,76200,0,0,0,0,0
megaexpressive,12,86040,0,0,0,0,0,0,0,0,0,0,0,0
megapolis_ugra,19,12061,0,0,0,0,0,0,0,0,0,0,0,0
meirl,3,405,0,0,0,0,0,0,0,0,0,0,0,0
meklimov,3,1972,0,0,0,0,0,0,0,0,0,0,0,0
mel_gibsonchannel,39,418320,0,0,0,0,0,0,0,0,0,0,0,0
melanchallina,16,15153,0,0,0,0,0,0,0,0,0,0,0,0
melatebidaronline,19,4321,0,0,0,0,0,0,0,0,0,0,0,0
melayudenyuts,4,170600,0,0,0,0,0,0,0,0,0,0,0,0
melbournefreedomrallyupdates,14,14973,0,0,0,0,0,0,0,0,0,0,0,0
melhagram,58,1140600,0,0,0,0,0,0,0,0,0,0,0,0
melikadamyan2,16,3854,0,0,0,0,0,0,0,0,0,0,0,0
melikov05,18,209330,0,0,0,0,0,0,0,0,0,0,0,0
melipayamak,7,13790,0,0,0,0,0,0,0,0,0,0,0,0
melitopol_ru,65,1288233,0,0,0,0,0,0,0,0,0,0,0,0
melitopoladmin,60,1867170,0,0,0,0,0,0,0,0,0,0,0,0
melitopolnews1,8,6920,0,0,0,0,0,0,0,0,0,0,0,0
melkonian_sergei,5,17800,0,0,0,0,0,0,0,0,0,0,0,0
mellimazzhabi,20,6786,0,0,0,0,0,0,0,0,0,0,0,0
melnikovone,24,14446,0,0,0,0,0,0,0,0,0,0,0,0
melregion,5,1433,0,0,0,0,0,0,0,0,0,0,0,0
meltonsonya,11,202,0,0,0,0,0,0,0,0,0,0,0,0
memattache,33,1317790,0,0,0,0,0,0,0,0,0,0,0,0
memfilter,3,27160,0,0,0,0,0,0,0,0,0,0,0,0
memorial_dn,2,691,0,0,0,0,0,0,0,0,0,0,0,0
memorial_mo,2,12150,0,0,0,0,0,0,0,0,0,0,0,0
memuargrb,2,7460,0,0,0,0,0,0,0,0,0,0,0,0
menmasculinities,4,6290,1,0,0,0,0,0,1950,0,0,0,0,0
menskrazam_info,1,111,0,0,0,0,0,0,0,0,0,0,0,0
mentahan_listchl,43,114613,0,0,0,0,0,0,0,0,0,0,0,0
mentlife37,19,56650,0,0,0,0,0,0,0,0,0,0,0,0
menzelinskfm,6,451,0,0,0,0,0,0,0,0,0,0,0,0
meowsssx,3,1136,0,0,0,0,0,0,0,0,0,0,0,0
meraatnews,2,451,0,0,0,0,0,0,0,0,0,0,0,0
merbratsk,12,21406,1,0,0,0,0,0,276,0,0,0,0,0
merciless_russia,7,9074,0,0,0,0,0,0,0,0,0,0,0,0
merirosvoradio,7,5582,0,0,0,0,0,0,0,0,0,0,0,0
meriyabir,7,2148,0,0,0,0,0,0,0,0,0,0,0,0
merussiatg,21,94722,0,0,0,0,0,0,0,0,0,0,0,0
meschera,17,57810,0,0,0,0,0,0,0,0,0,0,0,0
mesherskiles,38,34451,0,0,0,0,0,0,0,0,0,0,0,0
mesherskiy_les_MoyDom,11,5865,0,0,0,0,0,0,0,0,0,0,0,0
messinainforma,4,36,0,0,0,0,0,0,0,0,0,0,0,0
mestamedia,14,4673,0,0,0,0,0,0,0,0,0,0,0,0
mesto_community,26,63260,2,0,0,0,0,0,5230,0,0,0,0,0
mesto_dobra,11,83,0,0,0,0,0,0,0,0,0,0,0,0
mestopro,6,6433,0,0,0,0,0,0,0,0,0,0,0,0
mestopro_khv27,36,34293,0,0,0,0,0,0,0,0,0,0,0,0
meta_lyst,34,767600,0,0,0,0,0,0,0,0,0,0,0,0
metadonts,1,928,0,0,0,0,0,0,0,0,0,0,0,0
metallplace,1,174,0,0,0,0,0,0,0,0,0,0,0,0
metalnikova_krasnodar,12,8649,0,0,0,0,0,0,0,0,0,0,0,0
metalonline,5,2440,0,0,0,0,0,0,0,0,0,0,0,0
metaltorgnews,12,530,0,0,0,0,0,0,0,0,0,0,0,0
metanoy,22,37871,1,0,0,0,0,0,1060,0,0,0,0,0
metelskiy_moscow,51,55718,16,0,1,1,0,0,30221,0,544,555,0,0
meters2,89,2316193,2,0,0,0,0,0,80400,0,0,0,0,0
metfone_closer,43,156398,0,0,0,0,0,0,0,0,0,0,0,0
metkatv,29,49677,0,0,0,0,0,0,0,0,0,0,0,0
metlapress,16,77585,0,0,0,0,0,0,0,0,0,0,0,0
metodi4ka,64,1358790,6,0,0,0,0,0,125000,0,0,0,0,0
metropiket,5,1071,1,0,0,0,0,0,108,0,0,0,0,0
metropolesurgente,22,26413,0,0,0,0,0,0,0,0,0,0,0,0
meydantv,20,12502,0,0,0,0,0,0,0,0,0,0,0,0
mezenovafam,27,475980,1,0,0,0,0,0,24300,0,0,0,0,0
mezumichan,30,377720,0,0,0,0,0,0,0,0,0,0,0,0
mfc_reutov,22,1002,0,0,0,0,0,0,0,0,0,0,0,0
mfcexpert_news,12,93070,0,0,0,0,0,0,0,0,0,0,0,0
mfcmo,10,32180,0,0,0,0,0,0,0,0,0,0,0,0
mflenov,3,6830,0,0,0,0,0,0,0,0,0,0,0,0
mgbnkvd,1,0,0,0,0,0,0,0,0,0,0,0,0,0
mgd_broadcast,3,5430,0,0,0,0,0,0,0,0,0,0,0,0
mgd_unofficial,37,52113,0,0,0,0,0,0,0,0,0,0,0,0
mger_77,9,39625,0,0,0,0,0,0,0,0,0,0,0,0
mgjha,2,307,0,0,0,0,0,0,0,0,0,0,0,0
mgkestonia,23,4507,0,0,0,0,0,0,0,0,0,0,0,0
mgn74admin,25,24904,1,0,0,0,0,0,1070,0,0,0,0,0
miLOHin228,30,794440,0,0,0,0,0,0,0,0,0,0,0,0
miZanthropy,2,4460,0,0,0,0,0,0,0,0,0,0,0,0
miacum,12,9657,2,0,0,0,0,0,315,0,0,0,0,0
miass_sluh,49,646100,0,0,0,0,0,0,0,0,0,0,0,0
miass_sobitie,49,628900,0,0,0,0,0,0,0,0,0,0,0,0
miassplombir,2,1317,0,0,0,0,0,0,0,0,0,0,0,0
miatsir,12,1835,0,0,0,0,0,0,0,0,0,0,0,0
micemaria,8,16500,0,0,0,0,0,0,0,0,0,0,0,0
michael_shraibman,6,4786,0,0,0,0,0,0,0,0,0,0,0,0
michaeljohns1,4,39080,0,0,0,0,0,0,0,0,0,0,0,0
microcopy,23,116090,2,0,0,0,0,0,9370,0,0,0,0,0
micromedia666,18,53180,0,0,0,0,0,0,0,0,0,0,0,0
mid_lnr,8,538,1,0,0,0,0,0,61,0,0,0,0,0
middle_east_review,39,87460,0,0,0,0,0,0,0,0,0,0,0,0
middleastguide,8,11781,0,0,0,0,0,0,0,0,0,0,0,0
mideastr,30,142610,1,0,0,0,0,0,5190,0,0,0,0,0
miduralofficial,5,843,0,0,0,0,0,0,0,0,0,0,0,0
miemaranalyses,3,4010,0,0,0,0,0,0,0,0,0,0,0,0
mierilain,26,15514,0,0,0,0,0,0,0,0,0,0,0,0
mig41,3268,503453350,95,0,1,2,2,0,13940600,0,112000,426000,237000,0
migdalsergei,62,105836,0,0,0,0,0,0,0,0,0,0,0,0
mighty_russiaOP,19,107000,0,0,0,0,0,0,0,0,0,0,0,0
migip_group,1,1900,0,0,0,0,0,0,0,0,0,0,0,0
mignewscom,93,246236,0,0,0,0,0,0,0,0,0,0,0,0
mihaarulive,15,1302,0,0,0,0,0,0,0,0,0,0,0,0
mihail_anufrienko,41,835,0,0,0,0,0,0,0,0,0,0,0,0
mihail_onyfrienko,7,70410,0,0,0,0,0,0,0,0,0,0,0,0
mihail_sovetskij,67,1678081,1,0,0,0,1,0,40900,0,0,0,27400,0
mihailaksel,9,78530,1,0,0,0,0,0,426,0,0,0,0,0
mihailfateev,35,106351,3,0,0,0,0,0,12150,0,0,0,0,0
mihalina,6,152540,0,0,0,0,0,0,0,0,0,0,0,0
mihaylets_pro,26,34879,0,0,0,0,0,0,0,0,0,0,0,0
miheevpavlov_pro,128,8376980,0,0,0,0,0,0,0,0,0,0,0,0
mihnovosti,13,29205,0,0,0,0,0,0,0,0,0,0,0,0
mik_lana,23,138060,0,0,0,0,0,0,0,0,0,0,0,0
mikaboms,2,5790,0,0,0,0,0,0,0,0,0,0,0,0
mikayelbad,45,239840,3,0,0,0,0,0,14380,0,0,0,0,0
mikeblumandeluxe,6,24720,0,0,0,0,0,0,0,0,0,0,0,0
mikhail_lazutin1995,43,624080,0,0,0,0,0,0,0,0,0,0,0,0
mikhail_s_gelfand,3,17280,0,0,0,0,0,0,0,0,0,0,0,0
mikhailmavashi,133,17518000,0,0,0,0,0,0,0,0,0,0,0,0
mikhailovsk24,1,517,0,0,0,0,0,0,0,0,0,0,0,0
mikhailovsky_park,11,10786,0,0,0,0,0,0,0,0,0,0,0,0
mikhailsylka,7,8677,0,0,0,0,0,0,0,0,0,0,0,0
mikita_franko,30,24856,0,0,0,0,0,0,0,0,0,0,0,0
mil_12,13,20117,0,0,0,0,0,0,0,0,0,0,0,0
milan_uhrik,28,168980,0,0,0,0,0,0,0,0,0,0,0,0
milana_offi,30,2720800,0,0,0,0,0,0,0,0,0,0,0,0
milanmazurek,46,274200,0,0,0,0,0,0,0,0,0,0,0,0
milasaifutdinova,1,3500,0,0,0,0,0,0,0,0,0,0,0,0
milashkina_nekrasova,199,26402400,0,0,0,0,0,0,0,0,0,0,0,0
milchin,28,50253,0,0,0,0,0,0,0,0,0,0,0,0
mildixs,9,45940,0,0,0,0,0,0,0,0,0,0,0,0
milenator,18,66230,0,0,0,0,0,0,0,0,0,0,0,0
milinfolive,5770,725039504,68,0,0,22,0,0,8483300,0,0,3053000,0,0
milinua,92,1034601,1,0,0,0,0,0,15800,0,0,0,0,0
militaresemplice,48,182064,0,0,0,0,0,0,0,0,0,0,0,0
military_arm,26,196260,1,0,0,0,0,0,7290,0,0,0,0,0
military_armenia,18,3135,0,0,0,0,0,0,0,0,0,0,0,0
military_az,95,514523,1,0,0,0,0,0,3240,0,0,0,0,0
military_kvartal,2,10730,0,0,0,0,0,0,0,0,0,0,0,0
military_u,40,128490,0,0,0,0,0,0,0,0,0,0,0,0
militarydonetsk,545,5133036,13,0,0,0,2,0,109100,0,0,0,13900,0
militarymaps,43,129211,0,0,0,0,0,0,0,0,0,0,0,0
militarynewstrue,46,501730,3,0,0,1,0,0,29730,0,0,9750,0,0
militaryreview,2,0,0,0,0,0,0,0,0,0,0,0,0,0
militarytimes,1,38,0,0,0,0,0,0,0,0,0,0,0,0
militsiya_tv,79,61028,0,0,0,0,0,0,0,0,0,0,0,0
miliy_tomsk,7,13330,0,0,0,0,0,0,0,0,0,0,0,0
milkmulatkachat,2,19380,0,0,0,0,0,0,0,0,0,0,0,0
millergena,28,73110,0,0,0,0,0,0,0,0,0,0,0,0
millerovo_live,10,41710,0,0,0,0,0,0,0,0,0,0,0,0
millettvcrimea,2,147,0,0,0,0,0,0,0,0,0,0,0,0
milliardtatar,10,3671,0,0,0,0,0,0,0,0,0,0,0,0
milliygvardiyauz_official,9,32060,0,0,0,0,0,0,0,0,0,0,0,0
millnr,35,3547,0,0,0,0,0,0,0,0,0,0,0,0
milovaeah,21,279037,0,0,0,0,0,0,0,0,0,0,0,0
mimimizhka_telegram,6,3020,0,0,0,0,0,0,0,0,0,0,0,0
mimoproh,22,29860,0,0,0,0,0,0,0,0,0,0,0,0
min_pravda,65,2109496,0,0,0,0,0,0,0,0,0,0,0,0
minaevlife,322,17748318,4,0,0,0,0,0,219600,0,0,0,0,0
minaevmind,22,13649,0,0,0,0,0,0,0,0,0,0,0,0
minarety,25,61689,1,0,0,0,0,0,4130,0,0,0,0,0
mincerchannel,71,470689,4,0,0,0,0,0,18210,0,0,0,0,0
mincifry,16,17339,0,0,0,0,0,0,0,0,0,0,0,0
minddeus,1,1590,0,0,0,0,0,0,0,0,0,0,0,0
mindua,20,14194,1,0,0,0,0,0,788,0,0,0,0,0
minenergo_official,8,18339,0,0,0,0,0,0,0,0,0,0,0,0
minenergy_uz,18,87130,0,0,0,0,0,0,0,0,0,0,0,0
minikarolina,16,1225300,0,0,0,0,0,0,0,0,0,0,0,0
minipeoplenews,2,5800,0,0,0,0,0,0,0,0,0,0,0,0
ministerstvotrudaRD,9,1430,0,0,0,0,0,0,0,0,0,0,0,0
ministr_estate,15,10779,0,0,0,0,0,0,0,0,0,0,0,0
ministry_of_defense_ua,39,811090,1,0,0,0,0,0,10500,0,0,0,0,0
ministryofinformation,134,1365920,0,0,0,0,0,0,0,0,0,0,0,0
minjustofficial,8,18981,1,0,0,1,0,0,4660,0,0,1760,0,0
minkovaanna23,14,118860,0,0,0,0,0,0,0,0,0,0,0,0
minkult_crimea,13,1107,0,0,0,0,0,0,0,0,0,0,0,0
minobrkubaniofficial,9,5558,0,0,0,0,0,0,0,0,0,0,0,0
minpromtorg,1,268,0,0,0,0,0,0,0,0,0,0,0,0
minpromtorg_ru,10,56700,0,0,0,0,0,0,0,0,0,0,0,0
minpromtorgrf,4,858,0,0,0,0,0,0,0,0,0,0,0,0
minpros73,6,6880,0,0,0,0,0,0,0,0,0,0,0,0
minprosvet_kbr,13,5597,0,0,0,0,0,0,0,0,0,0,0,0
minre_ua,12,24870,0,0,0,0,0,0,0,0,0,0,0,0
minsk_world,13,96790,0,0,0,0,0,0,0,0,0,0,0,0
minskbel,2,39,0,0,0,0,0,0,0,0,0,0,0,0
minski_marat,15,19802,0,0,0,0,0,0,0,0,0,0,0,0
minskiygorispolkom,16,52560,0,0,0,0,0,0,0,0,0,0,0,0
minskmir_live,11,56680,1,0,0,0,0,0,6210,0,0,0,0,0
minsknews_by,12,6372,0,0,0,0,0,0,0,0,0,0,0,0
minsoc52,6,688,0,0,0,0,0,0,0,0,0,0,0,0
minsoc_buryatia,17,22824,0,0,0,0,0,0,0,0,0,0,0,0
minsockbr,3,172,1,0,0,0,0,0,25,0,0,0,0,0
minstroy,1,18,0,0,0,0,0,0,0,0,0,0,0,0
minstroyrf,27,69769,0,0,0,0,0,0,0,0,0,0,0,0
mintfantta,26,116841,0,0,0,0,0,0,0,0,0,0,0,0
mintransrussia,1,34,0,0,0,0,0,0,0,0,0,0,0,0
mintrud_yakutia,6,747,0,0,0,0,0,0,0,0,0,0,0,0
mintrudkubani,13,2404,0,0,0,0,0,0,0,0,0,0,0,0
mintrudoblasti,28,51527,0,0,0,0,0,0,0,0,0,0,0,0
mintrudpk,11,4800,0,0,0,0,0,0,0,0,0,0,0,0
mintrudrf,38,711660,0,0,0,0,0,0,0,0,0,0,0,0
minut30,134,1211989,2,0,0,0,0,0,12230,0,0,0,0,0
minutedericardo,28,132090,0,0,0,0,0,0,0,0,0,0,0,0
minutounocom,8,9977,0,0,0,0,0,0,0,0,0,0,0,0
minval_az,9,8747,0,0,0,0,0,0,0,0,0,0,0,0
minvody_life_1,8,9988,0,0,0,0,0,0,0,0,0,0,0,0
minvostok,8,8144,0,0,0,0,0,0,0,0,0,0,0,0
minyaylo_notes,30,36708,1,0,0,0,0,0,416,0,0,0,0,0
minzdravrh,2,110,0,0,0,0,0,0,0,0,0,0,0,0
minzhilmo,10,7022,0,0,0,0,0,0,0,0,0,0,0,0
mioripng,11,872700,0,0,0,0,0,0,0,0,0,0,0,0
miptstream,3,1753,0,0,0,0,0,0,0,0,0,0,0,0
mir24tv,13,5106,0,0,0,0,0,0,0,0,0,0,0,0
mir_conflict,2,603,0,0,0,0,0,0,0,0,0,0,0,0
mir_novo,20,94,0,0,0,0,0,0,0,0,0,0,0,0
mir_osobennogo_simki,1,1030,0,0,0,0,0,0,0,0,0,0,0,0
mirbelogorya,31,48200,0,0,0,0,0,0,0,0,0,0,0,0
mirbezfashizm,12,292,2,0,0,0,0,0,40,0,0,0,0,0
mirby22,25,1717400,0,0,0,0,0,0,0,0,0,0,0,0
mirf_ru,24,119130,0,0,0,0,0,0,0,0,0,0,0,0
mirgorodlive,29,196820,0,0,0,0,0,0,0,0,0,0,0,0
miriyevtv,20,43806,0,0,0,0,0,0,0,0,0,0,0,0
mirkaisgermaniivrossiju,11,38133,0,0,0,0,0,0,0,0,0,0,0,0
mirmirele,17,69040,0,0,0,0,0,0,0,0,0,0,0,0
mirmol05,9,7443,0,0,0,0,0,0,0,0,0,0,0,0
mirnohradmva,2,197,0,0,0,0,0,0,0,0,0,0,0,0
miroheredos,28,121878,0,0,0,0,0,0,0,0,0,0,0,0
mironov_fm,29,140940,3,0,0,0,0,0,10580,0,0,0,0,0
mironovanastasiia,17,930600,0,0,0,0,0,0,0,0,0,0,0,0
mironovonline,63,2252510,1,0,0,0,0,0,34600,0,0,0,0,0
mirosha6969,8,19610,0,0,0,0,0,0,0,0,0,0,0,0
miroshnik_r,30,191471,1,0,0,0,0,0,892,0,0,0,0,0
miroslavcimo,28,45485,0,0,0,0,0,0,0,0,0,0,0,0
mirsoyuz,33,83609,0,0,0,0,0,0,0,0,0,0,0,0
mirzachultumani,23,9305,0,0,0,0,0,0,0,0,0,0,0,0
misanthrop77,4,19340,0,0,0,0,0,0,0,0,0,0,0,0
misceve,7,12540,0,0,0,0,0,0,0,0,0,0,0,0
misha_borz,25,135790,0,0,0,0,0,0,0,0,0,0,0,0
misha_korobka,12,24627,0,0,0,0,0,0,0,0,0,0,0,0
mishaburnews,31,145129,3,0,0,1,0,0,15480,0,0,3710,0,0
mishafromCanada,17,5768,0,0,0,0,0,0,0,0,0,0,0,0
mishapetrow,20,113070,0,0,0,0,0,0,0,0,0,0,0,0
mishchyshyn_phil_ua,16,10644,0,0,0,0,0,0,0,0,0,0,0,0
mishekovnalife,3,3292,0,0,0,0,0,0,0,0,0,0,0,0
mishmari,30,6673,0,0,0,0,0,0,0,0,0,0,0,0
misli_islama,16,3171,1,0,0,0,0,0,575,0,0,0,0,0
misli_oligarh,40,382960,4,0,0,0,0,0,27110,0,0,0,0,0
missiskostinaTG,46,2015400,0,0,0,0,0,0,0,0,0,0,0,0
missolyaa_kucher,10,27000,0,0,0,0,0,0,0,0,0,0,0,0
misssvikkitut,26,488990,0,0,0,0,0,0,0,0,0,0,0,0
mister_pilot,34,295300,1,0,0,0,0,0,11600,0,0,0,0,0
mister_yes,1,2640,0,0,0,0,0,0,0,0,0,0,0,0
mistoboyarka,26,90093,0,0,0,0,0,0,0,0,0,0,0,0
mistodobra,880,11943350,7,0,1,1,0,0,108200,0,11000,12400,0,0
mistoinform1,6,9268,1,0,0,0,0,0,493,0,0,0,0,0
mistokvitivkievua,1,1100,0,0,0,0,0,0,0,0,0,0,0,0
mitino2much,2,6930,0,0,0,0,0,0,0,0,0,0,0,0
mitino2ok,1,56,0,0,0,0,0,0,0,0,0,0,0,0
mitino_msk,32,109100,0,0,0,0,0,0,0,0,0,0,0,0
mitino_org,23,84320,0,0,0,0,0,0,0,0,0,0,0,0
mitrichgarage,17,44574,0,0,0,0,0,0,0,0,0,0,0,0
mitya_fomin,8,6441,0,0,0,0,0,0,0,0,0,0,0,0
miumaunews,4,13250,0,0,0,0,0,0,0,0,0,0,0,0
mixail_kain,22,343790,0,0,0,0,0,0,0,0,0,0,0,0
mixedweh,15,29640,0,0,0,0,0,0,0,0,0,0,0,0
mixmartpomich,10,1356,0,0,0,0,0,0,0,0,0,0,0,0
mixx_1,34,6285,0,0,0,0,0,0,0,0,0,0,0,0
mizzimatv,68,70925,0,0,0,0,0,0,0,0,0,0,0,0
mjaneen1,47,14024,0,0,0,0,0,0,0,0,0,0,0,0
mk_oblast,13,60150,0,0,0,0,0,0,0,0,0,0,0,0
mk_ru,138,1421922,3,0,0,0,0,0,37900,0,0,0,0,0
mk_rus,60,3587,0,0,0,0,0,0,0,0,0,0,0,0
mk_srochno,19,77800,0,0,0,0,0,0,0,0,0,0,0,0
mkala_news,9,1249,0,0,0,0,0,0,0,0,0,0,0,0
mkb_investments,36,36000,0,0,0,0,0,0,0,0,0,0,0,0
mkbelarus,81,176268,1,0,0,0,0,0,2700,0,0,0,0,0
mkhripko,24,345230,1,0,0,0,0,0,12100,0,0,0,0,0
mkhusnullin,50,3327599,0,0,0,0,0,0,0,0,0,0,0,0
mkinibm,52,81566,0,0,0,0,0,0,0,0,0,0,0,0
mkinicn,21,8126,0,0,0,0,0,0,0,0,0,0,0,0
mkipu,24,1891,0,0,0,0,0,0,0,0,0,0,0,0
mkkk_ru,1,11900,0,0,0,0,0,0,0,0,0,0,0,0
mkochnovatelega,19,817170,0,0,0,0,0,0,0,0,0,0,0,0
mkoleda,9,50680,0,0,0,0,0,0,0,0,0,0,0,0
mkset,22,16053,1,0,0,0,0,0,500,0,0,0,0,0
mkvburyatii,4,525,0,0,0,0,0,0,0,0,0,0,0,0
mlaitman,40,115526,1,0,0,0,0,0,3110,0,0,0,0,0
mlnrlive,55,2354960,0,0,0,0,0,0,0,0,0,0,0,0
mlobanov84,22,93260,5,0,0,0,0,0,19630,0,0,0,0,0
mlynby,17,6150,0,0,0,0,0,0,0,0,0,0,0,0
mm_telekanal,19,31103,0,0,0,0,0,0,0,0,0,0,0,0
mmaljoo,2,8990,0,0,0,0,0,0,0,0,0,0,0,0
mmargosavchuk,60,3307800,0,0,0,0,0,0,0,0,0,0,0,0
mme_perrier,11,63500,0,0,0,0,0,0,0,0,0,0,0,0
mmnews_offiziell,63,451398,0,0,0,0,0,0,0,0,0,0,0,0
mmpublic,31,32812,0,0,0,0,0,0,0,0,0,0,0,0
mmuhaChannel,41,65224,0,0,0,0,0,0,0,0,0,0,0,0
mnb_vinn,338,399033,11,0,0,1,0,0,13370,0,0,1100,0,0
mndnews,10,3188,0,0,0,0,0,0,0,0,0,0,0,0
mne20let,43,192940,1,0,0,0,0,0,4970,0,0,0,0,0
mneniealexa,23,540,1,0,0,0,0,0,19,0,0,0,0,0
mnews_ru,2083,53147760,25,0,0,2,0,0,649400,0,0,52700,0,0
mnikiman,21,159330,0,0,0,0,0,0,0,0,0,0,0,0
mnogodetochka89,2,2013,0,0,0,0,0,0,0,0,0,0,0,0
mnogoinf,1,678,0,0,0,0,0,0,0,0,0,0,0,0
mnogonazi,10,1077900,0,0,0,0,0,0,0,0,0,0,0,0
mnokhodmbahm,27,28602,0,0,0,0,0,0,0,0,0,0,0,0
mnpmnpz,1,198,0,0,0,0,0,0,0,0,0,0,0,0
mnr_life,8,3732,0,0,0,0,0,0,0,0,0,0,0,0
mnsrb,11,34800,0,0,0,0,0,0,0,0,0,0,0,0
mnvart,11,14526,1,0,0,0,0,0,1400,0,0,0,0,0
mo3ambik,18,161203,0,0,0,0,0,0,0,0,0,0,0,0
mo3ambik_gpv_1,20,414930,0,0,0,0,0,0,0,0,0,0,0,0
mobarakehsteel_co,20,17882,0,0,0,0,0,0,0,0,0,0,0,0
mobilizationnews,246,6550390,2,0,3,0,0,0,45300,0,78700,0,0,0
mobilizatsia22,1,597,0,0,0,0,0,0,0,0,0,0,0,0
mobilizatsia34,4,736,0,0,0,0,0,0,0,0,0,0,0,0
mobrep,6,22130,0,0,0,0,0,0,0,0,0,0,0,0
mochivils,2,993,0,0,0,0,0,0,0,0,0,0,0,0
mod_russia,4657,326633223,31,0,1,0,4,0,1690000,0,62700,0,239800,0
mod_russia_en,351,1314315,0,0,0,0,0,0,0,0,0,0,0,0
modafean_vatan110,42,8820,0,0,0,0,0,0,0,0,0,0,0,0
modernangler,16,15993,0,0,0,0,0,0,0,0,0,0,0,0
modernpantry,12,6372,0,0,0,0,0,0,0,0,0,0,0,0
modestalstream,47,200363,0,0,0,0,0,0,0,0,0,0,0,0
moeonline,33,128785,0,0,0,0,0,0,0,0,0,0,0,0
mogilevonline,9,22811,0,0,0,0,0,0,0,0,0,0,0,0
mogilkomarina,34,374220,0,0,0,0,0,0,0,0,0,0,0,0
mogilove,2,188,0,0,0,0,0,0,0,0,0,0,0,0
mogulk,20,23541,0,0,0,0,0,0,0,0,0,0,0,0
mogutinik,24,130370,1,0,0,0,0,0,3320,0,0,0,0,0
mohamedmaher230,7,7967,0,0,0,0,0,0,0,0,0,0,0,0
moi_dokumentyRD,6,1311,0,0,0,0,0,0,0,0,0,0,0,0
moi_news,36,55222,0,0,0,0,0,0,0,0,0,0,0,0
moiarussia,32,14172,1,0,0,0,0,0,486,0,0,0,0,0
moidnevnik3,31,308830,0,0,0,0,0,0,0,0,0,0,0,0
moijanym,2,5450,0,0,0,0,0,0,0,0,0,0,0,0
moirazebi,10,12050,0,0,0,0,0,0,0,0,0,0,0,0
moiseev_eugene,4,3178,0,0,0,0,0,0,0,0,0,0,0,0
moisei_ua,2,405,0,0,0,0,0,0,0,0,0,0,0,0
mojahedin_plus,150,68302,0,0,0,0,0,0,0,0,0,0,0,0
mojvahedi,36,311880,0,0,0,0,0,0,0,0,0,0,0,0
mokassab_rt,20,1656,0,0,0,0,0,0,0,0,0,0,0,0
mokrivskiy,144,21529200,0,0,0,0,0,0,0,0,0,0,0,0
moladzbel,1,961,0,0,0,0,0,0,0,0,0,0,0,0
molana_kohi,10,11731,0,0,0,0,0,0,0,0,0,0,0,0
molbuk,25,44948,0,0,0,0,0,0,0,0,0,0,0,0
moldavskiyefir,22,7005,0,0,0,0,0,0,0,0,0,0,0,0
moldovaelections,20,23651,0,0,0,0,0,0,0,0,0,0,0,0
moldovalibera,36,136044,1,0,0,0,0,0,1900,0,0,0,0,0
moldovanewsmd,20,90570,0,0,0,0,0,0,0,0,0,0,0,0
molniaua,22,18024,0,0,0,0,0,0,0,0,0,0,0,0
molniya24na7,1,67,0,0,0,0,0,0,0,0,0,0,0,0
molod_sochi,3,133,0,0,0,0,0,0,0,0,0,0,0,0
molodechno,15,100489,0,0,0,0,0,0,0,0,0,0,0,0
molodej_parlament,1,9000,0,0,0,0,0,0,0,0,0,0,0,0
molodejka05,16,6537,0,0,0,0,0,0,0,0,0,0,0,0
molodezhkubani,3,459,0,0,0,0,0,0,0,0,0,0,0,0
molodinamari,30,1886648,0,0,0,0,0,0,0,0,0,0,0,0
molodogniy,4,7114,0,0,0,0,0,0,0,0,0,0,0,0
molokopluss,13,18451,1,0,0,0,0,0,1340,0,0,0,0,0
molotov_perm,1,1700,0,0,0,0,1,0,0,0,0,0,1700,0
molotovartur,15,25600,0,0,0,0,0,0,0,0,0,0,0,0
molparlsochi,9,3170,0,0,0,0,0,0,0,0,0,0,0,0
molsovetfnsrf,1,5350,0,0,0,0,0,0,0,0,0,0,0,0
molxonauzb,35,367687,0,0,0,0,0,0,0,0,0,0,0,0
molyarina,27,91320,0,0,0,0,0,0,0,0,0,0,0,0
momenty_ekb,22,118939,0,0,0,0,0,0,0,0,0,0,0,0
mommy_to_eva,15,308020,0,0,0,0,0,0,0,0,0,0,0,0
mommy_toolyaa,30,517082,2,0,0,0,0,0,24544,0,0,0,0,0
momsmile_di,19,8734,1,0,0,0,0,0,51,0,0,0,0,0
monakhovana,47,1352509,0,0,0,0,0,0,0,0,0,0,0,0
monamymonami,5,121000,0,0,0,0,0,0,0,0,0,0,0,0
mondomobileweb,47,214842,0,0,0,0,0,0,0,0,0,0,0,0
monitor_ukr,100,1628720,0,0,0,0,0,0,0,0,0,0,0,0
monitoring_52,9,39,0,0,0,0,0,0,0,0,0,0,0,0
monitoring_54,22,352,1,0,0,0,0,0,8,0,0,0,0,0
monkeytilt,2,3660,0,0,0,0,0,0,0,0,0,0,0,0
monovaolena,29,251440,1,0,0,0,0,0,7160,0,0,0,0,0
monraumusic,12,20800,0,0,0,0,0,0,0,0,0,0,0,0
monstervapor_ru,8,8442,0,0,0,0,0,0,0,0,0,0,0,0
monte_alex,26,44173,0,0,0,0,0,0,0,0,0,0,0,0
montyan,2,28500,0,0,0,0,0,0,0,0,0,0,0,0
montyan2,1636,200723300,142,0,5,5,4,2,17712000,0,755100,545000,479000,223000
moodrenych,40,1225800,0,0,0,0,0,0,0,0,0,0,0,0
moona_moo,23,160338,0,0,0,0,0,0,0,0,0,0,0,0
moonworks,4,24270,0,0,0,0,0,0,0,0,0,0,0,0
moonyankees,8,494000,0,0,0,0,0,0,0,0,0,0,0,0
moospngru,33,3127,0,0,0,0,0,0,0,0,0,0,0,0
moprachka,19,3528,1,0,0,0,0,0,160,0,0,0,0,0
moralis_pyxis_nautica,14,10312,0,0,0,0,0,0,0,0,0,0,0,0
moranatamara,31,1165040,0,0,0,0,0,0,0,0,0,0,0,0
mordovia_tgnews,52,661760,1,0,0,0,0,0,6520,0,0,0,0,0
mordovskiyapelsin,1,0,0,0,0,0,0,0,0,0,0,0,0,0
morefaternews,822,648889,0,0,0,0,0,0,0,0,0,0,0,0
morenevolnuetsa,9,5040,0,0,0,0,0,0,0,0,0,0,0,0
morgancjonas,40,74557,0,0,0,0,0,0,0,0,0,0,0,0
morgenxata,7,14700,0,0,0,0,0,0,0,0,0,0,0,0
morozovaeva000,20,1705800,0,0,0,0,0,0,0,0,0,0,0,0
morozsergey75,9,28450,0,0,0,0,0,0,0,0,0,0,0,0
morpheyaa,22,1464700,0,0,0,0,0,0,0,0,0,0,0,0
mors_spuria,1,807,0,0,0,0,0,0,0,0,0,0,0,0
morskaya_pehota_384,1,28600,0,0,0,0,0,0,0,0,0,0,0,0
morskaya_pipiska,3,35050,0,0,0,0,0,0,0,0,0,0,0,0
mortisaeterna,31,272750,0,0,0,0,0,0,0,0,0,0,0,0
mos_analitika,4,8199,0,0,0,0,0,0,0,0,0,0,0,0
mos_novosti,72,182027,0,0,0,0,0,0,0,0,0,0,0,0
mos_now,63,182575,0,0,0,0,0,0,0,0,0,0,0,0
mos_one,37,143080,0,0,0,0,0,0,0,0,0,0,0,0
mos_online,29,144142,2,0,0,0,0,0,9110,0,0,0,0,0
mos_sobyanin,40,4133590,0,0,0,0,0,0,0,0,0,0,0,0
mos_sovetnik,7,5903,0,0,0,0,0,0,0,0,0,0,0,0
mos_vote_2023,1,0,0,0,0,0,0,0,0,0,0,0,0,0
moscow24online,1,775,0,0,0,0,0,0,0,0,0,0,0,0
moscow_GOO,28,137950,0,0,0,0,0,0,0,0,0,0,0,0
moscow_career,22,43071,0,0,0,0,0,0,0,0,0,0,0,0
moscow_crazy,49,714800,0,0,0,0,0,0,0,0,0,0,0,0
moscow_gis,3,885,0,0,0,0,0,0,0,0,0,0,0,0
moscow_on_air,115,360662,2,0,0,0,0,0,5260,0,0,0,0,0
moscow_podslushal,51,947600,0,0,0,0,0,0,0,0,0,0,0,0
moscowach,4029,2158688700,14,0,0,4,0,0,7820000,0,0,2337000,0,0
moscowbroadcasts,6,26,0,0,0,0,0,0,0,0,0,0,0,0
moscowcalling,6,8680,0,0,0,0,0,0,0,0,0,0,0,0
moscowcheck,49,55794,0,0,0,0,0,0,0,0,0,0,0,0
moscowlenta,105,337866,0,0,0,0,0,0,0,0,0,0,0,0
moscowmap,4845,3408848508,26,0,0,0,0,0,17327600,0,0,0,0,0
moscowmi,1810,85010376,5,0,0,0,0,0,251100,0,0,0,0,0
moscownewsagency,13,7028,0,0,0,0,0,0,0,0,0,0,0,0
moscownws,4,1985,0,0,0,0,0,0,0,0,0,0,0,0
moscowsee,20,123630,0,0,0,0,0,0,0,0,0,0,0,0
moscowseefree,14,34155,0,0,0,0,0,0,0,0,0,0,0,0
moscowsiberians,10,20362,0,0,0,0,0,0,0,0,0,0,0,0
moscowtimes,5,7670,0,0,0,0,0,0,0,0,0,0,0,0
moscowtimes_ru,84,2617009,6,0,0,0,0,0,199800,0,0,0,0,0
moscowtinderr,837,112280300,1,0,0,0,0,0,161000,0,0,0,0,0
moscowtop,3344,203417002,13,0,0,5,0,0,749800,0,0,318100,0,0
moscowtoplive,818,9612538,4,0,0,1,0,0,51730,0,0,13500,0,0
moscowvelofest,18,414970,0,0,0,0,0,0,0,0,0,0,0,0
moscowwalks,31,116919,0,0,0,0,0,0,0,0,0,0,0,0
moscwtoday,128,2393931,0,0,0,0,0,0,0,0,0,0,0,0
mosdolgoletie,6,16250,0,0,0,0,0,0,0,0,0,0,0,0
moselections2022,14,344730,0,0,0,0,0,0,0,0,0,0,0,0
mosgibdd77,3,6,0,0,0,0,0,0,0,0,0,0,0,0
mosgornasledie,2,1612,0,0,0,0,0,0,0,0,0,0,0,0
mosgorparks,39,176750,0,0,0,0,0,0,0,0,0,0,0,0
mosguru,2555,506348501,0,0,0,3,0,0,0,0,0,647000,0,0
mosheart,2,4789,0,0,0,0,0,0,0,0,0,0,0,0
mosheinlove_talk,16,16507,0,0,0,0,0,0,0,0,0,0,0,0
moshpitsburg,8,14341,0,0,0,0,0,0,0,0,0,0,0,0
mosinteres,54,330497,1,0,0,0,0,0,2460,0,0,0,0,0
mosk_event,1,792,0,0,0,0,0,0,0,0,0,0,0,0
moskanal,7,18740,0,0,0,0,0,0,0,0,0,0,0,0
mosknovosti,42,152779,0,0,0,0,0,0,0,0,0,0,0,0
moskovsky_locals,14,22134,0,0,0,0,0,0,0,0,0,0,0,0
moskva_fishki,1,1600,0,0,0,0,0,0,0,0,0,0,0,0
moskva_nov,34,80459,0,0,0,0,0,0,0,0,0,0,0,0
moskva_podslushano,95,2372189,0,0,0,0,0,0,0,0,0,0,0,0
moskva_tretiy_rim,103,1118840,0,0,0,0,0,0,0,0,0,0,0,0
moskvamoia,11,104489,0,0,0,0,0,0,0,0,0,0,0,0
moskvamoskow,29,12525,1,0,0,0,0,0,741,0,0,0,0,0
moskvaz,14,39493,0,0,0,0,0,0,0,0,0,0,0,0
moskvichmag,16,58459,1,0,0,0,0,0,4810,0,0,0,0,0
moskwa_life,51,407370,0,0,0,0,0,0,0,0,0,0,0,0
moskwatch,23,11986,0,0,0,0,0,0,0,0,0,0,0,0
moslentaru,25,76031,0,0,0,0,0,0,0,0,0,0,0,0
mosmetroru,10,2921,0,0,0,0,0,0,0,0,0,0,0,0
mosmosru,1561,23830768,17,0,0,0,1,0,192938,0,0,0,651,0
mosnovost,24,21410,0,0,0,0,0,0,0,0,0,0,0,0
mosnow,4209,135947870,24,0,0,2,0,0,842000,0,0,54800,0,0
mosnvs,33,92420,0,0,0,0,0,0,0,0,0,0,0,0
mosoblgaz_official,5,3558,0,0,0,0,0,0,0,0,0,0,0,0
mosregioninfo,194,232026,3,0,0,0,0,0,3780,0,0,0,0,0
mosrenovacia,1,1200,0,0,0,0,0,0,0,0,0,0,0,0
mosrick,23,14313,0,0,0,0,0,0,0,0,0,0,0,0
mosrutop,24,193125,0,0,0,0,0,0,0,0,0,0,0,0
mostks,35,112620,0,0,0,2,0,0,0,0,0,9500,0,0
mosvol,10,8947,0,0,0,0,0,0,0,0,0,0,0,0
moswindow,28,45802,0,0,0,0,0,0,0,0,0,0,0,0
motheroil,6,3603,0,0,0,0,0,0,0,0,0,0,0,0
motilek_channel,1,619,0,0,0,0,0,0,0,0,0,0,0,0
mototroopers_205,43,690960,3,0,0,1,0,0,79600,0,0,15000,0,0
mountshow,161,2397507,6,0,0,0,0,0,106200,0,0,0,0,0
mouraov,6,84812,0,0,0,0,0,0,0,0,0,0,0,0
moy_izmail1303,6,1309,0,0,0,0,0,0,0,0,0,0,0,0
moy_patchwork,6,11823,0,0,0,0,0,0,0,0,0,0,0,0
moy_pyatigorsk,21,40420,0,0,0,0,0,0,0,0,0,0,0,0
moya_devo4ka,9,72200,0,0,0,0,0,0,0,0,0,0,0,0
moya_kamchatka,1,411,0,0,0,0,0,0,0,0,0,0,0,0
moya_nyurba,24,18773,0,0,0,0,0,0,0,0,0,0,0,0
moyaodessa,279,582088,5,0,0,0,0,0,10760,0,0,0,0,0
moyastranagordost,40,536400,2,0,0,0,0,0,26600,0,0,0,0,0
moybogorodskoe,1,3,0,0,0,0,0,0,0,0,0,0,0,0
moydagestan05,1,339,0,0,0,0,0,0,0,0,0,0,0,0
moydanilovsky,1,3,0,0,0,0,0,0,0,0,0,0,0,0
moygorod_khv,254,1988152,3,0,0,0,0,0,22810,0,0,0,0,0
moykorsakov,39,91742,1,0,0,0,0,0,2310,0,0,0,0,0
moynnov,64,3226800,0,0,0,0,0,0,0,0,0,0,0,0
moypolk,23,102440,1,0,0,0,0,0,3490,0,0,0,0,0
mozdoktoday,4,7303,0,0,0,0,0,0,0,0,0,0,0,0
mozhaisky,14,6208,0,0,0,0,0,0,0,0,0,0,0,0
mozhemobyasnit,728,86911810,69,0,0,5,5,0,7942800,0,0,708000,529700,0
mozhgatodey,1,255,0,0,0,0,0,0,0,0,0,0,0,0
mp_rf,17,2762,1,0,0,0,0,0,170,0,0,0,0,0
mp_youth,6,4407,0,0,0,0,0,0,0,0,0,0,0,0
mpartisans,28,52379,1,0,0,0,0,0,630,0,0,0,0,0
mpartisans_news,152,586479,4,0,0,0,0,0,16950,0,0,0,0,0
mplegko,1,665,0,0,0,0,0,0,0,0,0,0,0,0
mpolitika,4,787,0,0,0,0,0,0,0,0,0,0,0,0
mptcgovkh,6,34570,0,0,0,0,0,0,0,0,0,0,0,0
mr_batsuev,35,94725,0,0,0,0,0,0,0,0,0,0,0,0
mr_blum,12,20840,0,0,0,0,0,0,0,0,0,0,0,0
mr_buimistr,2,8370,0,0,0,0,0,0,0,0,0,0,0,0
mr_petrovca,1,157,0,0,0,0,0,0,0,0,0,0,0,0
mriya24,692,10801686,4,0,0,0,0,0,63300,0,0,0,0,0
mrlibertarian,56,981440,1,0,0,0,0,0,35400,0,0,0,0,0
mrpl_now,14,62520,0,0,0,0,0,0,0,0,0,0,0,0
mrs_bossurmanka,60,4919200,0,0,0,0,0,0,0,0,0,0,0,0
mrs_druzhinina,223,13213366,0,0,0,0,0,0,0,0,0,0,0,0
mrslevda,15,62118,0,0,0,0,0,0,0,0,0,0,0,0
mrvozni,33,24940,0,0,0,0,0,0,0,0,0,0,0,0
ms_hedgehog_reads,11,6388,0,0,0,0,0,0,0,0,0,0,0,0
mscafisha,161,31951,0,0,0,0,0,0,0,0,0,0,0,0
msemehoel,19,309510,0,0,0,0,0,0,0,0,0,0,0,0
msfblog,5,7740,0,0,0,0,0,0,0,0,0,0,0,0
msgazdiev,26,423510,0,0,0,0,0,0,0,0,0,0,0,0
msh_urbanturizm,13,154180,0,0,0,0,0,0,0,0,0,0,0,0
msimonyan,37,4576940,0,0,0,0,1,0,0,0,0,0,37400,0
msk1_news,344,5634650,5,0,0,0,0,0,200300,0,0,0,0,0
msk2day,49,5715,0,0,0,0,0,0,0,0,0,0,0,0
msk_53,16,50323,0,0,0,0,0,0,0,0,0,0,0,0
msk_5floors,17,32034,1,0,0,0,0,0,1540,0,0,0,0,0
msk_bogorodskoe,8,56950,1,0,0,0,0,0,4430,0,0,0,0,0
msk_gde,154,1161985,1,0,1,0,0,0,8530,0,8570,0,0,0
msk_in_the_lens,44,100331,3,0,0,0,0,0,7220,0,0,0,0,0
msk_innoagency,6,9480,0,0,0,0,0,0,0,0,0,0,0,0
msk_no,34,99552,0,0,0,0,0,0,0,0,0,0,0,0
msk_nov,31,78400,0,0,0,0,0,0,0,0,0,0,0,0
msk_pogoda,24,249,0,0,0,0,0,0,0,0,0,0,0,0
msk_raion,18,1209,0,0,0,0,0,0,0,0,0,0,0,0
msk_telegraph,1566,82122,22,0,0,4,1,0,1233,0,0,170,74,0
msk_vesna,3,2914,0,0,0,0,0,0,0,0,0,0,0,0
mskonline24,58,835,0,0,0,0,0,0,0,0,0,0,0,0
mskrestfood,10,11853,1,0,0,0,0,0,838,0,0,0,0,0
mskseasons,10,23413,1,0,0,0,0,0,3580,0,0,0,0,0
mskuratov,102,1248780,1,0,0,0,0,0,10200,0,0,0,0,0
mskvedenie,24,153760,0,0,0,0,0,0,0,0,0,0,0,0
msr_mosreg,6,5578,0,0,0,0,0,0,0,0,0,0,0,0
mstroeva,18,19282,0,0,0,0,0,0,0,0,0,0,0,0
msuprotest,6,13936,0,0,0,0,0,0,0,0,0,0,0,0
msuthefirst,11,72920,0,0,0,0,0,0,0,0,0,0,0,0
mtbandshit,1,1210,0,0,0,0,0,0,0,0,0,0,0,0
mtnasvyazi,76,503350,0,0,0,0,0,0,0,0,0,0,0,0
mtrng,2,0,0,0,0,0,0,0,0,0,0,0,0,0
mtsrnsoru,2,288,0,0,0,0,0,0,0,0,0,0,0,0
mtv36,84,2751240,0,0,0,0,0,0,0,0,0,0,0,0
muania1,19,95060,0,0,0,0,0,0,0,0,0,0,0,0
muborizahadov,25,453370,2,0,0,0,0,0,37240,0,0,0,0,0
mud_no,9,15787,0,0,0,0,0,0,0,0,0,0,0,0
mudofaauz,42,102761,0,0,0,0,0,0,0,0,0,0,0,0
mudofaavazirligi,12,88560,0,0,0,0,0,0,0,0,0,0,0,0
mudrosti,29,1569100,2,0,0,0,0,0,130400,0,0,0,0,0
mufasa_mh,21,88520,0,0,0,0,0,0,0,0,0,0,0,0
muhametz,23,27726,0,0,0,0,0,0,0,0,0,0,0,0
muhammadjon_nuriddin,8,22451,0,0,0,0,0,0,0,0,0,0,0,0
muhanjan18,38,332477,1,0,0,0,0,0,7380,0,0,0,0,0
muhrim,31,357230,0,0,0,0,0,0,0,0,0,0,0,0
muhrim2022,24,91650,0,0,0,0,0,0,0,0,0,0,0,0
mukhametgaleev,21,16636,0,0,0,0,0,0,0,0,0,0,0,0
muksun_fm,19,22834,0,0,0,0,0,0,0,0,0,0,0,0
multipolar_magazin,53,668230,0,0,0,0,0,0,0,0,0,0,0,0
multlychnosty,2,6040,0,0,0,0,0,0,0,0,0,0,0,0
muppbroken,18,31855,0,0,0,0,0,0,0,0,0,0,0,0
muraev_evgen,35,161760,8,0,0,0,2,0,40040,0,0,0,6160,0
murashko_anna_wine,1,2700,1,0,0,0,0,0,2700,0,0,0,0,0
murasova_kris,21,57580,0,0,0,0,0,0,0,0,0,0,0,0
muratkumpilov,3,2137,0,0,0,0,0,0,0,0,0,0,0,0
muratova_yana,2,3018,0,0,0,0,0,0,0,0,0,0,0,0
muravlenko2,1,57,0,0,0,0,0,0,0,0,0,0,0,0
muravlenko24,13,10306,0,0,0,0,0,0,0,0,0,0,0,0
muravlenko_day,1,28,0,0,0,0,0,0,0,0,0,0,0,0
murmanmem,15,22415,0,0,0,0,0,0,0,0,0,0,0,0
murmansk_chp,15,81315,1,0,0,0,0,0,7610,0,0,0,0,0
murmolka,1,1110,0,0,0,0,0,0,0,0,0,0,0,0
murodxonnazarov,8,183800,0,0,0,0,0,0,0,0,0,0,0,0
muromcevZ,20,29151,0,0,0,0,0,0,0,0,0,0,0,0
mursvinopas,1,1920,0,0,0,0,0,0,0,0,0,0,0,0
muryginm,40,5735,2,0,0,0,0,0,595,0,0,0,0,0
murzetskyyy,39,1680190,0,0,0,0,0,0,0,0,0,0,0,0
museumgorodn,45,62271,1,0,0,0,0,0,14,0,0,0,0,0
musicpavlova1,29,260748,0,0,0,0,0,0,0,0,0,0,0,0
mustafajabbarsanad,49,1263200,0,0,0,0,0,0,0,0,0,0,0,0
mustafanayyem,2,91,0,0,0,0,0,0,0,0,0,0,0,0
mustf89,18,36963,0,0,0,0,0,0,0,0,0,0,0,0
mutniytalks,22,580710,0,0,0,0,0,0,0,0,0,0,0,0
mutnoe,1,1930,0,0,0,0,0,0,0,0,0,0,0,0
mutolaa_olami,17,20734,0,0,0,0,0,0,0,0,0,0,0,0
muxbiruz_rasmiy,35,16962,0,0,0,0,0,0,0,0,0,0,0,0
muyviajera,4,5960,0,0,0,0,0,0,0,0,0,0,0,0
muzamolchit,3,1644,0,0,0,0,0,0,0,0,0,0,0,0
mv6566,17,8718,0,0,0,0,0,0,0,0,0,0,0,0
mvd_24,19,27537,0,0,0,0,0,0,0,0,0,0,0,0
mvd_38,24,29055,0,0,0,0,0,0,0,0,0,0,0,0
mvd_dagestan,52,311288,0,0,0,0,0,0,0,0,0,0,0,0
mvd_kabardino_balkaria,13,13182,0,0,0,0,0,0,0,0,0,0,0,0
mvd_zp,3,0,0,0,0,0,0,0,0,0,0,0,0,0
mvdfsbrus,14,11165,0,0,0,0,0,0,0,0,0,0,0,0
mvdpmr,3,763,0,0,0,0,0,0,0,0,0,0,0,0
mvdrm13,1,51,0,0,0,0,0,0,0,0,0,0,0,0
mvdtuva,5,7065,0,0,0,0,0,0,0,0,0,0,0,0
mvstories6421,20,85525,0,0,0,0,0,0,0,0,0,0,0,0
mwbro,14,188630,0,0,0,0,0,0,0,0,0,0,0,0
mwdmmnews,28,11674,0,0,0,0,0,0,0,0,0,0,0,0
my100k,8,15300,0,0,0,0,0,0,0,0,0,0,0,0
my5tv,169,846386,0,0,0,0,0,0,0,0,0,0,0,0
myDigitalFin,7,1918,0,0,0,0,0,0,0,0,0,0,0,0
my_bataysk,7,13826,0,0,0,0,0,0,0,0,0,0,0,0
my_dream_on,1,1090,0,0,0,0,0,0,0,0,0,0,0,0
my_gotovi_poltava,65,204755,1,0,0,0,0,0,3800,0,0,0,0,0
my_lobnya,11,16331,0,0,0,0,0,0,0,0,0,0,0,0
my_moskow24,1,746,0,0,0,0,0,0,0,0,0,0,0,0
my_nevinnomyssk,2,1710,0,0,0,0,0,0,0,0,0,0,0,0
my_pomoshnik,30,838,1,0,0,0,0,0,25,0,0,0,0,0
my_protestRezerve,33,52216,0,0,0,0,0,0,0,0,0,0,0,0
my_small_steps,13,24099,0,0,0,0,0,0,0,0,0,0,0,0
my_soligorsk,10,40220,0,0,0,0,0,0,0,0,0,0,0,0
my_tash,10,10406,0,0,0,0,0,0,0,0,0,0,0,0
my_tat,12,6954,0,0,0,0,0,0,0,0,0,0,0,0
my_tyumen,6,5476,0,0,0,0,0,0,0,0,0,0,0,0
myaelattathan,12,58987,0,0,0,0,0,0,0,0,0,0,0,0
myalgorhythm,35,263940,0,0,0,0,0,0,0,0,0,0,0,0
myanmarhardtalk,38,173361,0,0,0,0,0,0,0,0,0,0,0,0
myanmarnewspaper,164,27662,0,0,0,0,0,0,0,0,0,0,0,0
myanmarupdate,53,208041,0,0,0,0,0,0,0,0,0,0,0,0
myaorri,15,252730,0,0,0,0,0,0,0,0,0,0,0,0
myastanacity,17,44170,0,0,0,0,0,0,0,0,0,0,0,0
mychangeablemood,17,53850,0,0,0,0,0,0,0,0,0,0,0,0
mycity_Moscow,49,125410,0,0,0,0,0,0,0,0,0,0,0,0
myeuronewz,41,156429,0,0,0,0,0,0,0,0,0,0,0,0
mygoldenBD,8,24680,0,0,0,0,0,0,0,0,0,0,0,0
mygrani,30,443640,0,0,0,0,0,0,0,0,0,0,0,0
mygraythoughts,14,9543,0,0,0,0,0,0,0,0,0,0,0,0
myisrael2,8,20850,0,0,0,0,0,0,0,0,0,0,0,0
mykharkov_info,38,26123,0,0,0,0,0,0,0,0,0,0,0,0
mykola_lukashuk,8,40254,0,0,0,0,0,0,0,0,0,0,0,0
mykolaivOblastinfo,30,153610,1,0,1,1,0,0,5700,0,7250,4080,0,0
mykolaivhelp,12,24398,0,0,0,0,0,0,0,0,0,0,0,0
mykolaivrada,29,95262,0,0,0,0,0,0,0,0,0,0,0,0
mykolaivskaODA,3487,325415898,6,0,0,3,0,0,536500,0,0,346800,0,0
mykolayiv_varta,1,747,0,0,0,0,0,0,0,0,0,0,0,0
mykostanews,18,13485,0,0,0,0,0,0,0,0,0,0,0,0
mykrop1,2,83,0,0,0,0,0,0,0,0,0,0,0,0
mylandbelarus,11,161,0,0,0,0,0,0,0,0,0,0,0,0
myluber,21,227990,0,0,0,0,0,0,0,0,0,0,0,0
myodnoikrovi,27,4855,1,0,0,0,0,0,14,0,0,0,0,0
myojasupdate,30,17186,0,0,0,0,0,0,0,0,0,0,0,0
myoptop,26,344122,0,0,0,0,0,0,0,0,0,0,0,0
mypersia24,93,332351,0,0,0,0,0,0,0,0,0,0,0,0
mypiterb,116,2938020,0,0,0,0,0,0,0,0,0,0,0,0
mypokrovsk,129,998264,2,0,0,0,0,0,14660,0,0,0,0,0
myrevolutionrus,1,794,0,0,0,0,0,0,0,0,0,0,0,0
myrgorod_rada,20,58695,0,0,0,0,0,0,0,0,0,0,0,0
myrhorodtown,15,65590,0,0,0,0,0,0,0,0,0,0,0,0
myrnohrad24,1,12500,0,0,0,0,0,0,0,0,0,0,0,0
myrnohrad_ua,6,22655,0,0,0,0,0,0,0,0,0,0,0,0
myro_shnykov,26,187569,0,0,0,0,0,0,0,0,0,0,0,0
myronivskaTG,19,99640,0,0,0,0,0,0,0,0,0,0,0,0
myrotvoretsnews,24,31630,1,0,0,0,0,0,334,0,0,0,0,0
myshli_channel,15,55650,0,0,0,0,0,0,0,0,0,0,0,0
mysloru,19,128210,0,0,0,0,0,0,0,0,0,0,0,0
mysly,212,7330319,7,0,1,0,1,0,233680,0,46800,0,51000,0
myspacefeed,2,83500,0,0,0,0,0,0,0,0,0,0,0,0
mysredainfo,6,16420,0,0,0,0,0,0,0,0,0,0,0,0
mysticalbuttons,28,244389,0,0,0,0,0,0,0,0,0,0,0,0
mysweet16beat,5,1038,0,0,0,0,0,0,0,0,0,0,0,0
mytajiknews,7,18090,1,0,0,0,0,0,2670,0,0,0,0,0
mythoughtsandI,1,366,0,0,0,0,0,0,0,0,0,0,0,0
mytischi_live,12,123470,0,0,0,0,0,0,0,0,0,0,0,0
mytischi_official,13,28960,0,0,0,0,0,0,0,0,0,0,0,0
mytishchi_sluh,53,668200,0,0,0,0,0,0,0,0,0,0,0,0
mytnycyatapodatkova,2,0,0,0,0,0,0,0,0,0,0,0,0,0
myugansk,52,367090,0,0,0,0,0,0,0,0,0,0,0,0
myukra1ne,19,1620,4,0,0,0,0,0,138,0,0,0,0,0
myunpublished,12,4675,1,0,0,0,0,0,399,0,0,0,0,0
myvijily,4,1048,0,0,0,0,0,0,0,0,0,0,0,0
myvmeste_kuban,7,10107,0,0,0,0,0,0,0,0,0,0,0,0
mzdnr_official,15,11463,1,0,0,0,0,0,1480,0,0,0,0,0
mzefirov,5,10441,0,0,0,0,0,0,0,0,0,0,0,0
n4z4v0d,60,254336,1,0,0,0,0,0,3320,0,0,0,0,0
nCoV2019,28,341960,0,0,0,0,0,0,0,0,0,0,0,0
n_moskvitina,18,48714,1,0,0,0,0,0,3990,0,0,0,0,0
n_o_t_e_b_o_o_k,10,8005,0,0,0,0,0,0,0,0,0,0,0,0
n_w_order,2026,36216285,47,0,0,7,0,0,807150,0,0,131900,0,0
naBebelya,10,17081,0,0,0,0,0,0,0,0,0,0,0,0
na_begu,7,15305,0,0,0,0,0,0,0,0,0,0,0,0
na_dne_nayki,21,5661,0,0,0,0,0,0,0,0,0,0,0,0
na_kovresamolete,10,8496,0,0,0,0,0,0,0,0,0,0,0,0
na_remonte,6,638,0,0,0,0,0,0,0,0,0,0,0,0
na_skidose,23,6108,0,0,0,0,0,0,0,0,0,0,0,0
na_slovah,27,52771,0,0,0,0,0,0,0,0,0,0,0,0
na_tatami_jp,10,48249,0,0,0,0,0,0,0,0,0,0,0,0
na_viselki,26,47706,0,0,0,0,0,0,0,0,0,0,0,0
nab_ukraine,21,294360,16,0,0,0,0,0,254540,0,0,0,0,0
nabat_rus,60,48325,3,0,0,0,0,0,2535,0,0,0,0,0
nabchelny_crazy,41,587900,1,0,0,0,0,0,13200,0,0,0,0,0
nabchelny_podslushal,54,1008200,0,0,0,0,0,0,0,0,0,0,0,0
nabchelny_true,45,245087,1,0,0,0,0,0,2210,0,0,0,0,0
nabchelonline,2,822,0,0,0,0,0,0,0,0,0,0,0,0
nabjahadiii,45,103409,0,0,0,0,0,0,0,0,0,0,0,0
nabludatels,940,20718561,54,0,1,3,1,0,1184330,0,16600,65900,38200,0
nablydateli,41,714450,0,0,0,0,0,0,0,0,0,0,0,0
nabudaily,22,152000,6,0,0,0,0,0,30020,0,0,0,0,0
nabutov3,63,1085450,63,0,0,0,0,0,1085450,0,0,0,0,0
nach_shtabu,21,108020,0,0,0,0,0,0,0,0,0,0,0,0
nachalka_LSV,9,54310,0,0,0,0,0,0,0,0,0,0,0,0
nachalos,25,19111,0,0,0,0,0,0,0,0,0,0,0,0
nachasi_com,39,39540,0,0,0,0,0,0,0,0,0,0,0,0
nachinay_politika,42,486100,5,0,0,0,0,1,58100,0,0,0,0,10700
nachrichtenkanal,19,5763,0,0,0,0,0,0,0,0,0,0,0,0
nacionalist_ua,52,133903,1,0,0,0,0,0,3280,0,0,0,0,0
nacokole_dz,17,54010,0,0,0,0,0,0,0,0,0,0,0,0
nadVir,12,16908,0,0,0,0,0,0,0,0,0,0,0,0
nadal_online,47,532790,0,0,0,0,0,0,0,0,0,0,0,0
nadezhda_orex_life,26,121540,0,0,0,0,0,0,0,0,0,0,0,0
nadezhdinskofficial,7,2171,0,0,0,0,0,0,0,0,0,0,0,0
nadia_i_istorii,1,1080,0,0,0,0,0,0,0,0,0,0,0,0
nadin_elize,45,2098600,3,0,0,0,0,0,131400,0,0,0,0,0
nadin_serovski_official,85,4812643,1,0,0,0,0,0,67500,0,0,0,0,0
nadinkalife,37,726640,0,0,0,0,0,0,0,0,0,0,0,0
nadobrat,15,25658,0,0,0,0,0,0,0,0,0,0,0,0
nadsadin_official,4,2041,0,0,0,0,0,0,0,0,0,0,0,0
nadya_bondareva,16,140565,0,0,0,0,0,0,0,0,0,0,0,0
nadyaotto_home,8,30220,0,0,0,0,0,0,0,0,0,0,0,0
nadzornaya,2,767,0,0,0,0,0,0,0,0,0,0,0,0
naemnik_Z,24,384540,3,0,0,0,0,0,62500,0,0,0,0,0
nafront,1,694,0,0,0,0,0,0,0,0,0,0,0,0
naghd_com,18,46110,0,0,0,0,0,0,0,0,0,0,0,0
naghshbandi_hafez,27,446990,0,0,0,0,0,0,0,0,0,0,0,0
nagib4tor,1,1070,0,0,0,0,0,0,0,0,0,0,0,0
nagora_coalanalytics,20,48649,0,0,0,0,0,0,0,0,0,0,0,0
nahodk1wb,15,864,0,0,0,0,0,0,0,0,0,0,0,0
nahodka_sluh,53,640390,0,0,0,0,0,0,0,0,0,0,0,0
nahodkiza300,22,307260,1,0,0,0,0,0,12900,0,0,0,0,0
nailyaaskerzade,35,162116,1,0,0,0,0,0,2220,0,0,0,0,0
naira_arina_official,3,3000,0,0,0,0,0,0,0,0,0,0,0,0
nairihokhikyan,25,34736,0,0,0,0,0,0,0,0,0,0,0,0
naivno_com,4,4707,0,0,0,0,0,0,0,0,0,0,0,0
naiz_info,26,68811,0,0,0,0,0,0,0,0,0,0,0,0
nakanuneru,20,90502,0,0,0,0,0,0,0,0,0,0,0,0
nakipelo_by,4,1850,0,0,0,0,0,0,0,0,0,0,0,0
nakipelovo,75,151100,0,0,0,0,0,0,0,0,0,0,0,0
nalchik,1,9,0,0,0,0,0,0,0,0,0,0,0,0
nalchik0,20,116989,0,0,0,0,0,0,0,0,0,0,0,0
nalchik_sluh,49,624700,0,0,0,0,0,0,0,0,0,0,0,0
nalchik_sobitie,49,589900,0,0,0,0,0,0,0,0,0,0,0,0
nalchiknews1,18,8617,0,0,0,0,0,0,0,0,0,0,0,0
nalunetelegram,25,759880,0,0,0,0,0,0,0,0,0,0,0,0
namangan_bugun,21,70181,0,0,0,0,0,0,0,0,0,0,0,0
namanganiibuz,36,57894,0,0,0,0,0,0,0,0,0,0,0,0
namanganim24,130,124061,0,0,0,0,0,0,0,0,0,0,0,0
namarshe,105,2898760,4,0,0,1,0,0,94300,0,0,25300,0,0
namhorosho,27,1347,2,0,0,0,0,0,47,0,0,0,0,0
namskiyulus,27,15700,0,0,0,0,0,0,0,0,0,0,0,0
namvilhok,284,866891,0,0,0,0,0,0,0,0,0,0,0,0
nanaalvv,1,24,0,0,0,0,0,0,0,0,0,0,0,0
nanna34,96,334416,0,0,0,0,0,0,0,0,0,0,0,0
nano_mood,18,468520,0,0,0,0,0,0,0,0,0,0,0,0
nansy_nansy,9,14748,0,0,0,0,0,0,0,0,0,0,0,0
nao_borot,2,2410,0,0,0,0,0,0,0,0,0,0,0,0
naomirwolf,44,4131,0,0,0,0,0,0,0,0,0,0,0,0
naparusevoneonom,56,1086600,0,0,0,0,0,0,0,0,0,0,0,0
naperedovoi,28,46749,1,0,0,0,0,0,2160,0,0,0,0,0
napesochnyy_nikolay,40,679820,0,0,0,0,0,0,0,0,0,0,0,0
napochte,112,2276273,0,0,0,0,0,0,0,0,0,0,0,0
napoli_mania,11,9097,0,0,0,0,0,0,0,0,0,0,0,0
napolinews,40,127695,0,0,0,0,0,0,0,0,0,0,0,0
naradvokat,28,12749,0,0,0,0,0,0,0,0,0,0,0,0
naralex88,27,156930,2,0,0,0,0,0,20700,0,0,0,0,0
naran_official,126,703832,0,0,0,0,1,0,0,0,0,0,6790,0
narayuone,5,837,0,0,0,0,0,0,0,0,0,0,0,0
narikbi_live,19,108650,0,0,0,0,0,0,0,0,0,0,0,0
narkkkevich,1,68,0,0,0,0,0,0,0,0,0,0,0,0
narodnieNETnovosti,196,3602893,5,0,0,0,0,0,47220,0,0,0,0,0
narodslovo,20,2541,0,0,0,0,0,0,0,0,0,0,0,0
narofominsk,1,240,0,0,0,0,0,0,0,0,0,0,0,0
narofominskLife,17,40210,0,0,0,0,0,0,0,0,0,0,0,0
narotchnitskaya,35,118484,0,0,0,0,0,0,0,0,0,0,0,0
narubezhu,10,34498,0,0,0,0,0,0,0,0,0,0,0,0
narublevkerigelife,23,5626,0,0,0,0,0,0,0,0,0,0,0,0
nasafnewsuz,22,121630,0,0,0,0,0,0,0,0,0,0,0,0
naser10alnaser,29,920,0,0,0,0,0,0,0,0,0,0,0,0
nash_Piter,67,102050,1,0,0,0,0,0,1310,0,0,0,0,0
nash_Varshavsky,15,43570,0,0,0,0,0,0,0,0,0,0,0,0
nash_dom,38,10463,1,0,0,0,0,0,842,0,0,0,0,0
nash_prezident_putin,35,4943,1,0,0,0,1,0,173,0,0,0,212,0
nasha_stranaZ,55,8108,2,0,0,1,0,0,269,0,0,92,0,0
nashakarelia,5,70,0,0,0,0,0,0,0,0,0,0,0,0
nashaniva,129,1367821,0,0,0,0,0,0,0,0,0,0,0,0
nashasredaonline,1,575,0,0,0,0,0,0,0,0,0,0,0,0
nashchelyabinsk,53,1166190,2,0,0,0,0,0,57300,0,0,0,0,0
nashenergodar,11,12805,0,0,0,0,0,0,0,0,0,0,0,0
nasheptali_novosti,53,1076410,2,0,0,0,0,0,37200,0,0,0,0,0
nashi_ne_serie_budni,4,3725,0,0,0,0,0,0,0,0,0,0,0,0
nashkholmskchannel,38,16822,1,0,0,0,0,0,153,0,0,0,0,0
nashkraj,36,92334,0,0,0,0,0,0,0,0,0,0,0,0
nashkray,1,0,0,0,0,0,0,0,0,0,0,0,0,0
nashkyivua,8,4409,0,0,0,0,0,0,0,0,0,0,0,0
nashregion74,41,158269,1,0,0,0,0,0,906,0,0,0,0,0
nashy_liudi,22,7141,0,0,0,1,0,0,0,0,0,441,0,0
nashygoroda,4,4862,0,0,0,0,0,0,0,0,0,0,0,0
nasiimbar,49,49843,0,0,0,0,0,0,0,0,0,0,0,0
nasimcity_newss,36,95990,0,0,0,0,0,0,0,0,0,0,0,0
nasionalsocialismvdeystvii,17,15576,0,0,0,0,0,0,0,0,0,0,0,0
nasos51,1,1200,0,0,0,0,0,0,0,0,0,0,0,0
naspravdiinfo,22,65556,0,0,0,0,1,0,0,0,0,0,3210,0
nasserkaramii,19,13406,0,0,0,0,0,0,0,0,0,0,0,0
nastenkinapomoika,16,247790,0,0,0,0,0,0,0,0,0,0,0,0
nastia_tasty,22,256990,1,0,0,0,0,0,10100,0,0,0,0,0
nastinka_w,20,435940,0,0,0,0,0,0,0,0,0,0,0,0
nastyajackson2,10,1000700,0,0,0,0,0,0,0,0,0,0,0,0
nastyakosh04,2,8100,0,0,0,0,0,0,0,0,0,0,0,0
nastyamizgir,16,54650,0,0,0,0,0,0,0,0,0,0,0,0
naszapolsza,2,639,1,0,0,0,0,0,293,0,0,0,0,0
nata_feelfuck,23,22616,2,0,0,0,0,0,1817,0,0,0,0,0
nata_lele,13,69800,0,0,0,0,0,0,0,0,0,0,0,0
nata_lienet,35,260549,0,0,0,0,0,0,0,0,0,0,0,0
natafedorchuk,9,4760,0,0,0,0,0,0,0,0,0,0,0,0
natalee007fit,12,8356,0,0,0,0,0,0,0,0,0,0,0,0
natali_iz_zari,3,3526,0,0,0,0,0,0,0,0,0,0,0,0
natali_mommy2,4,366,0,0,0,0,0,0,0,0,0,0,0,0
natali_star74,30,147120,0,0,0,0,0,0,0,0,0,0,0,0
natalia_maximus_ZOV,33,35549,2,0,0,0,0,0,4300,0,0,0,0,0
nataliagrace,16,19872,0,0,0,0,0,0,0,0,0,0,0,0
nataliamit1,33,271810,0,0,0,0,0,0,0,0,0,0,0,0
nataliaravanales_oficial,45,179249,0,0,0,0,0,0,0,0,0,0,0,0
natalierossblog,5,1055,0,0,0,0,0,0,0,0,0,0,0,0
nataligram_life,2,7560,0,0,0,0,0,0,0,0,0,0,0,0
nataly_frol,10,34960,0,0,0,0,0,0,0,0,0,0,0,0
natalyosmannworld,29,139080,0,0,0,0,0,0,0,0,0,0,0,0
nataosmanli,12,5070,0,0,0,0,0,0,0,0,0,0,0,0
natasha_blogs,1,352,0,0,0,0,0,0,0,0,0,0,0,0
natasha_ffb_tyt,32,438140,0,0,0,0,0,0,0,0,0,0,0,0
natashadaily,19,17404,0,0,0,0,0,0,0,0,0,0,0,0
natbelarus,9,14936,0,0,0,0,0,0,0,0,0,0,0,0
natidoula,7,6892,0,0,0,0,0,0,0,0,0,0,0,0
nationalist_russian,43,288211,0,0,0,0,0,0,0,0,0,0,0,0
nationalprojectsru,207,735770,2,0,0,0,0,0,10330,0,0,0,0,0
nationconsunion,13,69690,0,0,0,0,0,0,0,0,0,0,0,0
nationkurs,50,269700,1,0,0,0,0,0,9090,0,0,0,0,0
native_melitopol,14,6939,0,0,0,0,0,0,0,0,0,0,0,0
natoptishh,17,59422,0,0,0,0,0,0,0,0,0,0,0,0
natpodolskaya,22,196540,0,0,0,0,0,0,0,0,0,0,0,0
natretyak,7,8570,0,0,0,0,0,0,0,0,0,0,0,0
natsionalKharkiv,22,441030,0,0,0,0,0,0,0,0,0,0,0,0
nau_belarus,22,13068,0,0,0,0,0,0,0,0,0,0,0,0
nauchan_news,16,40854,0,0,0,0,0,0,0,0,0,0,0,0
nauchnaya_iznanka,12,35370,0,0,0,0,0,0,0,0,0,0,0,0
nauhub,14,27749,0,0,0,0,0,0,0,0,0,0,0,0
naukapobezhdatZ,19,65634,1,0,0,0,0,0,3780,0,0,0,0,0
navalnylivechannel,18,121116,0,0,0,0,0,0,0,0,0,0,0,0
navbahor_tumani_axborot_xizmati,76,55480,0,0,0,0,0,0,0,0,0,0,0,0
navideovidno,138,1916167,4,0,0,0,0,0,58490,0,0,0,0,0
navimaga,49,723410,0,0,0,0,0,0,0,0,0,0,0,0
naviny97,4,7980,0,0,0,0,0,0,0,0,0,0,0,0
navodka_na,33,284122,2,0,0,0,0,0,1443,0,0,0,0,0
navoiuz_official,2,178,0,0,0,0,0,0,0,0,0,0,0,0
navoiy_kanaluz,2185,62751343,0,0,0,0,0,0,0,0,0,0,0,0
navosha,36,125390,0,0,0,0,0,0,0,0,0,0,0,0
navviliibnomzod,5,27600,0,0,0,0,0,0,0,0,0,0,0,0
nazaccent,2,1708,0,0,0,0,0,0,0,0,0,0,0,0
nazad90,60,426169,1,0,0,0,0,0,7400,0,0,0,0,0
nazaninka_usa,19,26961,0,0,0,0,1,0,0,0,0,0,878,0
nazarovykt,1,0,0,0,0,0,0,0,0,0,0,0,0,0
nazenhovhannisyan,20,18966,1,0,0,0,0,0,1100,0,0,0,0,0
nazhyvo_kyiv,20,10830,0,0,0,0,0,0,0,0,0,0,0,0
nazional_power,3,180,0,0,0,0,0,0,0,0,0,0,0,0
nazmetova_kino,13,34260,0,0,0,0,0,0,0,0,0,0,0,0
nbondarenko_blog,43,585029,1,0,0,0,0,0,23100,0,0,0,0,0
nbsk22,5,188,0,0,0,0,0,0,0,0,0,0,0,0
nbu_official,20,110570,0,0,0,0,0,0,0,0,0,0,0,0
ncdcgov,54,269820,0,0,0,0,0,0,0,0,0,0,0,0
ncetransport,93,69892,0,0,0,0,0,0,0,0,0,0,0,0
ndktukmf,3,4480,0,0,0,0,0,0,0,0,0,0,0,0
ne4ay,24,173290,1,0,0,0,0,0,7520,0,0,0,0,0
neCT24,20,65510,0,0,0,0,0,0,0,0,0,0,0,0
ne_bigudi,53,1692580,2,0,0,0,0,0,79000,0,0,0,0,0
ne_caxar_live,4,1190,0,0,0,0,0,0,0,0,0,0,0,0
ne_janaliq,106,3019930,0,0,0,0,0,0,0,0,0,0,0,0
ne_o_rabote,7,306,0,0,0,0,0,0,0,0,0,0,0,0
ne_rekomenduu,10,6253,0,0,0,0,0,0,0,0,0,0,0,0
ne_tolerantno,42,111996,0,0,0,0,0,0,0,0,0,0,0,0
ne_vlados,5,1192,0,0,0,0,0,0,0,0,0,0,0,0
neaysin,6,11110,1,0,0,0,0,0,1510,0,0,0,0,0
nebaiduzhiprk,48,192534,0,0,0,0,0,0,0,0,0,0,0,0
nebogomaz,3,1336,0,0,0,0,0,0,0,0,0,0,0,0
nebozh_ua,16,16047,8,0,0,0,0,0,7645,0,0,0,0,0
nebrosaem48,2,5680,0,0,0,0,0,0,0,0,0,0,0,0
nebudetgg,235,54512700,1,0,0,0,0,0,267000,0,0,0,0,0
neccihotels,3,411,0,0,0,0,0,0,0,0,0,0,0,0
nechaev_017,9,18500,1,0,0,0,0,0,3770,0,0,0,0,0
nechaev_official,14,1928600,0,0,0,0,0,0,0,0,0,0,0,0
nechay,2,155,0,0,0,0,0,0,0,0,0,0,0,0
necodernotes,26,35440,0,0,0,0,0,0,0,0,0,0,0,0
necro_tv,285,1720590,2,0,0,0,1,0,14240,0,0,0,6910,0
nedaiebahar,7,4313,0,0,0,0,0,0,0,0,0,0,0,0
nedaleko,14,4859,0,0,0,0,0,0,0,0,0,0,0,0
nedalniy_vostok,241,2530623,8,0,0,0,0,0,87310,0,0,0,0,0
nedebri,334,1759169,5,0,0,0,0,0,25520,0,0,0,0,0
nedebri2,216,2431979,8,0,0,0,0,0,195100,0,0,0,0,0
nedohackers777,48,172430,0,0,0,0,0,0,0,0,0,0,0,0
nedovolnypups,31,97980,0,0,0,0,0,0,0,0,0,0,0,0
neduma,2,16640,0,0,0,0,0,0,0,0,0,0,0,0
nedvij_etagi,10,5276,0,0,0,0,0,0,0,0,0,0,0,0
nedvijimost_SPB_dolgikh_realty,24,4497,0,0,0,0,0,0,0,0,0,0,0,0
nedvirf,66,357307,5,0,0,0,0,0,22810,0,0,0,0,0
nedvizha,21,117850,1,0,0,0,0,0,5880,0,0,0,0,0
needleraw,20,40904,1,0,0,0,0,0,1480,0,0,0,0,0
neemaign,4,3589,0,0,0,0,0,0,0,0,0,0,0,0
neformat0,2,2216,0,0,0,0,0,0,0,0,0,0,0,0
neft_media,21,13052,0,0,0,0,0,0,0,0,0,0,0,0
neft_va_gaz_engineering,17,52730,0,0,0,0,0,0,0,0,0,0,0,0
neftegazchannel,21,15850,2,0,0,0,0,0,2610,0,0,0,0,0
neftegazterritory,29,48636,3,0,0,0,0,0,6260,0,0,0,0,0
neftegram,32,118155,4,0,0,0,0,0,22310,0,0,0,0,0
negemedia,19,17741,0,0,0,0,0,0,0,0,0,0,0,0
negin_ghohestan,7,3121,0,0,0,0,0,0,0,0,0,0,0,0
negin_news,103,749668,0,0,0,0,0,0,0,0,0,0,0,0
negr_7775,25,82973,0,0,0,0,0,0,0,0,0,0,0,0
nehabar,104,1031660,5,0,0,0,0,0,47600,0,0,0,0,0
nekatsuki,6,39370,0,0,0,0,0,0,0,0,0,0,0,0
nekogla1,53,1207060,0,0,0,0,0,0,0,0,0,0,0,0
nekolchak,6,4632,1,0,0,0,0,0,417,0,0,0,0,0
nekrasovc,1,4,0,0,0,0,0,0,0,0,0,0,0,0
nekrasovka_msk,14,46860,0,0,0,0,0,0,0,0,0,0,0,0
nelavrov,18,32590,0,0,0,0,1,0,0,0,0,0,1480,0
nelli_cosmos,7,7871,0,0,0,0,0,0,0,0,0,0,0,0
nemalahov,1328,53569362,1,0,0,0,0,0,19500,0,0,0,0,0
nemchinovkairomashkovo,4,30560,0,0,0,0,0,0,0,0,0,0,0,0
nemchinovoleh,17,754,0,0,0,0,0,0,0,0,0,0,0,0
nemeZ1da_ru,31,756100,0,0,0,0,0,0,0,0,0,0,0,0
nemeromska,11,10897,0,0,0,0,0,0,0,0,0,0,0,0
nemihail,25,67796,1,0,0,0,0,0,3260,0,0,0,0,0
nemishrada,3,9130,0,0,0,0,0,0,0,0,0,0,0,0
nemolchiuz,17,17011,2,0,0,0,0,0,752,0,0,0,0,0
nemorgenshtern,3337,303990600,20,0,0,2,0,0,1715900,0,0,154300,0,0
nemuraviev,1,23,0,0,0,0,0,0,0,0,0,0,0,0
nenavijykalal,2,47,0,0,0,0,0,0,0,0,0,0,0,0
neneboga,39,978434,0,0,0,0,0,0,0,0,0,0,0,0
nenovostiby,68,375952,0,0,0,0,0,0,0,0,0,0,0,0
neodagestan333,20,9516,0,0,0,0,0,0,0,0,0,0,0,0
neodia,49,757980,0,0,0,0,0,0,0,0,0,0,0,0
neoede,1,63,0,0,0,0,0,0,0,0,0,0,0,0
neohota,4,13300,0,0,0,0,0,0,0,0,0,0,0,0
neolginskie,20,70866,0,0,0,0,0,0,0,0,0,0,0,0
neomarazm,38,2678000,0,0,0,0,0,0,0,0,0,0,0,0
neopra_blin,537,30439070,2,0,0,0,0,0,95200,0,0,0,0,0
neperemen,3,3739,0,0,0,0,0,0,0,0,0,0,0,0
nepeta_youtube,31,1552490,0,0,0,0,0,0,0,0,0,0,0,0
nepinvest,57,213205,1,0,0,0,0,0,3590,0,0,0,0,0
nepisulki,105,738418,0,0,0,0,0,0,0,0,0,0,0,0
nepolitik,7,6336,0,0,0,0,0,0,0,0,0,0,0,0
neposlednielyudi,18,204440,0,0,0,0,0,0,0,0,0,0,0,0
neprimet,5,5261,0,0,0,0,0,0,0,0,0,0,0,0
neprosto_mari,4,13320,0,0,0,0,0,0,0,0,0,0,0,0
neruinfo,35,55311,0,0,0,0,0,0,0,0,0,0,0,0
nerukhomiua,6,7908,0,0,0,0,0,0,0,0,0,0,0,0
nerzhavey,17,89940,1,0,0,0,0,0,5560,0,0,0,0,0
nescit_occasum,9,2886,0,0,0,0,0,0,0,0,0,0,0,0
neshevchik,8,33720,2,0,0,0,0,0,6360,0,0,0,0,0
neshport,13,54181,0,0,0,0,0,0,0,0,0,0,0,0
neshulman,40,243337,1,0,0,0,0,0,807,0,0,0,0,0
neskuchnyj_russkij,26,11863,1,0,0,0,0,0,537,0,0,0,0,0
nesluhi,9,28270,0,0,0,0,0,0,0,0,0,0,0,0
nesteliza,21,22611,0,0,0,0,0,0,0,0,0,0,0,0
net_prinuzhdeniyu,52,14864,1,0,0,0,0,0,257,0,0,0,0,0
netall,14,46290,0,0,0,0,0,0,0,0,0,0,0,0
netaniahurus,19,80029,0,0,0,0,0,0,0,0,0,0,0,0
netip_stav,141,4922720,0,0,0,0,0,0,0,0,0,0,0,0
netipichka,33,61932,1,0,0,0,0,0,2090,0,0,0,0,0
netipichnaya_makhachkala_2,32,40064,1,0,0,0,0,0,1580,0,0,0,0,0
netochnonews,43,82516,0,0,0,0,0,0,0,0,0,0,0,0
netsna_channel,36,434306,1,0,0,0,0,0,16900,0,0,0,0,0
nettakogoslova,1,82,0,0,0,0,0,0,0,0,0,0,0,0
netukituk,32,452420,0,0,0,0,0,0,0,0,0,0,0,0
neuchiuchi,21,25077,2,0,0,0,0,0,2237,0,0,0,0,0
neuesausrussland,1396,36954440,54,0,0,6,2,0,1354100,0,0,149800,53400,0
neurevich,27,314850,4,0,0,0,0,0,38770,0,0,0,0,0
neuro_boss,1,4,0,0,0,0,0,0,0,0,0,0,0,0
nevadalolll,6,61,0,0,0,0,0,0,0,0,0,0,0,0
nevangano,20,9706,0,0,0,0,0,0,0,0,0,0,0,0
nevanilnoe_nebo,1,337,0,0,0,0,0,0,0,0,0,0,0,0
neverovsi,8,790,0,0,0,0,0,0,0,0,0,0,0,0
neveroyale,26,342890,0,0,0,0,0,0,0,0,0,0,0,0
neversleepblog,26,54989,0,0,0,0,0,0,0,0,0,0,0,0
nevinnomyssk0,2,397,0,0,0,0,0,0,0,0,0,0,0,0
nevlastny,114,701346,2,0,0,0,0,0,12750,0,0,0,0,0
nevminkult,45,221938,0,0,0,0,1,0,0,0,0,0,1470,0
nevolf,6,3798,0,0,0,0,0,0,0,0,0,0,0,0
nevrozzzov,34,15686,1,0,0,0,0,0,645,0,0,0,0,0
nevskydozor,40,26113,0,0,0,0,0,0,0,0,0,0,0,0
nevzorovtv,3109,1347687487,90,0,0,2,0,0,39086400,0,0,813000,0,0
newVeseloe,5,12911,0,0,0,0,0,0,0,0,0,0,0,0
new_bratsk,1,85,0,0,0,0,0,0,0,0,0,0,0,0
new_lugansk,1,0,0,0,0,0,0,0,0,0,0,0,0,0
new_militarycolumnist,6325,302852284,42,0,2,3,0,0,2026800,0,87500,165500,0,0
new_persona,89,8536,2,0,0,0,1,0,158,0,0,0,92,0
new_right_chanel,1,0,0,0,0,0,0,0,0,0,0,0,0,0
new_world_Z,14,323310,2,0,0,0,0,0,40700,0,0,0,0,0
newbelgorod,4,10560,0,0,0,0,0,0,0,0,0,0,0,0
newbrateevo,18,5997,0,0,0,0,0,0,0,0,0,0,0,0
newbur_true,227,805566,3,0,0,0,0,0,7600,0,0,0,0,0
newchnews,16,105469,0,0,0,0,0,0,0,0,0,0,0,0
newdom,3,10420,0,0,0,0,0,0,0,0,0,0,0,0
newenglandservice,3,9570,0,0,0,0,0,0,0,0,0,0,0,0
newgorodvrn,28,117875,0,0,0,0,0,0,0,0,0,0,0,0
newgrad_pavlino,43,122067,0,0,0,0,0,0,0,0,0,0,0,0
newgrodno,48,79716,0,0,0,0,0,0,0,0,0,0,0,0
newinmoscow,4,9160,0,0,0,0,0,0,0,0,0,0,0,0
newizvestya,33,68567,2,0,0,0,0,0,3830,0,0,0,0,0
newkal,4,2780,0,0,0,0,0,0,0,0,0,0,0,0
newkhakasiya,23,7969,0,0,0,0,0,0,0,0,0,0,0,0
newkobzar,12,315,0,0,0,0,0,0,0,0,0,0,0,0
newlanak,44,4437,0,0,0,0,0,0,0,0,0,0,0,0
newmitino,2,301,0,0,0,0,0,0,0,0,0,0,0,0
newohtaofficial,4,13290,0,0,0,0,0,0,0,0,0,0,0,0
newpress1,22,15990,0,0,0,0,0,0,0,0,0,0,0,0
news04868,27,39800,0,0,0,0,0,0,0,0,0,0,0,0
news10kanal,6,278,0,0,0,0,0,0,0,0,0,0,0,0
news1520,36,123008,1,0,0,0,0,0,9820,0,0,0,0,0
news161ru,65,1862876,1,0,0,0,0,0,39400,0,0,0,0,0
news203,5,2397,0,0,0,0,0,0,0,0,0,0,0,0
news24kg,14,26055,0,0,0,0,0,0,0,0,0,0,0,0
news24topic,23,5677,0,0,0,0,0,0,0,0,0,0,0,0
news59ru,28,188120,0,0,0,0,0,0,0,0,0,0,0,0
news63ru,13,51011,0,0,0,0,0,0,0,0,0,0,0,0
news69,9,17430,0,0,0,0,0,0,0,0,0,0,0,0
news76,6,8285,0,0,0,0,0,0,0,0,0,0,0,0
news_1kr,143,495174,1,0,0,0,0,0,3830,0,0,0,0,0
news_1line,2,114,0,0,0,0,0,0,0,0,0,0,0,0
news_1tv,180,1660255,1,0,0,0,0,0,14100,0,0,0,0,0
news_24krasnodar,1,10,0,0,0,0,0,0,0,0,0,0,0,0
news_72ru,147,2492027,1,0,0,0,0,0,18600,0,0,0,0,0
news_74ru,46,1379550,3,0,0,0,0,0,101800,0,0,0,0,0
news_93_ru,9,11229,0,0,0,0,0,0,0,0,0,0,0,0
news_KU,1,0,0,0,0,0,0,0,0,0,0,0,0,0
news_astrakhantoday,20,1781,0,0,0,0,0,0,0,0,0,0,0,0
news_aurora,62,215936,6,0,0,0,0,0,29090,0,0,0,0,0
news_info_24,6,1816,0,0,0,0,0,0,0,0,0,0,0,0
news_jkgrinada,1,2100,0,0,0,0,0,0,0,0,0,0,0,0
news_kms,31,13418,1,0,0,0,0,0,148,0,0,0,0,0
news_korea,24,24984,3,0,0,0,0,0,3168,0,0,0,0,0
news_kremlin,468,53742667,3,0,0,0,0,0,200300,0,0,0,0,0
news_lv,10,9688,0,0,0,0,0,0,0,0,0,0,0,0
news_molniya,6,304,0,0,0,0,0,0,0,0,0,0,0,0
news_mrg,19,159192,0,0,0,0,0,0,0,0,0,0,0,0
news_mukachevo_net,20,21873,0,0,0,0,0,0,0,0,0,0,0,0
news_mvddnr,5,2700,0,0,0,0,0,0,0,0,0,0,0,0
news_of_moscow,27,68658,0,0,0,0,0,0,0,0,0,0,0,0
news_oktyabrskiy,7,1717,0,0,0,0,0,0,0,0,0,0,0,0
news_pavlograd,90,654999,3,0,0,0,0,0,21980,0,0,0,0,0
news_pershotravensk,19,64613,0,0,0,0,0,0,0,0,0,0,0,0
news_rbk_rbc_pbk_novosti,71,14260,0,0,0,0,0,0,0,0,0,0,0,0
news_revolution,16,4881,0,0,0,0,0,0,0,0,0,0,0,0
news_sakhalin,57,85029,0,0,0,0,0,0,0,0,0,0,0,0
news_see,124,1032070,1,0,0,0,0,0,2600,0,0,0,0,0
news_semnanirib,40,14931,0,0,0,0,0,0,0,0,0,0,0,0
news_sirena,333,6521840,22,0,0,0,0,0,433780,0,0,0,0,0
news_spain,35,145117,2,0,0,1,0,0,10130,0,0,4680,0,0
news_stavropol26,27,48775,0,0,0,0,0,0,0,0,0,0,0,0
news_ternovka,19,49900,0,0,0,0,0,0,0,0,0,0,0,0
news_thailand,36,76923,2,0,0,0,0,0,4190,0,0,0,0,0
news_tomsk_ru,1,63,0,0,0,0,0,0,0,0,0,0,0,0
news_uznavay,42,915900,0,0,0,0,0,0,0,0,0,0,0,0
news_yakutska,11,681,0,0,0,0,0,0,0,0,0,0,0,0
newsalch,4,2210,0,0,0,0,0,0,0,0,0,0,0,0
newsamarm,23,15569,0,0,0,0,0,0,0,0,0,0,0,0
newsartema,14,15407,0,0,0,0,0,0,0,0,0,0,0,0
newsbash,17,2748,0,0,0,0,0,0,0,0,0,0,0,0
newsbryanskru,82,126396,0,0,0,0,0,0,0,0,0,0,0,0
newsby_info,2,0,0,0,0,0,0,0,0,0,0,0,0,0
newschebru,4,456,0,0,0,0,0,0,0,0,0,0,0,0
newscinar,1,48,0,0,0,0,0,0,0,0,0,0,0,0
newscritical,6,463,0,0,0,0,0,0,0,0,0,0,0,0
newsdonetskrf,19,26379,0,0,0,0,0,0,0,0,0,0,0,0
newsdvk,48,23676,0,0,0,0,0,0,0,0,0,0,0,0
newsetv,22,6420,0,0,0,0,0,0,0,0,0,0,0,0
newsfactor,1,0,0,0,0,0,0,0,0,0,0,0,0,0
newsfactory_pl,17,12746,0,0,0,0,0,0,0,0,0,0,0,0
newsfrol,14,1848,0,0,0,0,0,0,0,0,0,0,0,0
newsgelen,14,18326,0,0,0,0,0,0,0,0,0,0,0,0
newsgomel,2,304,0,0,0,0,0,0,0,0,0,0,0,0
newshamster,35,28801,1,0,0,0,0,0,512,0,0,0,0,0
newsholod,27,11711,0,0,0,0,0,0,0,0,0,0,0,0
newsibirsk01,180,466707,0,0,0,0,0,0,0,0,0,0,0,0
newsinvesting,20,273,0,0,0,0,0,0,0,0,0,0,0,0
newsislamist,21,26245,0,0,1,0,1,0,0,0,1280,0,2130,0
newsitwrld,44,330000,0,0,0,0,0,0,0,0,0,0,0,0
newsivanovo,78,116951,1,0,0,0,0,0,746,0,0,0,0,0
newsk12,28,3555,0,0,0,0,0,0,0,0,0,0,0,0
newskhv,81,963950,0,0,0,0,0,0,0,0,0,0,0,0
newskirov,2,187,0,0,0,0,0,0,0,0,0,0,0,0
newskompanion,1,313,0,0,0,0,0,0,0,0,0,0,0,0
newslampa,7,1957,0,0,0,0,0,0,0,0,0,0,0,0
newslipetskru,10,1352,0,0,0,0,0,0,0,0,0,0,0,0
newslivelverified,31,80768,0,0,0,0,0,0,0,0,0,0,0,0
newsmakerlive,18,25071,0,0,0,0,0,0,0,0,0,0,0,0
newsmisto,48,46576,0,0,0,0,0,0,0,0,0,0,0,0
newsmsk_mo,2,1118,0,0,0,0,0,0,0,0,0,0,0,0
newsnikolalkshnk,1,3360,0,0,0,0,0,0,0,0,0,0,0,0
newsnn,13,15059,0,0,0,0,0,0,0,0,0,0,0,0
newsnnt,17,44533,0,0,0,0,0,0,0,0,0,0,0,0
newsnurkz,424,3842568,5,0,0,0,0,0,46910,0,0,0,0,0
newsnyc,3,20,0,0,0,0,0,0,0,0,0,0,0,0
newsofehrmedia,19,1038,0,0,0,0,0,0,0,0,0,0,0,0
newsoldat,24,10354,0,0,0,0,0,0,0,0,0,0,0,0
newsomsk,22,15529,0,0,0,0,0,0,0,0,0,0,0,0
newsorel,55,138589,0,0,0,0,0,0,0,0,0,0,0,0
newsorelgrad,6,89,0,0,0,0,0,0,0,0,0,0,0,0
newspn,3717,94218936,38,0,1,5,1,0,953200,0,38600,130100,22600,0
newsprav_da,752,41515000,4,0,0,1,0,0,213000,0,0,58100,0,0
newsprim25,73,119681,3,0,0,0,0,0,4669,0,0,0,0,0
newsroom_irr,3815,12239390,0,0,0,0,0,0,0,0,0,0,0,0
newsruandua,60,3974,6,0,0,0,0,0,398,0,0,0,0,0
newsstarrussia,27,69526,0,0,0,0,0,0,0,0,0,0,0,0
newssyriana,37,13572,0,0,0,0,0,0,0,0,0,0,0,0
newstapa,23,20195,0,0,0,0,0,0,0,0,0,0,0,0
newstolotv,21,3612,0,0,0,0,0,0,0,0,0,0,0,0
newstula,591,2466541,3,0,0,2,0,0,12950,0,0,10410,0,0
newsv1,73,1798590,0,0,0,0,0,0,0,0,0,0,0,0
newsvladikavkaz,64,766645,0,0,0,0,0,0,0,0,0,0,0,0
newsvladimirru,73,75509,0,0,0,0,0,0,0,0,0,0,0,0
newsvlru,119,2222450,0,0,0,0,0,0,0,0,0,0,0,0
newsvmarkse,1,42,0,0,0,0,0,0,0,0,0,0,0,0
newsvoicepublic,7,1846,0,0,0,0,0,0,0,0,0,0,0,0
newsvorkuta,4,1680,0,0,0,0,0,0,0,0,0,0,0,0
newteam_a,13,28824,0,0,0,0,0,0,0,0,0,0,0,0
newtemplars,39,46765,0,0,0,0,0,0,0,0,0,0,0,0
newtroick,6,135,0,0,0,0,0,0,0,0,0,0,0,0
newvzglyad,44,62777,0,0,0,0,0,0,0,0,0,0,0,0
newyorkercom,21,6537,0,0,0,0,0,0,0,0,0,0,0,0
nexta_live,12437,2456450470,307,0,6,55,8,0,59372170,0,1245200,11072500,1625000,0
nexta_tv,382,32121310,15,0,0,0,0,0,924600,0,0,0,0,0
neyourmi,35,86046,0,0,0,0,0,0,0,0,0,0,0,0
nezabudochka_av,12,24218,0,0,0,0,0,0,0,0,0,0,0,0
nezabudochka_dop,28,162509,2,0,0,0,0,0,12550,0,0,0,0,0
nezagooglish,3,3331,0,0,0,0,0,0,0,0,0,0,0,0
nezhurka,21,50257,0,0,0,0,0,0,0,0,0,0,0,0
nfedermesser,17,119370,1,0,0,0,0,0,3400,0,0,0,0,0
nfedkoo,5,356900,0,0,0,0,0,0,0,0,0,0,0,0
ng_ru,68,18093,0,0,0,0,0,0,0,0,0,0,0,0
ngachannel,4,1116,0,0,0,0,0,0,0,0,0,0,0,0
ngmkofficial,9,52650,0,0,0,0,0,0,0,0,0,0,0,0
ngostella,3,13000,0,0,0,0,0,0,0,0,0,0,0,0
ngrishinrus,37,155640,0,0,0,0,0,0,0,0,0,0,0,0
ngs24_krsk,62,715252,0,0,0,0,0,0,0,0,0,0,0,0
ngs55news,41,61891,1,0,0,0,0,0,2700,0,0,0,0,0
ngs_news,80,1134935,0,0,0,0,0,0,0,0,0,0,0,0
ngu_war_for_peace,8,3280,0,0,0,0,0,0,0,0,0,0,0,0
ngvertical,37,29107,0,0,0,0,0,0,0,0,0,0,0,0
nhk_24,44,61547,0,0,0,0,0,0,0,0,0,0,0,0
nhk_love,126,393617,1,0,0,1,0,0,3900,0,0,3800,0,0
nhkadm,17,12854,0,0,0,0,0,0,0,0,0,0,0,0
nia_baikal,4,311,0,0,0,0,0,0,0,0,0,0,0,0
niakavkaz,3,5,0,0,0,0,0,0,0,0,0,0,0,0
nic_and_mike,36,1884300,2,0,0,0,0,0,173700,0,0,0,0,0
niceandeasyme,2,716,1,0,0,0,0,0,599,0,0,0,0,0
nicetomatchyou,9,8468,0,0,0,0,0,0,0,0,0,0,0,0
nicevolunteer,19,15198,0,0,0,0,0,0,0,0,0,0,0,0
nickbondarev,10,16802,0,0,0,0,0,0,0,0,0,0,0,0
nickjfuentes,39,1155900,0,0,0,0,0,0,0,0,0,0,0,0
nickmon1112,2,58,0,0,0,0,0,0,0,0,0,0,0,0
nickvaluev,46,42886,2,0,0,0,0,0,2082,0,0,0,0,0
nicolai_khalezin,36,79858,2,0,0,0,0,0,4330,0,0,0,0,0
nicolaporroufficiale,30,56780,0,0,0,0,0,0,0,0,0,0,0,0
niemandswasser,35,149580,0,0,0,0,1,0,0,0,0,0,2540,0
nieshteman,20,12225,0,0,0,0,0,0,0,0,0,0,0,0
nieundwieder,19,97240,3,0,0,0,0,0,11890,0,0,0,0,0
nigay_karina,10,3749,0,0,0,0,0,0,0,0,0,0,0,0
night2day_spb,8,6971,0,0,0,0,0,0,0,0,0,0,0,0
nightguber,67,916840,2,0,0,0,0,0,25800,0,0,0,0,0
nightingalechannel,1172,687278,0,0,0,0,0,0,0,0,0,0,0,0
nightstalkerkyiv,30,93551,1,0,0,0,0,0,1530,0,0,0,0,0
nigoh_01,28,299184,1,0,0,0,0,0,7600,0,0,0,0,0
nika_viper_zlo,18,360160,1,0,0,0,0,0,12600,0,0,0,0,0
nikabelonika,94,3667200,2,0,0,0,0,0,191100,0,0,0,0,0
nikas_official,14,5009,0,0,0,0,0,0,0,0,0,0,0,0
nikbursak07071975,17,3663,0,0,0,0,0,0,0,0,0,0,0,0
nikcenter_org,2,364,0,0,0,0,0,0,0,0,0,0,0,0
niketasfm,29,190840,1,0,0,0,0,0,3290,0,0,0,0,0
nikita_chaplin,7,1827,0,0,0,0,0,0,0,0,0,0,0,0
nikita_katsalapov,20,53312,0,0,0,0,0,0,0,0,0,0,0,0
nikita_mikhalkov,67,152704,2,0,0,0,0,0,4047,0,0,0,0,0
nikitafinito,6,717400,0,0,0,0,0,0,0,0,0,0,0,0
nikitamartines,7,42750,0,0,0,0,0,0,0,0,0,0,0,0
nikitanagornyy,34,293090,0,0,0,0,0,0,0,0,0,0,0,0
nikitina_mg,2,116700,0,0,0,0,0,0,0,0,0,0,0,0
nikitina_stories,27,354559,0,0,0,0,0,0,0,0,0,0,0,0
nikitonsky_pub,48,517370,2,0,0,0,0,0,30200,0,0,0,0,0
nikol_adm27,13,5342,0,0,0,0,0,0,0,0,0,0,0,0
nikolaevka_online,5,11575,0,0,0,0,0,0,0,0,0,0,0,0
nikolaevnovosty,12,2353,0,0,0,0,0,0,0,0,0,0,0,0
nikolaevsherlock,2,14260,0,0,0,0,0,0,0,0,0,0,0,0
nikolaevtsy_news,5,10520,0,0,0,0,0,0,0,0,0,0,0,0
nikolaisapsan,13,1034,0,0,0,0,0,0,0,0,0,0,0,0
nikolay_levashov,27,103798,2,0,0,0,0,0,9190,0,0,0,0,0
nikomunenuzhnykolya,15,77110,1,0,0,0,0,0,6540,0,0,0,0,0
nikopol_informator_ua,20,30453,0,0,0,0,0,0,0,0,0,0,0,0
nikopol_news,17,19841,0,0,0,0,0,0,0,0,0,0,0,0
nikopoldpua,16,26714,0,0,0,0,0,0,0,0,0,0,0,0
nikpnik,3,4000,0,0,0,0,0,0,0,0,0,0,0,0
nikulino,17,3931,0,0,0,0,0,0,0,0,0,0,0,0
nikvesti,61,411740,0,0,0,0,0,0,0,0,0,0,0,0
nikysarang,9,21770,0,0,0,0,0,0,0,0,0,0,0,0
nilettoofficial,50,1114880,0,0,0,0,0,0,0,0,0,0,0,0
nilkooh_ir,34,20022,0,0,0,0,0,0,0,0,0,0,0,0
nilov_official,1,89,0,0,0,0,0,0,0,0,0,0,0,0
nimkat_khabar,7,4999,0,0,0,0,0,0,0,0,0,0,0,0
nina_belyaeva,14,5636,0,0,0,0,1,0,0,0,0,0,272,0
ninazvereva,20,31562,0,0,0,0,0,0,0,0,0,0,0,0
nino24ru,8,799,0,0,0,0,0,0,0,0,0,0,0,0
ninui,4,10,0,0,0,0,0,0,0,0,0,0,0,0
nirogah_news,7,4767,0,0,0,0,0,0,0,0,0,0,0,0
nishiyhaip,1,0,0,0,0,0,0,0,0,0,0,0,0,0
niss_gov_ua,1,472,0,0,0,0,0,0,0,0,0,0,0,0
niuyueshibao_rss,26,35094,0,0,0,0,0,0,0,0,0,0,0,0
nix_xyi,29,579940,0,0,0,0,0,0,0,0,0,0,0,0
nixel2007_thoughts,4,7430,0,0,0,0,0,0,0,0,0,0,0,0
niyanika_tg,9,30710,0,0,0,0,0,0,0,0,0,0,0,0
niyatgabogliq,34,79591,0,0,0,0,0,0,0,0,0,0,0,0
nizamoff,3,61400,0,0,0,0,0,0,0,0,0,0,0,0
nizamov_rinat,2,1940,0,0,0,0,0,0,0,0,0,0,0,0
nizhnevartovsk_chp,52,586270,2,0,0,0,0,0,21500,0,0,0,0,0
nizhniy_novgorod_afisha,39,353702,0,0,0,0,0,0,0,0,0,0,0,0
nizhniytop,28,145276,0,0,0,0,0,0,0,0,0,0,0,0
nizhny01,42,398739,0,0,0,0,0,0,0,0,0,0,0,0
nizhny800,8,16091,0,0,0,0,0,0,0,0,0,0,0,0
nizhyn_operatively,34,253250,0,0,0,0,0,0,0,0,0,0,0,0
nizhyn_zahist,79,232431,0,0,0,0,0,0,0,0,0,0,0,0
nizhynhelp,3,5200,0,0,0,0,0,0,0,0,0,0,0,0
njt_ru,7,3223,2,0,0,0,0,0,1046,0,0,0,0,0
nkPravda,8,1786,0,0,0,0,0,0,0,0,0,0,0,0
nkorganbekova,40,68908,1,0,0,0,0,0,1570,0,0,0,0,0
nkvknew,5,7237,0,0,0,0,0,0,0,0,0,0,0,0
nl_news,16,220920,0,0,0,0,0,0,0,0,0,0,0,0
nlevshitstelegram,406,8397340,7,0,0,0,0,0,135600,0,0,0,0,0
nmo_help_oficial,29,221500,0,0,0,0,0,0,0,0,0,0,0,0
nmrpl,13,14753,0,0,0,0,0,0,0,0,0,0,0,0
nn_obl,112,1552800,0,0,0,0,0,0,0,0,0,0,0,0
nn_ru,43,496467,0,0,0,0,0,0,0,0,0,0,0,0
nnastika,19,134099,0,0,0,0,0,0,0,0,0,0,0,0
nnbvtelege,3,9870,0,0,0,0,0,0,0,0,0,0,0,0
nnotochka,19,190550,0,0,0,0,0,0,0,0,0,0,0,0
nnovgorod_chp,1,152,0,0,0,0,0,0,0,0,0,0,0,0
no_drama_plz,21,127200,3,0,0,0,0,0,20520,0,0,0,0,0
no_ext,2,3880,0,0,0,0,0,0,0,0,0,0,0,0
no_feminism,9,8114,0,0,0,0,0,0,0,0,0,0,0,0
no_sleeping,8,681,0,0,0,0,0,0,0,0,0,0,0,0
no_templates,15,46240,0,0,0,0,0,0,0,0,0,0,0,0
no_well,22,3302100,0,0,0,0,0,0,0,0,0,0,0,0
nobody_cares_but,20,66620,0,0,0,0,0,0,0,0,0,0,0,0
nocatnoskin,2,16440,0,0,0,0,0,0,0,0,0,0,0,0
nochlezhka,14,21860,0,0,0,0,0,0,0,0,0,0,0,0
nocnojbaku,2,1438,0,0,0,0,0,0,0,0,0,0,0,0
nocommentsk,22,58922,0,0,0,0,0,0,0,0,0,0,0,0
nocommentsstories,5,11130,0,0,0,0,0,0,0,0,0,0,0,0
node_of_time_DE,13,16027,0,0,0,0,0,0,0,0,0,0,0,0
nodimokracy,7,14580,0,0,0,0,0,0,0,0,0,0,0,0
noetkovcheg,37,70378,2,0,0,0,0,0,3860,0,0,0,0,0
nog_iriston,2,575,0,0,0,0,0,0,0,0,0,0,0,0
noghay_halk,1,437,0,0,0,0,0,0,0,0,0,0,0,0
noglikiadm,4,483,0,0,0,0,0,0,0,0,0,0,0,0
noicontrump,40,209860,0,0,0,0,0,0,0,0,0,0,0,0
noinstagramplease,6,2046,0,0,0,0,0,0,0,0,0,0,0,0
nolito_now,27,359400,1,0,0,0,0,0,4090,0,0,0,0,0
nologica,41,196994,3,0,0,0,0,0,23758,0,0,0,0,0
nomer_odin_news,17,14922,0,0,0,0,0,0,0,0,0,0,0,0
nomerok777,38,622120,1,0,0,0,0,0,18000,0,0,0,0,0
nomos_tv,23,15052,0,0,0,0,0,0,0,0,0,0,0,0
nonamefrominsta,18,29332,0,0,0,0,0,0,0,0,0,0,0,0
noorahome,22,1977,0,0,0,0,0,0,0,0,0,0,0,0
nora_ezhika,16,37880,1,0,0,0,0,0,2370,0,0,0,0,0
nordcat,14,11338,0,0,0,0,0,0,0,0,0,0,0,0
nordspb,23,819,2,0,0,0,0,0,74,0,0,0,0,0
norilsk_official,1,573,0,0,0,0,0,0,0,0,0,0,0,0
norilsk_sluh,50,682200,0,0,0,0,0,0,0,0,0,0,0,0
norilsk_sobitie,50,674500,0,0,0,0,0,0,0,0,0,0,0,0
norilsk_tv_online,37,18562,1,0,0,0,0,0,359,0,0,0,0,0
norilskone,16,12492,0,0,0,0,0,0,0,0,0,0,0,0
norinliklar,108,76781,0,0,0,0,0,0,0,0,0,0,0,0
normalninews,4,3356,0,0,0,0,0,0,0,0,0,0,0,0
normalno_delay,18,24760,0,0,0,0,0,0,0,0,0,0,0,0
normauz,39,101010,0,0,0,0,0,0,0,0,0,0,0,0
nornickel_official,11,25810,0,0,0,0,0,0,0,0,0,0,0,0
northerntechno,17,34952,1,0,0,0,0,0,3510,0,0,0,0,0
northkoreadaily,14,79220,1,0,0,0,0,0,3130,0,0,0,0,0
northm3,5,259,0,0,0,0,0,0,0,0,0,0,0,0
northmpomor,1,20,0,0,0,0,0,0,0,0,0,0,0,0
northossetia,51,93024,0,0,0,0,0,0,0,0,0,0,0,0
northstation,37,3600,0,0,0,0,0,0,0,0,0,0,0,0
northvol,15,49246,0,0,0,0,0,0,0,0,0,0,0,0
norvikbank_official,1,352,0,0,0,0,0,0,0,0,0,0,0,0
noshahr_chalus,11,12367,0,0,0,0,0,0,0,0,0,0,0,0
nosilki,15,689,0,0,0,0,0,0,0,0,0,0,0,0
nosovichchannel,36,180780,0,0,0,0,0,0,0,0,0,0,0,0
nosovlive_ru,6,8099,0,0,0,0,0,0,0,0,0,0,0,0
nostrad,8,7731,0,0,0,0,0,0,0,0,0,0,0,0
notKUBAN,13,12845,1,0,0,0,0,0,1020,0,0,0,0,0
not_croissant,35,61528,1,0,0,0,0,0,1470,0,0,0,0,0
notabenenews,205,2086749,6,0,0,0,0,0,64090,0,0,0,0,0
notes_veterans,1597,159254099,34,0,2,5,6,1,3112700,0,103600,578000,728800,103000
notesbyalishaa,3,13120,0,0,0,0,0,0,0,0,0,0,0,0
notevskiy,18,22013,0,0,0,0,0,0,0,0,0,0,0,0
noticiasCNT,7,5733,0,0,0,0,0,0,0,0,0,0,0,0
noticias_20minutos,29,6985,0,0,0,0,0,0,0,0,0,0,0,0
notindifferent,8,10475,0,0,0,0,0,0,0,0,0,0,0,0
notinvolved,10,3740,0,0,0,0,0,0,0,0,0,0,0,0
notivicationArciz,4,18040,1,0,0,0,0,0,4150,0,0,0,0,0
notiziae,28,367600,0,0,0,0,0,0,0,0,0,0,0,0
notiziaelive,16,377,0,0,0,0,0,0,0,0,0,0,0,0
notizie,18,6656,0,0,0,0,0,0,0,0,0,0,0,0
notizieansa,116,41091,0,0,0,0,0,0,0,0,0,0,0,0
notiziedallarappresentanza,19,39450,0,0,0,0,0,0,0,0,0,0,0,0
notizieitaliane24,113,889487,0,0,0,0,0,0,0,0,0,0,0,0
notsvb,12,17140,0,0,0,0,0,0,0,0,0,0,0,0
nottourists,14,68460,2,0,0,0,0,0,9800,0,0,0,0,0
notwife,20,12097,1,0,0,0,0,0,285,0,0,0,0,0
nourlnews,59,904459,0,0,0,0,0,0,0,0,0,0,0,0
nov_mos,31,78462,0,0,0,0,0,0,0,0,0,0,0,0
nova24live,84,905516,0,0,0,0,0,0,0,0,0,0,0,0
nova24uz,90,1948688,1,0,0,0,0,0,9850,0,0,0,0,0
novajaukraina,76,95648,1,0,0,0,0,0,1600,0,0,0,0,0
novaresistenciabrasil,27,8272,0,0,0,0,0,0,0,0,0,0,0,0
novasiberia,13,8761,0,0,0,0,0,0,0,0,0,0,0,0
novaya_europe,1132,15035955,57,0,0,3,0,1,793365,0,0,28700,0,11100
novaya_kahovka_news,19,305720,0,0,0,0,0,0,0,0,0,0,0,0
novaya_pishet,2175,51821574,97,0,0,16,4,0,2241200,0,0,423100,85500,0
novayapolsha,31,39702,0,0,0,0,0,0,0,0,0,0,0,0
novayapravda,16,1122,0,0,0,0,0,0,0,0,0,0,0,0
novdal,5,5891,0,0,0,0,0,0,0,0,0,0,0,0
novgorod_siverskiy_info,49,142486,0,0,0,0,0,0,0,0,0,0,0,0
novgorod_tv,1,1,0,0,0,0,0,0,0,0,0,0,0,0
novgorodlife,6,14790,0,0,0,0,0,0,0,0,0,0,0,0
novgorodru,2,1279,0,0,0,0,0,0,0,0,0,0,0,0
novinach,1912,84078760,50,0,1,5,1,0,2139000,0,46800,230800,53700,0
novo_molokovo_rdi,1,769,0,0,0,0,0,0,0,0,0,0,0,0
novoaltaysk_tg,2,2830,0,0,0,0,0,0,0,0,0,0,0,0
novochag,32,32680,0,0,0,0,0,0,0,0,0,0,0,0
novocherkassk_sluh,51,458850,1,0,0,0,0,0,15700,0,0,0,0,0
novocherkassk_sobitie,50,660100,3,0,0,0,0,0,38100,0,0,0,0,0
novochtoday,8,10408,1,0,0,0,0,0,2350,0,0,0,0,0
novoedelo,7,5743,0,0,0,0,0,0,0,0,0,0,0,0
novogireevo_online,31,88370,0,0,0,0,0,0,0,0,0,0,0,0
novogradcity,2,2350,0,0,0,0,0,0,0,0,0,0,0,0
novogrodovka_rada,13,3004,0,0,0,0,0,0,0,0,0,0,0,0
novokah,15,35200,0,0,0,0,0,0,0,0,0,0,0,0
novopskovlnr,40,58664,0,0,0,0,0,0,0,0,0,0,0,0
novorosinform,19,4408,0,0,0,0,0,0,0,0,0,0,0,0
novorossia_okrug,9,36,0,0,0,0,0,0,0,0,0,0,0,0
novorossiyainfo,3,112,0,0,0,0,0,0,0,0,0,0,0,0
novorosstoday,6,4736,0,0,0,0,0,0,0,0,0,0,0,0
novoselym,6,9150,0,0,0,0,0,0,0,0,0,0,0,0
novosibirsk_vesti,36,107030,1,0,0,0,0,0,2670,0,0,0,0,0
novosibirskone,17,36059,0,0,0,0,0,0,0,0,0,0,0,0
novosibplus_news,61,215,1,0,0,0,0,0,3,0,0,0,0,0
novosibtop,312,4275579,1,0,0,0,0,0,15400,0,0,0,0,0
novost_uz,5,82,0,0,0,0,0,0,0,0,0,0,0,0
novostiEAO,18,16958,0,0,0,0,0,0,0,0,0,0,0,0
novostiKazanRT116,18,18313,0,0,0,0,0,0,0,0,0,0,0,0
novosti_54,24,63708,0,0,0,0,0,0,0,0,0,0,0,0
novosti_barnaul,34,73546,1,0,0,0,0,0,2100,0,0,0,0,0
novosti_bash,32,63506,0,0,0,0,0,0,0,0,0,0,0,0
novosti_belorusskie,39,49706,0,0,0,0,0,0,0,0,0,0,0,0
novosti_blg,22,87108,0,0,0,0,0,0,0,0,0,0,0,0
novosti_butovo,14,19679,0,0,0,0,0,0,0,0,0,0,0,0
novosti_chelyab,38,151876,0,0,0,0,0,0,0,0,0,0,0,0
novosti_important,40,283560,1,0,0,0,0,0,6740,0,0,0,0,0
novosti_irkutsk,28,57003,0,0,0,0,0,0,0,0,0,0,0,0
novosti_kramatorska_24na7,1157,1799927,5,0,0,0,0,0,7250,0,0,0,0,0
novosti_krsk,13,25480,1,0,0,0,0,0,2390,0,0,0,0,0
novosti_mamadysha,9,3290,0,0,0,0,0,0,0,0,0,0,0,0
novosti_mirovie,40,580710,3,0,0,0,0,0,44100,0,0,0,0,0
novosti_n,19,35333,1,0,0,0,0,0,2940,0,0,0,0,0
novosti_neryungri,14,26368,0,0,0,0,0,0,0,0,0,0,0,0
novosti_novoross,5,9420,0,0,0,0,0,0,0,0,0,0,0,0
novosti_penza,1,54,0,0,0,0,0,0,0,0,0,0,0,0
novosti_smesta,1,0,0,0,0,0,0,0,0,0,0,0,0,0
novosti_sobitie,42,915000,0,0,0,0,0,0,0,0,0,0,0,0
novosti_spbrf,33,47947,0,0,0,0,0,0,0,0,0,0,0,0
novosti_spbru,4,3694,0,0,0,0,0,0,0,0,0,0,0,0
novosti_svez,21,8385,2,0,0,0,0,0,571,0,0,0,0,0
novosti_svodka,4,0,0,0,0,0,0,0,0,0,0,0,0,0
novosti_svodki,42,52179,0,0,0,0,0,0,0,0,0,0,0,0
novosti_taganroga,16,28722,0,0,0,0,0,0,0,0,0,0,0,0
novosti_tat,12,12801,0,0,0,0,0,0,0,0,0,0,0,0
novosti_telega,55,145740,0,0,0,0,0,0,0,0,0,0,0,0
novosti_trade,36,308110,0,0,0,0,0,0,0,0,0,0,0,0
novosti_ulanude,38,144850,0,0,0,0,0,0,0,0,0,0,0,0
novosti_uznavay_pervim,44,350870,3,0,0,0,0,0,19760,0,0,0,0,0
novosti_vdk,71,704155,0,0,0,0,0,0,0,0,0,0,0,0
novosti_vidnoe,13,27858,0,0,0,0,0,0,0,0,0,0,0,0
novosti_voyny,147,287096,2,0,0,0,0,0,4500,0,0,0,0,0
novosti_yeisk,2,1527,0,0,0,0,0,0,0,0,0,0,0,0
novosti_znay_vse,43,316599,2,0,0,0,0,0,12220,0,0,0,0,0
novosti_zvezdi,45,500277,0,0,0,0,0,0,0,0,0,0,0,0
novostialtya,12,604,0,0,0,0,0,0,0,0,0,0,0,0
novostiarmenia,18,36260,0,0,0,0,0,0,0,0,0,0,0,0
novostibishkeka,14,11025,0,0,0,0,0,0,0,0,0,0,0,0
novostifrontukraina,3,7330,0,0,0,0,0,0,0,0,0,0,0,0
novostiirf,17,8603,0,0,0,0,0,0,0,0,0,0,0,0
novostikam,19,297,0,0,0,0,0,0,0,0,0,0,0,0
novostikieva,44,59889,0,0,0,0,0,0,0,0,0,0,0,0
novostikz,7,3560,0,0,0,0,0,0,0,0,0,0,0,0
novostilnr,11,12303,0,0,0,0,0,0,0,0,0,0,0,0
novostimskv,30,56629,0,0,0,0,0,0,0,0,0,0,0,0
novostiniko,4517,346604404,5,0,1,8,0,0,368900,0,68100,667200,0,0
novostiorenburg,42,819520,0,0,0,0,0,0,0,0,0,0,0,0
novostipmrcom,8,12870,0,0,0,0,0,0,0,0,0,0,0,0
novostisamarkanda,152,286758,1,0,0,0,0,0,350,0,0,0,0,0
novostisanktpeterburg,65,585950,0,0,0,0,0,0,0,0,0,0,0,0
novostishowbiz,582,33205619,7,0,0,0,0,0,460400,0,0,0,0,0
novostisochi,20,20062,0,0,0,0,0,0,0,0,0,0,0,0
novostistolina,57,61311,0,0,0,0,0,0,0,0,0,0,0,0
novostiszfo,39,2015,0,0,0,0,0,0,0,0,0,0,0,0
novostiukraina24,47,124178,0,0,0,0,0,0,0,0,0,0,0,0
novostivRussia,13,512,1,0,0,0,0,0,17,0,0,0,0,0
novostnaya_povestka,18,9442,0,0,0,0,0,0,0,0,0,0,0,0
novostnews,7,333,0,0,0,0,0,0,0,0,0,0,0,0
novostroyki_krd,8,2116,0,0,0,0,0,0,0,0,0,0,0,0
novosty_kamchatki,156,26428,3,0,0,0,0,0,707,0,0,0,0,0
novosty_yakutska,36,110307,0,0,0,0,0,0,0,0,0,0,0,0
novostyruus,100,86707,1,0,0,0,0,0,1300,0,0,0,0,0
novostyuk,26,404,2,0,0,0,0,0,44,0,0,0,0,0
novostyukraine,201,5067780,6,0,0,0,0,0,222400,0,0,0,0,0
novostyuzhhorod,6,13910,0,0,0,0,0,0,0,0,0,0,0,0
novostyv,3,0,0,0,0,0,0,0,0,0,0,0,0,0
novosyolov,164,4858620,7,0,0,0,0,0,241400,0,0,0,0,0
novychas,12,3581,0,0,0,0,0,0,0,0,0,0,0,0
novye_kotelniki,10,44980,0,0,0,0,0,0,0,0,0,0,0,0
novynaua,67,206797,8,0,0,1,0,0,24960,0,0,5630,0,0
novynu,20,500,0,0,0,0,0,0,0,0,0,0,0,0
novynylive,1289,10743700,143,0,0,0,0,0,1193060,0,0,0,0,0
novynylive_kharkiv,74,137846,0,0,0,0,0,0,0,0,0,0,0,0
novynyonline,44,64313,1,0,0,0,0,0,2400,0,0,0,0,0
novytv,7,1767,0,0,0,0,0,0,0,0,0,0,0,0
now_kharkov,11,21642,0,0,0,0,0,0,0,0,0,0,0,0
now_kyiv,37,29684,0,0,0,0,0,0,0,0,0,0,0,0
now_odessa,13,33310,0,0,0,0,0,0,0,0,0,0,0,0
now_saratov,1,0,0,0,0,0,0,0,0,0,0,0,0,0
nowkies,44,10035300,0,0,0,0,0,0,0,0,0,0,0,0
nowspb,78,479313,0,0,0,0,0,0,0,0,0,0,0,0
nowtv_news,99,115654,0,0,0,0,0,0,0,0,0,0,0,0
noyabrsk_news,4,1520,0,0,0,0,0,0,0,0,0,0,0,0
noyabrskadmin,1,500,0,0,0,0,0,0,0,0,0,0,0,0
nozdrachevchannel,5,8034,0,0,0,0,0,0,0,0,0,0,0,0
nozhenko_dmitry,21,42116,0,0,0,1,0,0,0,0,0,4100,0,0
nozhi_knife,1,296,0,0,0,0,0,0,0,0,0,0,0,0
np_inform,21,1555,1,0,0,0,0,0,99,0,0,0,0,0
npanin01,15,23696,0,0,0,0,0,0,0,0,0,0,0,0
npcfess,28,9554,0,0,0,0,0,0,0,0,0,0,0,0
npetrukha_17,4,25710,0,0,0,0,0,0,0,0,0,0,0,0
npnauka,15,5802,0,0,0,0,0,0,0,0,0,0,0,0
npodgornov,36,85490,1,0,0,0,0,0,9940,0,0,0,0,0
npriir,1,479,0,0,0,0,0,0,0,0,0,0,0,0
nraykus,27,380450,0,0,0,0,0,0,0,0,0,0,0,0
nrjrussia,6,5845,0,0,0,0,0,0,0,0,0,0,0,0
nrkomi,2,3690,0,0,0,0,0,0,0,0,0,0,0,0
nrromanova,1,133,0,0,0,0,0,0,0,0,0,0,0,0
nrslovo,1,0,0,0,0,0,0,0,0,0,0,0,0,0
nsdelzap1,29,214332,0,0,0,0,0,0,0,0,0,0,0,0
nsk2020ru,10,19530,0,0,0,0,0,0,0,0,0,0,0,0
nsk54_official,8,6452,0,0,0,0,0,0,0,0,0,0,0,0
nsk54nsk54,14,15126,0,0,0,0,0,0,0,0,0,0,0,0
nsk_vesna,2,1580,0,0,0,0,0,0,0,0,0,0,0,0
nskkp,18,7358,0,0,0,0,0,0,0,0,0,0,0,0
nskuzbeklar,2,8700,0,0,0,0,0,0,0,0,0,0,0,0
nslwin,19,12819,0,0,0,0,0,0,0,0,0,0,0,0
nsnfm,8,6054,0,0,0,0,0,0,0,0,0,0,0,0
nsonews54,17,28563,0,0,0,0,0,0,0,0,0,0,0,0
nssfcambodia,19,107075,0,0,0,0,0,0,0,0,0,0,0,0
nssky,99,10177,1,0,0,1,0,0,115,0,0,157,0,0
nst_itsme,8,28630,0,0,0,0,0,0,0,0,0,0,0,0
nstarikovru,798,7925801,29,0,0,0,1,0,319250,0,0,0,9900,0
ntn24ve,49,232960,0,0,0,0,0,0,0,0,0,0,0,0
ntnzn,28,334361,2,0,0,0,0,0,18929,0,0,0,0,0
ntr24ru,15,10363,0,0,0,0,0,0,0,0,0,0,0,0
ntvh1,2,877,0,0,0,0,0,0,0,0,0,0,0,0
ntvnews,13,174900,0,0,0,0,0,0,0,0,0,0,0,0
nubipnules,10,89930,0,0,0,0,0,0,0,0,0,0,0,0
nucdprk,1,453,0,0,0,0,0,0,0,0,0,0,0,0
nuhachrus,58,1491,0,0,0,0,0,0,0,0,0,0,0,0
nuhle,11,111460,0,0,0,0,0,0,0,0,0,0,0,0
nulevoypacient,3,547,0,0,0,0,0,0,0,0,0,0,0,0
nuqtai_nazar_official,45,150260,0,0,0,0,0,0,0,0,0,0,0,0
nur_adm,7,9317,0,0,0,0,0,0,0,0,0,0,0,0
nur_kz_7,1,2170,0,0,0,0,0,0,0,0,0,0,0,0
nurafshanziyo,2267,36538411,0,0,0,0,0,0,0,0,0,0,0,0
nurbekalimov,59,324440,0,0,0,0,0,0,0,0,0,0,0,0
nurli_yol,31,46010,0,0,0,0,0,0,0,0,0,0,0,0
nurotauz_official,1,58,0,0,0,0,0,0,0,0,0,0,0,0
nursolovej,20,538,3,0,0,0,0,0,55,0,0,0,0,0
nutoday,1,18,0,0,0,0,0,0,0,0,0,0,0,0
nuts_roses,14,53590,1,0,0,0,0,0,12500,0,0,0,0,0
nv86_crab,18,30500,0,0,0,0,0,0,0,0,0,0,0,0
nv_info,174,1257833,6,0,0,0,1,0,42780,0,0,0,4040,0
nvk_sakha,404,964571,1,0,0,0,0,0,2660,0,0,0,0,0
nvkz_dtp,17,10290,0,0,0,0,0,0,0,0,0,0,0,0
nvkz_one,5,895,0,0,0,0,0,0,0,0,0,0,0,0
nvodolaga,22,98180,1,0,0,0,0,0,1980,0,0,0,0,0
nvp_73,18,165839,0,0,0,0,0,0,0,0,0,0,0,0
nvrsk_new,7,2948,0,0,0,0,0,0,0,0,0,0,0,0
nvrsk_podsl,10,11000,0,0,0,0,0,0,0,0,0,0,0,0
nvrsk_road,29,141705,0,0,0,0,0,0,0,0,0,0,0,0
nvua_official,205,1379677,6,0,0,0,0,0,34330,0,0,0,0,0
nwsru,4386,107376026,63,0,2,4,0,0,1529840,0,48200,108000,0,0
ny_i_dnipro,106,9405050,0,0,0,0,0,0,0,0,0,0,0,0
nyankate,2,215,0,0,0,0,0,0,0,0,0,0,0,0
nyannews,13,3609,0,0,0,0,0,0,0,0,0,0,0,0
nyazhe27,5,13490,0,0,0,0,0,0,0,0,0,0,0,0
nytimes,57,1763500,0,0,0,0,0,0,0,0,0,0,0,0
nyukitvilive,1,3330,0,0,0,0,0,0,0,0,0,0,0,0
nz_m_v,38,32118,0,0,0,1,0,0,0,0,0,961,0,0
nzivnet_feed,5,1268,0,0,0,0,0,0,0,0,0,0,0,0
nzkot,2,1488,0,0,0,0,0,0,0,0,0,0,0,0
nznp_lnr,32,22784,0,0,0,0,0,0,0,0,0,0,0,0
o14rf,27,6584,1,0,0,0,0,0,66,0,0,0,0,0
o1743,36,83546,0,0,0,0,0,0,0,0,0,0,0,0
o23rf,1,255,0,0,0,0,0,0,0,0,0,0,0,0
o25rf,14,33220,0,0,0,0,0,0,0,0,0,0,0,0
o31rf,14,2570,0,0,0,0,0,0,0,0,0,0,0,0
o34rf,14,14586,0,0,0,0,0,0,0,0,0,0,0,0
o49rf,1,297,0,0,0,0,0,0,0,0,0,0,0,0
o64rf,26,28626,0,0,0,0,0,0,0,0,0,0,0,0
o71rf,3,962,0,0,0,0,0,0,0,0,0,0,0,0
o78rf,5,1226,0,0,0,0,0,0,0,0,0,0,0,0
o_brd,16,24672,0,0,0,0,0,0,0,0,0,0,0,0
o_plati,10,21324,0,0,0,0,0,0,0,0,0,0,0,0
o_turchynov,3,2902,0,0,0,0,0,0,0,0,0,0,0,0
oa_channel,923,47453848,0,0,0,0,0,0,0,0,0,0,0,0
oabch,106,10497000,5,0,0,0,0,0,358900,0,0,0,0,0
oamakeeva,6,3617,0,0,0,0,0,0,0,0,0,0,0,0
oanikolaev,10,26213,0,0,0,0,0,0,0,0,0,0,0,0
ob_community,2,6200,0,0,0,0,0,0,0,0,0,0,0,0
obershad,2,5300,0,0,0,0,0,0,0,0,0,0,0,0
obhavo_obhovo_pagod_haftalik,1,857,0,0,0,0,0,0,0,0,0,0,0,0
obitchivaya,13,894000,0,0,0,0,0,0,0,0,0,0,0,0
objectivetv,73,267911,0,0,0,0,0,0,0,0,0,0,0,0
objektyv,27,1399,2,0,0,0,0,0,128,0,0,0,0,0
oblachnyy,10,20630,0,0,0,0,0,0,0,0,0,0,0,0
oblast45ru,10,2555,0,0,0,0,0,0,0,0,0,0,0,0
oblomoffspb,198,4122850,0,0,0,0,0,0,0,0,0,0,0,0
oblrada_cv,7,1134,0,0,0,0,0,0,0,0,0,0,0,0
obmanutirussianin,1,17300,0,0,0,0,0,0,0,0,0,0,0,0
obninskinfo,37,61966,0,0,0,0,0,0,0,0,0,0,0,0
obo_vsem_v_mire,5,535,0,0,0,0,0,0,0,0,0,0,0,0
obolonlife,392,7010602,6,0,0,0,0,0,105500,0,0,0,0,0
oborona_Zhmerinka,50,792139,0,0,0,0,0,0,0,0,0,0,0,0
oboronavilnogirsk_official,18,32062,0,0,0,0,0,0,0,0,0,0,0,0
oborotru,20,12487,0,0,0,0,0,0,0,0,0,0,0,0
obovsempetropavlovsk,1,1300,0,0,0,0,0,0,0,0,0,0,0,0
obozhaba,24,121400,0,0,0,0,0,0,0,0,0,0,0,0
obozrenienashmir,45,383659,2,0,0,0,0,0,22800,0,0,0,0,0
obozzz,10,5511,1,0,0,0,0,0,571,0,0,0,0,0
obrazbuduschego2,1239,64430928,25,0,0,1,0,0,1207700,0,0,96700,0,0
obrazovanie_5gor,4,16620,0,0,0,0,0,0,0,0,0,0,0,0
obrech,34,491060,0,0,0,0,0,0,0,0,0,0,0,0
obs64,35,276650,0,0,0,0,0,0,0,0,0,0,0,0
obshina_ru,18,605630,1,0,0,0,0,0,17600,0,0,0,0,0
obstanovkalnr,74,1503286,0,0,0,0,0,0,0,0,0,0,0,0
obuhovpro,7,29212,0,0,0,0,0,0,0,0,0,0,0,0
obyasnayemrf,963,36126383,24,0,0,0,0,0,907980,0,0,0,0,0
ochelyabinsk,25,11137,0,0,0,0,0,0,0,0,0,0,0,0
ochi_zhv,46,108012,0,0,0,0,0,0,0,0,0,0,0,0
ochkarik_tsk,37,289800,0,0,0,0,0,0,0,0,0,0,0,0
octagon_ural,17,65925,2,0,0,0,0,0,798,0,0,0,0,0
octagonmedia,42,308607,0,0,0,0,0,0,0,0,0,0,0,0
od_tkh,38,302139,7,0,0,0,0,0,50110,0,0,0,0,0
oddr_info,28,9857,0,0,0,0,0,0,0,0,0,0,0,0
oddr_news,37,27078,3,0,0,0,0,0,2828,0,0,0,0,0
oddrgorlovka,13,5980,1,0,0,0,0,0,169,0,0,0,0,0
odesa_infoo,2,769,0,0,0,0,0,0,0,0,0,0,0,0
odesacityofficial,785,12992290,4,0,0,1,0,0,54040,0,0,14600,0,0
odesaexpedition,9,4960,0,0,0,0,0,0,0,0,0,0,0,0
odesin,30,11137,0,0,0,0,1,0,0,0,0,0,19,0
odeskaODA,27,132250,0,0,0,0,0,0,0,0,0,0,0,0
odessaST,2,51,0,0,0,0,0,0,0,0,0,0,0,0
odessa_gorodovoy,20,45730,7,0,0,0,0,0,17260,0,0,0,0,0
odessa_hello,11,83479,0,0,0,0,0,0,0,0,0,0,0,0
odessa_infoo,39,1660,0,0,0,0,0,0,0,0,0,0,0,0
odessa_inform,89,9286400,1,0,0,0,0,0,45900,0,0,0,0,0
odessa_novosti,1,19,0,0,0,0,0,0,0,0,0,0,0,0
odessa_online,28,45553,0,0,0,0,0,0,0,0,0,0,0,0
odessa_sirena,3,192,0,0,0,0,0,0,0,0,0,0,0,0
odessa_typical,1315,113999700,11,0,0,0,0,0,813800,0,0,0,0,0
odessacitynews1,12,29060,1,0,0,0,0,0,2470,0,0,0,0,0
odessamedia,12,18310,1,0,0,0,0,0,1430,0,0,0,0,0
odessanewsua,21,9591,0,0,0,0,0,0,0,0,0,0,0,0
odesskaya_oblasti,544,2524684,5,0,1,0,1,0,23060,0,3700,0,4000,0
odesskiymayak,3,198,0,0,0,0,0,0,0,0,0,0,0,0
odesyty,1,157,0,0,0,0,0,0,0,0,0,0,0,0
odi_city,49,1192390,2,0,0,0,0,0,62400,0,0,0,0,0
odiljon_tojiyev,23,38446,0,0,0,0,0,0,0,0,0,0,0,0
odin_ru,13,39910,0,0,0,0,0,0,0,0,0,0,0,0
odinnpubg,23,18554,0,0,0,0,0,0,0,0,0,0,0,0
odinobl,20,9000,0,0,0,0,0,0,0,0,0,0,0,0
odinokayakoko,25,77900,0,0,0,0,0,0,0,0,0,0,0,0
odintsovo1,18,211170,0,0,0,0,0,0,0,0,0,0,0,0
odintsovo_sluh,51,649600,0,0,0,0,0,0,0,0,0,0,0,0
odintsovo_sobitie,50,664700,0,0,0,0,0,0,0,0,0,0,0,0
odintsovo_town,27,42660,0,0,0,0,0,0,0,0,0,0,0,0
odkb_csto,8,15044,1,0,0,0,0,0,1030,0,0,0,0,0
odon_vng,5,6891,0,0,0,0,0,0,0,0,0,0,0,0
odsosedi_moscow,41,50158,0,0,0,0,0,0,0,0,0,0,0,0
odsosedi_poseleniye_moskovskiy,1,428,0,0,0,0,0,0,0,0,0,0,0,0
odsosedi_sao,16,2410,0,0,0,0,0,0,0,0,0,0,0,0
odsosedi_svao,13,5003,0,0,0,0,0,0,0,0,0,0,0,0
odtoday,20,12026,0,0,0,0,0,0,0,0,0,0,0,0
ofchadesplace,6,79,0,0,0,0,0,0,0,0,0,0,0,0
ofcimagineclass,9,3340,0,0,0,0,0,0,0,0,0,0,0,0
ofcmervellersq,23,29303,0,0,0,0,0,0,0,0,0,0,0,0
ofcradexas,3,99,0,0,0,0,0,0,0,0,0,0,0,0
off_shores,34,788490,1,0,0,0,0,0,16100,0,0,0,0,0
offearth,63,802630,0,0,0,0,0,0,0,0,0,0,0,0
offertevirali,46,108267,0,0,0,0,0,0,0,0,0,0,0,0
office_ua,64,990410,8,0,0,0,0,0,118620,0,0,0,0,0
officelife_media,16,24009,0,0,0,0,0,0,0,0,0,0,0,0
official_atypical,273,13084810,1,0,0,0,0,0,22700,0,0,0,0,0
official_moscow,81,442397,0,0,0,0,0,0,0,0,0,0,0,0
official_spb,53,94298,0,0,0,0,0,0,0,0,0,0,0,0
officialbiden,41,84365,0,0,0,0,0,0,0,0,0,0,0,0
officialeurosolidarity,18,38549,1,0,0,0,0,0,1840,0,0,0,0,0
officialkuprikova,14,447600,0,0,0,0,0,0,0,0,0,0,0,0
officialmordovia,13,7872,0,0,0,0,0,0,0,0,0,0,0,0
officialomkth,4,442,0,0,0,0,0,0,0,0,0,0,0,0
officialsochi,5,1851,0,0,0,0,0,0,0,0,0,0,0,0
offshore_news_vl,5,30600,0,0,0,0,0,0,0,0,0,0,0,0
oficialjpnews,17,46060,0,0,0,0,0,0,0,0,0,0,0,0
ofigenno_news,21,38961,0,0,0,0,0,0,0,0,0,0,0,0
ofigennyiherson,6,829,0,0,0,0,0,0,0,0,0,0,0,0
ogohuzofficial,30,4458,1,0,0,0,0,0,23,0,0,0,0,0
ogorod42,17,107660,0,0,0,0,0,0,0,0,0,0,0,0
ogorod_42,19,19872,2,0,0,0,0,0,897,0,0,0,0,0
oh_curva,22,311680,0,0,0,0,0,0,0,0,0,0,0,0
oh_fck,18,9210,0,0,0,0,0,0,0,0,0,0,0,0
oh_pollyboooks,5,5588,0,0,0,0,0,0,0,0,0,0,0,0
ohhomeall,11,80920,0,0,0,0,0,0,0,0,0,0,0,0
ohlebe_ru,23,23187,0,0,0,0,0,0,0,0,0,0,0,0
ohmedia,23,13783,0,0,0,0,0,0,0,0,0,0,0,0
ohotnik_na_sviazy,36,505529,0,0,0,0,0,0,0,0,0,0,0,0
ohsevastopol,8,25088,0,0,0,0,0,0,0,0,0,0,0,0
oieiei,92,25734900,0,0,0,0,0,0,0,0,0,0,0,0
oiiikrisiiioofficial,15,136770,0,0,0,0,0,0,0,0,0,0,0,0
oil_capital,19,104120,1,0,0,0,0,0,2780,0,0,0,0,0
oilgasforum_TNF,4,3072,0,0,0,0,0,0,0,0,0,0,0,0
oiveynews,25,37544,0,0,0,0,0,0,0,0,0,0,0,0
oizmedia,30,269710,0,0,0,0,0,0,0,0,0,0,0,0
ok_kirov,14,4629,0,0,0,0,0,0,0,0,0,0,0,0
ok_pivnich1,11,8187,0,0,0,0,0,0,0,0,0,0,0,0
okbnews,99,10079300,0,0,0,0,0,0,0,0,0,0,0,0
okfacts,6,27550,0,0,0,0,0,0,0,0,0,0,0,0
okha65ru,26,45541,0,0,0,0,0,0,0,0,0,0,0,0
okhtyrkainfo,20,13182,0,0,0,0,0,0,0,0,0,0,0,0
okhtyrkaonline,2,703,0,0,0,0,0,0,0,0,0,0,0,0
oko_gora,16,267610,0,0,0,0,0,0,0,0,0,0,0,0
oko_ok,114,3558820,8,0,0,1,0,0,226210,0,0,32400,0,0
oko_ua,46,4550790,0,0,0,0,0,0,0,0,0,0,0,0
okodavidi,1,0,0,0,0,0,0,0,0,0,0,0,0,0
okolo_baikala,3,215,1,0,0,0,0,0,71,0,0,0,0,0
okolokremlya,18,32430,0,0,0,0,0,0,0,0,0,0,0,0
okoskol,56,648228,0,0,0,0,0,0,0,0,0,0,0,0
okrasnogorsk,18,20374,0,0,0,0,0,0,0,0,0,0,0,0
oksana_foodblogger,22,62255,0,0,0,0,0,0,0,0,0,0,0,0
oksana_it_switcher,18,17121,0,0,0,0,0,0,0,0,0,0,0,0
okt_minsk_official,5,5404,0,0,0,0,0,0,0,0,0,0,0,0
oktomsk,99,242400,1,0,0,0,0,0,2900,0,0,0,0,0
oktrayon,6,1463,0,0,0,0,0,0,0,0,0,0,0,0
okulist_ua,73,262380,17,0,0,0,0,0,64770,0,0,0,0,0
okun_andrew,53,536229,8,0,0,0,1,0,65999,0,0,0,12800,0
okuvandyk,92,404430,0,0,0,0,0,0,0,0,0,0,0,0
old_makhachkala,15,22207,0,0,0,0,0,0,0,0,0,0,0,0
oldfilip,12,14403,0,0,0,0,0,0,0,0,0,0,0,0
oldhellboy,54,7734800,1,0,0,0,3,0,167000,0,0,0,434000,0
oldhomethings,5,9279,0,0,0,0,0,0,0,0,0,0,0,0
oldlentach,1387,114804009,6,0,0,0,0,0,497900,0,0,0,0,0
oldminerkomi,13,32576,0,0,0,0,0,0,0,0,0,0,0,0
oldrostovdon,14,25031,0,0,0,0,0,0,0,0,0,0,0,0
oldschoolpravda,12,60030,0,0,0,0,0,0,0,0,0,0,0,0
oldwriter,3,3500,0,0,0,0,0,0,0,0,0,0,0,0
oldyorktimes,41,102143,5,0,0,0,0,0,10450,0,0,0,0,0
oleandrus_here,26,45390,1,0,0,0,0,0,1050,0,0,0,0,0
olechkindurdom,29,534830,3,0,0,0,0,0,59100,0,0,0,0,0
oleg_lekmanov,6,24710,0,0,0,0,0,0,0,0,0,0,0,0
oleg_mks,27,87953,0,0,0,0,0,0,0,0,0,0,0,0
oleg_shein,3,14450,0,0,0,0,0,0,0,0,0,0,0,0
oleganisimov1,2,1748,0,0,0,0,0,0,0,0,0,0,0,0
olegderipaska,81,8780870,1,0,0,0,0,0,75200,0,0,0,0,0
oleglurie,18,14171,0,0,0,0,1,0,0,0,0,0,654,0
olegopevtsov,20,144540,0,0,0,0,0,0,0,0,0,0,0,0
olegroy_official,11,10943,0,0,0,0,0,0,0,0,0,0,0,0
olegsepar,116,818572,1,0,0,0,0,0,9160,0,0,0,0,0
olegtsarov,4239,447123245,360,0,1,23,10,1,40507309,0,91100,2084000,869600,1720000
olegyasynsky,48,2712780,3,0,0,0,0,1,69600,0,0,0,0,23700
oleksandriiadopomoga,9,20030,0,0,0,0,0,0,0,0,0,0,0,0
oleksandrmamay,43,371451,0,0,0,0,0,0,0,0,0,0,0,0
oleksii_taimurzin,2,3040,0,0,0,0,0,0,0,0,0,0,0,0
oleksiihoncharenko,2331,125330828,338,0,0,12,0,0,16993699,0,0,721900,0,0
oleksiykushner,17,8683,0,0,0,0,0,0,0,0,0,0,0,0
olen_nn,53,123254,7,0,0,0,0,0,17730,0,0,0,0,0
olesiavorobei,10,21530,0,0,0,0,0,0,0,0,0,0,0,0
olesya_mystory,6,15764,0,0,0,0,0,0,0,0,0,0,0,0
olesya_sudzilovskaya_official,6,6458,0,0,0,0,0,0,0,0,0,0,0,0
olexcity,17,94554,0,0,0,0,0,0,0,0,0,0,0,0
olexsanriya,17,68820,0,0,1,0,0,0,0,0,4510,0,0,0
oleynikart,21,214940,0,0,0,0,0,0,0,0,0,0,0,0
olga_b_lyubimova,7,47660,0,0,0,0,0,0,0,0,0,0,0,0
olga_balarama,9,40780,0,0,0,0,0,0,0,0,0,0,0,0
olga_beshley,16,30490,1,0,0,0,0,0,1820,0,0,0,0,0
olga_budina,33,175474,0,0,0,0,0,0,0,0,0,0,0,0
olga_nesterova_30,53,259158,1,0,0,0,0,0,8250,0,0,0,0,0
olga_prosvetova,10,16900,0,0,0,0,0,0,0,0,0,0,0,0
olga_shuranova,13,88980,0,0,0,0,0,0,0,0,0,0,0,0
olga_trigidko,4,3890,0,0,0,0,0,0,0,0,0,0,0,0
olgabrayne,26,170260,2,0,0,0,0,0,14850,0,0,0,0,0
olgafreshhh,33,83966,0,0,0,0,0,0,0,0,0,0,0,0
olgagajienko1,28,540420,0,0,0,0,0,0,0,0,0,0,0,0
olgakormukhina,25,247840,0,0,0,0,0,0,0,0,0,0,0,0
olgakuzyapisma,13,43670,1,0,0,0,0,0,1180,0,0,0,0,0
olgaseletskaya,13,6677,0,0,0,0,1,0,0,0,0,0,531,0
olgasherbinina888,70,2419970,0,0,0,0,0,0,0,0,0,0,0,0
olgazeml_tk,8,6761,0,0,0,0,0,0,0,0,0,0,0,0
olggotovimprostodoma,24,62844,0,0,0,0,0,0,0,0,0,0,0,0
olginonavolge,12,35160,0,0,0,0,0,0,0,0,0,0,0,0
olia_chu,23,17920,0,0,0,0,0,0,0,0,0,0,0,0
olim_sulaymanov,212,11281,0,0,0,0,0,0,0,0,0,0,0,0
olimjon_usarov,16,10088,0,0,0,0,0,0,0,0,0,0,0,0
oliverflesch,53,305600,0,0,0,0,0,0,0,0,0,0,0,0
oliverjanich,2509,35225525,0,0,0,0,0,0,0,0,0,0,0,0
olmaliq7_24,309,605364,0,0,0,10,0,0,0,0,0,18320,0,0
olmazorhokimligi,157,170523,0,0,0,0,0,0,0,0,0,0,0,0
oltiariqtumanihokimligi,5,676,0,0,0,0,0,0,0,0,0,0,0,0
oltimoltim,14,11380,0,0,0,0,0,0,0,0,0,0,0,0
olvoitko,23,45247,0,0,0,0,0,0,0,0,0,0,0,0
olya_penguin,28,1235000,0,0,0,0,0,0,0,0,0,0,0,0
olya_sok,24,89250,0,0,0,0,0,0,0,0,0,0,0,0
olya_yushkova93,30,108035,0,0,0,0,0,0,0,0,0,0,0,0
olyakyoto,8,14278,0,0,0,0,0,0,0,0,0,0,0,0
olyasdiary,5,3398,0,0,0,0,0,0,0,0,0,0,0,0
olyashaachannel,24,60402,0,0,0,0,0,0,0,0,0,0,0,0
om1_nsk,35,78683,0,0,0,0,0,0,0,0,0,0,0,0
om1_ru,1,876,0,0,0,0,0,0,0,0,0,0,0,0
omcsimova,14,22776,1,0,0,1,0,0,1540,0,0,1260,0,0
omedia24,30,150500,0,0,0,0,0,0,0,0,0,0,0,0
omelnichenko,67,4024323,0,0,0,0,0,0,0,0,0,0,0,0
omnitempore,54,3164600,2,0,0,0,0,0,105100,0,0,0,0,0
omnium,31,533770,0,0,0,0,0,0,0,0,0,0,0,0
omonmoscow,4,2628,0,0,0,0,0,0,0,0,0,0,0,0
omontv,1,331000,0,0,0,0,0,0,0,0,0,0,0,0
omsaratov,5,1034,0,0,0,0,0,0,0,0,0,0,0,0
omsk_ogo,16,8964,1,0,0,0,0,0,540,0,0,0,0,0
omsk_vesti,5,7938,1,0,0,0,0,0,1100,0,0,0,0,0
omskb,5,5930,0,0,0,0,0,0,0,0,0,0,0,0
omsknotdead,37,337153,1,0,0,0,0,0,5700,0,0,0,0,0
omskomsk1,4,11850,0,0,0,0,0,0,0,0,0,0,0,0
omskonelove,31,11718,0,0,0,0,0,0,0,0,0,0,0,0
omskpub55,36,28505,0,0,0,0,0,0,0,0,0,0,0,0
omsktop1,179,2203979,0,0,0,0,0,0,0,0,0,0,0,0
omskwillnotleave,4,5964,0,0,0,0,0,0,0,0,0,0,0,0
onastasiz,191,77020400,1,0,0,0,0,0,264000,0,0,0,0,0
one_big_union,12,39260,0,0,0,0,0,0,0,0,0,0,0,0
one_more_p,2,0,0,0,0,0,0,0,0,0,0,0,0,0
one_way_ticket_ru,2,59,0,0,0,0,0,0,0,0,0,0,0,0
oneday_onestory,21,45550,0,0,0,0,0,0,0,0,0,0,0,0
onegovaalena,46,2614461,0,0,0,0,0,0,0,0,0,0,0,0
oneminutedrone,18,41650,0,0,0,0,0,0,0,0,0,0,0,0
onenews_zp,20,21348,0,0,0,0,0,0,0,0,0,0,0,0
oneraw,5,1095,0,0,0,0,0,0,0,0,0,0,0,0
onf_front,25,604040,0,0,0,0,0,0,0,0,0,0,0,0
onf_voronezh,15,15218,0,0,0,0,0,0,0,0,0,0,0,0
ongar_online,14,19085,0,0,0,0,0,0,0,0,0,0,0,0
online_dnr_sckk,71,305323,0,0,0,0,0,0,0,0,0,0,0,0
online_kharaji96,6,3589,0,0,0,0,0,0,0,0,0,0,0,0
online_od,16,8664,0,0,0,0,0,0,0,0,0,0,0,0
online_ua,2,3050,0,0,0,0,0,0,0,0,0,0,0,0
online_war,20,4172,0,0,0,0,0,0,0,0,0,0,0,0
onlinebrestby,230,1083205,1,0,0,0,0,0,4790,0,0,0,0,0
onlinechechnya,3,15,0,0,0,0,0,0,0,0,0,0,0,0
onlinemedia35,9,8214,0,0,0,0,0,0,0,0,0,0,0,0
onlinerby,612,29359730,15,0,0,0,0,0,675660,0,0,0,0,0
onlinetambovru,17,5060,0,0,0,0,0,0,0,0,0,0,0,0
onlinevologda_ru,64,429504,1,0,0,0,0,0,9500,0,0,0,0,0
onlirk,8,5218,0,0,0,0,0,0,0,0,0,0,0,0
only_finance_news,6,67,0,0,0,0,0,0,0,0,0,0,0,0
ontnews,33,36301,0,0,0,0,0,0,0,0,0,0,0,0
onyshchuksvitlana,30,69979,1,0,0,0,0,0,3100,0,0,0,0,0
oooromanova,10,48900,0,0,0,0,0,0,0,0,0,0,0,0
opa_da_squad,11,61205,0,0,0,0,0,0,0,0,0,0,0,0
opasny366,45,305,2,0,0,0,0,0,8,0,0,0,0,0
open_khv,16,14796,0,0,0,0,0,0,0,0,0,0,0,0
openbelgorod,18,16013,0,0,0,0,0,0,0,0,0,0,0,0
openchina,22,9217,1,0,0,0,0,0,358,0,0,0,0,0
openmonte,9,20876,0,0,0,0,0,0,0,0,0,0,0,0
opennet_ru,20,121770,0,0,0,0,0,0,0,0,0,0,0,0
opennewss,17,7051,1,0,0,0,0,0,521,0,0,0,0,0
opennko,3,2437,0,0,0,0,0,0,0,0,0,0,0,0
opennov,20,16048,5,0,0,0,0,0,5658,0,0,0,0,0
openparad,18,39606,0,0,0,0,0,0,0,0,0,0,0,0
opensaratov,14,40174,0,0,0,0,0,0,0,0,0,0,0,0
oper_goblin,1471,273103410,19,0,0,5,3,0,3405600,0,0,972700,572000,0
oper_tern,16,10613,0,0,0,0,0,0,0,0,0,0,0,0
operasyon1,17,224990,0,0,0,0,0,0,0,0,0,0,0,0
operativeukr,8,8997,0,0,0,0,0,0,0,0,0,0,0,0
operativmedia,89,480761,0,0,0,0,0,0,0,0,0,0,0,0
operativmm,665,8983640,0,0,0,0,0,0,0,0,0,0,0,0
operativnoZSU,13205,1017151570,120,0,2,50,23,0,9281000,0,155500,4026400,1794900,0
operativnyishtabtyumen,9,2065,0,0,0,0,0,0,0,0,0,0,0,0
operativperm,36,42486,0,0,0,0,0,0,0,0,0,0,0,0
operativxeber,24,19374,0,0,0,0,0,0,0,0,0,0,0,0
operator13zov,33,77045,0,0,0,0,1,0,0,0,0,0,2450,0
operator_mcs,13,288913,0,0,0,0,0,0,0,0,0,0,0,0
operator_zhorro,17,40621,0,0,0,0,0,0,0,0,0,0,0,0
operatyvnii,1,232,0,0,0,0,0,0,0,0,0,0,0,0
operden,20,55130,2,0,0,0,0,0,4350,0,0,0,0,0
operdrain,202,3456980,5,0,0,0,1,0,73680,0,0,0,8880,0
operline_ru,71,588029,0,0,0,0,0,0,0,0,0,0,0,0
opernn,22,51780,0,0,0,1,0,0,0,0,0,1830,0,0
operobzor,70,1322440,1,0,0,0,0,0,20400,0,0,0,0,0
opershtab23,61,1166830,0,0,0,0,0,0,0,0,0,0,0,0
opershtab_murmansk,9,9121,0,0,0,0,0,0,0,0,0,0,0,0
opersvodki,2675,261194298,34,0,1,9,10,0,3141800,0,45800,856500,824300,0
ophiucu,27,33988,0,0,0,0,0,0,0,0,0,0,0,0
oplottv,17,5251,0,0,0,0,0,0,0,0,0,0,0,0
opolzenzhittya,5,3295,1,0,0,0,0,0,753,0,0,0,0,0
oporaspb,1,194,0,0,0,0,0,0,0,0,0,0,0,0
opoveshenie,28,153590,2,0,0,0,0,0,8510,0,0,0,0,0
opportunitiescircleofficial,74,455271,0,0,0,0,0,0,0,0,0,0,0,0
oppositional_shelter,21,39719,0,0,0,0,0,0,0,0,0,0,0,0
oprf_official,17,13081,0,0,0,0,0,0,0,0,0,0,0,0
optihuizm,7,169,0,0,0,0,0,0,0,0,0,0,0,0
optimisticus007,65,596210,0,0,0,0,0,0,0,0,0,0,0,0
optimistkavshtatskom,121,571720,5,0,0,0,3,0,26700,0,0,0,17980,0
oqdaryo_axborot_xizmati,43,124040,0,0,0,0,0,0,0,0,0,0,0,0
oqjav_vadik_pishet,9,34870,1,0,0,0,0,0,4240,0,0,0,0,0
oqoltin_yangiliklari,3,1482,0,0,0,0,0,0,0,0,0,0,0,0
oqqorgondanimagaplar,31,29309,0,0,0,0,0,0,0,0,0,0,0,0
orange_east,20,13315,0,0,0,0,0,0,0,0,0,0,0,0
orangeparkkotelniki,1,2620,0,0,0,0,0,0,0,0,0,0,0,0
orbakaite_k_telegram,8,156610,0,0,0,0,0,0,0,0,0,0,0,0
orbita_4,23,259230,0,0,0,0,0,0,0,0,0,0,0,0
orbru,17,62187,0,0,0,0,0,0,0,0,0,0,0,0
ord0favonius,3,60200,0,0,0,0,0,0,0,0,0,0,0,0
orda1312,1,3700,0,0,0,0,0,0,0,0,0,0,0,0
orda_kz,1603,30110860,87,0,0,4,0,0,1757300,0,0,60100,0,0
orda_mordora,324,23582399,10,0,0,0,0,0,793400,0,0,0,0,0
ordinaryczarizm,48,772950,2,0,0,0,0,0,23200,0,0,0,0,0
orehovo_borisovo,9,3167,0,0,0,0,0,0,0,0,0,0,0,0
orehovoborisovo_info,1,1270,0,0,0,0,0,0,0,0,0,0,0,0
orekhov_segodnya,8,60700,0,0,0,0,0,0,0,0,0,0,0,0
orel57express,4,1793,0,0,0,0,0,0,0,0,0,0,0,0
orelinside,8,25420,0,0,0,0,0,0,0,0,0,0,0,0
oreltimes,2,480,0,0,0,0,0,0,0,0,0,0,0,0
oren4oren,21,32794,0,0,0,0,0,0,0,0,0,0,0,0
orenburg_media,65,145276,1,0,0,0,0,0,3300,0,0,0,0,0
orenburg_online56,27,82032,0,0,0,0,0,0,0,0,0,0,0,0
orenburg_tg,61,374170,0,0,0,0,0,0,0,0,0,0,0,0
orenburg_vesti,38,109430,1,0,0,0,0,0,2770,0,0,0,0,0
orenburggorod,27,64306,0,0,0,0,0,0,0,0,0,0,0,0
orenday_ru,64,180747,0,0,0,0,0,0,0,0,0,0,0,0
orengorodovoy,15,8984,0,0,0,0,0,0,0,0,0,0,0,0
oreshekveshaet,13,20420,0,0,0,0,0,0,0,0,0,0,0,0
orest_murii,4,5500,0,0,0,0,0,0,0,0,0,0,0,0
orex62,39,669970,0,0,0,0,0,0,0,0,0,0,0,0
orexovoborisovo,21,5913,0,0,0,0,0,0,0,0,0,0,0,0
orf56,14,2831,0,0,0,0,0,0,0,0,0,0,0,0
orf_07,14,4738,0,0,0,0,0,0,0,0,0,0,0,0
orf_63,14,3794,0,0,0,0,0,0,0,0,0,0,0,0
orientaldailynewsmalaysia,596,521282,0,0,0,0,0,0,0,0,0,0,0,0
orisyonok,20,6832,2,0,0,0,0,0,689,0,0,0,0,0
orlean57,8,119900,0,0,0,0,0,0,0,0,0,0,0,0
orlec,14,53520,0,0,0,0,0,0,0,0,0,0,0,0
orlovdmytroEn,39,195270,2,0,0,1,0,0,12960,0,0,5060,0,0
orly_rs,39,62529,0,0,0,0,0,0,0,0,0,0,0,0
ormelizm,3,6630,0,0,0,0,0,0,0,0,0,0,0,0
ormr_gov_ua,57,111516,0,0,0,0,0,0,0,0,0,0,0,0
oromitanuz,20,55589,0,0,0,0,0,0,0,0,0,0,0,0
oroszokazigazsagoldalan,105,99841,0,0,0,0,0,0,0,0,0,0,0,0
orpau,5,7870,0,0,0,0,0,0,0,0,0,0,0,0
orpheusradio,3,374,0,0,0,0,0,0,0,0,0,0,0,0
orsha_pereobutaya,12,895,0,0,0,0,0,0,0,0,0,0,0,0
orsk_sluh,49,641500,1,0,0,0,0,0,10200,0,0,0,0,0
orsk_sobitie,49,605100,1,0,0,0,0,0,10700,0,0,0,0,0
orskdotru,78,23967,0,0,0,0,0,0,0,0,0,0,0,0
ortcom_kz,6,564,0,0,0,0,0,0,0,0,0,0,0,0
orthodoxsergio,20,1963,0,0,0,0,1,0,0,0,0,0,62,0
ortoblogge,5,6597,1,0,0,0,0,0,1970,0,0,0,0,0
oruzhejnyj_master,61,3778400,0,0,0,0,0,0,0,0,0,0,0,0
osad4uk,2,1804,1,0,0,0,0,0,840,0,0,0,0,0
osen_v_borodu,6,4361,0,0,0,0,0,0,0,0,0,0,0,0
osenjizni,4,2463,0,0,0,0,0,0,0,0,0,0,0,0
osetia_alania15,14,2975,0,0,0,0,0,0,0,0,0,0,0,0
osetia_biz,4,3385,0,0,0,0,0,0,0,0,0,0,0,0
osintbees,17,31217,0,0,0,0,0,0,0,0,0,0,0,0
oskAdm,10,88,0,0,0,0,0,0,0,0,0,0,0,0
oskemenlive,2,2230,0,0,0,0,0,0,0,0,0,0,0,0
oskol_novosti,10,9294,0,0,0,0,0,0,0,0,0,0,0,0
oskol_official,27,74227,0,0,0,0,0,0,0,0,0,0,0,0
oskoln1,10,6455,0,0,0,0,0,0,0,0,0,0,0,0
osnmedia,61,338237,3,0,0,0,0,0,1887,0,0,0,0,0
osnovamaibutnoho,10,15168,0,0,0,0,0,0,0,0,0,0,0,0
ossetiaFB,48,420646,1,0,0,0,0,0,2080,0,0,0,0,0
ossetica,11,22803,0,0,0,0,0,0,0,0,0,0,0,0
ossinoe,48,163105,0,0,0,0,1,0,0,0,0,0,3500,0
ossnews,18,14828,1,0,0,0,0,0,904,0,0,0,0,0
ostapstakhiv,19,122720,2,0,0,0,0,0,19310,0,0,0,0,0
osterok,11,46250,0,0,0,0,0,0,0,0,0,0,0,0
ostnews_faktencheck,18,37464,0,0,0,0,0,0,0,0,0,0,0,0
ostonovminbari,3,2050,0,0,0,0,0,0,0,0,0,0,0,0
ostorozhno_moskva,1487,146264891,9,0,0,5,0,0,972500,0,0,864500,0,0
ostorozhno_novosti,5727,2247063695,111,0,0,18,5,0,43015800,0,0,7032000,2148000,0
ostroumny_patriot,42,97931,4,0,0,0,0,0,8130,0,0,0,0,0
ostrovetsby,2,84,0,0,0,0,0,0,0,0,0,0,0,0
ostrovisland,1,2200,1,0,0,0,0,0,2200,0,0,0,0,0
ostryanka,11,22782,0,0,0,0,0,0,0,0,0,0,0,0
ostupino,26,24759,0,0,0,0,0,0,0,0,0,0,0,0
ostwest_tv,20,33665,2,0,0,0,0,0,2920,0,0,0,0,0
osvedomitell_alex,19,149257,0,0,0,0,0,0,0,0,0,0,0,0
osvita_prostir_kir,3,97,0,0,0,0,0,0,0,0,0,0,0,0
osvita_ukraine,18,119610,0,0,0,0,0,0,0,0,0,0,0,0
osvita_vdoma,33,26247,0,0,0,0,0,0,0,0,0,0,0,0
otaboyevblog,15,50769,0,0,0,0,0,0,0,0,0,0,0,0
otaghkhabargilan,20,11019,0,0,0,0,0,0,0,0,0,0,0,0
otaghkhabarl,234,1213848,0,0,0,0,0,0,0,0,0,0,0,0
otarkushanashvili,12,4649,0,0,0,0,0,0,0,0,0,0,0,0
otecartemiy,1,6700,0,0,0,0,0,0,0,0,0,0,0,0
other_nikopol,29,164970,0,0,0,0,0,0,0,0,0,0,0,0
other_rules,8,12880,0,0,0,0,0,0,0,0,0,0,0,0
otkidach,6,12250,0,0,0,0,0,0,0,0,0,0,0,0
otkrovenya_minvod,2,2540,0,0,0,0,0,0,0,0,0,0,0,0
otlichno_md,3,6440,0,0,0,0,0,0,0,0,0,0,0,0
otn_kharkov,13,34555,0,0,0,0,0,0,0,0,0,0,0,0
otpervogolitsa,7554,39610265,65,0,0,12,1,0,347149,0,0,67630,2480,0
otradnoe_moskva,23,181660,0,0,0,0,0,0,0,0,0,0,0,0
otryadkovpaka,59,820410,2,0,0,0,4,0,42400,0,0,0,68310,0
otryady_putina,37,369100,0,0,0,0,0,0,0,0,0,0,0,0
otstavnik,2,1285,0,0,0,0,0,0,0,0,0,0,0,0
otsuka_bld,1222,61968320,6,0,0,1,3,0,300000,0,0,51700,171500,0
ottocazz,45,30596,0,0,0,0,0,0,0,0,0,0,0,0
ottokemedia,24,49909,0,0,0,0,0,0,0,0,0,0,0,0
otvetsex,8,20298,1,0,0,0,0,0,8600,0,0,0,0,0
otyrarkz,16,8593,0,0,0,0,0,0,0,0,0,0,0,0
otyumen,31,30223,0,0,0,0,0,0,0,0,0,0,0,0
our_lands,34,20194,0,0,0,0,0,0,0,0,0,0,0,0
our_odessa,8053,797888520,12,0,1,11,0,0,1224300,0,107000,1059300,0,0
ourmoscow,1,641,0,0,0,0,0,0,0,0,0,0,0,0
ouroboros_news,2,2710,0,0,0,0,0,0,0,0,0,0,0,0
oursergievposad,10,12500,0,0,0,0,0,0,0,0,0,0,0,0
ourspb,2,1302,0,0,0,0,0,0,0,0,0,0,0,0
ourussia_peace,39,369040,2,0,0,0,0,0,13330,0,0,0,0,0
outsideexit,5,918,0,0,0,0,0,0,0,0,0,0,0,0
ouzs_ru,56,725460,2,0,0,0,0,0,19130,0,0,0,0,0
overclockers_news,1754,576223,131,0,0,0,0,0,42328,0,0,0,0,0
overhear_Obukhiv,19,156540,0,0,0,0,0,0,0,0,0,0,0,0
overhear_nure,22,44660,0,0,0,0,0,0,0,0,0,0,0,0
overhear_police,8,7214,0,0,0,0,0,0,0,0,0,0,0,0
overhear_vkamenske,9,12579,1,0,0,0,0,0,1640,0,0,0,0,0
overhear_volzsk,38,77056,0,0,0,0,0,0,0,0,0,0,0,0
overheard_rzn,7,14713,1,0,0,0,0,0,2420,0,0,0,0,0
overhearstar,49,398940,0,0,0,0,0,0,0,0,0,0,0,0
overshow,28,1664600,0,0,0,0,0,0,0,0,0,0,0,0
oversized_shirts,14,30670,0,0,0,0,0,0,0,0,0,0,0,0
ovozisamarqand,14,2984,0,0,0,0,0,0,0,0,0,0,0,0
ovsyanka,3621,75499691,46,0,0,2,0,0,906300,0,0,40600,0,0
ovsyankintour,24,495620,0,0,0,0,0,0,0,0,0,0,0,0
owglobal,12,25130,0,0,0,0,0,0,0,0,0,0,0,0
oxegeen,19,5037,0,0,0,0,0,0,0,0,0,0,0,0
oxotnyjdvor,10,11516,0,0,0,0,0,0,0,0,0,0,0,0
oxuaze,125,331068,0,0,0,0,0,0,0,0,0,0,0,0
oxxxy_mer_omsk,2,698,0,0,0,0,0,0,0,0,0,0,0,0
oyanovsky,40,582300,2,0,0,0,0,0,34900,0,0,0,0,0
oyanqazaqstan,2,3560,0,0,0,0,0,0,0,0,0,0,0,0
ozodbek_SK,25,287000,0,0,0,0,0,0,0,0,0,0,0,0
ozodbek_axmadovich,2,4900,0,0,0,0,0,0,0,0,0,0,0,0
ozodlik_radiosi,2,2765,0,0,0,0,0,0,0,0,0,0,0,0
ozodlikkanali,54,315710,0,0,0,0,0,0,0,0,0,0,0,0
ozonmarketplace,36,532010,1,0,0,0,0,0,4600,0,0,0,0,0
p5opka,17,4046,0,0,0,0,0,0,0,0,0,0,0,0
p_r_o_rynok,3,3965,0,0,0,0,0,0,0,0,0,0,0,0
p_tich,2,6810,0,0,0,0,0,0,0,0,0,0,0,0
p_varash,14,174121,0,0,0,0,0,0,0,0,0,0,0,0
paZvedchik,15,6344,0,0,0,0,0,0,0,0,0,0,0,0
pabloradini,20,68690,0,0,0,0,0,0,0,0,0,0,0,0
pacalasitindala,4,1865,0,0,0,0,0,0,0,0,0,0,0,0
padillionmusic,2,684,0,0,0,0,0,0,0,0,0,0,0,0
painpleasure,19,28869,0,0,0,0,0,0,0,0,0,0,0,0
pakgauzgroup,1,1690,0,0,0,0,0,0,0,0,0,0,0,0
palachguru,35,59089,0,0,0,0,0,0,0,0,0,0,0,0
palata_kogut,23,57716,2,0,0,0,0,0,4880,0,0,0,0,0
palichchat,2,4400,0,0,0,0,0,0,0,0,0,0,0,0
palnws24,304,255334,0,0,0,0,0,0,0,0,0,0,0,0
pan_timosha,8,1152,0,0,0,0,0,0,0,0,0,0,0,0
panarmeniannet,20,8984,0,0,0,0,0,0,0,0,0,0,0,0
panda_znaet,8,4630,0,0,0,0,0,0,0,0,0,0,0,0
panferoff,10,1166,0,0,0,0,0,0,0,0,0,0,0,0
pankovastarr,2,44,0,0,0,0,0,0,0,0,0,0,0,0
panoramalaatus,45,76922,0,0,0,0,0,0,0,0,0,0,0,0
panteleymonovka,16,15328,0,0,0,0,0,0,0,0,0,0,0,0
panteri_panteri,159,535428,1,0,0,0,4,0,2990,0,0,0,13490,0
pantus_live,14,114430,0,0,0,0,0,0,0,0,0,0,0,0
papablat,44,134112,0,0,0,0,0,0,0,0,0,0,0,0
papagaz,89,892980,1,0,0,1,0,0,7430,0,0,9990,0,0
papamakss,4,6710,0,0,0,0,0,0,0,0,0,0,0,0
papapachuca,4,13677,0,0,0,0,0,0,0,0,0,0,0,0
papazhuk,39,378580,0,0,0,0,0,0,0,0,0,0,0,0
paperkartuli,14,35690,0,0,0,0,0,0,0,0,0,0,0,0
paperpaper_ru,149,1510500,6,0,0,0,0,0,52460,0,0,0,0,0
paqapaqdonatkanali,3,3600,0,0,0,0,0,0,0,0,0,0,0,0
parad_planet_inform,4,13490,0,0,0,0,0,0,0,0,0,0,0,0
paradachak,20,14613,0,0,0,0,0,0,0,0,0,0,0,0
paradeevich,121,51524900,0,0,0,0,0,0,0,0,0,0,0,0
parallel95,19,8570,0,0,0,0,0,0,0,0,0,0,0,0
paranoiakz,15,41290,0,0,0,0,0,0,0,0,0,0,0,0
paraslov1,25,113376,0,0,0,0,0,0,0,0,0,0,0,0
paratv,2,28,0,0,0,0,0,0,0,0,0,0,0,0
parbut,46,346710,7,0,0,0,0,0,52200,0,0,0,0,0
parents_13,20,16888,0,0,0,0,0,0,0,0,0,0,0,0
parents_info,7,8326,1,0,0,0,0,0,2020,0,0,0,0,0
parentswithquestions,2,16490,0,0,0,0,0,0,0,0,0,0,0,0
parfenon_parfenov,32,77560,1,0,0,0,0,0,2340,0,0,0,0,0
parfentiev_club,64,369860,3,0,0,0,0,0,53910,0,0,0,0,0
parfhospital,1,287,0,0,0,0,0,0,0,0,0,0,0,0
parlament_novosti,14,15254,0,0,0,0,0,0,0,0,0,0,0,0
parmenovosti,20,16330,0,0,0,0,0,0,0,0,0,0,0,0
paroslov,19,54030,0,0,0,0,0,0,0,0,0,0,0,0
parqubud,4,359,0,0,0,0,0,0,0,0,0,0,0,0
parsfact_officiall,8,532,0,0,0,0,0,0,0,0,0,0,0,0
parsinehnews,35760,280220743,0,0,0,0,0,0,0,0,0,0,0,0
parstodayrussian,20,27177,1,0,0,0,0,0,1540,0,0,0,0,0
part_time_stalker,24,41111,0,0,0,0,0,0,0,0,0,0,0,0
partizan1941,21,7603,0,0,0,0,0,0,0,0,0,0,0,0
partizan_segodnya,1,208,0,0,0,0,0,0,0,0,0,0,0,0
partizany_crimea,37,47603,2,0,0,1,0,0,2270,0,0,1790,0,0
partnerupd,1,0,0,0,0,0,0,0,0,0,0,0,0,0
partynewpeople,18,529750,0,0,0,0,0,0,0,0,0,0,0,0
partyofthedead,5,893,0,0,0,0,0,0,0,0,0,0,0,0
partytank,14,66760,0,0,0,0,0,0,0,0,0,0,0,0
parus_uprugiy,1,2300,0,0,0,0,0,0,0,0,0,0,0,0
pasha_snickers,33,6027600,0,0,0,0,0,0,0,0,0,0,0,0
pashatecknik,3,493,0,0,0,0,0,0,0,0,0,0,0,0
pashkakakashka16,4,101,0,0,0,0,0,0,0,0,0,0,0,0
pashkashiryaev,3,1936,0,0,0,0,0,0,0,0,0,0,0,0
pastinfoam,23,3633,0,0,0,0,0,0,0,0,0,0,0,0
patmakanhetq,22,8287,0,0,0,0,0,0,0,0,0,0,0,0
patriarshie,14,59160,0,0,0,0,0,0,0,0,0,0,0,0
patricklancasternewstoday,56,315247,0,0,0,0,0,0,0,0,0,0,0,0
patriotkbr,19,28599,1,0,0,0,0,0,2180,0,0,0,0,0
patriotyorguaMain,12,800,0,0,0,0,0,0,0,0,0,0,0,0
patroklinfo,13,9183,0,0,0,0,0,0,0,0,0,0,0,0
patrolpolice_ua,7,5248,0,0,0,0,0,0,0,0,0,0,0,0
patrul_uz,7829,747192078,1,0,0,0,0,0,76200,0,0,0,0,0
patton6966,55,264730,0,0,0,0,0,0,0,0,0,0,0,0
paulbrandenburg,49,558190,0,0,0,0,0,0,0,0,0,0,0,0
paulina_rotterdam,62,50988,0,0,0,0,0,0,0,0,0,0,0,0
pavel_v_doroge,40,185963,4,0,0,0,0,0,19490,0,0,0,0,0
pavelbadyrov,13,54240,0,0,0,0,0,0,0,0,0,0,0,0
pavelenapavelena,8,15680,0,0,0,0,0,0,0,0,0,0,0,0
pavelfuks,22,20837,0,0,0,0,0,0,0,0,0,0,0,0
pavelkamas,32,149530,0,0,0,0,0,0,0,0,0,0,0,0
pavelmalkov_official,18,116660,0,0,0,0,0,0,0,0,0,0,0,0
pavelrakov,21,11790,0,0,0,0,0,0,0,0,0,0,0,0
pavelvereshagin,7,37010,1,0,0,0,0,0,2160,0,0,0,0,0
pavleblog,27,77220,4,0,0,0,0,0,12100,0,0,0,0,0
pavllann_tg,1,1310,0,0,0,0,0,0,0,0,0,0,0,0
pavlodaronline,8,7227,0,0,0,0,0,0,0,0,0,0,0,0
pavlograd_dopomoga,31,71853,0,0,0,0,0,0,0,0,0,0,0,0
pavlograd_now,440,9585674,5,0,0,0,0,0,105600,0,0,0,0,0
pavlogradmrada,15,24981,0,0,0,0,0,0,0,0,0,0,0,0
pavlogradsirena,89,1460929,0,0,0,0,0,0,0,0,0,0,0,0
pavlovsamp,4,31610,0,0,0,0,0,0,0,0,0,0,0,0
paxtaobod_press,2,834,0,0,0,0,0,0,0,0,0,0,0,0
pbdsu,20,50458,1,0,0,0,0,0,3380,0,0,0,0,0
pbesedin,1,246,0,0,0,0,0,0,0,0,0,0,0,0
pbikni,12,36580,0,0,0,0,0,0,0,0,0,0,0,0
pbno_ru,12,7187,0,0,0,0,0,0,0,0,0,0,0,0
pbustinduy,25,37352,0,0,0,0,0,0,0,0,0,0,0,0
pcheb_21,42,1856700,0,0,0,0,0,0,0,0,0,0,0,0
pd_nmsk,42,34451,1,0,0,0,0,0,237,0,0,0,0,0
pdhuz,1,735,0,0,0,0,0,0,0,0,0,0,0,0
pdmnews,2082,32102484,48,0,0,4,2,0,835310,0,0,58600,30200,0
pdsl_krd,15,15950,1,0,0,0,0,0,1060,0,0,0,0,0
pdsl_sochi,10,10410,0,0,0,0,0,0,0,0,0,0,0,0
peach_blossombazi,27,169169,2,0,0,0,0,0,7440,0,0,0,0,0
peachblossomtalks,42,241604,0,0,0,0,0,0,0,0,0,0,0,0
pearl_of_ze,9,14560,0,0,0,0,0,0,0,0,0,0,0,0
pebbliestpebble,9,94530,0,0,0,0,0,0,0,0,0,0,0,0
pecherhill,33,937100,27,0,0,0,0,0,782100,0,0,0,0,0
pechoratoday,1,132,0,0,0,0,0,0,0,0,0,0,0,0
pechova,115,5841789,6,0,0,0,0,0,272600,0,0,0,0,0
pecritique,30,115029,0,0,0,0,0,0,0,0,0,0,0,0
pedrada_osvita,14,52770,0,0,0,0,0,0,0,0,0,0,0,0
peguepromo,1442,1411718,0,0,0,0,0,0,0,0,0,0,0,0
pekelnyj_bulba,6,5777,0,0,0,0,0,0,0,0,0,0,0,0
pel_video,143,20079600,0,0,0,0,0,0,0,0,0,0,0,0
pelenio,3,1626,0,0,0,0,0,0,0,0,0,0,0,0
pencilochannel,281,12155140,0,0,0,0,0,0,0,0,0,0,0,0
pensioner_party,1,1800,0,0,0,0,0,0,0,0,0,0,0,0
pensionfondrf,41,115168,1,0,0,0,0,0,752,0,0,0,0,0
penultimate_resort,16,36270,1,0,0,0,0,0,2520,0,0,0,0,0
penza_novosti,53,2479280,0,0,0,0,0,0,0,0,0,0,0,0
penzainform,148,2876211,0,0,0,0,0,0,0,0,0,0,0,0
penzaobzor,1,8,0,0,0,0,0,0,0,0,0,0,0,0
penzavzglyad,22,28231,0,0,0,0,0,0,0,0,0,0,0,0
penzina_elena,25,52365,0,0,0,0,0,0,0,0,0,0,0,0
penzregru,16,10008,0,0,0,0,0,0,0,0,0,0,0,0
people_aurora,3,128,0,0,0,0,0,0,0,0,0,0,0,0
pepelclaasa,3,1770,0,0,0,0,0,0,0,0,0,0,0,0
perebezhchik,1,222,0,0,0,0,0,0,0,0,0,0,0,0
peregluppilovka,144,146700,0,0,0,0,0,0,0,0,0,0,0,0
peremennn,15,1512,0,0,0,0,0,0,0,0,0,0,0,0
peremogi,2,113,0,0,0,0,0,0,0,0,0,0,0,0
pereselentsi_cv,39,286699,0,0,0,0,0,0,0,0,0,0,0,0
peresmeshnitsaS,23,354110,0,0,0,0,0,0,0,0,0,0,0,0
pereval_Alania,35,231910,1,0,0,0,0,0,6160,0,0,0,0,0
pereval_media,59,658430,0,0,0,0,0,0,0,0,0,0,0,0
pereverzeva_live,33,558080,1,0,0,0,0,0,20900,0,0,0,0,0
perevorotnews,8,0,0,0,0,0,0,0,0,0,0,0,0,0
perikoblog,1,730,0,0,0,0,0,0,0,0,0,0,0,0
periodistadigit,20,15208,0,0,0,0,0,0,0,0,0,0,0,0
periskop_pacific,8,18149,0,0,0,0,0,0,0,0,0,0,0,0
perlinstar,2,1846,0,0,0,0,0,0,0,0,0,0,0,0
perm01,37,176303,0,0,0,1,0,0,0,0,0,333,0,0
perm36,18,201120,0,0,0,0,0,0,0,0,0,0,0,0
perm_vesti,7,22000,0,0,0,0,0,0,0,0,0,0,0,0
permjtop,12,61330,0,0,0,0,0,0,0,0,0,0,0,0
permkp,4,1906,0,0,0,0,0,0,0,0,0,0,0,0
permnews_ru,15,7244,0,0,0,0,0,0,0,0,0,0,0,0
permobjective,12,33400,0,0,0,0,0,0,0,0,0,0,0,0
permskiykanal,32,306820,0,0,0,0,0,0,0,0,0,0,0,0
permvkurse,3,650,0,0,0,0,0,0,0,0,0,0,0,0
permyach,22,16322,0,0,0,0,0,0,0,0,0,0,0,0
perovo_veshnyaki,13,30510,0,0,0,0,0,0,0,0,0,0,0,0
pershyj,15,9299,1,0,0,0,0,0,621,0,0,0,0,0
persiandevelopers,1,942,0,0,0,0,0,0,0,0,0,0,0,0
persianexpress,14,9199,1,0,0,0,0,0,701,0,0,0,0,0
persik00000,18,89520,0,0,0,0,0,0,0,0,0,0,0,0
personaStrany,22,14858,0,0,0,0,0,0,0,0,0,0,0,0
personalitydevelopment,27,202200,0,0,0,0,0,0,0,0,0,0,0,0
personalwine,6,9770,0,0,0,0,0,0,0,0,0,0,0,0
personasykt,2,6080,0,0,0,0,0,0,0,0,0,0,0,0
personetelegram,33,15999,4,0,0,0,0,0,1745,0,0,0,0,0
persono_russia,1,278,0,0,0,0,0,0,0,0,0,0,0,0
perspectiv26,16,13012,0,0,0,0,0,0,0,0,0,0,0,0
perspektyva369,20,364180,0,0,0,0,0,0,0,0,0,0,0,0
pertsevisthere,28,193500,0,0,0,0,0,0,0,0,0,0,0,0
peruash,4,273,0,0,0,0,0,0,0,0,0,0,0,0
pervoeonline,8,685,0,0,0,0,0,0,0,0,0,0,0,0
pervomaisk_city,68,622040,1,0,0,0,0,0,10900,0,0,0,0,0
pervynovostnoy,8,74170,0,0,0,0,0,0,0,0,0,0,0,0
pes_prizrak,1,16500,0,0,0,0,0,0,0,0,0,0,0,0
peshkuhokimiyat,9,18061,0,0,0,0,0,0,0,0,0,0,0,0
pesrpektiva,29,179,0,0,0,0,0,0,0,0,0,0,0,0
petenkaplanetka,42,1343370,0,0,0,0,0,0,0,0,0,0,0,0
peter_kuleshov,14,33629,0,0,0,0,0,0,0,0,0,0,0,0
peterburg,3,847,0,0,0,0,0,0,0,0,0,0,0,0
petitions_by,11,2994,0,0,0,0,0,0,0,0,0,0,0,0
petr_tolstoy,23,1457250,1,0,0,0,0,0,10400,0,0,0,0,0
petrarchy,11,68910,2,0,0,0,0,0,24800,0,0,0,0,0
petrenko_IHS,2,19100,0,0,0,0,0,0,0,0,0,0,0,0
petrkazakov,46,51957,3,0,0,0,0,0,2035,0,0,0,0,0
petroimazepa,24,39677,0,0,0,0,0,0,0,0,0,0,0,0
petropavlivkacity,88,157035,0,0,0,0,0,0,0,0,0,0,0,0
petropavlovskKam_sluh,39,533600,0,0,0,0,0,0,0,0,0,0,0,0
petropavlovskKam_sobitie,53,638100,0,0,0,0,0,0,0,0,0,0,0,0
petrosipovprivate,34,208079,0,0,0,0,0,0,0,0,0,0,0,0
petrovpetrovpetrov,3,0,0,0,0,0,0,0,0,0,0,0,0,0
petrovskie_vesti,10,20740,0,0,0,0,0,0,0,0,0,0,0,0
petrovsky_dn,10,4845,0,0,0,0,0,0,0,0,0,0,0,0
petrovtel,4034,455407329,50,0,0,3,0,0,5741100,0,0,366700,0,0
petrushevskyi,17,231900,0,0,0,0,0,0,0,0,0,0,0,0
petyaploskov,33,239510,1,0,0,0,0,0,4180,0,0,0,0,0
peykehashtrood,38,195409,0,0,0,0,0,0,0,0,0,0,0,0
pezdicide,45,917393,5,0,0,0,0,0,207150,0,0,0,0,0
pezeshkanghanon,40,46386,0,0,0,0,0,0,0,0,0,0,0,0
pezeshkweblog,36,26399,0,0,0,0,0,0,0,0,0,0,0,0
pfff_news,4,75,0,0,0,0,0,0,0,0,0,0,0,0
pg21ru,73,3127810,0,0,0,0,0,0,0,0,0,0,0,0
pgfam,10,25700,0,0,0,0,0,0,0,0,0,0,0,0
pgorod58,1,857,0,0,0,0,0,0,0,0,0,0,0,0
pgubarev,32,883140,1,0,0,0,1,0,58200,0,0,0,11700,0
pharmaanews,4,2602,0,0,0,0,0,0,0,0,0,0,0,0
phasetoday_ru,2,1658,0,0,0,0,0,0,0,0,0,0,0,0
phdnikita,3,12320,0,0,0,0,0,0,0,0,0,0,0,0
phil_godlewskii,1,0,0,0,0,0,0,0,0,0,0,0,0,0
philipp_o7,26,56177,0,0,0,0,0,0,0,0,0,0,0,0
phillimore,30,89219,1,0,0,0,0,0,2380,0,0,0,0,0
philosophicalsteamship,16,859,0,0,0,0,0,0,0,0,0,0,0,0
philosophycafemoscow,30,88960,1,0,0,0,0,0,1900,0,0,0,0,0
photo_kharkiv,5,177,0,0,0,0,0,0,0,0,0,0,0,0
photo_maznichenochka,11,12844,0,0,0,0,0,0,0,0,0,0,0,0
photopupa,5,43990,0,0,0,0,0,0,0,0,0,0,0,0
phyoeweiwin,15,75590,0,0,0,0,0,0,0,0,0,0,0,0
pib_hindi,3,169,0,0,0,0,0,0,0,0,0,0,0,0
picnicelena,36,242870,1,0,0,0,0,0,7220,0,0,0,0,0
pics_maps,33,30756,2,0,0,0,0,0,2332,0,0,0,0,0
pictmark,6,5381,0,0,0,0,0,0,0,0,0,0,0,0
pidsluhanokalynivka,17,23297,0,0,0,0,0,0,0,0,0,0,0,0
pidslyhano_v_balaklii_ta_raion,63,100880,0,0,0,0,0,0,0,0,0,0,0,0
pikaramagazine,29,28183,0,0,0,0,0,0,0,0,0,0,0,0
pilachz,29,548248,0,0,0,0,0,0,0,0,0,0,0,0
pilainfo,20,3271,1,0,0,0,0,0,160,0,0,0,0,0
pilotslife,17,48636,0,0,0,0,0,0,0,0,0,0,0,0
pilyaginzhara,33,1302,0,0,0,0,0,0,0,0,0,0,0,0
pimenova_znaet,23,45690,0,0,0,0,0,0,0,0,0,0,0,0
pingvinovairina,23,241890,1,0,0,0,0,0,13300,0,0,0,0,0
pinkguno,21,252290,0,0,0,0,0,0,0,0,0,0,0,0
pinkholm,19,25983,0,0,0,0,0,0,0,0,0,0,0,0
pinkoleshev,19,450100,0,0,0,0,0,0,0,0,0,0,0,0
pintofmind,44,2255300,0,0,0,3,0,0,0,0,0,200300,0,0
pionray,11,28850,0,0,0,0,0,0,0,0,0,0,0,0
pipsvii,2,166,0,0,0,0,0,0,0,0,0,0,0,0
piranyaru,11,1062,0,0,0,0,0,0,0,0,0,0,0,0
pirsalmanAjin,17,31180,0,0,0,0,0,0,0,0,0,0,0,0
piryatingromada,7,23460,0,0,0,0,0,0,0,0,0,0,0,0
pisma_k,48,315240,3,0,0,0,0,0,23490,0,0,0,0,0
pisoneva,14,52909,0,0,0,0,0,0,0,0,0,0,0,0
pisosproduction,1,1120,0,0,0,0,0,0,0,0,0,0,0,0
pisyanina,11,32620,0,0,0,0,0,0,0,0,0,0,0,0
piter_never_sleeps1,49,220058,0,0,0,0,0,0,0,0,0,0,0,0
piter_online1,17,58150,0,0,0,0,0,0,0,0,0,0,0,0
piter_spb4you2,15,18086,0,0,0,0,0,0,0,0,0,0,0,0
piter_tv,8,1258,0,0,0,0,0,0,0,0,0,0,0,0
piter_zapiski,36,38427,0,0,0,0,0,0,0,0,0,0,0,0
piterach,1842,111003700,8,0,0,2,0,0,495700,0,0,145600,0,0
piterbnews,58,1152500,1,0,0,0,0,0,26600,0,0,0,0,0
pitercalling,5,3939,0,0,0,0,0,0,0,0,0,0,0,0
piterguru,1388,36419190,3,0,0,1,0,0,105100,0,0,36600,0,0
piternows,489,6317,4,0,0,1,0,0,42,0,0,13,0,0
piteronline1,115,806450,0,0,0,0,0,0,0,0,0,0,0,0
pitertop,738,15476300,7,0,0,0,0,0,156600,0,0,0,0,0
pitkina,1,3000,0,0,0,0,0,0,0,0,0,0,0,0
pivasik,8,11303,0,0,0,0,0,0,0,0,0,0,0,0
pivbaldezh,10,27680,0,0,0,0,0,0,0,0,0,0,0,0
pivdenmedia,780,19087270,5,0,0,0,1,0,131500,0,0,0,26300,0
pivnoi_legion,23,110039,0,0,0,0,0,0,0,0,0,0,0,0
pixelchenko,41,370518,0,0,0,0,0,0,0,0,0,0,0,0
pixiendfr,18,52300,0,0,0,0,0,0,0,0,0,0,0,0
pizdakatsapam,44,791850,0,0,0,0,0,0,0,0,0,0,0,0
pizzagates,6,17950,0,0,0,0,0,0,0,0,0,0,0,0
pizzaqueen,27,409350,0,0,0,0,0,0,0,0,0,0,0,0
pjwnews,65,284810,0,0,0,0,0,0,0,0,0,0,0,0
pkhak,1,14,0,0,0,0,0,0,0,0,0,0,0,0
pl_syrenka,25,61168,1,0,0,0,0,0,7210,0,0,0,0,0
pl_zmist,18,33778,1,0,0,0,0,0,5020,0,0,0,0,0
place_kyiv,87,453320,1,0,0,0,0,0,5380,0,0,0,0,0
placentaShuradurka,4,2869,0,0,0,0,0,0,0,0,0,0,0,0
plagueswamp228,16,140750,0,0,0,0,0,0,0,0,0,0,0,0
plainnews,3,129,0,0,0,0,0,0,0,0,0,0,0,0
planerka_crimea,14,26484,0,0,0,0,0,0,0,0,0,0,0,0
planerka_org,326,5173070,0,0,0,0,0,0,0,0,0,0,0,0
planet_deaf,5,6936,0,0,0,0,0,0,0,0,0,0,0,0
planetapopa,103,4897980,0,0,0,0,0,0,0,0,0,0,0,0
planetapress,38,473433,0,0,0,0,0,0,0,0,0,0,0,0
planetrinatv,13,123680,0,0,0,0,0,0,0,0,0,0,0,0
planshetgagarina,32,60489,0,0,0,0,0,0,0,0,0,0,0,0
plast1qposting,3,4530,0,0,0,0,0,0,0,0,0,0,0,0
platformauzb,51,796580,0,0,0,0,0,0,0,0,0,0,0,0
platovrostov,30,74959,1,0,0,0,0,0,166,0,0,0,0,0
playcivilization,20,65000,0,0,0,0,1,0,0,0,0,0,3260,0
playwithserch,1,303,0,0,0,0,0,0,0,0,0,0,0,0
pleasemob,5,2101,0,0,0,0,0,0,0,0,0,0,0,0
pleasureguidespb,7,4116,0,0,0,0,0,0,0,0,0,0,0,0
plinfo,7,24290,0,0,0,0,0,0,0,0,0,0,0,0
plitki_v_nizhyni,176,812581,0,0,0,0,0,0,0,0,0,0,0,0
plnpskov,2,617,0,0,0,0,0,0,0,0,0,0,0,0
plohoypacan,55,19816000,0,0,0,0,0,0,0,0,0,0,0,0
plohoysignal,26,843660,0,0,0,0,0,0,0,0,0,0,0,0
plokhie_novosti,1,1300,0,0,0,0,0,0,0,0,0,0,0,0
plomin,12,38010,0,0,0,0,0,0,0,0,0,0,0,0
plossla,31,236050,0,0,0,0,0,0,0,0,0,0,0,0
plsbetenderly,184,15101099,0,0,0,0,0,0,0,0,0,0,0,0
plsovetov,1,919,0,0,0,0,0,0,0,0,0,0,0,0
pltrk,20,7455,0,0,0,0,0,0,0,0,0,0,0,0
pluggedin,9,12521,0,0,0,0,0,0,0,0,0,0,0,0
plumtv,3,17790,0,0,0,0,0,0,0,0,0,0,0,0
plus_or_minus,18,27,0,0,0,0,0,0,0,0,0,0,0,0
plusresnews,33,384210,0,0,0,0,0,0,0,0,0,0,0,0
plutovstvo007,35,675600,3,0,0,0,0,0,84630,0,0,0,0,0
plynov,10,995,3,0,0,0,0,0,428,0,0,0,0,0
pmcbla,7,762,0,0,0,0,0,0,0,0,0,0,0,0
pmcum,21,30980,1,0,0,0,1,0,1340,0,0,0,1500,0
pmg_ua,9,10386,0,0,0,0,0,0,0,0,0,0,0,0
pmo51,5,730,0,0,0,0,0,0,0,0,0,0,0,0
pmrmd,4,4897,0,0,0,0,0,0,0,0,0,0,0,0
pnnov,9,5021,0,0,0,0,0,0,0,0,0,0,0,0
pntgn_ua,3,18,0,0,0,0,0,0,0,0,0,0,0,0
pnuamol,12,20059,0,0,0,0,0,0,0,0,0,0,0,0
pnzspec,7,138,0,0,1,0,0,0,0,0,23,0,0,0
po_nazars,11,54774,2,0,0,0,0,0,13210,0,0,0,0,0
po_umnomu_msk,1,0,0,0,0,0,0,0,0,0,0,0,0,0
po_volgogradski,6,599,0,0,0,0,0,0,0,0,0,0,0,0
pobeda26skia,1,9,0,0,0,0,0,0,0,0,0,0,0,0
pobeda75,36,23260,1,0,0,0,0,0,400,0,0,0,0,0
pobedashim,15,10187,0,0,0,2,0,0,0,0,0,1331,0,0
pobr4tski,46,112519,0,0,0,0,0,0,0,0,0,0,0,0
pod100lichka,1,3300,0,0,0,0,0,0,0,0,0,0,0,0
pod_kovrom,77,995741,3,0,0,0,1,0,54700,0,0,0,7600,0
pod_vitaminkoi,24,236410,0,0,0,0,0,0,0,0,0,0,0,0
podalyaka,47,235218,1,0,0,0,0,0,9000,0,0,0,0,0
podermigrante,3,1370,0,0,0,0,0,0,0,0,0,0,0,0
podivilov_channel,1,272,0,0,0,0,0,0,0,0,0,0,0,0
podkam777,10,7524,0,0,0,0,0,0,0,0,0,0,0,0
podkast_anael,2,1010,0,0,0,0,0,0,0,0,0,0,0,0
podkodovim,3,6080,0,0,0,0,0,0,0,0,0,0,0,0
podkoverka,23,179790,0,0,0,0,0,0,0,0,0,0,0,0
podled,32,461840,0,0,0,0,0,0,0,0,0,0,0,0
podlyrycoi,6,44320,0,0,0,0,0,0,0,0,0,0,0,0
podmoskovie,56,82719,0,0,0,0,0,0,0,0,0,0,0,0
podmoskow,11,66530,0,0,0,0,0,0,0,0,0,0,0,0
podmoskvi4,5,1299,0,0,0,0,0,0,0,0,0,0,0,0
podmsk,25,7493,1,0,0,0,0,0,389,0,0,0,0,0
podmsk01,17,33563,0,0,0,0,0,0,0,0,0,0,0,0
podolsk24life,14,107420,0,0,0,0,0,0,0,0,0,0,0,0
podolsk24real,4,361,0,0,0,0,0,0,0,0,0,0,0,0
podolskadm,10,314884,0,0,0,0,0,0,0,0,0,0,0,0
podosokorsky,29,108455,1,0,0,0,0,0,4300,0,0,0,0,0
podrobno,143,1608780,2,0,0,0,0,0,17740,0,0,0,0,0
podrobnosti_ua,15,4323,0,0,0,0,0,0,0,0,0,0,0,0
podsadnoykbr,18,15015,3,0,0,0,0,0,3079,0,0,0,0,0
podslove,1,470,0,0,0,0,0,0,0,0,0,0,0,0
podsluhano_kerch,5,655,0,0,0,0,0,0,0,0,0,0,0,0
podslushano_92,19,70716,0,0,0,0,0,0,0,0,0,0,0,0
podslushano_ivanteevka,21,34700,1,0,0,0,0,0,1310,0,0,0,0,0
podslushano_korenovsk1,6,2681,0,0,0,0,0,0,0,0,0,0,0,0
podslushano_kurchatov1,16,26530,0,0,0,0,0,0,0,0,0,0,0,0
podslushano_mkky,2,643,0,0,0,0,0,0,0,0,0,0,0,0
podslushano_mytischi,15,106670,0,0,0,0,0,0,0,0,0,0,0,0
podslushano_rossosh,10,22800,2,0,0,0,0,0,3430,0,0,0,0,0
podslushano_tatarstan,37,323458,1,0,0,0,0,0,9700,0,0,0,0,0
podslushano_v_lesnom,74,104852,1,0,0,0,0,0,1700,0,0,0,0,0
podslushano_v_murino,13,21484,0,0,0,0,0,0,0,0,0,0,0,0
podslushano_vasilkov,9,30730,0,0,0,0,0,0,0,0,0,0,0,0
podslushano_zmiev,21,60557,0,0,0,0,0,0,0,0,0,0,0,0
podslushanodomodedovo,30,34637,0,0,0,0,0,0,0,0,0,0,0,0
podslushanoinza,2,204,0,0,0,0,0,0,0,0,0,0,0,0
podslushanokach,40,35140,1,0,0,0,0,0,893,0,0,0,0,0
podslushanokashira,38,33243,1,0,0,0,0,0,450,0,0,0,0,0
podslushanokolomna,26,35221,0,0,0,0,0,0,0,0,0,0,0,0
podslushanokovrov1,17,193055,0,0,0,0,0,0,0,0,0,0,0,0
podslushanokrym,7,6819,0,0,0,0,0,0,0,0,0,0,0,0
podslushanonahabino,2,0,0,0,0,0,0,0,0,0,0,0,0,0
podslushanozvenigorod,35,52574,0,0,0,0,0,0,0,0,0,0,0,0
podslyshano_kop,8,9768,0,0,0,0,0,0,0,0,0,0,0,0
podslyshano_korolev,18,45466,0,0,0,0,0,0,0,0,0,0,0,0
podslyshenopolice,34,217050,0,0,0,0,0,0,0,0,0,0,0,0
podsmotreno_perm,44,9785,1,0,0,0,0,0,15,0,0,0,0,0
podsmotrenozem,16,25288,0,0,0,0,0,0,0,0,0,0,0,0
podval4ikshow,25,102030,1,0,0,0,0,0,4670,0,0,0,0,0
podval_batona,9,210100,0,0,0,0,0,0,0,0,0,0,0,0
podzhigai,33,50010,0,0,0,0,0,0,0,0,0,0,0,0
pofartyy,5,9529,0,0,0,0,0,0,0,0,0,0,0,0
pogled,47,109696,0,0,0,0,0,0,0,0,0,0,0,0
pogodaUnian,26,229888,0,0,0,0,0,0,0,0,0,0,0,0
pogoda_25_region,36,193680,0,0,0,0,0,0,0,0,0,0,0,0
pogovo_rim,2,2660,2,0,0,0,0,0,2660,0,0,0,0,0
pogrankg,10,16530,0,0,0,0,0,0,0,0,0,0,0,0
pogranpost,17,6877,1,0,0,0,0,0,328,0,0,0,0,0
pogrebier,22,161130,0,0,0,0,0,0,0,0,0,0,0,0
pogromyan,12,18271,0,0,0,0,0,0,0,0,0,0,0,0
pohmax,3,633,0,0,0,0,0,0,0,0,0,0,0,0
poidemspb,4,8910,0,0,0,0,0,0,0,0,0,0,0,0
poik142,44,228284,0,0,0,0,0,0,0,0,0,0,0,0
poik_42,4,3344,0,0,0,0,0,0,0,0,0,0,0,0
poima360,12,44710,0,0,0,0,0,0,0,0,0,0,0,0
pointartexpert,1,0,0,0,0,0,0,0,0,0,0,0,0,0
poisk_in_ua,637,12671405,1,0,0,0,0,0,19800,0,0,0,0,0
poiskinfy,42,509460,1,0,0,0,0,0,12600,0,0,0,0,0
poistine_dzhemal,31,27448,2,0,0,0,0,0,636,0,0,0,0,0
pokacs,37,151610,0,0,0,0,0,0,0,0,0,0,0,0
pokamenyanebylo,12,34800,0,0,0,1,0,0,0,0,0,2300,0,0
pokintevagon,5,771,0,0,0,0,0,0,0,0,0,0,0,0
pokolenieotkritih,1,2100,0,0,0,0,0,0,0,0,0,0,0,0
pokrashenia,8,6985,0,0,0,0,0,0,0,0,0,0,0,0
pokrov90avocado,381,24229168,0,0,0,0,0,0,0,0,0,0,0,0
pokrovkaivsemerzosti,13,17393,1,0,0,0,0,0,569,0,0,0,0,0
pokrovsk06239,24,200450,1,0,0,0,0,0,11900,0,0,0,0,0
pokrovsk_news,26,94740,0,0,0,0,0,0,0,0,0,0,0,0
pokrovskaya_life,41,33945,0,0,0,0,0,0,0,0,0,0,0,0
pokrovskayamarina,16,57452,0,0,0,0,0,0,0,0,0,0,0,0
pokrovsktrebushkin,6,13610,0,0,0,0,0,0,0,0,0,0,0,0
pokvartiram1,24,25345,1,0,0,0,0,0,1070,0,0,0,0,0
polarday51,3,3160,0,0,0,0,0,0,0,0,0,0,0,0
polardozor,17,107040,0,0,0,0,0,0,0,0,0,0,0,0
polevchp,19,57045,1,0,0,0,0,0,4260,0,0,0,0,0
polevskoy_trubach,18,66409,0,0,0,0,0,0,0,0,0,0,0,0
poleznyichelovek,1,1300,0,0,0,0,0,0,0,0,0,0,0,0
polhovleon,22,42554,0,0,0,0,0,0,0,0,0,0,0,0
poli_peace,39,366900,0,0,0,0,0,0,0,0,0,0,0,0
policeFM,1,0,0,0,0,0,0,0,0,0,0,0,0,0
police_frequency,39,87535,0,0,0,0,0,0,0,0,0,0,0,0
police_kh_region,9,6938,0,0,0,0,0,0,0,0,0,0,0,0
police_kherson_press,2,151,0,0,0,0,0,0,0,0,0,0,0,0
police_podval,45,132550,0,0,0,0,0,0,0,0,0,0,0,0
policeforum,10,5117,0,0,0,0,0,0,0,0,0,0,0,0
policeinspector,79,89520,0,0,0,0,0,0,0,0,0,0,0,0
policeman11,31,309040,0,0,0,0,0,0,0,0,0,0,0,0
policiaelche,19,132740,0,0,0,0,0,0,0,0,0,0,0,0
policianacional,12,35020,0,0,0,0,0,0,0,0,0,0,0,0
policyonline,19,93070,1,0,0,0,0,0,2150,0,0,0,0,0
policypaper,23,9155,0,0,0,0,0,0,0,0,0,0,0,0
poligonpoligonmedia,34,48957,2,0,0,0,0,0,2514,0,0,0,0,0
poligraf_red,18,56720,1,0,0,0,0,0,2790,0,0,0,0,0
polina_yevtushenko,7,34530,0,0,0,0,0,0,0,0,0,0,0,0
polinaforbaby,34,244080,6,0,0,0,0,0,36130,0,0,0,0,0
polinainargentina,1,800,0,0,0,0,0,0,0,0,0,0,0,0
polinassay,40,877730,0,0,0,0,0,0,0,0,0,0,0,0
polinawasonline,10,222800,0,0,0,0,0,0,0,0,0,0,0,0
polinekudriavtseva,25,8660,0,0,0,0,0,0,0,0,0,0,0,0
polit_eco_news,38,348540,0,0,0,1,0,0,0,0,0,22300,0,0
polit_inform,78,2527322,11,0,0,0,0,0,354580,0,0,0,0,0
polit_lombard,11,28020,0,0,0,0,0,0,0,0,0,0,0,0
polit_peace,39,363570,0,0,0,0,0,0,0,0,0,0,0,0
polit_rus,43,276860,2,0,1,0,0,0,12810,0,6450,0,0,0
polit_voyni,41,307160,0,0,0,1,0,0,0,0,0,6760,0,0
politadequate,262,18792200,14,0,0,2,2,0,978600,0,0,184900,161100,0
politanaly,1,17,0,0,0,0,0,0,0,0,0,0,0,0
politanimalss,34,79580,2,0,0,0,0,0,18920,0,0,0,0,0
politbrocer,31,424700,1,0,0,0,0,0,25800,0,0,0,0,0
politburodc,27,172580,3,0,0,0,0,0,11349,0,0,0,0,0
politcentr,2,41,0,0,0,0,0,0,0,0,0,0,0,0
politcircus,245,6335410,2,0,0,0,0,0,60900,0,0,0,0,0
politclub_ucu,2,592,0,0,0,0,0,0,0,0,0,0,0,0
politconsultant,9,13895,1,0,0,0,0,0,601,0,0,0,0,0
politdisco,30,315930,0,0,0,0,0,0,0,0,0,0,0,0
politekonom,2,23200,0,0,0,0,0,0,0,0,0,0,0,0
politgen,6,5463,0,0,0,0,0,0,0,0,0,0,0,0
politica_media,36,77360,0,0,0,0,0,0,0,0,0,0,0,0
politicamedia,44,17210,11,0,0,0,0,0,5051,0,0,0,0,0
politicians_say,1,458,0,0,0,0,0,0,0,0,0,0,0,0
politics_2_0,5,45,0,0,0,0,0,0,0,0,0,0,0,0
politics_great,40,290300,0,0,0,0,0,0,0,0,0,0,0,0
politicsinthecircle,89,2636758,8,0,0,0,0,0,268600,0,0,0,0,0
politika,18,16855,0,0,0,0,0,0,0,0,0,0,0,0
politika_novost,45,249535,4,0,0,0,0,0,16559,0,0,0,0,0
politika_ob,46,381880,3,0,0,0,0,0,21180,0,0,0,0,0
politika_po_dneprovski,15,138641,0,0,0,1,0,0,0,0,0,1,0,0
politika_rossiya,41,325760,0,0,0,0,0,0,0,0,0,0,0,0
politika_rus_mir,41,301420,1,0,0,0,0,0,6040,0,0,0,0,0
politika_zagovor,40,537701,0,0,0,0,0,0,0,0,0,0,0,0
politikamoeystrani,47,418040,0,0,0,0,0,0,0,0,0,0,0,0
politikanovosti,1,381,0,0,0,0,0,0,0,0,0,0,0,0
politikarossiya,43,522930,0,0,0,0,0,0,0,0,0,0,0,0
politikazv,40,539280,2,0,0,0,0,0,26300,0,0,0,0,0
politikka,99,181742,2,0,0,0,0,0,4510,0,0,0,0,0
politikosmos,20,13548,0,0,0,1,1,0,0,0,0,560,517,0
politjoystic,2759,120581997,72,0,0,2,1,0,3868700,0,0,105000,51100,0
politkraina,26,53383,0,0,0,0,1,0,0,0,0,0,790,0
politkremlin,150,5937534,14,0,0,0,0,0,718000,0,0,0,0,0
politkreo,2,317,0,0,0,0,0,0,0,0,0,0,0,0
politlenta,78,653740,5,0,0,0,0,0,32204,0,0,0,0,0
politman_ua,17,57910,0,0,0,0,0,0,0,0,0,0,0,0
politoborzel,19,19418,0,0,0,0,0,0,0,0,0,0,0,0
politolog_Orlov,20,27518,2,0,0,0,0,0,2840,0,0,0,0,0
politota_plus,21,23973,0,0,0,0,0,0,0,0,0,0,0,0
politota_true,47,421980,0,0,0,0,0,0,0,0,0,0,0,0
politparty,1,169,0,0,0,0,0,0,0,0,0,0,0,0
politplanirovanie,1,0,0,0,0,0,0,0,0,0,0,0,0,0
politpodliva,3,3302,0,0,0,0,0,0,0,0,0,0,0,0
politrus_peace,39,364490,0,0,0,0,0,0,0,0,0,0,0,0
politsmol,20,52180,0,0,0,0,0,0,0,0,0,0,0,0
politsputnik,13,733,1,0,0,0,0,0,60,0,0,0,0,0
politsturm_ukraine,1,451,0,0,0,0,0,0,0,0,0,0,0,0
polittemnik,566,28445090,32,0,0,2,0,0,1771200,0,0,76900,0,0
politwera,23,23633,0,0,0,0,0,0,0,0,0,0,0,0
poliveschip,21,565080,0,0,0,0,0,0,0,0,0,0,0,0
poliziadistato,20,12549,0,0,0,0,0,0,0,0,0,0,0,0
poliziamunicipalebari,20,68480,0,0,0,0,0,0,0,0,0,0,0,0
polk105,17,43470,0,0,0,0,0,0,0,0,0,0,0,0
polk_russia,5,130,0,0,0,0,0,0,0,0,0,0,0,0
polkmosobl,5,547,0,0,0,0,0,0,0,0,0,0,0,0
polkovnikKurtz,1,32,0,0,0,0,0,0,0,0,0,0,0,0
polkovnik_hodarenok,54,27424,0,0,0,0,0,0,0,0,0,0,0,0
polkovnikt,41,893156,4,0,0,1,0,0,15170,0,0,13100,0,0
pollinasha_reserve,8,73200,0,0,0,0,0,0,0,0,0,0,0,0
pollmixanpers,7,11945,0,0,0,0,0,0,0,0,0,0,0,0
pollmixanv,27,430110,0,0,0,0,0,0,0,0,0,0,0,0
polly_reads,8,3147,0,0,0,0,0,0,0,0,0,0,0,0
pollymoood,3,1815,0,0,0,0,0,0,0,0,0,0,0,0
polmamki,42,6825600,0,0,0,0,0,0,0,0,0,0,0,0
poloneniua,25,4005,0,0,0,0,0,0,0,0,0,0,0,0
polosina,12,10693,0,0,0,0,0,0,0,0,0,0,0,0
polotsk_i_novopolotsk,27,170380,0,0,0,0,0,0,0,0,0,0,0,0
polpotkids,9,19750,2,0,0,0,0,0,6130,0,0,0,0,0
polpredstvo_skfo,1,83,0,0,0,0,0,0,0,0,0,0,0,0
poltava_pvp,147,2593755,0,0,0,0,0,0,0,0,0,0,0,0
poltava_to,18,59553,1,0,0,0,0,0,3110,0,0,0,0,0
poltavagaz,6,11440,0,0,0,0,0,0,0,0,0,0,0,0
poltavavgorode,2,21,0,0,0,0,0,0,0,0,0,0,0,0
poltavchanyyy,1,402,0,0,0,0,0,0,0,0,0,0,0,0
polustrovoinfo,1,3400,0,0,0,0,0,0,0,0,0,0,0,0
polyaam,16,135530,0,0,0,0,0,0,0,0,0,0,0,0
polyarnieochi,17,15187,0,0,0,0,0,0,0,0,0,0,0,0
polygraf34,2,3530,1,0,0,0,0,0,2320,0,0,0,0,0
polymyaby,54,134875,4,0,0,0,0,0,15260,0,0,0,0,0
polytech_petra,12,21509,1,0,0,0,0,0,1620,0,0,0,0,0
pomorvision,6,2839,0,0,0,0,0,0,0,0,0,0,0,0
ponaehalee,4,9466,0,0,0,0,0,0,0,0,0,0,0,0
ponayekhavshiy,1,1740,0,0,0,0,0,0,0,0,0,0,0,0
pond_of_Slime,11,72990,0,0,0,1,0,0,0,0,0,5690,0,0
ponka_sonka_life,1,228,0,0,0,0,0,0,0,0,0,0,0,0
ponomarb1,2062,49942220,70,0,2,8,4,0,1782970,0,31900,316400,91900,0
ponyakin,11,404,0,0,0,0,0,0,0,0,0,0,0,0
pool_56,1,648,0,0,0,0,0,0,0,0,0,0,0,0
pool_64,18,162162,1,0,0,0,0,0,4960,0,0,0,0,0
poorichgirl,25,243754,0,0,0,0,0,0,0,0,0,0,0,0
poorseshgar,22,3885,0,0,0,0,0,0,0,0,0,0,0,0
poperechnyi,29,5746700,0,0,0,0,0,0,0,0,0,0,0,0
popilashes,13,3006,2,0,0,0,0,0,404,0,0,0,0,0
popliklar,67,849839,0,0,0,0,0,0,0,0,0,0,0,0
popovUA,96,98275,4,0,0,0,0,0,3982,0,0,0,0,0
poptatiana,184,5248248,32,0,0,0,4,1,885630,0,0,0,106300,30000
popularjournal,89,137829,0,0,0,0,0,0,0,0,0,0,0,0
poputizakofe,5,9180,0,0,0,0,0,0,0,0,0,0,0,0
popyachsa,41,17500,0,0,0,0,0,0,0,0,0,0,0,0
por_tugal,17,82380,0,0,0,0,0,0,0,0,0,0,0,0
poreveluv,1,120,0,0,0,0,0,0,0,0,0,0,0,0
portallviv,21,7544,0,0,0,0,0,0,0,0,0,0,0,0
portalmigalhas,20,12147,0,0,0,0,0,0,0,0,0,0,0,0
portalsemakandotcom,26,241290,0,0,0,0,0,0,0,0,0,0,0,0
portamur_ru,73,117630,0,0,0,0,0,0,0,0,0,0,0,0
portnikov,76,1751040,1,0,0,1,1,0,25100,0,0,25900,8400,0
portnoy_odessa,17,45812,0,0,0,0,0,0,0,0,0,0,0,0
porusski,1,291,0,0,0,0,0,0,0,0,0,0,0,0
pos_kot_od,20,703,0,0,0,0,0,0,0,0,0,0,0,0
posadky,1,0,0,0,0,0,0,0,0,0,0,0,0,0
poselok_uznyi,18,126890,0,0,0,0,0,0,0,0,0,0,0,0
poshelnahuymedia,2,208,0,0,0,0,0,0,0,0,0,0,0,0
poshteparde313,55,150731,0,0,0,0,0,0,0,0,0,0,0,0
poshuk_znyklyh,49,262331,0,0,0,0,0,0,0,0,0,0,0,0
poshurshymo,9,4205,0,0,0,0,0,0,0,0,0,0,0,0
positionRUS,20,2237,3,0,0,0,0,0,284,0,0,0,0,0
poslesiest,19,36,0,0,0,0,0,0,0,0,0,0,0,0
posnovaalexandra,87,6206300,0,0,0,0,0,0,0,0,0,0,0,0
posolhvosta,4,3226,0,0,0,0,0,0,0,0,0,0,0,0
pososutkin,9,6441,0,0,0,0,0,0,0,0,0,0,0,0
pospikasya,11,49650,0,0,0,0,0,0,0,0,0,0,0,0
postanovich_world,28,38296,2,0,0,0,0,0,1666,0,0,0,0,0
postblok,5,645,0,0,0,0,0,0,0,0,0,0,0,0
postironia_politologia,15,9945,0,0,0,0,0,0,0,0,0,0,0,0
postnewsru,889,2775820,17,0,0,0,0,0,45150,0,0,0,0,0
postoronniyI,1,468,0,0,0,0,0,0,0,0,0,0,0,0
potatoed,3,3971,0,0,0,0,0,0,0,0,0,0,0,0
potatomedia,16,37840,2,0,0,0,0,0,3770,0,0,0,0,0
potokseverniy,61,441014,2,0,0,0,0,0,18310,0,0,0,0,0
potrebitel_bukhara,64,477606,0,0,0,0,0,0,0,0,0,0,0,0
potrebitel_uz,54,915810,0,0,0,0,0,0,0,0,0,0,0,0
povarenokvit,8,15700,0,0,0,0,0,0,0,0,0,0,0,0
povche,17,162,0,0,0,0,0,0,0,0,0,0,0,0
povestka_ru,15,62712,0,0,0,0,0,0,0,0,0,0,0,0
povestki_udm,21,165489,0,0,0,0,0,0,0,0,0,0,0,0
povitryanatrivogaaa,22415,3066955139,2,0,0,3,0,0,331000,0,0,501000,0,0
power_sofia,22,195470,0,0,0,0,0,0,0,0,0,0,0,0
powermani,6,2023,1,0,0,0,0,0,460,0,0,0,0,0
powerofanalytics,23,42447,4,0,0,0,0,0,7137,0,0,0,0,0
poymamagazine,14,21973,1,0,0,0,0,0,571,0,0,0,0,0
poytaxt_uz,62,375604,0,0,0,0,0,0,0,0,0,0,0,0
pozirkonline,20,5013,0,0,0,0,0,0,0,0,0,0,0,0
pozivnoy_kazman,75,749897,0,0,0,0,0,0,0,0,0,0,0,0
pozneronline,35,1626789,0,0,0,0,0,0,0,0,0,0,0,0
pozov,177,34100200,1,0,0,0,0,0,257000,0,0,0,0,0
pp_foodpro_tg,41,758700,0,0,0,0,0,0,0,0,0,0,0,0
ppilif_chanel,8,43910,0,0,0,1,0,0,0,0,0,6190,0,0
pppaskov,41,50549,0,0,0,0,0,0,0,0,0,0,0,0
ppr_cards,19,40617,0,0,0,0,0,0,0,0,0,0,0,0
pqntc1,3,4100,0,0,0,0,0,0,0,0,0,0,0,0
pramayademokratia,10,4046,1,0,0,0,0,0,271,0,0,0,0,0
pramenby,27,48316,5,0,0,0,0,0,5950,0,0,0,0,0
prapalitiku,6,1145,0,0,0,0,0,0,0,0,0,0,0,0
prasunprakash,10,11680,1,0,0,0,0,0,1440,0,0,0,0,0
prav_dnr,8,1830,0,0,0,0,0,0,0,0,0,0,0,0
pravachka1,8,41740,0,0,0,0,0,0,0,0,0,0,0,0
pravak_online,22,43691,1,0,0,0,0,0,314,0,0,0,0,0
pravchannell,40,155740,0,0,0,0,0,0,0,0,0,0,0,0
pravdaGerashchenko_en,18,12700,0,0,0,0,0,0,0,0,0,0,0,0
pravda_DS,13,47595,1,0,0,0,0,0,345,0,0,0,0,0
pravda_alert,22,21150,0,0,0,0,0,0,0,0,0,0,0,0
pravda_eng,9,4217,0,0,0,0,0,0,0,0,0,0,0,0
pravda_kchr,17,141890,0,0,0,0,0,0,0,0,0,0,0,0
pravda_mir,517,2129,0,0,0,0,0,0,0,0,0,0,0,0
pravda_pmr,52,327080,0,0,0,1,0,0,0,0,0,5090,0,0
pravda_shuravi,6,13350,0,0,0,0,0,0,0,0,0,0,0,0
pravda_ukr_news,19,10723,1,0,0,0,0,0,656,0,0,0,0,0
pravda_vasilkov,2,0,0,0,0,0,0,0,0,0,0,0,0,0
pravdadirty,6984,2364055550,37,0,0,0,0,0,12658200,0,0,0,0,0
pravdaobv2,18,30308,1,0,0,0,0,0,2360,0,0,0,0,0
pravdapomor,2,154,0,0,0,0,0,0,0,0,0,0,0,0
pravdaurfo,1,389,0,0,0,0,0,0,0,0,0,0,0,0
pravdavzdyvitazi,37,51257,0,0,0,0,0,0,0,0,0,0,0,0
pravdist,74,300539,3,0,0,0,0,0,17290,0,0,0,0,0
pravdivy_nikolaev,26,193459,0,0,0,0,0,0,0,0,0,0,0,0
pravdorubnyi,7,104,0,0,0,0,1,0,0,0,0,0,11,0
pravdu_govorit,23,10536,0,0,0,0,0,0,0,0,0,0,0,0
pravidec,65,495762,1,0,0,0,0,0,11800,0,0,0,0,0
pravilamagru,39,239310,0,0,0,0,0,0,0,0,0,0,0,0
pravitelstvo40,10,4078,0,0,0,0,0,0,0,0,0,0,0,0
pravitelstvo_kchr,8,24327,0,0,0,0,0,0,0,0,0,0,0,0
pravitelstvokbr,11,2513,0,0,0,0,0,0,0,0,0,0,0,0
pravitelstvokg,3,882,0,0,0,0,0,0,0,0,0,0,0,0
pravitelstvord,4,2215,0,0,0,0,0,0,0,0,0,0,0,0
pravoslavnii_bloger,7,9115,0,0,0,0,0,0,0,0,0,0,0,0
pravyvzgliad,2,2381,0,0,0,0,0,0,0,0,0,0,0,0
prazdniki,38,225430,0,0,0,0,0,0,0,0,0,0,0,0
prchand,60,1637349,3,0,0,0,0,0,78100,0,0,0,0,0
predsedatelprav,28,300600,0,0,0,0,0,0,0,0,0,0,0,0
preemnik,63,347321,7,0,0,0,0,0,34930,0,0,0,0,0
prefekturavao,6,8625,0,0,0,0,0,0,0,0,0,0,0,0
premiaredkollegia,24,9362,0,0,0,0,0,0,0,0,0,0,0,0
presa_ua,13,3356,0,0,0,0,0,0,0,0,0,0,0,0
president_sovet,24,60422,0,0,0,0,0,0,0,0,0,0,0,0
presidentialgrants,18,47966,0,0,0,0,0,0,0,0,0,0,0,0
pressa_Yangiariq,6,630,0,0,0,0,0,0,0,0,0,0,0,0
pressapro_ru,69,103,2,0,0,0,0,0,3,0,0,0,0,0
pressauz,1390,133842800,15,0,0,0,0,0,1485300,0,0,0,0,0
pressbox,18,56040,0,0,0,0,0,0,0,0,0,0,0,0
pressfeed,13,4582,0,0,0,0,0,0,0,0,0,0,0,0
pressklubaz,3,3348,0,0,0,0,0,0,0,0,0,0,0,0
pressmfakz,20,13053,0,0,0,0,0,0,0,0,0,0,0,0
pressmia,2,0,0,0,0,0,0,0,0,0,0,0,0,0
pressmol,20,35916,0,0,0,0,0,0,0,0,0,0,0,0
presspool_uz,30,13980,0,0,0,0,0,0,0,0,0,0,0,0
pressuzb,34,246529,0,0,0,0,0,0,0,0,0,0,0,0
prettyviiii,28,111349,1,0,0,0,0,0,3380,0,0,0,0,0
prezident_2024,48,289818,3,0,0,0,0,0,14170,0,0,0,0,0
prezident_uz,2,1557,0,0,0,0,0,0,0,0,0,0,0,0
prezidentgordon,439,21228599,7,0,0,1,0,0,347000,0,0,45700,0,0
prezidentgordonteam,1,0,0,0,0,0,0,0,0,0,0,0,0,0
priamurka,4,60,0,0,0,0,0,0,0,0,0,0,0,0
prian_property,43,50633,1,0,0,0,0,0,1300,0,0,0,0,0
priazovkayeisk,2,63,0,0,0,0,0,0,0,0,0,0,0,0
prichinidobro,11,13613,0,0,0,0,0,0,0,0,0,0,0,0
pridnestrovec,181,2547300,3,0,0,0,0,0,32230,0,0,0,0,0
pridybaylo_k,20,25711,0,0,0,0,0,0,0,0,0,0,0,0
prigorod_novosti,10,6053,0,0,0,0,0,0,0,0,0,0,0,0
prigorodlesnoe_info,10,22440,0,0,0,0,0,0,0,0,0,0,0,0
prigorodmolokovo,25,18981,0,0,0,0,0,0,0,0,0,0,0,0
prikazchikovamedia,59,256196,2,0,0,0,0,0,5990,0,0,0,0,0
prikhist,16,32343,1,0,0,0,0,0,2700,0,0,0,0,0
priklucheniaflika,74,368624,2,0,0,0,0,0,8680,0,0,0,0,0
prikubanka_krd,12,12302,0,0,0,0,0,0,0,0,0,0,0,0
priluki,117,1788810,0,0,0,0,0,0,0,0,0,0,0,0
prim_mother,25,119529,1,0,0,0,0,0,3780,0,0,0,0,0
prim_police,30,86998,0,0,0,0,0,0,0,0,0,0,0,0
prima_sursa_md,33,468660,0,0,0,0,0,0,0,0,0,0,0,0
primamedia,434,3441966,9,0,0,0,0,0,71870,0,0,0,0,0
primcardinal,5,249,0,0,0,0,0,0,0,0,0,0,0,0
prime1,88,620684,0,0,0,0,0,0,0,0,0,0,0,0
primecrimeofficial,33,763120,1,0,0,0,0,0,22800,0,0,0,0,0
primnews,10,1124,0,0,0,0,0,0,0,0,0,0,0,0
primorchannel,82,1248881,1,0,0,1,0,0,10600,0,0,10500,0,0
primorsky_krai,12,48930,0,0,0,0,0,0,0,0,0,0,0,0
primorsky_spb,22,75696,0,0,0,0,0,0,0,0,0,0,0,0
primorskyru,210,1568884,2,0,0,0,0,0,26220,0,0,0,0,0
primorye_online,90,403673,2,0,0,0,0,0,10520,0,0,0,0,0
primpolitical,2,3350,0,0,0,0,0,0,0,0,0,0,0,0
princessaverandot,49,677250,0,0,0,0,0,0,0,0,0,0,0,0
princesssohot,96,14998361,1,0,0,0,0,0,93500,0,0,0,0,0
princetonadventure,5,18190,1,0,0,0,0,0,2510,0,0,0,0,0
printerfort,18,50300,0,0,0,0,0,0,0,0,0,0,0,0
pristan_poeta,3,12900,0,0,0,0,0,0,0,0,0,0,0,0
pristavy_day,7,10686,0,0,0,0,0,0,0,0,0,0,0,0
privatmnenie,1,231,0,0,1,0,0,0,0,0,231,0,0,0
privet_dolgoprudny,24,2277,0,0,0,0,0,0,0,0,0,0,0,0
privet_iz_doma152,20,5247,0,0,0,0,0,0,0,0,0,0,0,0
privet_rostov_ru,8,42355,0,0,0,0,0,0,0,0,0,0,0,0
privetpoidem,17,72460,0,0,0,0,0,0,0,0,0,0,0,0
privloolipop,2,214,0,0,0,0,0,0,0,0,0,0,0,0
prmira_news,223,1599876,4,0,0,0,0,0,25740,0,0,0,0,0
prnktv,17,4707,0,0,0,0,0,0,0,0,0,0,0,0
pro100ivanov,3,5760,0,0,0,0,0,0,0,0,0,0,0,0
pro101safety,6,5934,0,0,0,0,0,0,0,0,0,0,0,0
pro10tvrm,12,19509,0,1,0,0,0,0,0,1930,0,0,0,0
proPROKOPA,46,1383700,0,0,0,0,0,0,0,0,0,0,0,0
pro_Wines,13,5892,0,0,0,0,0,0,0,0,0,0,0,0
pro_barnaul,6,1566,0,0,0,0,0,0,0,0,0,0,0,0
pro_klgd,1,140,0,0,0,0,0,0,0,0,0,0,0,0
pro_krivoy_rog,17,34589,0,0,0,0,0,0,0,0,0,0,0,0
pro_mitino,253,65656,1,0,0,0,0,0,219,0,0,0,0,0
pro_moi_raion,7,2612,0,0,0,0,0,0,0,0,0,0,0,0
pro_mossab,3,1216,0,0,0,0,0,0,0,0,0,0,0,0
pro_nino,19,135250,0,0,0,0,0,0,0,0,0,0,0,0
pro_sk_ru,1,12,0,0,0,0,0,0,0,0,0,0,0,0
pro_szao,17,45160,0,0,0,0,0,0,0,0,0,0,0,0
pro_vol,39,109486,0,0,0,0,0,0,0,0,0,0,0,0
proamurskru,1,142,0,0,0,0,0,0,0,0,0,0,0,0
proarmenian,28,15369,2,0,0,0,0,0,1930,0,0,0,0,0
proba_festival,4,17600,0,0,0,0,0,0,0,0,0,0,0,0
probekenez,3,652,0,0,0,0,0,0,0,0,0,0,0,0
procedurki,1,1090,0,0,0,0,0,0,0,0,0,0,0,0
prochukotku,4,1596,0,0,0,0,0,0,0,0,0,0,0,0
prodagectan,1,170,0,0,0,0,0,0,0,0,0,0,0,0
produbay,19,109328,0,0,0,0,0,0,0,0,0,0,0,0
producerbg,14,46320,0,0,0,0,0,0,0,0,0,0,0,0
product_love,39,154676,7,0,0,0,0,0,28150,0,0,0,0,0
product_science,30,50901,1,0,0,0,0,0,1080,0,0,0,0,0
product_weekdays,36,327750,0,0,0,0,0,0,0,0,0,0,0,0
proektkino,24,6110,0,0,0,0,1,0,0,0,0,0,214,0
proektproekt,43,1790500,0,0,0,0,0,0,0,0,0,0,0,0
proektshmel,212,8255029,1,0,0,2,0,0,42000,0,0,65200,0,0
professionalhunter,1,375,0,0,0,0,0,0,0,0,0,0,0,0
profibeer,7,10144,1,0,0,0,0,0,1790,0,0,0,0,0
profikta,3,22300,0,0,0,0,0,0,0,0,0,0,0,0
profil_govno,12,26680,1,0,0,0,0,0,2230,0,0,0,0,0
profile_newzzz,1116,1186583,1,0,0,0,0,0,1060,0,0,0,0,0
profstannis,24,94940,0,0,0,0,0,0,0,0,0,0,0,0
progorod43news,17,84038,0,0,0,0,0,0,0,0,0,0,0,0
progorod_33,23,56514,0,0,0,0,0,0,0,0,0,0,0,0
progorod_76,12,12054,0,0,0,0,0,0,0,0,0,0,0,0
progulkipoobninsku,1,10,0,0,0,0,0,0,0,0,0,0,0,0
prohorovnf,3,142,0,0,0,0,0,0,0,0,0,0,0,0
project_juventa,23,3213,0,0,0,0,0,0,0,0,0,0,0,0
project_newss,21,4878,0,0,0,0,0,0,0,0,0,0,0,0
project_veritas,50,1624800,0,0,0,0,0,0,0,0,0,0,0,0
projectorperevertailo,23,31305,1,0,0,0,0,0,883,0,0,0,0,0
projectrebirth,1,3100,0,0,0,0,0,0,0,0,0,0,0,0
prokadrykz,27,308613,0,0,0,0,0,0,0,0,0,0,0,0
prokherson_ru,12,426,0,0,0,0,0,0,0,0,0,0,0,0
prokhorov11,20,97530,0,0,0,0,1,0,0,0,0,0,6310,0
prokopchanka,23,73808,0,0,0,0,0,0,0,0,0,0,0,0
prokopievsk_ru,47,221055,0,0,0,0,0,0,0,0,0,0,0,0
prokopyevsk_sluh,49,625900,0,0,0,0,0,0,0,0,0,0,0,0
prokopyevsk_sobitie,50,655600,0,0,0,0,0,0,0,0,0,0,0,0
prokuratura_nso,94,365143,2,0,0,0,0,0,8470,0,0,0,0,0
promdigest,2,2250,0,0,0,0,0,0,0,0,0,0,0,0
prometallinfo,21,13549,0,0,0,0,0,0,0,0,0,0,0,0
promincv,21,36829,0,0,0,0,0,0,0,0,0,0,0,0
prommoscow,31,95435,0,0,0,0,0,0,0,0,0,0,0,0
promosbr,6,14420,0,0,0,0,0,0,0,0,0,0,0,0
pronline_ru,21,30899,0,0,0,0,0,0,0,0,0,0,0,0
pronovostroyru,18,2886,1,0,0,0,0,0,146,0,0,0,0,0
pronya_ta_soloha,36,265290,0,0,0,1,3,0,0,0,0,6180,26140,0
proofs_dnepr,21,15995,0,0,0,0,0,0,0,0,0,0,0,0
proofzzz,4874,803159278,79,0,1,28,5,0,13988300,0,205000,5030200,911000,0
prorivists,1,294,1,0,0,0,0,0,294,0,0,0,0,0
prosaratov,3,564,0,0,0,0,0,0,0,0,0,0,0,0
proshel4erez,5,10070,0,0,0,0,0,0,0,0,0,0,0,0
proslav_operational,37,198496,0,0,0,0,0,0,0,0,0,0,0,0
prosmis,65,1409310,2,0,0,0,0,0,55400,0,0,0,0,0
prosodia,5,8180,0,0,0,1,0,0,0,0,0,1600,0,0
prostinas,11,220300,0,0,0,0,0,0,0,0,0,0,0,0
prostirdopomogi,35,112270,0,0,0,0,0,0,0,0,0,0,0,0
prosto_dnz,9,52876,0,0,0,0,0,0,0,0,0,0,0,0
prosto_o_KS,9,22650,1,0,0,0,0,0,2870,0,0,0,0,0
prostolbtsy,3,1001,0,0,0,0,0,0,0,0,0,0,0,0
prostomaria3,8,172400,0,0,0,0,0,0,0,0,0,0,0,0
prostopushka,27,133860,0,0,0,0,0,0,0,0,0,0,0,0
prostpolitika,2,1829,0,0,0,0,0,0,0,0,0,0,0,0
prosvetlennaya,1,2630,0,0,0,0,0,0,0,0,0,0,0,0
proszumski,2,0,0,0,0,0,0,0,0,0,0,0,0,0
protelegraphh,16,6629,0,0,0,1,0,0,0,0,0,593,0,0
protiktok,105,3891300,9,0,0,1,0,0,269500,0,0,35900,0,0
protokol27,24,104242,0,0,0,0,0,0,0,0,0,0,0,0
protokol_band,10,43190,0,0,0,0,0,0,0,0,0,0,0,0
prototrankov,40,385440,1,0,0,0,0,0,6920,0,0,0,0,0
provce,437,1769860,14,0,0,0,0,0,54050,0,0,0,0,0
provedu,22,31031,0,0,0,0,0,0,0,0,0,0,0,0
provibory,13,2713,2,2,0,0,0,0,338,625,0,0,0,0
provincivil,1,29,0,0,0,0,0,0,0,0,0,0,0,0
provinnitsa,29,10115,0,0,0,0,0,0,0,0,0,0,0,0
provizordidenko,36,355570,0,0,0,0,0,0,0,0,0,0,0,0
provtv,1,1470,0,0,0,0,0,0,0,0,0,0,0,0
proza_val,13,19100,1,0,0,0,0,0,1710,0,0,0,0,0
prozapas77,26,242510,5,0,0,0,0,0,51710,0,0,0,0,0
prozektura,2,3050,0,0,0,0,0,0,0,0,0,0,0,0
prtatar,16,28090,0,0,0,0,0,0,0,0,0,0,0,0
prthums,1,45,0,0,0,0,0,0,0,0,0,0,0,0
prudisimon,3,3730,0,0,0,0,0,0,0,0,0,0,0,0
prudovoetravo,1,752,0,0,0,0,0,0,0,0,0,0,0,0
pryamamova,522,2883029,79,0,1,0,1,0,437060,0,5620,0,5400,0
pryamiy,15,80650,0,0,0,0,0,0,0,0,0,0,0,0
prytulafoundation,12,6034,0,0,0,0,0,0,0,0,0,0,0,0
ps752justice,27,19924,0,0,0,0,0,0,0,0,0,0,0,0
psamara,40,215366,0,0,0,0,0,0,0,0,0,0,0,0
psihi_vlast,40,540520,4,0,0,0,0,0,42420,0,0,0,0,0
psinformator,48,192357,0,0,0,1,0,0,0,0,0,3990,0,0
pskov_obl,17,4204,0,0,0,0,0,0,0,0,0,0,0,0
pskov_oblast,7,2776,0,0,0,0,0,0,0,0,0,0,0,0
pskov_sluh,49,639100,0,0,0,0,0,0,0,0,0,0,0,0
pskov_sobitie,50,608000,0,0,0,0,0,0,0,0,0,0,0,0
pskovschina,9,13430,0,0,0,0,0,0,0,0,0,0,0,0
psmusic_show,2,41,0,0,0,0,0,0,0,0,0,0,0,0
pso_tyneodin,8,26060,0,0,0,0,0,0,0,0,0,0,0,0
psol50,21,2936,0,0,0,0,0,0,0,0,0,0,0,0
psychostory,9,11336,0,0,0,0,0,0,0,0,0,0,0,0
psysolve,5,1334,0,0,0,0,0,0,0,0,0,0,0,0
ptgorsk,5,4121,1,0,0,0,0,0,1130,0,0,0,0,0
ptichka_news,79,850200,0,0,0,0,0,0,0,0,0,0,0,0
ptichkachika,17,157960,0,0,0,0,0,0,0,0,0,0,0,0
ptodayru,17,851,0,0,0,0,0,0,0,0,0,0,0,0
ptptndihatiku,4,58950,0,0,0,0,0,0,0,0,0,0,0,0
ptrkkz,58,81719,0,0,0,0,0,0,0,0,0,0,0,0
ptvua,2,101,0,0,0,0,0,0,0,0,0,0,0,0
publico_es,29,81806,0,0,0,0,0,0,0,0,0,0,0,0
publicpelmening,1,1280,0,0,0,0,0,0,0,0,0,0,0,0
publish_or_perish,7,3843,0,0,0,0,0,0,0,0,0,0,0,0
pugabe,20,607,1,0,0,0,0,0,32,0,0,0,0,0
pul49,5,1739,0,0,0,0,0,0,0,0,0,0,0,0
pul69,3,723,0,0,0,0,0,0,0,0,0,0,0,0
pul_1,1186,104069997,10,0,0,0,0,0,849400,0,0,0,0,0
pulatov_kh,7,16590,0,0,0,0,0,0,0,0,0,0,0,0
puls_ukr,34,162759,3,0,0,0,0,0,9720,0,0,0,0,0
pulse19ru,1,78,0,0,0,0,0,0,0,0,0,0,0,0
pulsukraine,44,148390,0,0,0,0,0,0,0,0,0,0,0,0
pult_ot_televizora,11,75041,0,0,0,0,0,0,0,0,0,0,0,0
punjabpoliceindia,20,4997,0,0,0,0,0,0,0,0,0,0,0,0
punkshow17,1,0,0,0,0,0,0,0,0,0,0,0,0,0
puntoesport,1,3810,0,0,0,0,0,0,0,0,0,0,0,0
pupovologovo,35,249543,0,0,0,0,0,0,0,0,0,0,0,0
pureminsk,13,43011,0,0,0,0,0,0,0,0,0,0,0,0
pushilindenis,58,4319840,0,0,0,0,0,0,0,0,0,0,0,0
pushkin_story,7,9412,0,0,0,0,0,0,0,0,0,0,0,0
pushkinanatalie,29,335980,0,0,0,0,0,0,0,0,0,0,0,0
pushkino_live,12,68418,0,0,0,0,0,0,0,0,0,0,0,0
pushkino_official,26,268880,0,0,0,0,0,0,0,0,0,0,0,0
pushnoypro,36,527999,0,0,0,0,0,0,0,0,0,0,0,0
pussykiller_love,45,2565400,0,0,0,0,0,0,0,0,0,0,0,0
pussymeme,16,5984,0,0,0,0,0,0,0,0,0,0,0,0
pustgovorit19,34,52322,1,0,0,0,0,0,572,0,0,0,0,0
pustie_dni,30,201379,0,0,0,0,0,0,0,0,0,0,0,0
putch111,15,42023,0,0,0,0,0,0,0,0,0,0,0,0
putilkovo_info,8,18420,0,0,0,0,0,0,0,0,0,0,0,0
putin6,11,18620,0,0,0,0,0,0,0,0,0,0,0,0
putin_2024,19,2562,0,0,0,0,0,0,0,0,0,0,0,0
putin_fanclub,52,456699,0,0,0,0,0,0,0,0,0,0,0,0
putin_life,81,214811,3,0,0,0,0,0,3631,0,0,0,0,0
putin_peace,39,377550,0,0,0,0,0,0,0,0,0,0,0,0
putin_today,16,4073,0,0,0,0,0,0,0,0,0,0,0,0
putin_z,28,12906,0,0,0,0,0,0,0,0,0,0,0,0
putininfo,18,34934,0,0,0,0,0,0,0,0,0,0,0,0
putnik1lv,21,329890,0,0,0,0,0,0,0,0,0,0,0,0
putpobedy21,4,6036,0,0,0,0,0,0,0,0,0,0,0,0
puzatahataa,38,110920,2,0,0,0,0,0,6050,0,0,0,0,0
pva_anapa,93,1305080,1,0,0,0,0,0,14100,0,0,0,0,0
pve_123,22,50585,0,0,0,0,0,0,0,0,0,0,0,0
pvllys,12,762,2,0,0,0,0,0,102,0,0,0,0,0
pvolya,95,2710750,0,0,0,0,0,0,0,0,0,0,0,0
pvouz,14,45279,0,0,0,0,0,0,0,0,0,0,0,0
pvov33,15,17885,0,0,0,0,0,0,0,0,0,0,0,0
pvross,28,141578,4,0,0,0,0,0,12670,0,0,0,0,0
pvruBunker,18,57680,0,0,0,0,0,0,0,0,0,0,0,0
pvsgns,40,562070,2,0,0,0,0,0,17420,0,0,0,0,0
pvstka,22,136760,0,0,0,0,0,0,0,0,0,0,0,0
pwnow,29,95479,2,0,0,0,0,0,6970,0,0,0,0,0
pyfeh,94,372425,0,0,0,0,0,0,0,0,0,0,0,0
pykinvv,8,51630,0,0,0,0,0,0,0,0,0,0,0,0
pzdcofficial,48,264960,3,0,0,0,0,0,17360,0,0,0,0,0
pzhytomyr,597,18226287,2,0,0,0,0,0,60400,0,0,0,0,0
qad3im,24,43964,0,0,0,0,0,0,0,0,0,0,0,0
qalampir,6321,414953339,9,0,0,2,0,0,573400,0,0,148100,0,0
qarshiliklar,17,94597,0,0,0,0,0,0,0,0,0,0,0,0
qarshitumaniuz,4,1677,0,0,0,0,0,0,0,0,0,0,0,0
qashlive,3,294,0,0,0,0,0,0,0,0,0,0,0,0
qashqadaryo_hududiy_elektr,1,73,0,0,0,0,0,0,0,0,0,0,0,0
qashqadaryo_trk,2,825,0,0,0,0,0,0,0,0,0,0,0,0
qashqadaryox,22,1155,0,0,0,0,0,0,0,0,0,0,0,0
qazaqstantv,98,151127,0,0,0,0,0,0,0,0,0,0,0,0
qazdempart,20,8622,0,0,0,0,0,0,0,0,0,0,0,0
qazpress_kz,45,60781,1,0,0,0,0,0,744,0,0,0,0,0
qazvin_iribnews,4,158,0,0,0,0,0,0,0,0,0,0,0,0
qazvin_news24,33,4112,0,0,0,0,0,0,0,0,0,0,0,0
qbaxta,16,77990,0,0,0,0,0,0,0,0,0,0,0,0
qezavatba_shoma,29,21777,0,0,0,0,0,0,0,0,0,0,0,0
qisqa_biolar,1,0,0,0,0,0,0,0,0,0,0,0,0,0
qiziltepa_hokimligi,23,122431,0,0,0,0,0,0,0,0,0,0,0,0
qiziqarli_vidyolarN1,27,3920,0,0,0,0,0,0,0,0,0,0,0,0
qnetmena,13,25820,0,0,0,0,0,0,0,0,0,0,0,0
qomiribnews,5,112,0,0,0,0,0,0,0,0,0,0,0,0
qonandoylex,21,21247,0,0,0,0,0,0,0,0,0,0,0,0
qongiratrkuz,10,11199,0,0,0,0,0,0,0,0,0,0,0,0
qonunchilikpalatasi,13,9461,0,0,0,0,0,0,0,0,0,0,0,0
qonundoirasidauz,24,191760,0,0,0,0,0,0,0,0,0,0,0,0
qoqon_kanali,21,15130,0,0,0,0,0,0,0,0,0,0,0,0
qorasuvhabarlari,16,26578,0,0,0,0,0,0,0,0,0,0,0,0
qorovulbozortuman,17,16309,0,0,0,0,0,0,0,0,0,0,0,0
qorqmauzb,2,222,0,0,0,0,0,0,0,0,0,0,0,0
qpmedia,2,915,0,0,0,0,0,0,0,0,0,0,0,0
qqwelj,27,1774900,0,0,0,0,0,0,0,0,0,0,0,0
qrmsb,10,2026,1,0,0,0,0,0,179,0,0,0,0,0
qsameun,22,6884,0,0,0,0,0,0,0,0,0,0,0,0
quantamag,2,2310,0,0,0,0,0,0,0,0,0,0,0,0
quantin_vic,171,672768,0,0,0,0,0,0,0,0,0,0,0,0
quarantineinberlin,13,7947,1,0,0,0,0,0,611,0,0,0,0,0
qudsradiofm1,220,195158,0,0,0,0,0,0,0,0,0,0,0,0
quickhuntik,29,99565,0,0,0,0,0,0,0,0,0,0,0,0
quietpoolsa,2,641,0,0,0,0,0,0,0,0,0,0,0,0
quitafricanow,35,55540,0,0,0,0,0,0,0,0,0,0,0,0
qumash_kz,571,13905830,0,0,0,0,0,0,0,0,0,0,0,0
quqon,117,332011,0,0,0,0,0,0,0,0,0,0,0,0
quqonuy_bozori,17,3417,0,0,0,0,0,0,0,0,0,0,0,0
quqqurrtg,9,11800,0,0,0,0,0,0,0,0,0,0,0,0
qurbonova_a,20,37290,0,0,0,0,0,0,0,0,0,0,0,0
quvasoy_hokimligi,10,5993,0,0,0,0,0,0,0,0,0,0,0,0
qvh_axboroti,2,3977,0,0,0,0,0,0,0,0,0,0,0,0
qyzyqstan,22,25810,0,0,0,0,0,0,0,0,0,0,0,0
r0xieee,51,511560,0,0,0,0,0,0,0,0,0,0,0,0
r4uab_ru,18,83190,0,0,0,0,0,0,0,0,0,0,0,0
rFaFsorry,4,102,0,0,0,0,0,0,0,0,0,0,0,0
r_antonov,24,16959,0,0,0,0,0,0,0,0,0,0,0,0
r_chp,44,265050,1,0,0,0,0,0,8900,0,0,0,0,0
r_shamne,1,0,0,0,0,0,0,0,0,0,0,0,0,0
r_yaz_an62,2,5020,0,0,0,0,0,0,0,0,0,0,0,0
ra_media,1,0,0,0,0,0,0,0,0,0,0,0,0,0
raahiane,8,13055,0,0,0,0,0,0,0,0,0,0,0,0
raavionline1,38,50702,0,0,0,0,0,0,0,0,0,0,0,0
rabkor,18,49650,0,0,0,0,0,0,0,0,0,0,0,0
rabochyruh,18,15806,1,0,0,0,0,0,996,0,0,0,0,0
rabota_vlgd,10,3612,0,0,0,0,0,0,0,0,0,0,0,0
rabotaembrat,70,171567,0,0,0,0,0,0,0,0,0,0,0,0
rabotalogia,31,30682,1,0,0,0,0,0,685,0,0,0,0,0
rabotyagikoti,45,1799100,1,0,0,0,0,0,18100,0,0,0,0,0
racunshopee112017,45,5214,0,0,0,0,0,0,0,0,0,0,0,0
racunshopeecheck3115,6,76,0,0,0,0,0,0,0,0,0,0,0,0
rad_fems,1,303,0,0,0,0,0,0,0,0,0,0,0,0
rada_simashkevich,1,3700,0,0,0,0,0,0,0,0,0,0,0,0
rada_vision,27,19403,0,0,0,0,0,0,0,0,0,0,0,0
radaliman,4,3453,0,0,0,0,0,0,0,0,0,0,0,0
radar_enghelab,2329,2819320,0,0,0,0,0,0,0,0,0,0,0,0
radarusskih,7,28000,0,0,0,0,0,0,0,0,0,0,0,0
radatulchin,11,20310,0,0,0,0,0,0,0,0,0,0,0,0
radfemlovesu,32,103327,0,0,0,0,0,0,0,0,0,0,0,0
radicalrus,1,805,0,0,0,0,0,0,0,0,0,0,0,0
radio97net,7,513,0,0,0,0,0,0,0,0,0,0,0,0
radio_erfm,30,38958,0,0,0,0,0,0,0,0,0,0,0,0
radio_nextons,8,3341,0,0,0,0,0,0,0,0,0,0,0,0
radio_technica,16,83920,0,0,0,0,0,0,0,0,0,0,0,0
radio_trufanov,11,10166,3,0,0,0,0,0,3239,0,0,0,0,0
radioaristocrats,1,751,0,0,0,0,0,0,0,0,0,0,0,0
radioassol,21,77557,0,0,0,0,0,0,0,0,0,0,0,0
radiofarda,1349,7393886,0,0,0,0,0,0,0,0,0,0,0,0
radiofarda_official,316,1431603,0,0,0,0,0,0,0,0,0,0,0,0
radiogovoritmsk,244,973266,2,0,0,0,0,0,3830,0,0,0,0,0
radiogreece,2,5570,0,0,0,0,0,0,0,0,0,0,0,0
radiokp,19,13521,0,0,0,0,0,0,0,0,0,0,0,0
radiomirby,35,39869,0,0,0,0,0,0,0,0,0,0,0,0
radionester,40,144610,3,0,0,0,0,0,9820,0,0,0,0,0
radioozodi,34,180250,0,0,0,0,0,0,0,0,0,0,0,0
radiorossii,22,3337,0,0,0,0,0,0,0,0,0,0,0,0
radiosvaboda,62,131632,1,0,0,0,0,0,2290,0,0,0,0,0
radiosvoboda,1895,22201732,47,0,0,0,4,0,533820,0,0,0,34924,0
radiotrek,348,1789337,4,0,0,0,1,0,32870,0,0,0,4050,0
radiozhitomir,15,8690,1,0,1,0,0,0,754,0,1210,0,0,0
radislavgandapas,19,101838,0,0,0,0,0,0,0,0,0,0,0,0
radiyhabirov,17,267860,0,0,0,0,0,0,0,0,0,0,0,0
radlekukh,11,37057,0,0,0,0,0,0,0,0,0,0,0,0
radugabali,36,68053,0,0,0,0,0,0,0,0,0,0,0,0
raduguys,2,2340,0,0,0,0,0,0,0,0,0,0,0,0
raduntseva,37,649825,1,0,0,0,0,0,106,0,0,0,0,0
radutg,24,54718,0,0,0,0,0,0,0,0,0,0,0,0
radyagrinyaaa,17,517510,0,0,0,0,0,0,0,0,0,0,0,0
rafapalreal,1595,51149571,0,0,0,0,0,0,0,0,0,0,0,0
ragima20,11,33004,0,0,0,0,0,0,0,0,0,0,0,0
ragulaku,74,1167560,0,0,0,0,0,0,0,0,0,0,0,0
rahbaniziadlover,2,2150,0,0,0,0,0,0,0,0,0,0,0,0
raidess1,11,22010,0,0,0,0,0,0,0,0,0,0,0,0
raidoteka,247,5156599,1,0,0,0,0,0,27500,0,0,0,0,0
railways_kz,1,111,0,0,0,0,0,0,0,0,0,0,0,0
raimbaev_elmurod,52,83677,0,0,0,0,0,0,0,0,0,0,0,0
raion_mitino,29,29848,1,0,0,0,0,0,673,0,0,0,0,0
raionnie_baiki,66,125200,0,0,0,0,0,0,0,0,0,0,0,0
raisii_fan,106,17714,0,0,0,0,0,0,0,0,0,0,0,0
raiska_yakovchuk,1,273,0,0,0,0,0,0,0,0,0,0,0,0
raitraunlive,31,635300,1,0,0,0,0,0,26700,0,0,0,0,0
rajdian,22,114640,1,0,0,0,0,0,3150,0,0,0,0,0
rajivdixit30nov,5,5042,0,0,0,0,0,0,0,0,0,0,0,0
raketaxenia,3,7700,0,0,0,0,0,0,0,0,0,0,0,0
raketna_neb,1714,100424316,0,0,0,0,0,0,0,0,0,0,0,0
rakova_pozvonit,20,23379,0,0,0,0,0,0,0,0,0,0,0,0
rakursRZN,2,5220,0,0,0,0,0,0,0,0,0,0,0,0
ramallahmix1,1976,20376434,0,0,0,0,0,0,0,0,0,0,0,0
ramamuss,12,5448,0,0,0,0,0,0,0,0,0,0,0,0
ramblerway,1,4400,0,0,0,0,0,0,0,0,0,0,0,0
ramenskoe24,13,207700,0,0,0,0,0,0,0,0,0,0,0,0
ramenskoye_official,18,29724,1,0,0,0,0,0,675,0,0,0,0,0
ramilka_alimka_chat,69,1164970,1,0,0,0,0,0,19300,0,0,0,0,0
ramina_channel,39,373210,0,0,0,0,0,0,0,0,0,0,0,0
rammil_zamdykhanov,2,3000,0,0,0,0,0,0,0,0,0,0,0,0
ramsarnews,22,16130,0,0,0,0,0,0,0,0,0,0,0,0
randalainen,12,22318,1,0,0,0,0,0,907,0,0,0,0,0
randentans,3,6770,0,0,0,0,0,0,0,0,0,0,0,0
ranepa_expertise,33,72240,0,0,0,0,0,0,0,0,0,0,0,0
raniliyyy,3,2524,0,0,0,0,0,0,0,0,0,0,0,0
ranshevcex,7,1843,0,0,0,0,0,0,0,0,0,0,0,0
raopa,4,10600,0,0,0,0,0,0,0,0,0,0,0,0
rapaduratech,36,24184,0,0,0,0,0,0,0,0,0,0,0,0
rapen17,19,68669,0,0,0,0,0,0,0,0,0,0,0,0
rapoportnatalia,1,1000,0,0,0,0,0,0,0,0,0,0,0,0
rasadbalochistan,34,38251,0,0,0,0,0,0,0,0,0,0,0,0
rasademaragha,34,1926,0,0,0,0,0,0,0,0,0,0,0,0
rasailmgahd,22,23939,0,0,0,0,0,0,0,0,0,0,0,0
rasaitam,2,3147,1,0,0,0,0,0,2180,0,0,0,0,0
rashid_temrezov,5,23230,0,0,0,0,0,0,0,0,0,0,0,0
rasmiy_news,1,217,0,0,0,0,0,0,0,0,0,0,0,0
raspp_info,35,17820,1,0,0,0,0,0,575,0,0,0,0,0
rassledovaniya_news,45,499722,2,0,0,0,0,0,31800,0,0,0,0,0
rasstrelny,155,3226615,4,0,0,0,1,0,90400,0,0,0,32100,0
rasstriga,297,3494020,3,0,0,0,1,0,55210,0,0,0,7850,0
rassvet_gazeta,1,1770,0,0,0,0,0,0,0,0,0,0,0,0
rastograf,1,457,0,0,0,0,0,0,0,0,0,0,0,0
rastsvetykrasoty,26,22848,1,0,0,0,0,0,731,0,0,0,0,0
rastyapino,2,262,0,0,0,0,0,0,0,0,0,0,0,0
rasvetrasvet,11,5287,0,0,0,0,0,0,0,0,0,0,0,0
rat1uzivo,20,130690,0,0,0,0,0,0,0,0,0,0,0,0
ratmirmavliev,14,114340,0,0,0,0,0,0,0,0,0,0,0,0
ratnikova_tut,23,129460,0,0,0,0,0,0,0,0,0,0,0,0
ratnoe_delo,15,107478,0,0,0,0,0,0,0,0,0,0,0,0
rattlingcoils,1,846,0,0,0,0,0,0,0,0,0,0,0,0
ravdinv,22,226100,0,0,0,0,0,0,0,0,0,0,0,0
ravniznameh,37,16280,0,0,0,0,0,0,0,0,0,0,0,0
raya_rogozina,16,209900,0,0,0,0,0,0,0,0,0,0,0,0
rayhonganieva,21,72261,0,0,0,0,0,0,0,0,0,0,0,0
raynbuldez,3,8520,0,0,0,0,0,0,0,0,0,0,0,0
rayoni_kvartali_spb,18,189,0,0,0,0,0,0,0,0,0,0,0,0
razgovornyj,25,57965,0,0,0,0,0,0,0,0,0,0,0,0
razvedinfo,3,91800,1,0,0,0,0,0,14100,0,0,0,0,0
razvedkavperedZ,42,5286600,0,0,0,0,0,0,0,0,0,0,0,0
razvedosaa,298,9428550,3,0,0,0,0,0,100800,0,0,0,0,0
razvozhaev,43,3440600,2,0,0,0,0,0,120700,0,0,0,0,0
razziyusha,11,105610,0,0,0,0,0,0,0,0,0,0,0,0
rb_murtaza,14,16266,0,0,0,0,0,0,0,0,0,0,0,0
rb_ru,40,588700,0,0,0,0,0,0,0,0,0,0,0,0
rbc_krasnodar,15,1627,0,0,0,0,0,0,0,0,0,0,0,0
rbc_news,11748,1371825767,263,0,0,10,0,0,31184400,0,0,1253100,0,0
rbc_perm,4,911,0,0,0,0,0,0,0,0,0,0,0,0
rbc_trends,20,16704,0,0,0,0,0,0,0,0,0,0,0,0
rbc_tyumen,3,2320,0,0,0,0,0,0,0,0,0,0,0,0
rbcgolos,1,3220,0,0,0,0,0,0,0,0,0,0,0,0
rbcrostov,14,1129,0,0,0,0,0,0,0,0,0,0,0,0
rbk_inc,246,3149336,5,0,0,0,0,0,57320,0,0,0,0,0
rblxdalive,2,0,0,0,0,0,0,0,0,0,0,0,0,0
rbordunov,19,34275,2,0,0,0,0,0,2184,0,0,0,0,0
rcsm_fvv,12,167000,0,0,0,0,0,0,0,0,0,0,0,0
rddm_official,8,27548,0,0,0,0,0,0,0,0,0,0,0,0
rdslv,18,63330,0,0,0,0,0,0,0,0,0,0,0,0
re_publicofArmenia,28,13627,0,0,0,0,0,0,0,0,0,0,0,0
re_uptake,21,90520,1,0,0,0,0,0,2650,0,0,0,0,0
re_wi_zor,48,22285,0,0,0,0,0,0,0,0,0,0,0,0
read_kostylev,37,2071720,0,0,0,0,0,0,0,0,0,0,0,0
reading_as_inspiration,5,1450,0,0,0,0,0,0,0,0,0,0,0,0
readovkanews,9665,5518791908,298,0,1,27,9,0,172563500,0,443000,14698000,5276000,0
readovkaru,3,0,0,0,0,0,0,0,0,0,0,0,0,0
readshvets,27,331830,0,0,0,0,0,0,0,0,0,0,0,0
realDailyWire,123,126027,0,0,0,0,0,0,0,0,0,0,0,0
realKariLake,34,258630,0,0,0,0,0,0,0,0,0,0,0,0
realLouDobbs,1,153,0,0,0,0,0,0,0,0,0,0,0,0
real_DonaldJTrump,353,54471300,0,0,0,0,0,0,0,0,0,0,0,0
real_JohnQuent,36,168584,0,0,0,0,0,0,0,0,0,0,0,0
real_cultras,45,1259090,1,0,0,0,0,0,7040,0,0,0,0,0
real_estate,21,41950,0,0,0,0,0,0,0,0,0,0,0,0
real_kgn,15,54390,0,0,0,0,0,0,0,0,0,0,0,0
real_life_vao,18,33839,0,0,0,0,0,0,0,0,0,0,0,0
real_me2x,8,834,0,0,0,0,0,0,0,0,0,0,0,0
real_mir,15,1892,1,0,0,0,0,0,122,0,0,0,0,0
real_novosti_sochi,1,167,0,0,0,0,0,0,0,0,0,0,0,0
real_tagil,7,6134,0,0,0,0,0,0,0,0,0,0,0,0
realcv_ua,52,12018,0,0,0,0,0,0,0,0,0,0,0,0
realenua,36,50689,0,0,0,0,0,0,0,0,0,0,0,0
realestate_rf,26,17816,1,0,0,0,0,0,979,0,0,0,0,0
realidadenaocontada,42,18194,0,0,0,0,0,0,0,0,0,0,0,0
realindex,1,749,0,0,0,0,0,0,0,0,0,0,0,0
realitycheckbd,1,0,0,0,0,0,0,0,0,0,0,0,0,0
realjournal,20,80157,0,0,0,0,0,0,0,0,0,0,0,0
realknp,35,275610,1,0,0,0,0,0,9300,0,0,0,0,0
realnewsmaker,11,86,0,0,0,0,0,0,0,0,0,0,0,0
realnoevremya,4,464,0,0,0,0,0,0,0,0,0,0,0,0
realprilepin,7,273100,0,0,0,0,0,0,0,0,0,0,0,0
realradioshemroon,63,61161,0,0,0,0,0,0,0,0,0,0,0,0
realspaininsideout,19,153390,0,0,0,0,0,0,0,0,0,0,0,0
realtimenewsbroadcasts,37,421190,0,0,0,0,0,0,0,0,0,0,0,0
realtribune,20,12217,1,0,0,0,0,0,514,0,0,0,0,0
realty_rbc,4,5938,0,0,0,0,0,0,0,0,0,0,0,0
realua1,576,68525300,3,0,0,0,0,0,355000,0,0,0,0,0
realx22report,275,5627190,0,0,0,0,0,0,0,0,0,0,0,0
realxhy,18,164180,0,0,0,0,0,0,0,0,0,0,0,0
reanimachia,17,27190,0,0,0,0,0,0,0,0,0,0,0,0
reartsakh,51,290486,3,0,0,0,0,0,18330,0,0,0,0,0
rebel_jack_review,18,79477,0,0,0,0,0,0,0,0,0,0,0,0
rebelcats,10,4496,0,0,0,0,0,0,0,0,0,0,0,0
rebeldemule,24,65526,0,0,0,0,0,0,0,0,0,0,0,0
rebelfromtheheart,1,601,0,0,0,0,0,0,0,0,0,0,0,0
rebyesod,4,12840,0,0,0,0,0,0,0,0,0,0,0,0
recepti_elina_nonna,20,54765,0,0,0,0,0,0,0,0,0,0,0,0
red_tempest,3,827,0,0,0,0,2,0,0,0,0,0,564,0
redaltaya,34,96036,1,0,0,0,0,0,1630,0,0,0,0,0
redcourrier,22,48857,0,0,0,0,0,0,0,0,0,0,0,0
reddep,20,19464,0,0,0,0,0,0,0,0,0,0,0,0
redeurasia,2,1393,1,0,0,0,0,0,788,0,0,0,0,0
redfem,9,2826,0,0,0,0,0,0,0,0,0,0,0,0
redgisinger,12,9798,0,0,0,0,0,0,0,0,0,0,0,0
redirkutsk,26,28711,0,0,0,0,0,0,0,0,0,0,0,0
redlynx_ru,23,22937,0,0,0,0,0,0,0,0,0,0,0,0
redpost_kh,123,94482,0,0,0,0,0,0,0,0,0,0,0,0
reelsmuseum,4,4550,0,0,0,0,0,0,0,0,0,0,0,0
reflectionbelarus,15,135190,3,0,0,0,0,0,28380,0,0,0,0,0
reforma_uz,20,11694,0,0,0,0,0,0,0,0,0,0,0,0
reg29,1,76,0,0,0,0,0,0,0,0,0,0,0,0
regalovka,8,10020,0,0,0,0,0,0,0,0,0,0,0,0
regdurdom,106,2285320,1,0,0,0,0,0,20000,0,0,0,0,0
reginadoctor,21,243060,0,0,0,0,0,0,0,0,0,0,0,0
reginfo51,1,31,0,0,0,0,0,0,0,0,0,0,0,0
region22ua,223,2395252,2,0,0,0,1,0,21800,0,0,0,12300,0
region33vladimir,1,111,0,0,0,0,0,0,0,0,0,0,0,0
region56ru,2,0,0,0,0,0,0,0,0,0,0,0,0,0
region63ru,6,10690,0,0,0,0,0,0,0,0,0,0,0,0
regionTV41,66,241862,0,0,0,0,0,0,0,0,0,0,0,0
region_bur,11,2241,0,0,0,0,0,0,0,0,0,0,0,0
region_krsk24,14,22813,1,0,0,0,0,0,2230,0,0,0,0,0
region_m51,14,44230,0,0,0,0,0,0,0,0,0,0,0,0
region_nsk54,14,15664,0,0,0,0,0,0,0,0,0,0,0,0
region_omsk55,11,7189,0,0,0,0,0,0,0,0,0,0,0,0
region_severa89,8,104300,0,0,0,0,0,0,0,0,0,0,0,0
regionality,47,1964100,1,0,0,0,0,0,30800,0,0,0,0,0
regionalny,46,404754,2,0,0,0,0,0,21800,0,0,0,0,0
regione_marche,42,138560,0,0,0,0,0,0,0,0,0,0,0,0
regionvn53,15,100830,0,0,0,0,0,0,0,0,0,0,0,0
regnum_na,76,773030,3,0,0,0,0,0,43500,0,0,0,0,0
regpol,55,318370,7,0,0,0,0,0,45810,0,0,0,0,0
regpolitic,38,2902,3,0,0,0,0,0,49,0,0,0,0,0
reignitedemocracyaustralia,2,4000,0,0,0,0,0,0,0,0,0,0,0,0
reitschusterde,520,36616700,0,0,0,0,0,0,0,0,0,0,0,0
reka_peremen,16,107080,1,0,0,0,0,0,5480,0,0,0,0,0
rekberciell,37,12366,0,0,0,0,0,0,0,0,0,0,0,0
rekbertelejubel,2,34,0,0,0,0,0,0,0,0,0,0,0,0
rekhytankh_live,1,546,0,0,0,0,0,0,0,0,0,0,0,0
relaxsaratov,19,23871,0,0,0,0,0,0,0,0,0,0,0,0
relocationru,56,245970,0,0,0,0,0,0,0,0,0,0,0,0
remarkidiletanta,1,71,0,0,0,0,0,0,0,0,0,0,0,0
remeslaw,38,23276,0,0,0,0,0,0,0,0,0,0,0,0
remirc,22,614500,0,0,0,0,0,0,0,0,0,0,0,0
renat_agzamov_konditer,18,169680,0,0,0,0,0,0,0,0,0,0,0,0
renatalitvinova,76,2805910,0,0,0,0,0,0,0,0,0,0,0,0
renessanstv,2,485,0,0,0,0,0,0,0,0,0,0,0,0
rentinNewYork,13,2513,0,0,0,0,0,0,0,0,0,0,0,0
rentv_news,197,2466051,4,0,0,0,0,0,41610,0,0,0,0,0
reo_ru,14,40144,0,0,0,0,0,0,0,0,0,0,0,0
repachino_news,1,2500,0,0,0,0,0,0,0,0,0,0,0,0
repatriarch,28,35358,0,0,0,0,0,0,0,0,0,0,0,0
repcentre,24,102500,2,0,0,0,1,0,8410,0,0,0,4780,0
report_dalnegorsk,18,75267,0,0,0,0,0,0,0,0,0,0,0,0
reportazru,4,137,0,0,0,0,0,0,0,0,0,0,0,0
reporter64,10,10718,0,0,0,0,0,0,0,0,0,0,0,0
reporter_ukr,3,25,0,0,0,0,0,0,0,0,0,0,0,0
reporter_ukraine,214,1299497,1,0,0,0,0,0,4410,0,0,0,0,0
reporterakipress,21,119802,0,0,0,0,0,0,0,0,0,0,0,0
reportersaude,48,72404,0,0,0,0,0,0,0,0,0,0,0,0
reportif,13,5083,0,0,0,0,0,0,0,0,0,0,0,0
repubblica,45,134900,0,0,0,0,0,0,0,0,0,0,0,0
republic_tv,8,631,0,0,0,0,0,0,0,0,0,0,0,0
republikaofficial,23,12669,0,0,0,0,0,0,0,0,0,0,0,0
republikbavaria,20,75510,1,0,0,0,0,0,3920,0,0,0,0,0
repushko_channel,22,99150,1,0,0,0,0,0,2300,0,0,0,0,0
reramidler,15,39209,0,0,0,0,0,0,0,0,0,0,0,0
rerecursion,7,45180,1,0,0,0,0,0,4190,0,0,0,0,0
rerussia_org,52,712550,7,0,0,0,0,1,140830,0,0,0,0,10700
reshilavonasah,5,5224,0,0,0,0,0,0,0,0,0,0,0,0
reshim_org,2,5610,0,0,0,0,0,0,0,0,0,0,0,0
resistance_blr,2,0,0,0,0,0,0,0,0,0,0,0,0,0
resistenza_liberta,54,75195,0,0,0,0,0,0,0,0,0,0,0,0
resptatar,11,16366,0,0,0,0,0,0,0,0,0,0,0,0
respublica_crimea,5,1534,0,0,0,0,0,0,0,0,0,0,0,0
respublicaabh,42,223120,1,0,0,0,0,0,3450,0,0,0,0,0
respublikaKZmediaNEWS,20,40500,0,0,0,0,0,0,0,0,0,0,0,0
respublika_sardorlari,3,1379,0,0,0,0,0,0,0,0,0,0,0,0
respublika_uk,1,3900,0,0,0,0,0,0,0,0,0,0,0,0
respublikaosetia,11,35790,0,0,0,0,0,0,0,0,0,0,0,0
restaurantrocknrolla,7,6665,0,0,0,0,0,0,0,0,0,0,0,0
restincrimea,7,3323,0,0,0,0,0,0,0,0,0,0,0,0
restorator_reve,16,32249,0,0,0,0,0,0,0,0,0,0,0,0
retail_ru,20,21461,0,0,0,0,0,0,0,0,0,0,0,0
retailer_news,20,58100,0,0,0,0,0,0,0,0,0,0,0,0
retailers_ua,19,16812,0,0,0,0,0,0,0,0,0,0,0,0
reutov_novokosinoo,25,44841,0,0,0,0,0,0,0,0,0,0,0,0
reutovsos,71,431893,0,0,0,0,0,0,0,0,0,0,0,0
revdainforu,37,181745,0,0,0,0,0,0,0,0,0,0,0,0
revdanovosti,11,11297,0,0,0,0,0,0,0,0,0,0,0,0
reverse_side2022,24,66720,0,0,0,0,0,0,0,0,0,0,0,0
reviewuz,5,1669,0,0,0,0,0,0,0,0,0,0,0,0
reviewuznews,18,4573,0,0,0,0,0,0,0,0,0,0,0,0
revistaoesteoficial,22,71960,0,0,0,0,0,0,0,0,0,0,0,0
revizor_odessa,1,14100,0,0,0,0,0,0,0,0,0,0,0,0
revizorroetiquette,36,66768,0,0,0,0,0,0,0,0,0,0,0,0
revizzorro_uss,37,25869,0,0,0,0,0,0,0,0,0,0,0,0
revolute,2,5990,0,0,0,0,0,0,0,0,0,0,0,0
revolution50,41,228490,0,0,0,0,0,0,0,0,0,0,0,0
revolutionmaltsev,35,28955,1,0,0,0,0,0,391,0,0,0,0,0
revuo,3,800,0,0,0,0,0,0,0,0,0,0,0,0
rey_khabarr,1,568,0,0,0,0,0,0,0,0,0,0,0,0
rey_raga,22,13944,0,0,0,0,0,0,0,0,0,0,0,0
reyneh,2,217,0,0,0,0,0,0,0,0,0,0,0,0
rezident_ua,2098,593775015,576,0,3,32,5,4,167423200,0,716000,9045000,1352200,1085200
rezkaya1,29,692080,0,0,0,0,0,0,0,0,0,0,0,0
rezonans_media,9,9521,0,0,0,0,0,0,0,0,0,0,0,0
rezonanskz,2,0,0,0,0,0,0,0,0,0,0,0,0,0
rf_army,14,7328,0,0,0,0,0,0,0,0,0,0,0,0
rfrm_io,2,933,0,0,0,0,0,0,0,0,0,0,0,0
rgn_34,6,68135,0,0,0,0,0,0,0,0,0,0,0,0
rgsila,17,13890,1,0,0,0,0,0,547,0,0,0,0,0
rhosmarssov,29,305900,0,0,0,0,0,0,0,0,0,0,0,0
rhymestg,9819,1836665600,138,1,0,1,2,0,25057600,168000,0,119000,405000,0
ria56_news,47,84024,0,0,0,0,0,0,0,0,0,0,0,0
ria_kazatin,37,88891,0,0,0,0,0,0,0,0,0,0,0,0
ria_kchr,11,1875,0,0,0,0,0,0,0,0,0,0,0,0
ria_realty,18,40319,0,0,0,0,0,0,0,0,0,0,0,0
riabir79,57,143762,1,0,0,0,0,0,451,0,0,0,0,0
riadagestan,10,3436,0,0,0,0,0,0,0,0,0,0,0,0
riadprz,80,82777,0,0,0,0,0,0,0,0,0,0,0,0
riakalm,7,409,0,0,0,0,0,0,0,0,0,0,0,0
riakatysha,66,905279,2,0,0,1,1,0,31700,0,0,7800,9000,0
riamelitopol,450,1416039,7,0,0,0,0,0,22000,0,0,0,0,0
riamo_ru,11,3017,0,0,0,0,0,0,0,0,0,0,0,0
rian_crimea,13,7170,0,0,0,0,0,0,0,0,0,0,0,0
rian_ru,77,17618200,2,0,0,0,0,0,632000,0,0,0,0,0
rianewsbr,45,497366,2,0,0,0,0,0,219,0,0,0,0,0
rianovostiAmerica,51,950800,2,0,0,0,0,0,67600,0,0,0,0,0
riavrn36,9,1533,0,0,0,0,0,0,0,0,0,0,0,0
richardcitizenjournalist,2,270,0,0,0,0,0,0,0,0,0,0,0,0
richdeenews,35,361450,0,0,0,0,0,0,0,0,0,0,0,0
rick04077,4,13530,0,0,0,0,0,0,0,0,0,0,0,0
riddercity,1,19,0,0,0,0,0,0,0,0,0,0,0,0
riddle_tg,113,646980,2,0,0,2,0,0,11380,0,0,11750,0,0
ridusnews,21,2680,0,0,0,0,0,0,0,0,0,0,0,0
rigger_rope_access,1,5,0,0,0,0,0,0,0,0,0,0,0,0
rightcourse,11,2149,0,0,0,0,0,0,0,0,0,0,0,0
rikanime,1,1800,0,0,0,0,0,0,0,0,0,0,0,0
rimekekee,50,1402230,0,0,0,0,0,0,0,0,0,0,0,0
rimless,4,1344,0,0,0,0,0,0,0,0,0,0,0,0
rimmakaramovainfo,1,384,0,0,0,0,0,0,0,0,0,0,0,0
rimmapediatr,69,395710,0,0,0,0,0,0,0,0,0,0,0,0
rinanech,4,1812,0,0,0,0,0,0,0,0,0,0,0,0
rio_berdychiv_informatsiya,20,40164,0,0,0,0,0,0,0,0,0,0,0,0
rise_yulia,45,730740,1,0,0,0,0,0,12800,0,0,0,0,0
risenhaha,16,123319,0,0,0,0,0,0,0,0,0,0,0,0
risk_training,74,98479,0,0,0,0,0,0,0,0,0,0,0,0
risovaniemak,16,3649,0,0,0,0,0,0,0,0,0,0,0,0
rita_ta_vigoda,11,2490,0,0,0,0,0,0,0,0,0,0,0,0
ritamarso,14,291670,0,0,0,0,0,0,0,0,0,0,0,0
ritario2006,1,1600,0,0,0,0,0,0,0,0,0,0,0,0
rivne1_news,17,19124,0,0,0,0,0,0,0,0,0,0,0,0
rivne_1283,152,4415800,0,0,0,0,0,0,0,0,0,0,0,0
rivne_golovne,2271,138310546,9,0,1,2,0,0,504400,0,84100,112000,0,0
rivne_search,40,37582,0,0,0,0,0,0,0,0,0,0,0,0
rivneshtirlits,27,169470,1,0,0,0,0,0,8180,0,0,0,0,0
rivniany_news,1,586,0,0,0,0,0,0,0,0,0,0,0,0
rizza626,4,208100,0,0,0,0,0,0,0,0,0,0,0,0
rk_gov,2,131,0,0,0,0,0,0,0,0,0,0,0,0
rkhmanov,34,2933,0,0,0,0,0,0,0,0,0,0,0,0
rklichuk,7,17252,0,0,0,0,0,0,0,0,0,0,0,0
rksby2020,16,7849,0,0,0,0,0,0,0,0,0,0,0,0
rlz_the_kraken,2578,169193001,75,0,1,11,14,0,5511600,0,69500,798600,882500,0
rmcclub,12,7285,0,0,0,0,0,0,0,0,0,0,0,0
rmnvss,1,320,0,0,0,0,0,0,0,0,0,0,0,0
rmtg_official,4,2350,0,0,0,0,0,0,0,0,0,0,0,0
rn_news,1,298,0,0,0,0,0,0,0,0,0,0,0,0
rnbrndm3,18,96133,0,0,0,0,0,0,0,0,0,0,0,0
roads_41,43,111590,0,0,0,0,0,0,0,0,0,0,0,0
robabayan,43,589370,2,0,0,0,0,0,45000,0,0,0,0,0
robert_magyar,66,17700900,0,0,0,1,0,0,0,0,0,267000,0,0
robertkocharyanofficial,6,8272,0,0,0,0,0,0,0,0,0,0,0,0
robiyolo,46,1249920,1,0,0,0,0,0,40600,0,0,0,0,0
robusto_va,2,723,0,0,0,0,0,0,0,0,0,0,0,0
rock_in_ua,1,666,0,0,0,0,0,0,0,0,0,0,0,0
rocket_danger_lviv,544,92387200,0,0,0,0,0,0,0,0,0,0,0,0
rocknrollgeopolitics,28,255500,0,0,0,0,0,0,0,0,0,0,0,0
rodast_omiddana,266,5787796,0,0,0,0,0,0,0,0,0,0,0,0
rodina_zhestit,126,320303,0,0,0,0,0,0,0,0,0,0,0,0
rodinamatzovet,14,34750,0,0,0,0,1,0,0,0,0,0,1600,0
rodinanasty8,18,184388,0,0,0,0,0,0,0,0,0,0,0,0
rodionovajeniya,4,5400,0,0,0,0,0,0,0,0,0,0,0,0
rodnaya_sudzha,40,847174,0,0,1,0,0,0,0,0,38100,0,0,0
rogers_kitchen,54,1369570,1,0,0,0,0,0,18100,0,0,0,0,0
rogimov,2,54,0,0,0,0,0,0,0,0,0,0,0,0
rogozin_do,177,5058100,0,0,0,0,3,0,0,0,0,0,54400,0
rojandaily,11,2983,0,0,0,0,0,0,0,0,0,0,0,0
roksolana_info,3,39,0,0,0,0,0,0,0,0,0,0,0,0
rokytneTryvoga,26,46404,0,0,0,0,0,0,0,0,0,0,0,0
roldozzzer,27,172142,0,0,0,0,0,0,0,0,0,0,0,0
rollka_a,40,509730,2,0,0,0,0,0,42300,0,0,0,0,0
romachastin,5,84900,0,0,0,0,0,0,0,0,0,0,0,0
romagolovanov,69,3193939,2,0,0,0,0,0,6040,0,0,0,0,0
romamobilita,10,17580,0,0,0,0,0,0,0,0,0,0,0,0
roman11795,18,32164,0,0,0,0,0,0,0,0,0,0,0,0
roman_estados_unidos,9,14994,0,0,0,0,0,0,0,0,0,0,0,0
roman_popkov,35,227800,0,0,0,0,2,0,0,0,0,0,7690,0
romanandreev_trader,19,30076,0,0,0,0,0,0,0,0,0,0,0,0
romanenko_dns,60,1478500,5,0,0,0,0,0,144400,0,0,0,0,0
romania_ru,12,8603,0,0,0,0,0,0,0,0,0,0,0,0
romankopin,2,0,0,0,0,0,0,0,0,0,0,0,0,0
romankositsyn,27,101919,0,0,0,0,0,0,0,0,0,0,0,0
romanov_92,106,3347840,1,0,0,0,0,0,29700,0,0,0,0,0
romanryabtsev,54,65806,0,0,0,0,0,0,0,0,0,0,0,0
romanstepanov1,18,16471,0,0,0,0,0,0,0,0,0,0,0,0
romanvvasilenko,23,32081,3,0,0,0,0,0,4140,0,0,0,0,0
romanzaripov,32,553950,2,0,0,0,0,0,42900,0,0,0,0,0
romaroy9,17,36572,0,0,0,0,0,0,0,0,0,0,0,0
romashova89,1,473,0,0,0,0,0,0,0,0,0,0,0,0
romashovalife,39,59075,0,0,0,0,0,0,0,0,0,0,0,0
romasuperromasuper,35,386170,1,0,0,0,0,0,4730,0,0,0,0,0
romauvarov,2,2405,0,0,0,0,0,0,0,0,0,0,0,0
romaviolence,10,23359,0,0,0,0,0,0,0,0,0,0,0,0
rombnews,16,3268,0,0,0,0,0,0,0,0,0,0,0,0
rommybooks,13,9258,0,0,0,0,0,0,0,0,0,0,0,0
romny24_info,63,140640,0,0,0,0,0,0,0,0,0,0,0,0
romny_online_original,12,49198,1,0,0,0,0,0,4280,0,0,0,0,0
ronin_dag,4,5300,0,0,0,0,0,0,0,0,0,0,0,0
ronzhinaevgenia,12,13152,0,0,0,0,0,0,0,0,0,0,0,0
roobelayarus,11,13224,0,0,0,0,0,0,0,0,0,0,0,0
roozanefarsi,33,257950,0,0,0,0,0,0,0,0,0,0,0,0
ros_shorohov,15,31012,0,0,0,0,0,0,0,0,0,0,0,0
rosakhutoralerts,52,230460,0,0,0,0,0,0,0,0,0,0,0,0
rosatominfo,15,8639,0,0,0,0,0,0,0,0,0,0,0,0
roscosmos_gk,47,1090620,0,0,0,0,0,0,0,0,0,0,0,0
rosenbusch,55,1395032,0,0,0,0,0,0,0,0,0,0,0,0
rosgvardia67,41,191446,0,0,0,0,0,0,0,0,0,0,0,0
roshydromet,9,12540,0,0,0,0,0,0,0,0,0,0,0,0
rosia24,4,4116,0,0,0,0,0,0,0,0,0,0,0,0
rosmintrudru,9,4980,0,0,0,0,0,0,0,0,0,0,0,0
rosmolodez,34,141535,0,0,0,0,0,0,0,0,0,0,0,0
rosmolodezgrants,9,17639,0,0,0,0,0,0,0,0,0,0,0,0
rosneftofficial,36,141460,0,0,0,0,0,0,0,0,0,0,0,0
rospartizan,35,209840,2,0,0,0,0,1,14910,0,0,0,0,1230
rospotrebnadzor_krsk,24,18582,1,0,0,0,0,0,472,0,0,0,0,0
rospotrebnadzor_ru,44,470845,1,0,0,0,0,0,9080,0,0,0,0,0
rospotrebnadzorru,14,1506,0,0,0,0,0,0,0,0,0,0,0,0
rosprofzhel_rzd,18,183060,0,0,0,0,0,0,0,0,0,0,0,0
rosreestr_news,46,875910,0,0,0,0,0,0,0,0,0,0,0,0
ross_vadas,23,148430,0,0,0,0,0,0,0,0,0,0,0,0
rossaprimavera,3,1423,0,0,0,0,0,0,0,0,0,0,0,0
rosselban,1,0,0,0,0,0,0,0,0,0,0,0,0,0
rossetisevzap,14,14855,0,0,0,0,0,0,0,0,0,0,0,0
rossiazaputina,4,1663,0,0,0,0,0,0,0,0,0,0,0,0
rosskandal,106,2750700,1,0,0,0,0,0,25500,0,0,0,0,0
rossobruni,22,149870,0,0,0,0,0,0,0,0,0,0,0,0
rossotrudnichestvo,6,3911,0,0,0,0,0,0,0,0,0,0,0,0
rosstandart,2,1240,0,0,0,0,0,0,0,0,0,0,0,0
rost_24uz,954,6694768,0,0,0,0,0,0,0,0,0,0,0,0
rostecru,19,316370,0,0,0,0,0,0,0,0,0,0,0,0
rostislavishchenko,33,669500,1,0,0,0,0,0,21600,0,0,0,0,0
rostmeo,4,1694,0,0,0,0,0,0,0,0,0,0,0,0
rostov0,88,2075408,0,0,0,0,0,0,0,0,0,0,0,0
rostov_afisha,24,208390,0,0,0,0,0,0,0,0,0,0,0,0
rostov_compro,18,39304,0,0,0,0,0,0,0,0,0,0,0,0
rostov_glavniy,147,5932170,1,0,0,0,1,0,59700,0,0,0,60500,0
rostov_na_konu,58,1294980,1,0,0,0,0,0,20500,0,0,0,0,0
rostovcitynews,59,104806,0,0,0,0,0,0,0,0,0,0,0,0
rostovhandball,9,9713,0,0,0,0,0,0,0,0,0,0,0,0
rostovnadonuvk,18,45491,0,0,0,0,0,0,0,0,0,0,0,0
rostovnews61,77,502939,0,0,0,0,0,0,0,0,0,0,0,0
rostovrnd,24,36142,0,0,0,0,0,0,0,0,0,0,0,0
rostovtelega,31,595430,4,0,0,0,0,0,87400,0,0,0,0,0
rostrans,21,2988,0,0,0,0,0,0,0,0,0,0,0,0
roszdravnadzor_official,10,5156,0,0,0,0,0,0,0,0,0,0,0,0
rotondamedia,27,260380,0,0,0,0,0,0,0,0,0,0,0,0
rottenlyrics,22,88360,0,0,0,0,0,0,0,0,0,0,0,0
roundzz,24,587440,0,0,0,0,0,0,0,0,0,0,0,0
rov_s_krokodilom,2,1885,0,0,0,0,0,0,0,0,0,0,0,0
rovesnikbar,10,14450,0,0,0,0,0,0,0,0,0,0,0,0
rovnonovosty,9,16450,0,0,0,0,0,0,0,0,0,0,0,0
row00ns,1,14,0,0,0,0,0,0,0,0,0,0,0,0
roy_tv_mk,25,316300,1,0,0,0,0,0,12100,0,0,0,0,0
royalengland,7,2046,0,0,0,0,0,0,0,0,0,0,0,0
rozmowapoufna,1,3510,0,0,0,0,0,0,0,0,0,0,0,0
rozumaha,27,64765,1,0,0,0,0,0,1860,0,0,0,0,0
rozvidnik,3,0,0,0,0,0,0,0,0,0,0,0,0,0
rozvitok_rozgi,21,40165,0,0,0,0,0,0,0,0,0,0,0,0
rozysk,5,89220,2,0,0,0,0,0,29090,0,0,0,0,0
rozyskRI,19,54076,1,0,0,0,0,0,2630,0,0,0,0,0
rp_ku,37,125350,0,0,0,0,0,0,0,0,0,0,0,0
rpirpwpromot,45,5276,0,0,0,0,0,0,0,0,0,0,0,0
rppkuromi,5,10500,0,0,0,0,0,0,0,0,0,0,0,0
rpudank,43,127170,5,0,0,0,0,0,12550,0,0,0,0,0
rqnst,20,13355,0,0,0,1,0,0,0,0,0,641,0,0
rsbnetwork,58,2101098,0,0,0,0,0,0,0,0,0,0,0,0
rshb_tg,18,191970,0,0,0,0,0,0,0,0,0,0,0,0
rsinyagovskij,1,1610,0,0,0,0,0,0,0,0,0,0,0,0
rsm_official_tg,3,851,0,0,0,0,0,0,0,0,0,0,0,0
rsnsn,7,363,0,0,0,0,0,0,0,0,0,0,0,0
rsnweb,36,60403,0,0,0,0,0,0,0,0,0,0,0,0
rstv01,39,186975,2,0,0,0,0,0,13680,0,0,0,0,0
rt_russian,11,962100,0,0,0,0,0,0,0,0,0,0,0,0
rthk_new_c,525,625553,0,0,0,0,0,0,0,0,0,0,0,0
rti_64,3,1238,0,0,0,0,0,0,0,0,0,0,0,0
rtnews,20,60369,0,0,0,0,0,0,0,0,0,0,0,0
rtsnews,10,1944,0,0,0,0,0,0,0,0,0,0,0,0
rtvimain,3135,84906330,89,0,0,8,2,0,2316900,0,0,457800,45800,0
rtvinews,12,2608,0,0,0,0,0,0,0,0,0,0,0,0
ru2ch_news,2,0,0,0,0,0,0,0,0,0,0,0,0,0
ru62rzn,6,1309,0,0,0,0,0,0,0,0,0,0,0,0
ru_404,14,369,0,0,0,0,0,0,0,0,0,0,0,0
ru_NEWS1,20,23453,0,0,0,0,0,0,0,0,0,0,0,0
ru_criminal,36,40089,0,0,0,0,0,0,0,0,0,0,0,0
ru_doy,46,367659,2,0,0,0,0,0,18010,0,0,0,0,0
ru_global,45,484110,1,0,0,0,0,0,6900,0,0,0,0,0
ru_rss,21,5343,0,0,0,0,0,0,0,0,0,0,0,0
ru_sjw,7,7220,0,0,0,0,0,0,0,0,0,0,0,0
ru_swine_tlg,1,776,0,0,0,0,0,0,0,0,0,0,0,0
rubalalara,18,344288,0,0,0,0,0,0,0,0,0,0,0,0
rubaltic,26,81259,0,0,0,0,0,0,0,0,0,0,0,0
rubenvardanyanofficial,16,882100,1,0,0,0,0,0,29200,0,0,0,0,0
rubinhonunes,25,3161,0,0,0,0,0,0,0,0,0,0,0,0
rublevka_business,9,621,0,0,0,0,0,0,0,0,0,0,0,0
rublevkariga,9,1382,0,0,0,0,0,0,0,0,0,0,0,0
rubnpulido,20,104340,0,0,0,0,0,0,0,0,0,0,0,0
rubtsovsk_sluh,49,439770,0,0,0,0,0,0,0,0,0,0,0,0
rubtsovsk_sobitie,49,625200,1,0,0,0,0,0,10600,0,0,0,0,0
ruda_yt,26,67680,0,0,0,0,0,0,0,0,0,0,0,0
rudanatv,123,1101240,2,0,0,1,0,0,19390,0,0,9900,0,0
rudelfi,10,33840,0,0,0,0,0,0,0,0,0,0,0,0
rudovanatalove,31,469330,0,0,0,0,0,0,0,0,0,0,0,0
rudysayuki,18,46352,0,0,0,0,0,0,0,0,0,0,0,0
ruexpertclub,1,0,0,0,0,0,0,0,0,0,0,0,0,0
rufabula,13,9202,0,0,0,0,0,0,0,0,0,0,0,0
rugosduma,36,396430,2,0,0,0,0,0,21300,0,0,0,0,0
rugva_471,31,430500,1,0,0,0,0,0,13500,0,0,0,0,0
ruhibression,6,3701,0,0,0,0,0,0,0,0,0,0,0,0
ruidadkojor,1,63,0,0,0,0,0,0,0,0,0,0,0,0
rukumelka,9,75180,0,0,0,0,0,0,0,0,0,0,0,0
rukuprilozhil,20,10002,0,0,0,0,0,0,0,0,0,0,0,0
ruletka0522,8,1829,0,0,0,0,0,0,0,0,0,0,0,0
rumahlpm,39,451863,0,0,0,0,0,0,0,0,0,0,0,0
rumiy,27,9275,0,0,0,0,0,0,0,0,0,0,0,0
rumpimataram,10,3682,0,0,0,0,0,0,0,0,0,0,0,0
runews24ru,91,78030,1,0,0,0,0,0,388,0,0,0,0,0
runownews,3,1831,0,0,0,0,0,0,0,0,0,0,0,0
runrunes,38,80805,0,0,0,0,0,0,0,0,0,0,0,0
runwriterepeat,1,398,0,0,0,0,0,0,0,0,0,0,0,0
rupolit,21,10325,2,0,0,0,0,0,886,0,0,0,0,0
rupor_hvlv,4,2527,0,0,0,0,0,0,0,0,0,0,0,0
rupormoscow,8,2968,0,0,0,0,0,0,0,0,0,0,0,0
ruposts,24,26134,0,0,0,0,0,0,0,0,0,0,0,0
ruptlyalert,19,29317,0,0,0,0,0,0,0,0,0,0,0,0
ruredmantis,24,243587,0,0,0,0,0,0,0,0,0,0,0,0
rus_art,7,3521,0,0,0,0,0,0,0,0,0,0,0,0
rus_bakhmut,62,680385,1,0,0,0,0,0,12600,0,0,0,0,0
rus_bakhmut_reserve,4,0,0,0,0,0,0,0,0,0,0,0,0,0
rus_demiurge,108,1112307,14,0,0,0,2,0,120134,0,0,0,13800,0
rus_jansen,32,240190,0,0,0,0,0,0,0,0,0,0,0,0
rus_med,44,175319,0,0,0,0,0,0,0,0,0,0,0,0
rus_offf,4,4288,0,0,0,0,0,0,0,0,0,0,0,0
rusa_alena,19,31690,0,0,0,0,0,0,0,0,0,0,0,0
rusaccent,23,13276,1,0,0,0,3,0,538,0,0,0,1425,0
rusanivskagavanchannel,6,12360,0,0,0,0,0,0,0,0,0,0,0,0
rusdelfi_lv,39,128900,0,0,0,0,0,0,0,0,0,0,0,0
rusdelfiee,22,17290,0,0,0,0,0,0,0,0,0,0,0,0
rusembchina,5,46332,0,0,0,0,1,0,0,0,0,0,33000,0
rusembjp,25,4685,1,0,0,0,0,0,342,0,0,0,0,0
rusembkabul,7,480,0,0,0,0,0,0,0,0,0,0,0,0
rusembkg,3,315,0,0,0,0,0,0,0,0,0,0,0,0
rusengineer,20,414460,0,0,0,0,0,0,0,0,0,0,0,0
ruserbia,12,5801,2,0,0,0,0,0,590,0,0,0,0,0
rusfleet,43,807370,1,0,0,0,0,0,11700,0,0,0,0,0
rusgreta,38,199940,0,0,0,0,0,0,0,0,0,0,0,0
rushso2,42,196681,0,0,0,0,0,0,0,0,0,0,0,0
rushydro_official,28,66306,0,0,0,0,0,0,0,0,0,0,0,0
rusich_army,2843,659220925,41,0,4,6,2,0,8392500,0,1663900,1199400,615000,0
rusijavesti,6,1884,1,0,0,0,0,0,434,0,0,0,0,0
rusish_42,5,334,1,0,0,0,0,0,84,0,0,0,0,0
ruski_mir,17,10761,0,0,0,0,0,0,0,0,0,0,0,0
ruskline_ru,2,57,0,0,0,0,0,0,0,0,0,0,0,0
ruslanbolotov,17,40913,0,0,0,0,0,0,0,0,0,0,0,0
ruslanovcharenko,3,32580,0,0,0,0,0,0,0,0,0,0,0,0
ruslanzagolovatskiy,4,959,0,0,0,0,0,0,0,0,0,0,0,0
rusledcom,20,6951,0,0,0,0,0,0,0,0,0,0,0,0
rusleto,11,692,0,0,0,0,0,0,0,0,0,0,0,0
ruslomcom,3,2010,0,0,0,0,0,0,0,0,0,0,0,0
ruslsm,2,263,0,0,0,0,0,0,0,0,0,0,0,0
rusmaoparty,4,2830,0,0,0,0,0,0,0,0,0,0,0,0
rusmechta_ru,200,6172603,15,0,0,0,0,0,419384,0,0,0,0,0
rusmonstr,31,44403,1,0,0,0,1,0,2350,0,0,0,1910,0
rusmsk,41,29372,1,0,0,0,0,0,368,0,0,0,0,0
rusoul1,15,4010,0,0,0,0,0,0,0,0,0,0,0,0
ruspanorama,179,105762,5,0,0,0,3,0,2873,0,0,0,2250,0
ruspetsnaz,29,101328,0,0,0,0,0,0,0,0,0,0,0,0
ruspolitology,1,695,0,0,0,0,0,0,0,0,0,0,0,0
ruspress,44,1567950,3,0,0,0,0,0,111010,0,0,0,0,0
rusquad,2,1047,0,0,0,0,0,0,0,0,0,0,0,0
rusrek_news,6,64,0,0,0,0,0,0,0,0,0,0,0,0
russ_new,42,929100,0,0,0,0,0,0,0,0,0,0,0,0
russ_orientalist,512,27891440,26,0,0,1,3,0,1458800,0,0,51100,180600,0
russdiary,17,22162,1,0,0,0,0,0,1730,0,0,0,0,0
russecrets,12,57886,0,0,0,0,0,0,0,0,0,0,0,0
russia,67,240899,1,0,0,0,0,0,365,0,0,0,0,0
russia24h,93,165254,3,0,0,0,0,0,4523,0,0,0,0,0
russia_calls,2,58300,0,0,0,0,0,0,0,0,0,0,0,0
russia_podslushano,32,788501,0,0,0,0,0,0,0,0,0,0,0,0
russia_uncensored,18,8375,1,0,0,0,0,0,514,0,0,0,0,0
russiachinese,9,47002,0,0,0,0,0,0,0,0,0,0,0,0
russiakuban,24,100930,0,0,0,0,0,0,0,0,0,0,0,0
russialand,9,34750,0,0,0,0,0,0,0,0,0,0,0,0
russian_center,2,427,0,0,0,0,0,0,0,0,0,0,0,0
russian_euronews,71,408849,0,0,0,0,0,0,0,0,0,0,0,0
russian_europe_austria,5,3522,0,0,0,0,0,0,0,0,0,0,0,0
russian_kremlin,2,19460,0,0,0,0,0,0,0,0,0,0,0,0
russian_league,1,287,0,0,0,0,0,0,0,0,0,0,0,0
russian_nationalist,13,16180,4,0,0,0,0,0,5680,0,0,0,0,0
russian_press,66,808360,1,0,0,0,0,0,17500,0,0,0,0,0
russian_spring_zz,31,162280,0,0,0,0,0,0,0,0,0,0,0,0
russian_turkiye,57,287754,0,0,0,0,0,0,0,0,0,0,0,0
russianacc,33,128201,1,0,0,0,0,0,1530,0,0,0,0,0
russianamericatv,1,638,0,0,0,0,0,0,0,0,0,0,0,0
russiancamembert,5,3174,0,0,0,0,0,0,0,0,0,0,0,0
russianchurch,6,10,0,0,0,0,0,0,0,0,0,0,0,0
russiancouncil,35,48794,3,0,0,0,0,0,2624,0,0,0,0,0
russiandonbas,67,48942,1,0,0,0,0,0,550,0,0,0,0,0
russianemiratesnews,59,25553,1,0,0,0,0,0,884,0,0,0,0,0
russianexta_re,14,18600,0,0,0,0,0,0,0,0,0,0,0,0
russianfuture,30,196930,0,0,0,0,0,0,0,0,0,0,0,0
russiangreens,5,250,0,0,0,0,0,0,0,0,0,0,0,0
russianhead,42,67633,0,0,0,0,0,0,0,0,0,0,0,0
russianidea,15,16651,2,0,0,0,1,0,2972,0,0,0,1810,0
russianimperialstout,4,10870,0,0,0,0,0,0,0,0,0,0,0,0
russianovosti_24,41,72247,0,0,0,0,0,0,0,0,0,0,0,0
russianpatriot233,36,82391,1,0,0,1,0,0,2080,0,0,2720,0,0
russiansinlnd,3,739,0,0,0,0,0,0,0,0,0,0,0,0
russianspottings,1,917,0,0,0,0,0,0,0,0,0,0,0,0
russianus,38,3167,0,0,0,0,0,0,0,0,0,0,0,0
russiaun,12,24292,1,0,0,0,0,0,326,0,0,0,0,0
russiaworldd,23,12285,2,0,0,0,0,0,1190,0,0,0,0,0
russica2,5615,330673965,229,0,0,9,11,0,13896700,0,0,510300,708500,0
russicabrief,23,4477,0,0,0,0,0,0,0,0,0,0,0,0
russiepolitic,20,6832,0,0,0,0,0,0,0,0,0,0,0,0
russinovich,157,40401,0,0,0,0,0,0,0,0,0,0,0,0
russkaya_indianka,2,612,0,0,0,0,0,0,0,0,0,0,0,0
russkibunt,70,438389,0,0,0,1,0,0,0,0,0,6220,0,0
russkie_nov,40,285430,0,0,0,0,0,0,0,0,0,0,0,0
russkievperedi,17,1745,1,0,0,0,0,0,17,0,0,0,0,0
russkii_dom,22,5203,0,0,0,0,0,0,0,0,0,0,0,0
russkiy_dommm,108,835190,2,0,0,0,0,0,17620,0,0,0,0,0
russkiy_opolchenec,28,16606,3,0,0,0,1,0,1901,0,0,0,1000,0
russkydigital,16,8385,0,0,0,0,0,0,0,0,0,0,0,0
russkydomserbia,6,1630,1,0,0,0,0,0,189,0,0,0,0,0
russlandsdeutsche,14,50156,0,0,0,0,0,0,0,0,0,0,0,0
russmilitary,3,4430,0,0,0,0,0,0,0,0,0,0,0,0
russnasledie,13,9877,0,0,0,0,1,0,0,0,0,0,747,0
russosphere,14,4660,0,0,0,0,0,0,0,0,0,0,0,0
russpolitt,42,907000,0,0,0,0,0,0,0,0,0,0,0,0
russtrat,44,548707,2,0,0,0,0,0,18380,0,0,0,0,0
russvolcorps,4,465000,0,0,0,0,0,0,0,0,0,0,0,0
rustamminnikhanov,30,1584840,0,0,0,0,0,0,0,0,0,0,0,0
rustamnabiev92,6,62638,0,0,0,0,0,0,0,0,0,0,0,0
rustfury,14,330800,0,0,0,0,0,0,0,0,0,0,0,0
rustorgpred,21,14106,0,0,0,0,0,0,0,0,0,0,0,0
rustroyka1945,1163,65035760,18,0,1,4,1,0,912400,0,36600,233800,43600,0
rusukrbel,22,43080,0,0,0,0,0,0,0,0,0,0,0,0
rusvdk,2,551,0,0,0,0,0,0,0,0,0,0,0,0
rusvesnasu,461,14783299,21,0,0,3,0,0,714500,0,0,113400,0,0
rusvladimir,12,84730,0,0,0,0,0,0,0,0,0,0,0,0
rusyerevantoday,17,15486,0,0,0,0,0,0,0,0,0,0,0,0
ruwestru,17,11078,1,0,0,0,0,0,634,0,0,0,0,0
ruza_today,25,30551,2,0,0,0,0,0,883,0,0,0,0,0
rvpolitics,11,9085,0,0,0,0,0,0,0,0,0,0,0,0
rwp_rwp,1,212,0,0,0,0,0,0,0,0,0,0,0,0
ryabikov,7,7395,0,0,0,0,0,0,0,0,0,0,0,0
ryabov_otvetit,18,57949,0,0,0,0,0,0,0,0,0,0,0,0
ryabseva_zhanna,7,379600,0,0,0,0,0,0,0,0,0,0,0,0
ryazannewsru,80,61947,0,0,0,0,0,0,0,0,0,0,0,0
ryazanoblast_official,5,9831,0,0,0,0,0,0,0,0,0,0,0,0
rybar,6174,1226617359,395,2,5,60,7,1,80552300,523000,1181000,14078300,1529500,195000
rybhoz_channel,12,56070,0,0,0,0,0,0,0,0,0,0,0,0
rybkatalks,12,12060,0,0,0,0,0,0,0,0,0,0,0,0
ryujinrjakka,2,3010,0,0,0,0,0,0,0,0,0,0,0,0
rzd_rzd,11,30247,0,0,0,0,0,0,0,0,0,0,0,0
rzdjob,4,10350,0,0,0,0,0,0,0,0,0,0,0,0
rzn_kommentator,1,931,0,0,0,0,0,0,0,0,0,0,0,0
rzncity,34,200801,0,0,0,0,0,0,0,0,0,0,0,0
rzninfo_news_channel,8,3785,0,0,0,0,0,0,0,0,0,0,0,0
rznlifetg,65,415649,1,0,0,0,0,0,3070,0,0,0,0,0
rznvlast,7,18290,0,0,0,0,0,0,0,0,0,0,0,0
s4illimati,20,19646,0,0,0,0,0,0,0,0,0,0,0,0
sUtnG5vSKMwYmNi,15,185870,0,0,0,0,0,0,0,0,0,0,0,0
s_kuzmenko_official,28,310901,0,0,0,0,0,0,0,0,0,0,0,0
s_permyakova,19,165711,0,0,0,0,0,0,0,0,0,0,0,0
saashapopovvv,27,186152,0,0,0,0,0,0,0,0,0,0,0,0
sabadun_top,28,90336,0,0,0,0,0,0,0,0,0,0,0,0
sabafm,2,0,0,0,0,0,0,0,0,0,0,0,0,0
sabakunomaiku,35,244900,0,0,0,0,0,0,0,0,0,0,0,0
sabashahrkhabarr,9,6981,0,0,0,0,0,0,0,0,0,0,0,0
sabelgera,23,76330,0,0,0,0,0,0,0,0,0,0,0,0
sabina_bakieva,1,1100,0,0,0,0,0,0,0,0,0,0,0,0
sabintag,28,376740,1,0,0,0,0,0,18700,0,0,0,0,0
sabirovrun,7,5067,0,0,0,0,0,0,0,0,0,0,0,0
sablezubiiytug,30,1176240,1,0,0,0,0,0,34100,0,0,0,0,0
saboqlaruz,1,4910,0,0,0,0,0,0,0,0,0,0,0,0
sabreenS1,24,889,0,0,0,0,0,0,0,0,0,0,0,0
sadbagg,37,1033140,0,0,0,0,0,0,0,0,0,0,0,0
sadigpoke,21,164720,0,0,0,0,0,0,0,0,0,0,0,0
sadlarisy8,70,756174,0,0,0,0,0,0,0,0,0,0,0,0
sadpigeonefamily,35,1670901,0,0,0,0,0,0,0,0,0,0,0,0
sadsnov,163,181444,2,0,0,0,0,0,2327,0,0,0,0,0
sadstoryvirtual,2,657,0,0,0,0,0,0,0,0,0,0,0,0
sadtextvirtual,19,644300,0,0,0,0,0,0,0,0,0,0,0,0
sadulaev_097,17,62613,0,0,0,0,0,0,0,0,0,0,0,0
safarblog,25,102300,0,0,0,0,0,0,0,0,0,0,0,0
sag1256,5,10740,0,0,0,0,0,0,0,0,0,0,0,0
sagayamhealerbaskar,10,5792,0,0,0,0,0,0,0,0,0,0,0,0
sagoloborodko,2,562,0,0,0,0,0,0,0,0,0,0,0,0
saharshaker,12,14720,0,0,0,0,0,0,0,0,0,0,0,0
sahnova_alena_al,15,273840,0,0,0,0,0,0,0,0,0,0,0,0
sailorgrapes,1,46,0,0,0,0,0,0,0,0,0,0,0,0
saintgreen,2,1597,0,0,0,0,0,0,0,0,0,0,0,0
saintp_78,259,481915,1,0,0,0,0,0,4610,0,0,0,0,0
saintp_online,15,12508,0,0,0,0,0,0,0,0,0,0,0,0
sakeritalianotizie,20,10518,0,0,0,0,0,0,0,0,0,0,0,0
sakh_news65,9,11528,0,0,0,0,0,0,0,0,0,0,0,0
sakha_tgnews,54,674300,0,0,0,0,0,0,0,0,0,0,0,0
sakhaday,977,8355194,4,0,0,0,0,0,36440,0,0,0,0,0
sakhagove,17,3025,2,0,0,0,0,0,75,0,0,0,0,0
sakhalin_chp,69,105534,3,0,0,0,0,0,1860,0,0,0,0,0
sakhalinmedianews,24,3074,0,0,0,0,0,0,0,0,0,0,0,0
sakhalinonetwo,36,277059,0,0,0,0,0,0,0,0,0,0,0,0
sakhapress1,73,42287,1,0,0,0,0,0,693,0,0,0,0,0
sakhco,87,548379,2,0,0,1,0,0,13790,0,0,7370,0,0
sakhgov,39,35169,0,0,0,0,0,0,0,0,0,0,0,0
sakhonline,630,4478416,9,0,0,0,0,0,60090,0,0,0,0,0
sakovskiyserhii,38,5026,0,0,0,0,0,0,0,0,0,0,0,0
salaRodezii,1,1690,0,0,0,0,0,0,0,0,0,0,0,0
salaamtimes,10,553,0,0,0,0,0,0,0,0,0,0,0,0
salaamtimesdari,10,998,0,0,0,0,0,0,0,0,0,0,0,0
salamanderguys,1,1500,0,0,0,0,0,0,0,0,0,0,0,0
salavat_sluh,49,447500,0,0,0,0,0,0,0,0,0,0,0,0
salavat_sobitie,49,631500,0,0,0,0,0,0,0,0,0,0,0,0
salepromokod_skidki,239,3233827,0,0,0,0,0,0,0,0,0,0,0,0
salesleonid,8,4058,0,0,0,0,0,0,0,0,0,0,0,0
salkovmedia,1,98,0,0,0,0,0,0,0,0,0,0,0,0
sallewild,22,82890,2,0,0,0,0,0,5870,0,0,0,0,0
salmachi_online,18,169260,0,0,0,0,0,0,0,0,0,0,0,0
salmasnews,104,893829,0,0,0,0,0,0,0,0,0,0,0,0
saluta_lilo,2,2680,0,0,0,0,0,0,0,0,0,0,0,0
salutmd,14,18526,0,0,0,0,0,0,0,0,0,0,0,0
samara,15,71750,0,0,0,0,0,0,0,0,0,0,0,0
samara24onl,18,9145,0,0,0,0,0,0,0,0,0,0,0,0
samara_mystery,19,84890,0,0,0,0,0,0,0,0,0,0,0,0
samara_togliatti_vesti,41,111420,2,0,0,0,0,0,5320,0,0,0,0,0
samaraa163,14,36310,0,0,0,0,0,0,0,0,0,0,0,0
samaragisnews,13,5559,0,0,0,0,0,0,0,0,0,0,0,0
samarap,16,10983,1,0,0,0,0,0,588,0,0,0,0,0
samaratg01,45,199452,1,0,0,0,0,0,1190,0,0,0,0,0
samarkandstv,161,320352,2,0,0,0,0,0,4270,0,0,0,0,0
samarqand_mashina_bozori_arenda,4,568,0,0,0,0,0,0,0,0,0,0,0,0
samartop,26,277300,0,0,0,0,0,0,0,0,0,0,0,0
sambasosyambacrush,5,3591,0,0,0,0,0,0,0,0,0,0,0,0
samburskayan,30,810030,0,0,0,0,0,0,0,0,0,0,0,0
samcity_uz_official,28,117010,0,0,0,0,0,0,0,0,0,0,0,0
samdueduuz,169,397217,0,0,0,0,0,0,0,0,0,0,0,0
samiibuz,7,25540,0,0,0,0,0,0,0,0,0,0,0,0
samkipiani,28,153670,1,0,0,0,0,0,7720,0,0,0,0,0
sammyfam,153,46591500,2,0,0,0,0,0,513000,0,0,0,0,0
samnewbuild,11,29710,0,0,0,0,0,0,0,0,0,0,0,0
samohodna,18,2043,0,0,0,0,0,0,0,0,0,0,0,0
samokat_tusa,25,60214,0,0,0,0,0,0,0,0,0,0,0,0
samokish,7,7619,0,0,0,0,0,0,0,0,0,0,0,0
samolet_feed,14,29250,0,0,0,0,0,0,0,0,0,0,0,0
samolet_uk_rybatskoe,1,3000,0,0,0,0,0,0,0,0,0,0,0,0
samonerozvytok,2,1243,0,0,0,0,0,0,0,0,0,0,0,0
samshahar,26,36547,0,0,0,0,0,0,0,0,0,0,0,0
samsonov_a_a,5,4140,0,0,0,0,0,0,0,0,0,0,0,0
samvelmartoyanZ,19,10566,1,0,0,0,0,0,1900,0,0,0,0,0
samxedrosiaxlebi,36,71990,0,0,0,0,0,0,0,0,0,0,0,0
san_tan,6,289,0,0,0,0,0,0,0,0,0,0,0,0
sanatoriy_satani,1,0,0,0,0,0,0,0,0,0,0,0,0,0
sanaw_press,14,14322,0,0,0,0,0,0,0,0,0,0,0,0
sanctionstimes,36,410990,4,0,0,0,0,0,53800,0,0,0,0,0
sandlerstudio,9,481,0,0,0,0,0,0,0,0,0,0,0,0
saniatv,5,17350,0,0,0,0,0,0,0,0,0,0,0,0
sanidadgob,63,4152568,0,0,0,0,0,0,0,0,0,0,0,0
sanjar_xoja,49,526740,0,0,0,0,0,0,0,0,0,0,0,0
sanjarsaiduz,5,5248,0,0,0,0,0,0,0,0,0,0,0,0
sanjeevsabhlok,5,183,0,0,0,0,0,0,0,0,0,0,0,0
sankcii_politika,24,335400,1,0,0,0,0,0,13300,0,0,0,0,0
sankt_piterb,43,60820,0,0,0,0,0,0,0,0,0,0,0,0
sanktpeterburgnovosty,39,69938,0,0,0,0,0,0,0,0,0,0,0,0
sanktpeterburgs,43,62365,0,0,0,0,0,0,0,0,0,0,0,0
sansara_channel,11,378000,0,0,0,0,0,0,0,0,0,0,0,0
sanya_tabak,6,54030,0,0,0,0,0,0,0,0,0,0,0,0
sanyaketova,24,173350,0,0,0,0,0,0,0,0,0,0,0,0
sanzhlenazabei,34,156346,0,0,0,0,0,0,0,0,0,0,0,0
sao_telega,2,979,0,0,0,0,0,0,0,0,0,0,0,0
sap_gov_ua,3,5100,2,0,0,0,0,0,3400,0,0,0,0,0
sapeginaliza,12,72790,0,0,0,0,0,0,0,0,0,0,0,0
sarafannoe_radio7,1,137,0,0,0,0,0,0,0,0,0,0,0,0
saransk_chp,24,562473,0,0,0,0,0,0,0,0,0,0,0,0
saratov24ru,73,1072279,1,0,0,0,0,0,15800,0,0,0,0,0
saratovdetka,8,12733,0,0,0,0,0,0,0,0,0,0,0,0
saratovlive,12,55860,1,0,0,0,0,0,4810,0,0,0,0,0
saratovlovee,26,26797,0,0,0,0,0,0,0,0,0,0,0,0
saratovshyna,36,431250,0,0,0,0,0,0,0,0,0,0,0,0
saratovzhabkin,1,27,0,0,0,0,0,0,0,0,0,0,0,0
saratovzhkh,29,65012,0,0,0,0,0,0,0,0,0,0,0,0
sarbazanevelayat_2,1823,146447,0,0,0,0,0,0,0,0,0,0,0,0
sardanuvdumu,8,5413,0,0,0,0,0,0,0,0,0,0,0,0
sardaryanh,33,715700,0,0,0,0,0,0,0,0,0,0,0,0
sardorbek_mukhiddinov,2,702,0,0,0,0,0,0,0,0,0,0,0,0
sarihkhabar,127,253056,0,0,0,0,0,0,0,0,0,0,0,0
sarikandreasyan,23,75505,0,0,0,0,0,0,0,0,0,0,0,0
sarkazmama,4,103,0,0,0,0,0,0,0,0,0,0,0,0
sarkis_eka,5,149,0,0,0,0,0,0,0,0,0,0,0,0
sarkis_tsaturyan,55,393540,0,0,0,0,0,0,0,0,0,0,0,0
sarma38,18,30817,0,0,0,0,0,0,0,0,0,0,0,0
sarnovosti64,91,91385,0,0,0,0,0,0,0,0,0,0,0,0
sarnyrada2022,6,22020,0,0,0,0,0,0,0,0,0,0,0,0
sarvinoz_omonova,5,13040,0,0,0,0,0,0,0,0,0,0,0,0
sasa_musol,33,102350,0,0,0,0,0,0,0,0,0,0,0,0
sasha_ogunga,23,18160,1,0,0,0,0,0,1050,0,0,0,0,0
sasha_pishet_pro_berlin,19,93790,0,0,0,0,0,0,0,0,0,0,0,0
sasha_pklva,11,30133,0,0,0,0,0,0,0,0,0,0,0,0
sasha_stone13,270,1819508,3,0,0,0,0,0,21570,0,0,0,0,0
sashaenique88,4,17260,0,0,0,0,0,0,0,0,0,0,0,0
sashaicetg,19,554200,0,0,0,0,0,0,0,0,0,0,0,0
sashakabaeva,37,106860,0,0,0,0,0,0,0,0,0,0,0,0
sashakhorzovaa,13,73510,0,0,0,0,0,0,0,0,0,0,0,0
sashakon,65,4451700,2,0,0,0,0,0,154200,0,0,0,0,0
sashakoshkina,4,2355,0,0,0,0,0,0,0,0,0,0,0,0
sashakots,3555,368655299,165,0,7,27,13,1,19020300,0,605700,6655600,1267200,89000
sashakruglovamusic,15,87910,0,0,0,0,0,0,0,0,0,0,0,0
sashapolina,27,289520,0,0,0,0,0,0,0,0,0,0,0,0
sashashpakofficial,194,2463170,0,0,0,0,2,0,0,0,0,0,26610,0
sashaspilberg,23,432540,0,0,0,0,0,0,0,0,0,0,0,0
sashastone,5,22360,0,0,0,0,0,0,0,0,0,0,0,0
sashatyman,40,4242900,0,0,0,0,0,0,0,0,0,0,0,0
sasteramelayunotespm,4,8120,0,0,0,0,0,0,0,0,0,0,0,0
satellit_de,16,70977,0,0,0,0,0,0,0,0,0,0,0,0
satirkka,47,3150600,1,0,0,0,0,0,76600,0,0,0,0,0
saulepatriki,8,37796,0,0,0,0,0,0,0,0,0,0,0,0
savafm,2,1706,0,0,0,0,0,0,0,0,0,0,0,0
savchikhina,25,456200,1,0,0,0,0,0,11600,0,0,0,0,0
savchuk_serg,1,1780,0,0,0,0,0,0,0,0,0,0,0,0
savekinaofficial,12,36810,0,0,0,0,0,0,0,0,0,0,0,0
savelenok,10,51760,0,0,0,0,0,0,0,0,0,0,0,0
savely_vl_tg,3,26690,0,0,0,0,0,0,0,0,0,0,0,0
saveollar,1,3190,0,0,0,0,0,0,0,0,0,0,0,0
savepeoplelifes,16,4060,0,0,0,0,0,0,0,0,0,0,0,0
savestoriess,1,0,0,0,0,0,0,0,0,0,0,0,0,0
savinovsays,14,20580,0,0,0,0,0,0,0,0,0,0,0,0
savvaindahouse,7,5249,0,0,0,0,0,0,0,0,0,0,0,0
saxonicus,37,698690,0,0,0,0,0,0,0,0,0,0,0,0
saxovatguruhi,5,369,0,0,0,0,0,0,0,0,0,0,0,0
saygidpasha_leader,33,171815,1,0,0,0,0,0,1480,0,0,0,0,0
saygin_opinion,18,44369,0,0,0,0,0,0,0,0,0,0,0,0
saymonjobs,1,1250,0,0,0,0,0,0,0,0,0,0,0,0
saysukraine,45,289332,9,0,0,0,0,0,72561,0,0,0,0,0
sbagdasarov,60,551600,0,0,0,0,0,0,0,0,0,0,0,0
sbbytoday,107,113996,0,0,0,0,0,0,0,0,0,0,0,0
sbmarketing,20,16111,4,0,0,0,0,0,2854,0,0,0,0,0
sbprokopenko,16,2471,0,0,0,0,0,0,0,0,0,0,0,0
sbsforweb,10,5257,1,0,0,0,0,0,449,0,0,0,0,0
sccnews_s_y,14,30663,0,0,0,0,0,0,0,0,0,0,0,0
schastye_bez_granic,3,550,0,0,0,0,0,0,0,0,0,0,0,0
schelk_city,208,2797082,0,0,0,0,0,0,0,0,0,0,0,0
schelkovo_inform,9,6164,0,0,0,0,0,0,0,0,0,0,0,0
schizoidcorner,1,1370,0,0,0,0,0,0,0,0,0,0,0,0
scholargram,1,0,0,0,0,0,0,0,0,0,0,0,0,0
schoolopg,15,103350,0,0,0,0,0,0,0,0,0,0,0,0
sci_career,36,155980,0,0,0,0,0,0,0,0,0,0,0,0
sciencedaily_top,5,119,0,0,0,0,0,0,0,0,0,0,0,0
scontista,1,124,0,0,0,0,0,0,0,0,0,0,0,0
scorpi18,21,50878,0,0,0,0,0,0,0,0,0,0,0,0
scourier,39,495010,0,0,0,0,0,0,0,0,0,0,0,0
scoutfootballru,2,1169,0,0,0,0,0,0,0,0,0,0,0,0
scripiSapi,13,6931,1,0,0,0,0,0,662,0,0,0,0,0
sd_talks,17,30240,0,0,0,1,1,0,0,0,0,1720,2040,0
sd_tumen,17,129201,0,0,0,0,0,0,0,0,0,0,0,0
sddonbassa,12,4928,0,0,0,0,0,0,0,0,0,0,0,0
sdelanounas_ru,15,57930,0,0,0,0,0,0,0,0,0,0,0,0
seajob_forum,35,69815,0,0,0,0,0,0,0,0,0,0,0,0
seamandiary,6,9661,0,0,0,0,0,0,0,0,0,0,0,0
seamensway,4,3917,0,0,0,0,0,0,0,0,0,0,0,0
seanewskerch,34,223352,1,0,0,0,0,0,6700,0,0,0,0,0
searchforloved,44,319190,4,0,0,0,0,0,20590,0,0,0,0,0
seasons,4,3451,0,0,0,0,0,0,0,0,0,0,0,0
sebdeal,2,4,0,0,0,0,0,0,0,0,0,0,0,0
secb_here,20,145130,0,0,0,0,0,0,0,0,0,0,0,0
sechenovs,9,4897,0,0,0,0,0,0,0,0,0,0,0,0
secretanna,30,1143200,0,0,0,0,0,0,0,0,0,0,0,0
secretwithsecret,36,645000,0,0,0,0,0,0,0,0,0,0,0,0
sedaehashemi,26,22711,0,0,0,0,0,0,0,0,0,0,0,0
sedaye_Javanrud,27,79506,0,0,0,0,0,0,0,0,0,0,0,0
sedaye_mardomeiran,142,9073,0,0,0,0,0,0,0,0,0,0,0,0
sedayeazadi1401,29,109132,0,0,0,0,0,0,0,0,0,0,0,0
seemeenokap1,27,338670,0,0,0,0,0,0,0,0,0,0,0,0
segmentuz,49,672800,0,0,0,0,0,0,0,0,0,0,0,0
sehshahr,19,10224,0,0,0,0,0,0,0,0,0,0,0,0
sejuming,16,103350,0,0,0,0,0,0,0,0,0,0,0,0
sek_speech,32,394130,1,0,0,0,0,0,27800,0,0,0,0,0
sekretikiotiro4ki,23,307740,1,0,0,0,0,0,12400,0,0,0,0,0
sekundamedia,6,4284,0,0,0,0,0,0,0,0,0,0,0,0
select_m_ru,15,24196,0,0,0,0,0,0,0,0,0,0,0,0
selegator,26,158577,0,0,0,0,0,0,0,0,0,0,0,0
selenskaya,23,60929,0,0,0,0,0,0,0,0,0,0,0,0
selflovediana,2,8340,0,0,0,0,0,0,0,0,0,0,0,0
selgaz_info,5,1860,0,0,0,0,0,0,0,0,0,0,0,0
selihovkin,27,155290,2,0,0,0,0,0,12690,0,0,0,0,0
selsov,15,87320,0,0,0,0,0,0,0,0,0,0,0,0
selteyev_view,1,757,1,0,0,0,0,0,757,0,0,0,0,0
sem_sonafamily,53,2654600,2,0,0,0,0,0,92600,0,0,0,0,0
sem_sorok,48,82961,0,0,0,0,0,0,0,0,0,0,0,0
semamolokanov_pfm,9,69760,0,0,0,0,0,0,0,0,0,0,0,0
semen_yesylevskyy,21,38419,0,0,0,0,0,0,0,0,0,0,0,0
semenovkirill,18,14181,1,0,0,0,0,0,855,0,0,0,0,0
semero_po_lavkam_blog,27,153080,1,0,0,0,0,0,10500,0,0,0,0,0
sempai666,29,41553,0,0,0,0,0,0,0,0,0,0,0,0
semsorok,47,819550,3,0,0,0,0,0,30070,0,0,0,0,0
semsotsex,21,186500,0,0,0,0,0,0,0,0,0,0,0,0
senadorflaviobolsonaro,406,4069449,0,0,0,0,0,0,0,0,0,0,0,0
senatnure,30,61657,0,0,0,0,0,0,0,0,0,0,0,0
senatorSvyatenko,1,846,0,0,0,0,0,0,0,0,0,0,0,0
senatuz,6,4960,0,0,0,0,0,0,0,0,0,0,0,0
seneaminteam,33,525080,0,0,0,0,0,0,0,0,0,0,0,0
senjegan,14,8993,0,0,0,0,0,0,0,0,0,0,0,0
senkevichonline,57,1136130,0,0,0,0,0,0,0,0,0,0,0,0
senoritasaeva0,83,15807,0,0,0,0,0,0,0,0,0,0,0,0
senseexdeep,6,3847,0,0,0,0,0,0,0,0,0,0,0,0
sensei_notes,2,168,0,0,0,0,0,0,0,0,0,0,0,0
sensemedancecom,58,809040,0,0,0,0,0,0,0,0,0,0,0,0
sensible_people,101,527930,0,0,0,1,0,0,0,0,0,5450,0,0
senyartotg,1,1860,0,0,0,0,0,0,0,0,0,0,0,0
sepah_news1,5138,92855651,0,0,0,0,0,0,0,0,0,0,0,0
sepahp_ir,640,1276327,0,0,0,0,0,0,0,0,0,0,0,0
seraaj24,127,2928,0,0,0,0,0,0,0,0,0,0,0,0
serbia_news,44,143800,0,0,0,0,0,0,0,0,0,0,0,0
serdarkambarov,9,12837,0,0,0,0,0,0,0,0,0,0,0,0
serdiukov_kolya,26,131960,0,0,0,0,0,0,0,0,0,0,0,0
seredych,1,15500,0,0,0,0,0,0,0,0,0,0,0,0
seregaa4,18,3181000,0,0,0,0,0,0,0,0,0,0,0,0
seregadanek,4,17340,0,0,0,0,0,0,0,0,0,0,0,0
serezhalovemamba,13,210040,0,0,0,0,0,0,0,0,0,0,0,0
serfan_jahate_ettela,24994,247865505,0,0,0,0,0,0,0,0,0,0,0,0
serg13i,1,1300,0,0,0,0,0,0,0,0,0,0,0,0
sergechalychannel,48,234940,0,0,0,0,0,0,0,0,0,0,0,0
sergeliyskiyraion,15,38680,0,0,0,0,0,0,0,0,0,0,0,0
sergey_atom,22,22361,0,0,0,0,0,0,0,0,0,0,0,0
sergey_skvortsov,1,19,0,0,0,0,0,0,0,0,0,0,0,0
sergeyburunovofficial,31,970970,0,0,0,0,0,0,0,0,0,0,0,0
sergeykuprik_official,10,7716,0,0,0,0,0,0,0,0,0,0,0,0
sergeykutenev,13,3516,0,0,0,0,0,0,0,0,0,0,0,0
sergeymiheev,72,194346,2,0,0,0,0,0,1579,0,0,0,0,0
sergeymorozov73,13,4573,2,0,0,0,0,0,664,0,0,0,0,0
sergo_kaxa,42,239712,0,0,0,0,0,0,0,0,0,0,0,0
sergonews,39,937740,0,0,0,0,0,0,0,0,0,0,0,0
serhij_bevz,3,1471,1,0,0,0,1,0,561,0,0,0,561,0
serhiy_hayday,16,156029,0,0,0,0,0,0,0,0,0,0,0,0
serhiyprytula,240,8620919,5,0,0,0,0,0,145900,0,0,0,0,0
serovglobus,19,26603,0,0,0,0,0,0,0,0,0,0,0,0
serpuhov_live,52,35680,0,0,0,0,0,0,0,0,0,0,0,0
serpukhov,10,35120,1,0,0,0,0,0,3160,0,0,0,0,0
serqebaxis,10,25970,0,0,0,0,0,0,0,0,0,0,0,0
servandloh,3,1514,0,0,0,0,0,0,0,0,0,0,0,0
seryabkina,10,29990,0,0,0,0,0,0,0,0,0,0,0,0
serzbezfejkov,62,2401,0,0,0,0,1,0,0,0,0,0,10,0
sethlui,28,45020,0,0,0,0,0,0,0,0,0,0,0,0
setkagram,7,12265,0,0,0,0,0,0,0,0,0,0,0,0
setlangsoftnie,5,72400,0,0,0,0,0,0,0,0,0,0,0,0
setthemfree,12,69,0,0,0,0,0,0,0,0,0,0,0,0
sev_reva_92,5,2754,0,0,0,0,0,0,0,0,0,0,0,0
sev_serdca,4,170,0,0,0,0,0,0,0,0,0,0,0,0
sevaranazarkhanmusic,26,340960,0,0,0,0,0,0,0,0,0,0,0,0
sevaratulyaganovazangiota,20,1077,0,0,0,0,0,0,0,0,0,0,0,0
sevarawithL0ve,63,6651700,2,0,0,0,0,0,212000,0,0,0,0,0
sevastopol_kp,2,612,0,0,0,0,0,0,0,0,0,0,0,0
sevastopol_world,1,69,0,0,0,0,0,0,0,0,0,0,0,0
sevastopolofficial,11,11482,0,0,0,0,0,0,0,0,0,0,0,0
seven_days_ru,23,13391,0,0,0,0,0,0,0,0,0,0,0,0
sevenandmedia,20,23508,1,0,0,0,0,0,1580,0,0,0,0,0
sevenonefive,1,574,0,0,0,0,0,0,0,0,0,0,0,0
seventeeen1717,39,762090,0,0,0,0,0,0,0,0,0,0,0,0
severnaya_sevastopol,13,27520,0,0,0,0,0,0,0,0,0,0,0,0
severniy_adm_moscow,53,811000,0,0,0,0,0,0,0,0,0,0,0,0
severny_124a,4,10990,0,0,0,0,0,0,0,0,0,0,0,0
severo_vostok_moscow,54,821990,1,0,0,0,0,0,11000,0,0,0,0,0
severo_zapad_moscow,51,868900,0,0,0,0,0,0,0,0,0,0,0,0
severodonetsk,36,512060,1,0,0,0,0,0,16800,0,0,0,0,0
severodonetsk1934,84,302420,0,0,1,0,0,0,0,0,5100,0,0,0
severpost51,4,547,0,0,0,0,0,0,0,0,0,0,0,0
severrealii,20,40560,1,0,0,0,0,0,1020,0,0,0,0,0
severrostov,2,219,0,0,0,0,0,0,0,0,0,0,0,0
severskiyrayon,20,36053,0,0,0,0,0,0,0,0,0,0,0,0
sevkav,13,32862,0,0,0,0,0,0,0,0,0,0,0,0
sevkontrol,22,9630,1,0,0,0,0,0,388,0,0,0,0,0
sevmorput,26,38746,1,0,0,0,0,0,846,0,0,0,0,0
sevsaltovka5,25,34511,0,0,0,0,0,0,0,0,0,0,0,0
sevseal,45,319390,1,0,0,0,0,0,5880,0,0,0,0,0
sevstory,1,95,0,0,0,0,0,0,0,0,0,0,0,0
sevvodokanal,11,81500,0,0,0,0,0,0,0,0,0,0,0,0
sex_drugs_kahlo,50,291440,1,0,0,1,0,0,5080,0,0,5880,0,0
sexbypm,4,4920,0,0,0,0,0,0,0,0,0,0,0,0
sexdeath,1,219,0,0,0,0,0,0,0,0,0,0,0,0
sexmoneylight,7,7372,0,0,0,0,0,0,0,0,0,0,0,0
seychas_kg,16,3956,0,0,0,0,0,0,0,0,0,0,0,0
seyedmostafaazmayesh,46,32976000,0,0,0,0,0,0,0,0,0,0,0,0
seyedrezanarimani,15,7273,0,0,0,0,0,0,0,0,0,0,0,0
seymkursk,13,4230,0,0,0,0,0,0,0,0,0,0,0,0
sforsecurity,7,23420,0,0,0,0,0,0,0,0,0,0,0,0
sfr_buryatia,16,18494,0,0,0,0,0,0,0,0,0,0,0,0
sfr_moskva_i_moskovskayaoblast,7,12626,0,0,0,0,0,0,0,0,0,0,0,0
sfr_ri,17,5113,0,0,0,0,0,0,0,0,0,0,0,0
sfralania,3,2427,0,0,0,0,0,0,0,0,0,0,0,0
sfrf_95,8,1463,0,0,0,0,0,0,0,0,0,0,0,0
sgcc_uzb,3,1287,0,0,0,0,0,0,0,0,0,0,0,0
sgk_krsk,14,13029,0,0,0,0,0,0,0,0,0,0,0,0
sgk_kuzbass,2,823,0,0,0,0,0,0,0,0,0,0,0,0
sgk_nsk,19,23490,0,0,0,0,0,0,0,0,0,0,0,0
sgministryofmanpower,16,88990,0,0,0,0,0,0,0,0,0,0,0,0
sgnorilsk,11,4789,0,0,0,0,0,0,0,0,0,0,0,0
sgt_stickittooya,2,165,0,0,0,0,0,0,0,0,0,0,0,0
shadow_policy,48,252849,3,0,0,1,1,0,18790,0,0,5400,3620,0
shadowkekw,56,14871200,0,0,0,0,0,0,0,0,0,0,0,0
shadrinsk,13,41607,0,0,0,0,0,0,0,0,0,0,0,0
shafaf_sazi_car,23,3145,0,0,0,0,0,0,0,0,0,0,0,0
shagaiworld,9,11480,0,0,0,0,0,0,0,0,0,0,0,0
shahindezhkhabar,39,56144,0,0,0,0,0,0,0,0,0,0,0,0
shahnozxon,18,65989,0,0,0,0,0,0,0,0,0,0,0,0
shahraranews,47,2380,0,0,0,0,0,0,0,0,0,0,0,0
shahre_jouybar,21,57817,0,0,0,0,0,0,0,0,0,0,0,0
shahrikazan,179,394191,0,0,0,0,0,0,0,0,0,0,0,0
shahrisabz_shahar_hokimligi,11,7644,0,0,0,0,0,0,0,0,0,0,0,0
shahti_sluh,49,628500,0,0,0,0,0,0,0,0,0,0,0,0
shahti_sobitie,49,620000,0,0,0,0,0,0,0,0,0,0,0,0
shahtyKVU,10,9636,0,0,0,0,0,0,0,0,0,0,0,0
shakharisrael,25,17989,1,0,0,0,0,0,833,0,0,0,0,0
shakhtersk,4,16670,0,0,0,0,0,0,0,0,0,0,0,0
shakulin_vasya,26,155259,0,0,0,0,0,0,0,0,0,0,0,0
shalimovprav,4,613900,0,0,0,0,0,0,0,0,0,0,0,0
shalnyak,26,99510,0,0,0,0,0,0,0,0,0,0,0,0
shalompsihdom,2,323,0,0,0,0,0,0,0,0,0,0,0,0
shalyuta,19,39618,0,0,0,0,0,0,0,0,0,0,0,0
shams4news,2,2800,0,0,0,0,0,0,0,0,0,0,0,0
shanhai_krasnodar,13,14635,0,0,0,0,0,0,0,0,0,0,0,0
shantnews,21,19080,0,0,0,0,0,0,0,0,0,0,0,0
shaposhnikov_vorkuta,3,7790,0,0,0,0,0,0,0,0,0,0,0,0
sharanism,37,292200,0,0,0,0,0,0,0,0,0,0,0,0
sharansky,37,168134,0,0,0,0,0,0,0,0,0,0,0,0
sharemed,46,1058170,0,0,0,0,0,0,0,0,0,0,0,0
shariat_nameh,898,7421902,0,0,0,0,0,0,0,0,0,0,0,0
sharifdaily,44,301189,0,0,0,0,0,0,0,0,0,0,0,0
sharikovtime,16,39836,0,0,0,0,0,0,0,0,0,0,0,0
sharsna,904,60497900,0,0,0,0,0,0,0,0,0,0,0,0
sharyar_ir,27,57218,0,0,0,0,0,0,0,0,0,0,0,0
shashkakhurudzhi,6,6654,0,0,0,0,0,0,0,0,0,0,0,0
shashylaotdixaet,2,55,0,0,0,0,0,0,0,0,0,0,0,0
shastoonchannel,253,28859100,0,0,0,0,0,0,0,0,0,0,0,0
shatalkanal,34,49599,3,0,0,0,0,0,4240,0,0,0,0,0
shatilova_liza,22,567100,1,0,0,0,0,0,33900,0,0,0,0,0
shavkatjon_axtamov,5,9860,0,0,0,0,0,0,0,0,0,0,0,0
shch_anna,61,5504500,0,0,0,0,0,0,0,0,0,0,0,0
shchapov_mikhail,3,3248,0,0,0,0,0,0,0,0,0,0,0,0
shchelkovo,4,16640,0,0,0,0,0,0,0,0,0,0,0,0
shebeke,20,40681,0,0,0,0,0,0,0,0,0,0,0,0
shedevrplus,88,981459,0,0,0,0,0,0,0,0,0,0,0,0
shelest_sn,14,26875,0,0,0,0,0,0,0,0,0,0,0,0
shelfoftreasures,3,1415,0,0,0,0,0,0,0,0,0,0,0,0
shelkino,4,4589,0,0,0,0,0,0,0,0,0,0,0,0
shemmary,34,254639,0,0,0,0,0,0,0,0,0,0,0,0
shemotoz1001,11,9626,2,0,0,0,0,0,1817,0,0,0,0,0
shemroonland,3,80,0,0,0,0,0,0,0,0,0,0,0,0
sheoschool,1,79,0,0,0,0,0,0,0,0,0,0,0,0
sheptoon,23,106576,4,0,0,0,0,0,16486,0,0,0,0,0
shererpro,16,12894,0,0,0,0,0,0,0,0,0,0,0,0
sherzod_shsharipov,2,706,0,0,0,0,0,0,0,0,0,0,0,0
sherzoddavlatov,6,4173,0,0,0,0,0,0,0,0,0,0,0,0
shestakovblog,24,29670,0,0,0,0,0,0,0,0,0,0,0,0
shestoqotdel,1,0,0,0,0,0,0,0,0,0,0,0,0,0
shevashunos,1,705,0,0,0,0,0,0,0,0,0,0,0,0
shevchenkomax_1,72,1873280,3,0,0,0,1,0,77600,0,0,0,5600,0
shevchenkoplayboy,30,84820,1,0,0,0,0,0,3590,0,0,0,0,0
sheyhtamir1974,13097,1285443931,389,0,0,81,19,1,38808770,0,0,8377200,1771200,101000
shezire,45,102755,4,0,0,0,0,0,8450,0,0,0,0,0
shidaeva_heda,1,3890,0,0,0,0,0,0,0,0,0,0,0,0
shieldmaiden,26,42552,3,0,0,0,0,0,5310,0,0,0,0,0
shik_madmazel2,18,2001,0,0,0,0,0,0,0,0,0,0,0,0
shikinna,21,487390,0,0,0,0,0,0,0,0,0,0,0,0
shilxmachine_live,2,5180,0,0,0,0,0,0,0,0,0,0,0,0
shimbayrk,7,6275,0,0,0,0,0,0,0,0,0,0,0,0
shingarkin,22,88420,0,0,0,0,0,0,0,0,0,0,0,0
shipilovaks,32,355279,0,0,0,0,0,0,0,0,0,0,0,0
shipovnikmedia,21,4622,0,0,0,0,0,0,0,0,0,0,0,0
shiraz_news,2,3110,0,0,0,0,0,0,0,0,0,0,0,0
shirin_xabarlari,2,378,0,0,0,0,0,0,0,0,0,0,0,0
shirogane_sama_cosplay,21,352630,0,0,0,0,0,0,0,0,0,0,0,0
shirshikofff,32,60670,18,0,0,0,0,0,39225,0,0,0,0,0
shishkin_like,16,39830,0,0,0,0,0,0,0,0,0,0,0,0
shishkovaalena,28,451580,0,0,0,0,0,0,0,0,0,0,0,0
shk_kz,23,54804,0,0,0,0,0,0,0,0,0,0,0,0
shkarabeinikov_prk,19,20091,0,0,0,0,0,0,0,0,0,0,0,0
shkola88,11,209200,0,0,0,0,0,0,0,0,0,0,0,0
shkolnikov_andrey,38,780140,0,0,0,0,0,0,0,0,0,0,0,0
shlosberg,47,655920,12,0,0,0,0,0,164080,0,0,0,0,0
shlrona,5,168000,0,0,0,0,0,0,0,0,0,0,0,0
shmaromoi,19,35750,1,0,0,0,0,0,1570,0,0,0,0,0
shmelinayausadba,9,27872,0,0,0,0,0,0,0,0,0,0,0,0
shmirziyoyev,676,101970300,0,0,0,0,0,0,0,0,0,0,0,0
shnappster,30,92521,0,0,0,0,0,0,0,0,0,0,0,0
shnliine,5,16340,0,0,0,0,0,0,0,0,0,0,0,0
shoiguland,4,1598,0,0,0,0,0,0,0,0,0,0,0,0
shokirjonov,35,137679,0,0,0,0,0,0,0,0,0,0,0,0
shoko_bossYT,2,1914,0,0,0,0,0,0,0,0,0,0,0,0
shomalweather,22,64370,0,0,0,0,0,0,0,0,0,0,0,0
shoranaft,9,6297,0,0,0,0,0,0,0,0,0,0,0,0
shorohi64,29,254890,1,0,0,0,0,0,7660,0,0,0,0,0
shortnews56,3,960,0,0,0,0,0,0,0,0,0,0,0,0
shostkainfo,143,2417980,0,0,0,0,0,0,0,0,0,0,0,0
shot_shot,5951,2065949500,102,0,0,27,2,0,36071900,0,0,10409000,748000,0
shotam18000,79,415142,0,0,0,0,0,0,0,0,0,0,0,0
shoubizyangiliklari,1385,89399868,0,0,0,0,0,0,0,0,0,0,0,0
shov_shuvUZ,4640,107064610,0,0,0,0,0,0,0,0,0,0,0,0
showbb,1,635,0,0,0,0,0,0,0,0,0,0,0,0
showbusiness1,46,102284,0,0,0,0,0,0,0,0,0,0,0,0
showmetruelife,46,344630,2,0,0,0,0,0,12260,0,0,0,0,0
shownews_life,1,0,0,0,0,0,0,0,0,0,0,0,0,0
showtimeinfo,154,4414520,3,0,0,0,0,0,87900,0,0,0,0,0
shoxrux,32,424170,1,0,0,0,0,0,14900,0,0,0,0,0
shpakouski,9,5907,0,0,0,0,0,0,0,0,0,0,0,0
shpakov_grad,2,1762,0,0,0,0,0,0,0,0,0,0,0,0
shpalta_ua,254,1924534,2,0,0,0,0,1,16470,0,0,0,0,8800
shpillerka,1,0,0,0,0,0,0,0,0,0,0,0,0,0
shpionowa,26,50446,1,0,0,1,0,0,2400,0,0,1620,0,0
shpir,22,28141,5,0,0,0,0,0,8490,0,0,0,0,0
shpizer,39,252153,0,0,0,0,0,0,0,0,0,0,0,0
shraibman,17,318570,0,0,0,0,0,0,0,0,0,0,0,0
shtab61,12,2829,0,0,0,0,0,0,0,0,0,0,0,0
shtabonoshko,10,26190,0,0,0,0,0,0,0,0,0,0,0,0
shteps_shteps,17,10694,0,0,0,0,0,0,0,0,0,0,0,0
shtiglishti,16,48810,0,0,0,0,0,0,0,0,0,0,0,0
shtrihdog,44,310681,0,0,0,0,0,0,0,0,0,0,0,0
shtuchnaya,6,3591,0,0,0,0,0,0,0,0,0,0,0,0
shugozhor73,11,35245,0,0,0,0,0,0,0,0,0,0,0,0
shugylakz,4,484,0,0,0,0,0,0,0,0,0,0,0,0
shukuredinjemal,9,9784,0,0,0,0,0,0,0,0,0,0,0,0
shulikoshka,29,186330,0,0,0,0,0,0,0,0,0,0,0,0
shumer_kag,148,113377,0,0,0,0,1,0,0,0,0,0,900,0
shumilkazakadrom,5,1172,0,0,0,0,0,0,0,0,0,0,0,0
shunchaki_haqiqat,10,4080,0,0,0,0,0,0,0,0,0,0,0,0
shuohuaxia,1103,45112429,9,0,1,2,1,1,330800,0,46400,58400,32100,40400
shura_stone,20,34720,0,0,0,0,0,0,0,0,0,0,0,0
shurchi_yangiliklari,43,598578,0,0,0,0,0,0,0,0,0,0,0,0
shutki_ot_Kati,1,611,0,0,0,0,0,0,0,0,0,0,0,0
shutupgrese,23,200270,0,0,0,0,0,0,0,0,0,0,0,0
shuum3e,5,23340,0,0,0,0,0,0,0,0,0,0,0,0
shuyaprovinciya,19,5337,0,0,0,0,0,0,0,0,0,0,0,0
shvedovaLife,8,4095,0,0,0,0,0,0,0,0,0,0,0,0
shwan_hamid,32,42164,0,0,0,0,0,0,0,0,0,0,0,0
shwartzevgeny,20,792200,1,0,0,0,0,0,59000,0,0,0,0,0
shymkentonline,21,33307,0,0,0,0,0,0,0,0,0,0,0,0
shynegswaggatg,18,2537500,0,0,0,0,0,0,0,0,0,0,0,0
shzsinfo,31,43298,1,0,0,0,0,0,2450,0,0,0,0,0
shzsinfoZ,17,5738,1,0,0,0,0,0,211,0,0,0,0,0
siasattalkh,408,4490743,0,0,0,0,0,0,0,0,0,0,0,0
siasinews,5275,7938395,0,0,0,0,0,0,0,0,0,0,0,0
sibcultprivet,45,106444,3,0,0,0,0,0,7190,0,0,0,0,0
sibcyrulik,22,30215,1,0,0,0,0,0,1290,0,0,0,0,0
siberia_life38,2,2358,0,0,0,0,0,0,0,0,0,0,0,0
siberiaishere,5,20300,0,0,0,0,0,0,0,0,0,0,0,0
sibirmedia,18,15256,0,0,0,0,0,0,0,0,0,0,0,0
sibiryachka_tanya,34,122667,0,0,0,0,0,0,0,0,0,0,0,0
sibmedia_tomsk,25,60550,1,0,0,0,0,0,2320,0,0,0,0,0
sibrealii,20,49419,0,0,0,0,0,0,0,0,0,0,0,0
sibrednek,16,117409,0,0,0,0,0,0,0,0,0,0,0,0
siburofficial,11,29470,1,0,0,0,0,0,2290,0,0,0,0,0
sidimnaberegu,1,4940,0,0,0,0,0,0,0,0,0,0,0,0
sidorov87,30,6198,1,0,0,0,0,0,389,0,0,0,0,0
sidorovasay,25,101130,0,0,0,0,0,0,0,0,0,0,0,0
sidpolit,93,930113,6,0,0,0,0,0,2944,0,0,0,0,0
sieklahti,14,55400,0,0,0,0,0,0,0,0,0,0,0,0
sigeh2021,22,6622,0,0,0,0,0,0,0,0,0,0,0,0
signal_ukraine,11,7950,0,0,0,0,0,0,0,0,0,0,0,0
signalman_diary,20,265169,0,0,0,0,0,0,0,0,0,0,0,0
signalmezhova,3,179,0,0,0,0,0,0,0,0,0,0,0,0
sihatmilikbersama,57,152617,0,0,0,0,0,0,0,0,0,0,0,0
sijeunistore,1,246,0,0,0,0,0,0,0,0,0,0,0,0
sila_bgo,63,249876,1,0,0,0,0,0,5700,0,0,0,0,0
silapravda,1,390,0,0,0,0,0,0,0,0,0,0,0,0
silasaistoka,19,47754,0,0,0,0,0,0,0,0,0,0,0,0
silberjungeoffiziell,12,77210,0,0,0,0,0,0,0,0,0,0,0,0
silence_of_belokon,26,125360,1,0,0,0,0,0,1580,0,0,0,0,0
silverbulleters,1,2750,0,0,0,0,0,0,0,0,0,0,0,0
simadm_news,5,874,0,0,0,0,0,0,0,0,0,0,0,0
simavets,36,864100,2,0,0,0,0,0,33200,0,0,0,0,0
simbackstage,29,142520,0,0,0,0,0,0,0,0,0,0,0,0
simbirskcity,2,382,0,0,0,0,0,0,0,0,0,0,0,0
simf_novosti,13,14562,0,0,0,0,0,0,0,0,0,0,0,0
simferopol3652,19,12273,0,0,0,0,0,0,0,0,0,0,0,0
simferopol_tut,13,14759,0,0,0,0,0,0,0,0,0,0,0,0
simferopolnovosti,12,10040,0,0,0,0,0,0,0,0,0,0,0,0
simona_chernomorskaya,29,211790,0,0,0,0,0,0,0,0,0,0,0,0
simonnrj,11,153000,0,0,0,0,0,0,0,0,0,0,0,0
simple_kot1,35,196150,0,0,0,0,0,0,0,0,0,0,0,0
since_1545,6,21010,0,0,0,0,0,0,0,0,0,0,0,0
sincitylife,69,337081,0,0,0,0,0,0,0,0,0,0,0,0
sindeeva_news,46,396130,1,0,0,0,0,0,5940,0,0,0,0,0
sindika,50,176921,5,0,0,0,0,0,12422,0,0,0,0,0
sinelor,38,305418,3,0,0,0,0,0,10199,0,0,0,0,0
sinfisty,23,134170,0,0,0,0,0,0,0,0,0,0,0,0
singantoleg,25,130071,0,0,0,0,0,0,0,0,0,0,0,0
singaporeglobalnetwork,9,15797,0,0,0,0,0,0,0,0,0,0,0,0
sinod,30,91337,1,0,0,0,0,0,5390,0,0,0,0,0
sinyaya_ptiza,1,625,0,0,0,0,0,0,0,0,0,0,0,0
sipangE,38,14755,0,0,0,0,0,0,0,0,0,0,0,0
sipsikova,20,6869,0,0,0,0,0,0,0,0,0,0,0,0
sirdaryo_tezkor_xabarlar,11,681,0,0,0,0,0,0,0,0,0,0,0,0
sirdaryoyoshlariuz,1,252,0,0,0,0,0,0,0,0,0,0,0,0
sirena_chernivtsi,62,625190,0,0,0,0,0,0,0,0,0,0,0,0
sirena_dp,1474,165328900,0,0,0,0,0,0,0,0,0,0,0,0
sirena_gorishni_plavni,148,434512,0,0,0,0,0,0,0,0,0,0,0,0
sirena_kremenchuk,230,8153100,0,0,0,0,0,0,0,0,0,0,0,0
sirena_kryvyi_rih,1121,72359217,0,0,0,0,0,0,0,0,0,0,0,0
sirena_kyiv,122,172376,0,0,0,0,0,0,0,0,0,0,0,0
sirena_mg,33,25100,0,0,0,0,0,0,0,0,0,0,0,0
sirena_slavuta,126,676020,0,0,0,0,0,0,0,0,0,0,0,0
sirena_sumy,178,109386,0,0,0,0,0,0,0,0,0,0,0,0
sirenakam,46,318269,0,0,0,0,0,0,0,0,0,0,0,0
sirextt,15,101580,0,0,0,0,0,0,0,0,0,0,0,0
sirion17,23,70828,0,0,0,0,0,0,0,0,0,0,0,0
sirius_okrug,15,51710,0,0,0,0,0,0,0,0,0,0,0,0
siriusfederal,9,11462,0,0,0,0,0,0,0,0,0,0,0,0
sirojiddinusarov,14,27186,0,0,0,0,0,0,0,0,0,0,0,0
sisumasis,39,132863,1,0,0,0,0,0,2710,0,0,0,0,0
sitartur,10,11632,0,0,0,0,0,0,0,0,0,0,0,0
sitreports,49,53133,0,0,0,0,0,0,0,0,0,0,0,0
sitvnews,33,139592,0,0,0,0,0,0,0,0,0,0,0,0
sivchikmusic,26,103478,0,0,0,0,0,0,0,0,0,0,0,0
sivkovayana,5,7698,1,0,0,0,0,0,2060,0,0,0,0,0
siyavashannews,8,6643,0,0,0,0,0,0,0,0,0,0,0,0
siyosiyolam,9,4520,0,0,0,0,0,0,0,0,0,0,0,0
sizdan_telegramm,10,10870,0,0,0,0,0,0,0,0,0,0,0,0
sizdantelegram,17,84470,0,0,0,0,0,0,0,0,0,0,0,0
sizinmentalitet_resmi,41,139635,0,0,0,0,0,0,0,0,0,0,0,0
sizobiz,27,17710,0,0,0,0,0,0,0,0,0,0,0,0
sjd_fzl,3,302,0,0,0,0,0,0,0,0,0,0,0,0
sjooody2,34,110320,0,0,0,0,0,0,0,0,0,0,0,0
sk_sitnikov,5,2686,0,0,0,0,0,0,0,0,0,0,0,0
skabeeva,1842,105038020,68,0,0,3,3,1,4069650,0,0,141200,152100,68700
skabeevy,114,941117,6,0,0,0,0,0,38867,0,0,0,0,0
skalddiary,9,34740,0,0,0,0,0,0,0,0,0,0,0,0
skandal_novosti,45,493096,1,0,0,0,0,0,10200,0,0,0,0,0
skaner28,160,2378164,2,0,0,0,0,0,19210,0,0,0,0,0
skartoshechkoi,5,3742,0,0,0,0,0,0,0,0,0,0,0,0
skaz_spb,4,7850,0,0,0,0,0,0,0,0,0,0,0,0
skazhigordeevoy,82,3350720,2,0,0,0,0,0,68050,0,0,0,0,0
skeletizosetii,1,4750,0,0,0,0,0,0,0,0,0,0,0,0
skeptik_21,53,385136,6,0,0,0,0,0,42540,0,0,0,0,0
skfo_telegraph,37,336020,1,0,0,0,0,0,11600,0,0,0,0,0
skfopost,15,6280,0,0,0,0,0,0,0,0,0,0,0,0
skillztg,20,925900,0,0,0,0,0,0,0,0,0,0,0,0
skipetrrf,37,175030,0,0,0,0,0,0,0,0,0,0,0,0
skmoscowgsu,4,2621,0,0,0,0,0,0,0,0,0,0,0,0
skoloth,14,10325,0,0,0,0,0,0,0,0,0,0,0,0
skonews,16,8393,0,0,0,0,0,0,0,0,0,0,0,0
skopetro,21,10383,0,0,0,0,0,0,0,0,0,0,0,0
skorikovivan,1,489,0,0,0,0,0,0,0,0,0,0,0,0
skorkin_zhuk,6,12267,1,0,0,0,0,0,686,0,0,0,0,0
skorosolka,7,23580,0,0,0,0,0,0,0,0,0,0,0,0
skosoi,247,16359710,44,0,1,1,1,0,2882900,0,71400,58400,73000,0
skovoroda,23,62446,1,0,0,0,0,0,1440,0,0,0,0,0
skubchenko,35,119500,0,0,0,0,0,0,0,0,0,0,0,0
skvernews,63,497,0,0,0,0,0,0,0,0,0,0,0,0
skvir,15,33920,0,0,0,0,0,0,0,0,0,0,0,0
sky4au,1,0,0,0,0,0,0,0,0,0,0,0,0,0
sladkybunder,29,49657,0,0,0,0,0,0,0,0,0,0,0,0
slavaded1337,6168,901646354,101,0,0,18,2,1,15191700,0,0,2926000,349000,160000
slavamarlow,66,3103000,0,0,0,0,0,0,0,0,0,0,0,0
slavamaxuta,28,7510,0,0,0,0,0,0,0,0,0,0,0,0
slavic_brotherhood,35,85470,0,0,0,0,0,0,0,0,0,0,0,0
slavkachaplin,5,11140,0,0,0,0,0,0,0,0,0,0,0,0
slavkultura,1,574,0,0,0,0,0,0,0,0,0,0,0,0
slavrus126,45,102315,0,0,0,0,0,0,0,0,0,0,0,0
slavuta_sity,676,3281213,27,0,1,0,0,0,122590,0,4260,0,0,0
slavutych_el,24,95230,0,0,0,0,0,0,0,0,0,0,0,0
slavutych_mr,27,46156,0,0,0,0,0,0,0,0,0,0,0,0
slavyankat,1,0,0,0,0,0,0,0,0,0,0,0,0,0
slavyansk,13,22549,0,0,0,0,0,0,0,0,0,0,0,0
slavyansk_best_city,57,160339,0,0,0,0,0,0,0,0,0,0,0,0
slavyansk_hello,27,224679,0,0,0,0,0,0,0,0,0,0,0,0
slavyansk_z,17,19074,0,0,0,0,2,0,0,0,0,0,2680,0
slaysexyflawless,19,2047,0,0,0,0,0,0,0,0,0,0,0,0
sledcom_press,57,593720,1,0,0,0,0,0,1590,0,0,0,0,0
sledstvennaya,2,1997,0,0,0,0,0,0,0,0,0,0,0,0
sleedan,20,1155300,0,0,0,0,0,0,0,0,0,0,0,0
sleepylife,17,288190,1,0,0,0,0,0,21600,0,0,0,0,0
slepobrag,1,128,0,0,0,0,0,0,0,0,0,0,0,0
slesar_msk,63,291080,0,0,0,0,0,0,0,0,0,0,0,0
slezhuza_polit,19,7415,0,0,0,0,0,0,0,0,0,0,0,0
sliivkin,35,15359,0,0,0,0,0,0,0,0,0,0,0,0
sliv_chan_18,2,665,0,0,0,0,0,0,0,0,0,0,0,0
sliva64,12,23990,1,0,0,0,0,0,2510,0,0,0,0,0
sliva_channel_tg,19,17455,0,0,0,0,0,0,0,0,0,0,0,0
slivkishow_youtube,46,6222200,0,0,0,0,0,0,0,0,0,0,0,0
slivypervogo,18,938,0,0,0,0,0,0,0,0,0,0,0,0
slkanalsmr,8,23870,0,0,0,0,0,0,0,0,0,0,0,0
slkgn,17,141870,0,0,0,0,0,0,0,0,0,0,0,0
slmossad,8,286,0,0,0,0,0,0,0,0,0,0,0,0
slmvlife,12,21060,0,0,0,0,0,0,0,0,0,0,0,0
slomlennaa,5,889,0,0,0,0,0,0,0,0,0,0,0,0
slova1000,18,63999,0,0,0,0,0,0,0,0,0,0,0,0
slovanskenoviny,32,17967,0,0,0,0,0,0,0,0,0,0,0,0
slovaoslovah,29,97030,4,0,0,0,0,0,11560,0,0,0,0,0
slovievlive,111,214759,1,0,0,0,0,0,523,0,0,0,0,0
slovopatsana,84,10188600,2,0,0,0,0,0,150600,0,0,0,0,0
slowlearner,8,24170,0,0,0,0,0,0,0,0,0,0,0,0
sluhitagila,16,25080,1,0,0,0,0,0,1050,0,0,0,0,0
slutskgorodby,9,22777,0,0,0,0,0,0,0,0,0,0,0,0
slutsky_l,116,23288742,6,0,1,0,2,0,877120,0,109000,0,575000,0
sluzhba,3,838,0,0,0,0,0,0,0,0,0,0,0,0
slv_vca,29,74116,0,0,0,0,0,0,0,0,0,0,0,0
slvn_pomet,2031,197993400,24,0,2,3,1,0,2415500,0,193400,313200,98200,0
sm_vca,9,9126,0,0,0,0,0,0,0,0,0,0,0,0
sm_vkurse,8,7533,0,0,0,0,0,0,0,0,0,0,0,0
smart_courses_me,11,27750,0,0,0,0,0,0,0,0,0,0,0,0
smart_manya,33,373150,0,0,0,0,0,0,0,0,0,0,0,0
smart_regulation,6,6853,0,0,0,0,0,0,0,0,0,0,0,0
smartpress,66,351402,1,0,0,0,0,0,5420,0,0,0,0,0
smbgovaz,17,1704,0,0,0,0,0,0,0,0,0,0,0,0
smdot,19,32764,0,0,0,0,0,0,0,0,0,0,0,0
smela_novosti,14,22910,0,0,0,0,0,0,0,0,0,0,0,0
smeliukov,16,173560,0,0,0,0,0,0,0,0,0,0,0,0
smertvorogy,11,62220,0,0,0,0,0,0,0,0,0,0,0,0
smety,20,35984,0,0,0,0,0,0,0,0,0,0,0,0
smev_news,21,232600,0,0,0,0,0,0,0,0,0,0,0,0
smiKrymsk,12,3097,0,0,0,0,0,0,0,0,0,0,0,0
smi_menzela,3,123,0,0,0,0,0,0,0,0,0,0,0,0
smilejurnali,16,4813,0,0,0,0,0,0,0,0,0,0,0,0
smirn0ff1cez,12,161020,0,0,0,0,0,0,0,0,0,0,0,0
smirusnews,8,6571,0,0,0,0,0,0,0,0,0,0,0,0
smitrich,32,208300,0,0,0,0,0,0,0,0,0,0,0,0
smiuzb,20,379,0,0,0,0,0,0,0,0,0,0,0,0
smoke_zone26,1,145,0,0,0,0,0,0,0,0,0,0,0,0
smoldavankinataganku,1,4390,0,0,0,0,0,0,0,0,0,0,0,0
smolii_ukraine,131,15402500,0,0,0,0,0,0,0,0,0,0,0,0
smolleaks,3,12140,1,0,0,0,0,0,3750,0,0,0,0,0
smolny7,19,8812,0,0,0,0,0,0,0,0,0,0,0,0
smolyak,22,19032,1,0,0,0,0,0,1110,0,0,0,0,0
smotri_bryansk,13,1908,0,0,0,0,0,0,0,0,0,0,0,0
smotri_media,131,724829,1,0,0,0,0,0,5930,0,0,0,0,0
smotri_z,303,3653179,1,0,0,0,1,0,11800,0,0,0,10600,0
smr063,19,13412,0,0,0,0,0,0,0,0,0,0,0,0
smrgrad,24,170410,0,0,0,0,0,0,0,0,0,0,0,0
smshvets,3,674,0,0,0,0,0,0,0,0,0,0,0,0
smuglianka,13,2177,0,0,0,0,0,0,0,0,0,0,0,0
sn01c,14,26748,0,0,0,0,0,0,0,0,0,0,0,0
sn_gazeta,1,212,0,0,0,0,0,0,0,0,0,0,0,0
sn_kz,2,147,0,0,0,0,0,0,0,0,0,0,0,0
sn_ust_labinsk,1,115,0,0,0,0,0,0,0,0,0,0,0,0
snappi,48,564040,0,0,0,0,0,0,0,0,0,0,0,0
snaychannel,29,50326,0,0,0,0,0,0,0,0,0,0,0,0
sncmag,2674,178169198,18,0,0,0,0,0,1226400,0,0,0,0,0
snegbash,2,0,0,0,0,0,0,0,0,0,0,0,0,0
snegiryoff_penza,14,48550,2,0,0,0,0,0,8980,0,0,0,0,0
snegur_kstrm,30,222919,0,0,0,0,0,0,0,0,0,0,0,0
snezha_mrr,11,8696,1,0,0,0,0,0,1050,0,0,0,0,0
snezhnoenews,2,3960,0,0,0,0,0,0,0,0,0,0,0,0
sng_perm,5,34510,0,0,0,0,0,0,0,0,0,0,0,0
snig_news,11,47970,0,0,0,0,0,0,0,0,0,0,0,0
snigyrivka,2,5619,0,0,0,0,0,0,0,0,0,0,0,0
snih_official,11,23950,0,0,0,0,0,0,0,0,0,0,0,0
sniksefly,42,740359,0,0,0,0,0,0,0,0,0,0,0,0
snklive,7,3758,0,0,0,0,0,0,0,0,0,0,0,0
snntv,566,754939,0,0,0,0,0,0,0,0,0,0,0,0
snob_news,18,8238,0,0,0,0,0,0,0,0,0,0,0,0
snobru,43,126461,1,0,0,0,0,0,1510,0,0,0,0,0
snostashkent,10,14340,0,0,0,0,0,0,0,0,0,0,0,0
snovskamr,26,46186,0,0,0,0,0,0,0,0,0,0,0,0
snowu,1,695,0,0,0,0,0,0,0,0,0,0,0,0
snrisrael,9,44440,0,0,0,0,0,0,0,0,0,0,0,0
sntvnews,29,943399,0,0,0,0,0,0,0,0,0,0,0,0
sobaka_ru,39,102543,0,0,0,0,0,0,0,0,0,0,0,0
sobakam,1,2300,0,0,0,0,0,0,0,0,0,0,0,0
sobchak_ru,20,21014,2,0,0,0,0,0,1763,0,0,0,0,0
sobioioi,13,18538,0,0,0,0,0,0,0,0,0,0,0,0
sobirator_ru,16,51050,1,0,0,0,0,0,2480,0,0,0,0,0
sobolevtam,550,29395300,7,0,0,1,0,0,387700,0,0,47800,0,0
sobolevtelergam,40,1266,0,0,0,0,0,0,0,0,0,0,0,0
soc_spb,39,24889,0,0,0,0,0,0,0,0,0,0,0,0
socedinstvo,3199,120079643,90,0,0,12,1,0,3782890,0,0,522400,45700,0
soch01,11,20301,0,0,0,0,0,0,0,0,0,0,0,0
sochi24tv,9,8183,0,0,0,0,0,0,0,0,0,0,0,0
sochi_day,12,47360,0,0,0,0,0,0,0,0,0,0,0,0
sochi_longrid,13,16566,1,0,0,0,0,0,493,0,0,0,0,0
sochi_news_io,22,1719,0,0,0,0,0,0,0,0,0,0,0,0
sochi_podslushano,56,482300,0,0,0,0,0,0,0,0,0,0,0,0
sochi_tipichniy,60,20039,1,0,0,0,0,0,85,0,0,0,0,0
sochi_today,8,55378,0,0,0,0,0,0,0,0,0,0,0,0
sochi_vteme,23,14458,0,0,0,0,0,0,0,0,0,0,0,0
sochitypical,15,33760,0,0,0,0,0,0,0,0,0,0,0,0
social_mos_news,4,5295,0,0,0,0,0,0,0,0,0,0,0,0
socialhope,1,6770,0,0,0,0,0,0,0,0,0,0,0,0
socialistnews,8,8884,2,0,0,0,0,0,2860,0,0,0,0,0
socio_news,29,207048,1,0,0,0,0,0,4610,0,0,0,0,0
socioexpert_01,12,16776,0,0,0,0,0,0,0,0,0,0,0,0
sociopartyy,36,170560,0,0,0,0,0,0,0,0,0,0,0,0
soclifeMO,37,32763,1,0,0,0,0,0,1640,0,0,0,0,0
socnovosti,53,90460,2,0,0,0,0,0,1313,0,0,0,0,0
soda_luv_promo,45,993170,1,0,0,0,0,0,16900,0,0,0,0,0
sofiavige,13,9407,0,0,0,0,0,0,0,0,0,0,0,0
sofochkamoshurachannel,7,11522,0,0,0,0,0,0,0,0,0,0,0,0
softwareengineervlog,34,217500,1,0,0,0,0,0,9410,0,0,0,0,0
sofya_akatyeva,14,187040,0,0,0,0,0,0,0,0,0,0,0,0
sojasimiz,7,60,0,0,0,0,0,0,0,0,0,0,0,0
sokarslidible,1,219,0,0,0,0,0,0,0,0,0,0,0,0
sokirskaya,7,16060,0,0,0,0,0,0,0,0,0,0,0,0
sokolniky,5,850,0,0,0,0,0,0,0,0,0,0,0,0
solarstorm,32,14582,0,0,0,0,0,0,0,0,0,0,0,0
soldiers_truth,3,1030,0,0,0,0,0,0,0,0,0,0,0,0
solenyushi,26,53690,0,0,0,0,0,0,0,0,0,0,0,0
solevayatusa,1,433,0,0,0,0,0,0,0,0,0,0,0,0
soliar_news,25,97670,0,0,0,0,0,0,0,0,0,0,0,0
soliha_ayollarga,16,25294,0,0,0,0,0,0,0,0,0,0,0,0
solitudinemfaciuntpacemappellant,1,768,0,0,0,0,0,0,0,0,0,0,0,0
solmspb,30,73480,4,0,0,0,0,0,12740,0,0,0,0,0
solncevopark24,1,1100,0,0,0,0,0,0,0,0,0,0,0,0
solncevopark_online,1,117,0,0,0,0,0,0,0,0,0,0,0,0
solntsev_dnr,2,0,0,0,0,0,0,0,0,0,0,0,0,0
solo3112,26,11947,0,0,0,0,0,0,0,0,0,0,0,0
solo_ninka,71,685420,0,0,0,0,0,0,0,0,0,0,0,0
solodnikov,25,1289200,0,0,0,0,0,0,0,0,0,0,0,0
solodovnikovia,244,4163826,2,0,0,0,0,0,16042,0,0,0,0,0
solovei_ihor,23,98314,1,0,0,0,0,0,31400,0,0,0,0,0
solovievmiheev,32,29057,0,0,0,0,0,0,0,0,0,0,0,0
soloviovsensible,24,45927,1,0,0,0,0,0,703,0,0,0,0,0
solundar,11,18779,0,0,0,0,0,0,0,0,0,0,0,0
solundar04,222,1821882,1,0,0,0,0,0,8550,0,0,0,0,0
somethinglikekathleen,3,1420,0,0,0,0,0,0,0,0,0,0,0,0
sommerman,12,43229,4,0,0,0,0,0,17000,0,0,0,0,0
somovaanya,14,13140,0,0,0,0,0,0,0,0,0,0,0,0
sonechka_mur_family,3,1741,0,0,0,0,0,0,0,0,0,0,0,0
sonelchentalks,1,437,1,0,0,0,0,0,437,0,0,0,0,0
sonic4g,2,95,0,0,0,0,0,0,0,0,0,0,0,0
sonivanicha,8,9026,0,0,0,0,0,0,0,0,0,0,0,0
sonnnot,11,15386,0,0,0,0,0,0,0,0,0,0,0,0
sonns_playground,6,10844,0,0,0,0,0,0,0,0,0,0,0,0
sonyaaboutcam,19,55620,3,0,0,0,0,0,10770,0,0,0,0,0
sonyakoshkina,45,390050,0,0,0,0,2,0,0,0,0,0,24300,0
sophakuper,48,1695560,1,0,0,0,0,0,55000,0,0,0,0,0
soradenie_rodina,2,126,0,0,0,0,0,0,0,0,0,0,0,0
soranges_channel,25,143710,1,0,0,0,0,0,6300,0,0,0,0,0
sorchies,2,657,0,0,0,0,0,0,0,0,0,0,0,0
sorenae,43,40766,0,0,0,0,0,0,0,0,0,0,0,0
sorok40russia,102,318990,3,0,0,0,0,0,13510,0,0,0,0,0
soroka_40_a,2,6520,0,0,0,0,0,0,0,0,0,0,0,0
soroka_belaya,34,183160,4,0,0,0,0,1,13730,0,0,0,0,1510
soroka_belaya_en,25,44950,0,0,0,0,0,0,0,0,0,0,0,0
sorokalife,371,10643259,2,0,0,0,0,0,56600,0,0,0,0,0
sorokatih,3,302,0,0,0,0,0,0,0,0,0,0,0,0
sorokin_le,2,1666,0,0,0,0,0,0,0,0,0,0,0,0
sorrento72,58,92057,0,0,0,0,0,0,0,0,0,0,0,0
sosedi_altufevo,4,2915,0,0,0,0,0,0,0,0,0,0,0,0
sosedi_ekaterinburg,1,10,0,0,0,0,0,0,0,0,0,0,0,0
sosedi_khamovniki,1,10,0,0,0,0,0,0,0,0,0,0,0,0
sosedi_marfino,1,15,0,0,0,0,0,0,0,0,0,0,0,0
sosedi_otradnoe,10,33740,0,0,0,0,0,0,0,0,0,0,0,0
sosedi_vao,10,3697,0,0,0,0,0,0,0,0,0,0,0,0
soshelsorbiti,3,167,0,0,0,0,0,0,0,0,0,0,0,0
sosiskaland,4,500,0,0,0,0,0,0,0,0,0,0,0,0
soskurakhowo,38,798320,0,0,0,0,0,0,0,0,0,0,0,0
sotaproject,1230,11999133,47,0,1,2,4,0,448689,0,8750,22800,42480,0
sotnikovanika_telegram,25,333410,0,0,0,0,0,0,0,0,0,0,0,0
soundofjolfa,46,72125,0,0,0,0,0,0,0,0,0,0,0,0
soundslikeme,1,335,0,0,0,0,0,0,0,0,0,0,0,0
source_official,4,37,0,0,0,0,0,0,0,0,0,0,0,0
southern_scout,2,3910,0,0,0,0,0,0,0,0,0,0,0,0
southlands,17,44465,0,0,0,0,0,0,0,0,0,0,0,0
southtower,106,3100150,1,0,0,0,0,0,32700,0,0,0,0,0
souzBLOGGEROV,2,20,0,0,0,0,0,0,0,0,0,0,0,0
souzdobrovolets,10,253,0,0,0,0,0,0,0,0,0,0,0,0
sov_chuv,1,125,0,0,0,0,0,0,0,0,0,0,0,0
sovavologda,23,1051,1,0,0,0,0,0,66,0,0,0,0,0
sovbelarussia,29,110667,0,0,0,0,0,0,0,0,0,0,0,0
sovbez95,26,15780,0,0,0,0,0,0,0,0,0,0,0,0
sovest_09,12,163400,0,0,0,0,0,0,0,0,0,0,0,0
sovestdagestana,16,31652,0,0,0,0,0,0,0,0,0,0,0,0
sovet_materey,20,7843,0,0,0,0,0,0,0,0,0,0,0,0
sovetnikvmir,23,19499,0,0,0,0,0,0,0,0,0,0,0,0
sovfedinfo,3,401,0,0,0,0,0,0,0,0,0,0,0,0
sovfedofficial,14,24427,0,0,0,0,0,0,0,0,0,0,0,0
sovgavan,52,48537,0,0,0,0,0,0,0,0,0,0,0,0
sovinformbureau,2,179,0,0,0,0,0,0,0,0,0,0,0,0
sovrodrussia,35,133984,0,0,0,0,0,0,0,0,0,0,0,0
sovsecretno,55,2669,9,0,0,1,1,0,327,0,0,78,62,0
sovsekretnoru,27,9775,2,0,0,0,0,0,885,0,0,0,0,0
sowa_expert,21,9957,0,0,0,0,0,0,0,0,0,0,0,0
soylisem,18,37809,0,0,0,0,0,0,0,0,0,0,0,0
soyuznikii,5,4272,0,0,0,0,0,0,0,0,0,0,0,0
sp_1703,53,458442,0,0,0,0,0,0,0,0,0,0,0,0
spaceoddity2018,5,3221,1,0,0,0,0,0,705,0,0,0,0,0
spainrus,10,278220,0,0,0,0,0,0,0,0,0,0,0,0
spainvlc,41,84921,2,0,0,0,0,0,4250,0,0,0,0,0
spalnyabybi,2,20600,0,0,0,0,0,0,0,0,0,0,0,0
sparkhomenkovoice,40,466540,0,0,0,0,0,0,0,0,0,0,0,0
sparta_md,5,4673,1,0,0,0,0,0,854,0,0,0,0,0
spartanovka_city,27,52267,0,0,0,0,0,0,0,0,0,0,0,0
spasskadmin,16,18981,0,0,0,0,0,0,0,0,0,0,0,0
spb_2day,13,7188,0,0,0,0,0,0,0,0,0,0,0,0
spb_belarus,1,603,0,0,0,0,0,0,0,0,0,0,0,0
spb_gde,394,3398448,8,0,2,0,0,0,74020,0,19390,0,0,0
spb_one,12,27020,0,0,0,0,0,0,0,0,0,0,0,0
spb_realtor,18,17727,0,0,0,0,0,0,0,0,0,0,0,0
spb_time,15,200920,0,0,0,0,0,0,0,0,0,0,0,0
spb_top_news,17,9668,0,0,0,0,0,0,0,0,0,0,0,0
spb_vesna,9,20519,0,0,0,0,0,0,0,0,0,0,0,0
spbafisha,21,26999,0,0,0,0,0,0,0,0,0,0,0,0
spbbiz_channel,1,364,0,0,0,0,0,0,0,0,0,0,0,0
spbchp78,15,99410,0,0,0,0,0,0,0,0,0,0,0,0
spbelect,1,4400,0,0,0,0,0,0,0,0,0,0,0,0
spbgorod,15,23280,1,0,0,0,0,0,1180,0,0,0,0,0
spbgptek,6,735,0,0,0,0,0,0,0,0,0,0,0,0
spblpr,1,662,1,0,0,0,0,0,662,0,0,0,0,0
spbmkru,22,10424,1,0,0,0,0,0,384,0,0,0,0,0
spbpogoda,37,80148,1,0,0,0,0,0,1810,0,0,0,0,0
spbprav,19,20649,0,0,0,0,0,0,0,0,0,0,0,0
speckorrespondent,18,5416,0,0,0,0,0,0,0,0,0,0,0,0
specnazAlpha,18,70901,2,0,0,0,2,0,2400,0,0,0,52300,0
specnaz_com,27,306490,1,0,0,1,0,0,7030,0,0,8830,0,0
specops2022,60,366620,1,0,0,0,0,0,7840,0,0,0,0,0
specopua,158,123651,0,0,0,0,3,0,0,0,0,0,2985,0
specpro,8,5287,0,0,0,0,0,0,0,0,0,0,0,0
speedypatna,17,41120,0,0,0,0,0,0,0,0,0,0,0,0
spilkanews,1,45,0,0,0,0,0,0,0,0,0,0,0,0
spilnasprava_plt,24,16226,0,0,0,0,0,0,0,0,0,0,0,0
spirincheb,20,22233,0,0,0,0,0,0,0,0,0,0,0,0
spiritaest,10,6203,0,0,0,0,0,0,0,0,0,0,0,0
spiryakov,20,156310,1,0,0,0,0,0,2730,0,0,0,0,0
spiter_live,17,28772,0,0,0,0,0,0,0,0,0,0,0,0
spivachuk,2,4970,0,0,0,0,0,0,0,0,0,0,0,0
spletni_tg,1190,99492776,9,0,0,0,0,0,778300,0,0,0,0,0
spletnicca,939,56506498,146,0,5,24,0,1,8640599,0,218300,1486900,0,42900
spletnicia,2,394,0,0,0,0,0,0,0,0,0,0,0,0
spletniryazani,24,210220,0,0,0,0,0,0,0,0,0,0,0,0
spletnnik,38,13923,0,0,0,0,0,0,0,0,0,0,0,0
spoilersbattle,24,185989,0,0,0,0,0,0,0,0,0,0,0,0
spoliaalchat,83,1694976,0,0,0,0,0,0,0,0,0,0,0,0
sponsor_consult,2,0,0,0,0,0,0,0,0,0,0,0,0,0
sponsor_gip,32,76900,1,0,0,0,0,0,2310,0,0,0,0,0
sportsuspilne,20,205850,0,0,0,0,0,0,0,0,0,0,0,0
spottykit,189,6973640,5,0,0,0,0,0,197100,0,0,0,0,0
spotuz,20,67650,0,0,0,0,0,0,0,0,0,0,0,0
spotuz_uz,33,37938,0,0,0,0,0,0,0,0,0,0,0,0
sprava_by,1,2400,0,0,0,0,0,0,0,0,0,0,0,0
spravagromad,13,6453,0,0,0,0,0,0,0,0,0,0,0,0
spravdi,163,608928,9,0,0,0,2,0,26450,0,0,0,7300,0
sproletarky,15,12964,0,0,0,0,0,0,0,0,0,0,0,0
sprotyv_official,58,470431,2,0,0,1,2,0,3245,0,0,2460,7751,0
sputnecenzurat,20,9401,0,0,0,0,0,0,0,0,0,0,0,0
sputnikKZ,13,41383,0,0,0,0,0,0,0,0,0,0,0,0
sputnik_strogino_news,10,19951,0,0,0,0,0,0,0,0,0,0,0,0
sputnikfm107,48,43463,0,0,0,0,0,0,0,0,0,0,0,0
sputnikipogrom,14,56520,0,0,0,0,1,0,0,0,0,0,4970,0
sqwozbab,23,1464300,0,0,0,0,0,0,0,0,0,0,0,0
srach,12,792,0,0,0,0,0,0,0,0,0,0,0,0
srakadupaboys,1,1040,0,0,0,0,0,0,0,0,0,0,0,0
sramotanevk,30,5729,1,0,0,0,0,0,372,0,0,0,0,0
sraqeb_new,37,69917,0,0,0,0,0,0,0,0,0,0,0,0
srbin_rus,3,1393,0,0,0,0,0,0,0,0,0,0,0,0
srbininfotv,2,2400,0,0,0,0,0,0,0,0,0,0,0,0
sreda24,21,34806,1,0,0,0,0,0,1090,0,0,0,0,0
sro_news,29,11083,1,0,0,0,0,0,891,0,0,0,0,0
srochno24,27,14183,0,0,0,0,0,0,0,0,0,0,0,0
srochno_melitopol,33,4443,2,0,0,0,0,0,156,0,0,0,0,0
srochnosport,37,79580,0,0,0,0,0,0,0,0,0,0,0,0
srochnow,5646,293340954,57,0,1,19,2,0,2974700,0,59300,1077100,115900,0
srs_knu,35,139690,0,0,0,0,0,0,0,0,0,0,0,0
srslymedia,8,6181,0,0,0,0,0,0,0,0,0,0,0,0
srznu,15,15619,0,0,0,0,0,0,0,0,0,0,0,0
ssergioniss,1,13700,0,0,0,0,0,0,0,0,0,0,0,0
sshhinnnnnn,1,622,0,0,0,0,0,0,0,0,0,0,0,0
sshtollll,3,2255,0,0,0,0,0,0,0,0,0,0,0,0
ssigny,25219,670290610,271,0,4,32,20,0,7941100,0,108600,891400,588400,0
sskarnaukhov,1529,29273168,52,0,0,0,5,0,1248270,0,0,0,102800,0
sskiffi,9,18530,0,0,0,0,0,0,0,0,0,0,0,0
ssleg,13,8992,0,0,0,0,0,0,0,0,0,0,0,0
sso103ovdbr,1,352,0,0,0,0,0,0,0,0,0,0,0,0
ssonicdashh,9,36519,0,0,0,0,0,0,0,0,0,0,0,0
sssrnod,16,869,0,0,0,0,0,0,0,0,0,0,0,0
sstarovoytov,21,64108,0,0,0,0,0,0,0,0,0,0,0,0
ssternenko,4854,1241889600,59,0,0,16,4,0,15556900,0,0,4102000,851300,0
st_bondarenko,32,366330,1,0,0,0,0,0,5450,0,0,0,0,0
st_ivanovskaya,5,11390,0,0,0,0,0,0,0,0,0,0,0,0
st_varg,32,114642,0,0,0,0,0,0,0,0,0,0,0,0
stachkom,29,17237,4,0,0,0,0,0,2571,0,0,0,0,0
stachkomazota,3,1867,0,0,0,0,0,0,0,0,0,0,0,0
stalevar_info,2,2575,0,0,0,0,0,0,0,0,0,0,0,0
stalin_gulag,82,17618800,0,0,0,0,0,0,0,0,0,0,0,0
stalin_lepra,2,143,0,0,0,0,0,0,0,0,0,0,0,0
standknife,55,5438500,0,0,0,0,0,0,0,0,0,0,0,0
stankznews,14,10987,0,0,0,0,0,0,0,0,0,0,0,0
stanokspace,6,16060,0,0,0,0,0,0,0,0,0,0,0,0
stanovaya,32,1505800,4,0,0,0,0,0,153300,0,0,0,0,0
stanradar,5,179,0,0,0,0,0,0,0,0,0,0,0,0
staraya,420,11292186,9,0,0,0,0,0,217200,0,0,0,0,0
starayagazeta,10,6605,1,0,0,0,0,0,1080,0,0,0,0,0
starfirecodes,4,632,0,0,0,0,0,0,0,0,0,0,0,0
starhitru,89,3390960,0,0,0,0,0,0,0,0,0,0,0,0
stariyOskol_sobitie,42,461141,0,0,0,0,0,0,0,0,0,0,0,0
starostinflix,1,741,0,0,0,0,0,0,0,0,0,0,0,0
stars_web,2,36,0,0,0,0,0,0,0,0,0,0,0,0
starsdustpro,65,445871,0,0,0,0,0,0,0,0,0,0,0,0
starshijpodomu,25,53900,2,0,0,0,0,0,4210,0,0,0,0,0
start_team21,12,17936,0,0,0,0,0,0,0,0,0,0,0,0
startupvillage_sk,14,13616,0,0,0,0,0,0,0,0,0,0,0,0
startyprodazh,9,33420,0,0,0,0,0,0,0,0,0,0,0,0
starukhofficial,4,34130,0,0,0,0,0,0,0,0,0,0,0,0
stashkevichyan,32,83948,0,0,0,0,0,0,0,0,0,0,0,0
stasiamom,33,675700,0,0,0,0,0,0,0,0,0,0,0,0
stasyornik,18,457400,0,0,0,0,0,0,0,0,0,0,0,0
stasyyees,3,657,0,0,0,0,0,0,0,0,0,0,0,0
statistika_rasmiy,20,42656,0,0,0,0,0,0,0,0,0,0,0,0
stav26_stv,31,146450,0,0,0,0,0,0,0,0,0,0,0,0
stavadm1777,1,104,0,0,0,0,0,0,0,0,0,0,0,0
stavkray_izbirkom,15,6781,0,0,0,0,0,0,0,0,0,0,0,0
stavregion_oficial,11,2025,0,0,0,0,0,0,0,0,0,0,0,0
stavropolie26,9,8445,0,0,0,0,0,0,0,0,0,0,0,0
stavropolskiy,9,2212,0,0,0,0,0,0,0,0,0,0,0,0
stavropoltop,9,8939,0,0,0,0,0,0,0,0,0,0,0,0
stavropolye_vibe,1,181,0,0,0,0,0,0,0,0,0,0,0,0
stavugli,34,38102,2,0,0,0,0,0,2535,0,0,0,0,0
stbua,28,60429,0,0,0,0,0,0,0,0,0,0,0,0
steamjournal,5,99,0,0,0,0,0,0,0,0,0,0,0,0
steelmalikov,11,53490,0,0,0,0,0,0,0,0,0,0,0,0
steelstaya,14,600800,0,0,0,0,0,0,0,0,0,0,0,0
steklevko,35,86960,3,0,0,0,0,0,5990,0,0,0,0,0
stenyakina_ep,1,198,0,0,0,0,0,0,0,0,0,0,0,0
stepanov_daniil,31,262050,0,0,0,0,0,0,0,0,0,0,0,0
stepensvobody,27,58960,0,0,0,0,0,0,0,0,0,0,0,0
stepnews_t,7,16240,0,0,0,0,0,0,0,0,0,0,0,0
stepnoy_veter,3,676,0,0,0,0,0,0,0,0,0,0,0,0
sterligoff,9,11800,0,0,0,0,0,0,0,0,0,0,0,0
sterv38,3,939,0,0,0,0,0,0,0,0,0,0,0,0
steshoktg,3,1,0,0,0,0,0,0,0,0,0,0,0,0
steven_bb,393,7725060,18,0,0,2,0,0,358500,0,0,40400,0,0
stkirsch,46,165624,0,0,0,0,0,0,0,0,0,0,0,0
stng_info,3,1701,0,0,0,0,0,0,0,0,0,0,0,0
stodnevka2,19,20718,1,0,0,0,0,0,1640,0,0,0,0,0
stoiknestonet,10,20750,0,0,0,0,0,0,0,0,0,0,0,0
stolcomlive,2,2200,0,0,0,0,0,0,0,0,0,0,0,0
stolica61,1,141,0,0,0,0,0,0,0,0,0,0,0,0
stolica_s,43,101757,0,0,0,0,0,0,0,0,0,0,0,0
stolknovenie,18,396,1,0,0,0,0,0,11,0,0,0,0,0
stolny_msk,45,156721,5,0,0,0,0,0,18200,0,0,0,0,0
stomahin,1,1060,0,0,0,0,0,0,0,0,0,0,0,0
stop_fake_dp,20,172180,0,0,0,0,0,0,0,0,0,0,0,0
stop_msk,2,1525,0,0,0,0,0,0,0,0,0,0,0,0
stop_voina,75,728709,1,0,0,1,1,0,6120,0,0,9140,11000,0
stoparmy,26,274590,3,0,0,0,0,0,34900,0,0,0,0,0
stopbaba,27,1935500,0,0,0,0,0,0,0,0,0,0,0,0
stopbotluka,23,20881,0,0,0,0,0,0,0,0,0,0,0,0
stopcor,22,9144,0,0,0,0,0,0,0,0,0,0,0,0
stopfakepandemic,23,3897,0,0,0,0,0,0,0,0,0,0,0,0
stopshahty,17,28047,0,0,0,0,0,0,0,0,0,0,0,0
stopslito,9,19206,0,0,0,0,0,0,0,0,0,0,0,0
stopthefaggots,3,17200,0,0,0,0,0,0,0,0,0,0,0,0
stopwarlive,5,9920,0,0,0,0,0,0,0,0,0,0,0,0
stories_your,11,6972,0,0,0,0,0,0,0,0,0,0,0,0
storiesofdarkside,1,643,0,0,0,0,0,0,0,0,0,0,0,0
stormdaily,794,8579023,29,0,0,0,0,0,328830,0,0,0,0,0
storymother,52,1616902,0,0,0,0,0,0,0,0,0,0,0,0
storyofailen,11,1649,0,0,0,0,0,0,0,0,0,0,0,0
stoyanov1,11,3788,0,0,0,0,0,0,0,0,0,0,0,0
stplt,17,87740,1,0,0,0,0,0,2260,0,0,0,0,0
str_stream,13,15409,0,0,0,0,0,0,0,0,0,0,0,0
stradaniya,8,5241,0,0,0,0,0,0,0,0,0,0,0,0
strana_official,25,85360,1,0,0,0,0,0,4160,0,0,0,0,0
strana_politika,40,289540,3,0,0,0,0,0,18720,0,0,0,0,0
strana_turma,6,22890,0,0,0,0,0,0,0,0,0,0,0,0
stranafund,7,809,0,0,0,0,0,0,0,0,0,0,0,0
stranaimir,2,2700,1,0,0,0,0,0,1400,0,0,0,0,0
stranaonline,32,35048,0,0,0,0,0,0,0,0,0,0,0,0
stranaos,31,262700,0,0,0,0,0,0,0,0,0,0,0,0
stranaua,11608,1207030129,573,0,5,99,11,4,59084000,0,508500,10643600,1137900,383800
stranaukraine,7018,1766278,59,0,2,31,5,0,16495,0,493,8537,1475,0
stranavvv,88,1006,1,0,0,0,0,0,32,0,0,0,0,0
strangedib,14,34040,0,0,0,0,0,0,0,0,0,0,0,0
stranoved,304,8592301,6,0,0,0,0,0,176600,0,0,0,0,0
strategic_culture,45,135340,0,0,0,0,0,0,0,0,0,0,0,0
stratpol,68,1431940,0,0,0,0,0,0,0,0,0,0,0,0
strazcapoznania,6,5833,0,0,0,0,0,0,0,0,0,0,0,0
strazh_1,1,520,0,0,0,0,0,0,0,0,0,0,0,0
strejnews,12,10777,0,0,0,0,0,0,0,0,0,0,0,0
strelanaz,2,3580,1,0,0,0,0,0,2070,0,0,0,0,0
strelets_molodec,1352,188108831,26,0,0,0,0,0,3734100,0,0,0,0,0
streli_kazbeka,277,7916120,4,0,0,1,0,0,117000,0,0,40900,0,0
strelkovgirkinrf,34,32507,0,0,0,0,0,0,0,0,0,0,0,0
strelkovii,307,56246900,27,0,1,0,2,1,4588100,0,194400,0,277000,215000
stremPunisher,133,904390,7,0,0,0,1,0,53430,0,0,0,7020,0
stremidlowsky,2,189,0,0,0,0,0,0,0,0,0,0,0,0
stremobzorTG,26,67304,1,0,0,0,0,0,2170,0,0,0,0,0
stretch_nadya,15,20319,1,0,0,0,0,0,2310,0,0,0,0,0
strichka_ua,19,14636,0,0,0,0,0,0,0,0,0,0,0,0
strikefund,1,644,0,0,0,0,0,0,0,0,0,0,0,0
strimsuka,2,2357,0,0,0,0,0,0,0,0,0,0,0,0
stringer_donetsk,22,11953,1,0,0,0,0,0,277,0,0,0,0,0
stringernews,214,5135496,2,0,0,0,0,0,48900,0,0,0,0,0
strizhenovaekaterina,11,48460,0,0,0,0,0,0,0,0,0,0,0,0
strnews_online,8,24650,0,0,0,0,0,0,0,0,0,0,0,0
stroevatashaa,37,70100,0,0,0,0,0,0,0,0,0,0,0,0
strogeeno,7,2404,0,0,0,0,0,0,0,0,0,0,0,0
strogino_schukino,23,157150,0,0,0,0,0,0,0,0,0,0,0,0
stroi_mos_ru,19,133550,0,0,0,0,0,0,0,0,0,0,0,0
structuredmag,4,6310,0,0,0,0,0,0,0,0,0,0,0,0
stryabobra,10,196760,0,0,0,0,0,0,0,0,0,0,0,0
stryi_info,14,50410,0,0,0,0,0,0,0,0,0,0,0,0
stryi_rada,21,80276,0,0,0,0,0,0,0,0,0,0,0,0
stryzhak,11,11324,0,0,0,0,0,0,0,0,0,0,0,0
sttupidlife,64,152185,0,0,0,0,0,0,0,0,0,0,0,0
stud_kyiv,1,0,0,0,0,0,0,0,0,0,0,0,0,0
studentbureau,15,15640,0,0,0,0,0,0,0,0,0,0,0,0
studio_67,25,2228,0,0,0,0,0,0,0,0,0,0,0,0
studsovettma,6,8920,0,0,0,0,0,0,0,0,0,0,0,0
stukch,47,75190,3,0,0,1,0,0,4240,0,0,1570,0,0
stupino,36,50516,2,0,0,0,1,0,3300,0,0,0,2100,0
stv_strezh,6,1514,1,0,0,0,0,0,209,0,0,0,0,0
stvstv,73,856288,0,0,0,0,0,0,0,0,0,0,0,0
su2050,114,2418140,14,0,0,0,1,0,289500,0,0,0,41000,0
subb_pon,2,1692,0,0,0,0,0,0,0,0,0,0,0,0
subbotin_online,11,11471,0,0,0,0,0,0,0,0,0,0,0,0
subbotin_ru,29,18671,5,0,0,0,0,0,3849,0,0,0,0,0
subforcherald,4,12700,0,0,0,0,0,0,0,0,0,0,0,0
subnazar,17,77861,0,0,0,0,0,0,0,0,0,0,0,0
suchkitony,36,174627,0,0,0,0,0,0,0,0,0,0,0,0
sudakovss,42,130120,5,0,0,0,0,0,14670,0,0,0,0,0
sudarchnl,44,556250,0,0,0,0,0,0,0,0,0,0,0,0
sueverdem,36,543220,4,0,0,0,0,0,65400,0,0,0,0,0
sufagidragon,13,42509,0,0,0,0,0,0,0,0,0,0,0,0
sugafmx,3,0,0,0,0,0,0,0,0,0,0,0,0,0
sugarfreecharity,10,9469,0,0,0,0,0,0,0,0,0,0,0,0
suisai_sergei_teplykh,2,2400,0,0,0,0,0,0,0,0,0,0,0,0
sukahriz_news1,3,341,0,0,0,0,0,0,0,0,0,0,0,0
sulduz24,114,361856,0,0,0,0,0,0,0,0,0,0,0,0
suleymanov_muhammad88,20,49706,0,0,0,0,0,0,0,0,0,0,0,0
sultanhamzaev,110,9135537,3,0,0,0,0,0,279424,0,0,0,0,0
sumayakhabiba,4,5790,0,0,0,0,0,0,0,0,0,0,0,0
sumchane,3,3098,0,0,0,0,0,0,0,0,0,0,0,0
sumy_2022_ua,696,5004378,8,0,0,0,0,0,52740,0,0,0,0,0
sumyalarmnotifications,16,1745,0,0,0,0,0,0,0,0,0,0,0,0
sumygo,1132,42457690,1,0,0,0,0,0,30700,0,0,0,0,0
sumypost,86,330729,0,0,0,0,0,0,0,0,0,0,0,0
sumyregion,1243,61807231,10,0,0,0,0,0,491100,0,0,0,0,0
sunevonews,27,332780,0,0,0,0,0,0,0,0,0,0,0,0
sunlitkh,42,130219,2,0,0,0,0,0,4850,0,0,0,0,0
sunny_district_official,16,49448,0,0,0,0,0,0,0,0,0,0,0,0
sunnycity78,1,4490,0,0,0,0,0,0,0,0,0,0,0,0
sunshowbiz,21,1624,0,0,0,0,0,0,0,0,0,0,0,0
suntaar_ulus,2,2297,0,0,0,0,0,0,0,0,0,0,0,0
super_mamocka,5,2138,0,0,0,0,0,0,0,0,0,0,0,0
super_ona,1,929,0,0,0,0,0,0,0,0,0,0,0,0
superbrodyagi,50,311530,0,0,0,0,0,0,0,0,0,0,0,0
superdolgov,44,1310420,1,0,0,0,0,0,7310,0,0,0,0,0
superfirsthero,47,186701,0,0,0,0,0,0,0,0,0,0,0,0
supernova_plus,69,2477300,2,0,0,0,0,0,92500,0,0,0,0,0
superpowerru,48,631250,0,0,0,0,0,0,0,0,0,0,0,0
supostus,3,3005,0,0,0,0,0,0,0,0,0,0,0,0
sur22,14,34198,0,0,0,0,0,0,0,0,0,0,0,0
surenakrop,174,4867250,0,0,0,0,0,0,0,0,0,0,0,0
surenasumy,1799,38861530,0,0,0,0,0,0,0,0,0,0,0,0
surf_noise1,592,1953976,11,0,0,1,3,0,67530,0,0,3960,11730,0
surgut_news,2,8,0,0,0,0,0,0,0,0,0,0,0,0
surgutdays,18,29933,0,0,0,0,0,0,0,0,0,0,0,0
surgutneftegaz,14,50741,0,0,0,0,0,0,0,0,0,0,0,0
surovikin3,1,72,0,0,0,0,0,0,0,0,0,0,0,0
sursk,44,508959,0,0,0,1,1,0,0,0,0,8940,8870,0
survival_bias,34,27321,0,0,0,0,0,0,0,0,0,0,0,0
surxonkadastr,4,433,0,0,0,0,0,0,0,0,0,0,0,0
surxonypx,9,9495,0,0,0,0,0,0,0,0,0,0,0,0
susaninudm,2,343,0,0,0,0,0,0,0,0,0,0,0,0
sushkovainna,11,17386,0,0,0,0,0,0,0,0,0,0,0,0
suslovhimki,14,110,0,0,0,0,0,0,0,0,0,0,0,0
suspilne_chernivtsi,15,40790,0,0,0,0,0,0,0,0,0,0,0,0
suspilne_culture,19,96012,0,0,0,0,0,0,0,0,0,0,0,0
suspilne_eurovision_ukraine,7,78230,0,0,0,0,0,0,0,0,0,0,0,0
suspilne_lutsk,18,92230,0,0,0,0,0,0,0,0,0,0,0,0
suspilne_uzhhorod,34,68411,0,0,0,0,0,0,0,0,0,0,0,0
suspilne_vinnytsia,920,13386642,2,0,3,2,1,0,30700,0,45400,33800,20900,0
suspilnecherkasy,693,4940986,73,0,0,0,0,0,465590,0,0,0,0,0
suspilnechernihiv,6213,346110376,3,0,3,4,2,0,176800,0,147300,276700,113200,0
suspilnedonbas,16,9511,0,0,0,0,0,0,0,0,0,0,0,0
suspilnekharkiv,2,670,0,0,0,0,0,0,0,0,0,0,0,0
suspilnekherson,421,3514760,2,0,0,0,0,0,14950,0,0,0,0,0
suspilnekhmelnytskyi,18,17419,0,0,0,0,0,0,0,0,0,0,0,0
suspilnekropyvnytskyi,78,583473,1,0,1,0,0,0,3440,0,7730,0,0,0
suspilnemykolaiv,71,341362,4,0,0,0,0,0,22510,0,0,0,0,0
suspilnenews,7244,433807636,134,1,2,14,6,0,9165400,69000,103400,913700,371600,0
suspilnepoltava,89,1083793,1,0,0,0,0,0,15900,0,0,0,0,0
suspilnerivne,58,257373,1,0,0,0,0,0,5680,0,0,0,0,0
suspilnesumy,463,20552111,1,0,0,0,2,0,94500,0,0,0,47000,0
suspilneternopil,195,387555,25,0,0,0,0,0,50400,0,0,0,0,0
suspilnezaporizhzhya,136,922341,0,0,0,0,0,0,0,0,0,0,0,0
sut_tw,556,9112333,0,0,0,0,0,0,0,0,0,0,0,0
suterTV,34,228520,0,0,0,0,0,0,0,0,0,0,0,0
sutiveshey,9,50570,0,0,0,0,0,0,0,0,0,0,0,0
suvorovskiyzhk,28,119572,0,0,0,0,0,0,0,0,0,0,0,0
sv_lj,2,258,0,0,0,0,0,0,0,0,0,0,0,0
svaoteleg,3,4497,0,0,0,0,0,0,0,0,0,0,0,0
svarschiki,96,5392800,4,0,0,1,0,0,199600,0,0,55400,0,0
svb_news,37,63510,0,0,0,0,0,0,0,0,0,0,0,0
svbezdenezhnykh,16,17226,0,0,0,0,0,0,0,0,0,0,0,0
svbstar,169,781177,2,0,0,0,0,0,7060,0,0,0,0,0
sveta_alexx,17,7101,0,0,0,0,0,0,0,0,0,0,0,0
sveta_belaya_t,1,117,0,0,0,0,0,0,0,0,0,0,0,0
svetaihappy,3,9140,0,0,0,0,0,0,0,0,0,0,0,0
svetasaharok,18,24324,0,0,0,0,0,0,0,0,0,0,0,0
svetasharit,24,29382,1,0,0,0,0,0,1110,0,0,0,0,0
svetlakov77,13,155340,0,0,0,0,0,0,0,0,0,0,0,0
svetlanaincanada,1,628,0,0,0,0,0,0,0,0,0,0,0,0
svetloeutro_Olga,1,631,0,0,0,0,0,0,0,0,0,0,0,0
svetlograd_news,12,12503,0,0,0,0,0,0,0,0,0,0,0,0
svetlovodsk_online,4,389,0,0,0,0,0,0,0,0,0,0,0,0
svetlyi_ar,10,8369,0,0,0,0,0,0,0,0,0,0,0,0
svetofor_nadzor,1,116,0,0,0,0,0,0,0,0,0,0,0,0
svetskaya_hronika,31,54614,0,0,0,0,0,0,0,0,0,0,0,0
svezhesti,621,25496838,12,0,0,0,0,0,619400,0,0,0,0,0
svezhestirus,1,259,0,0,0,0,0,0,0,0,0,0,0,0
svgr_gov_ua,20,25069,0,0,0,0,0,0,0,0,0,0,0,0
sviblovo_babushkinskaya,41,864430,0,0,0,0,0,0,0,0,0,0,0,0
svikmusic,29,239860,0,0,0,0,0,0,0,0,0,0,0,0
sviridovmedia,18,30432,0,0,0,0,0,0,0,0,0,0,0,0
svitbez,32,24497,0,0,0,0,0,0,0,0,0,0,0,0
svitloapp,21,439070,0,0,0,0,0,0,0,0,0,0,0,0
svizhi_novyny,38,7957,0,0,0,0,1,0,0,0,0,0,152,0
svk_vzakone,15,98520,0,0,0,0,0,0,0,0,0,0,0,0
svoboda_radio,675,12200607,23,0,1,0,1,0,418500,0,14600,0,14500,0
svobodadonbass,2,1533,0,0,0,0,0,0,0,0,0,0,0,0
svobodasmi,2,584,0,0,0,0,0,0,0,0,0,0,0,0
svobodik,22,25701,0,0,0,0,0,0,0,0,0,0,0,0
svobodnay_hakasia,4,787,0,0,0,0,0,0,0,0,0,0,0,0
svobodnayabelarus,27,36245,0,1,0,2,0,1,0,861,0,2950,0,1980
svobodnyi_grajdanin,15,5625,0,0,0,0,0,0,0,0,0,0,0,0
svod_z,34,25520,2,0,0,3,0,0,1595,0,0,2204,0,0
svodkIZfronta,77,370422,0,0,0,1,0,0,0,0,0,1390,0,0
svodka138_irk,25,55105,0,0,0,0,0,0,0,0,0,0,0,0
svodka_akipress,26,159216,0,0,0,0,0,0,0,0,0,0,0,0
svodkasayansk,2,4956,0,0,0,0,0,0,0,0,0,0,0,0
svodkaui,13,29358,0,0,0,0,0,0,0,0,0,0,0,0
svodki_donetska,87,109127,1,0,0,0,0,0,1730,0,0,0,0,0
svodkidpr,4,0,0,0,0,0,0,0,0,0,0,0,0,0
svoem,20,339,1,0,0,0,0,0,19,0,0,0,0,0
svoetv,7,1905,0,0,0,0,0,0,0,0,0,0,0,0
svoiKR,2271,228281050,11,0,1,4,0,0,990900,0,90100,394900,0,0
svoicity,15,2251,0,0,0,0,0,0,0,0,0,0,0,0
svoikhnebrosaem_khv,24,7909,0,0,0,0,0,0,0,0,0,0,0,0
svop_ru,20,8535,0,0,0,0,0,0,0,0,0,0,0,0
svpressaru,150,74927,6,0,0,0,0,0,3837,0,0,0,0,0
svr_general,33,60663,0,0,0,0,0,0,0,0,0,0,0,0
svrgnpub,17,20428,0,0,0,0,0,0,0,0,0,0,0,0
svstpl,25,467690,0,0,0,0,0,0,0,0,0,0,0,0
svtvnews,189,5651370,7,0,0,1,0,0,205600,0,0,7200,0,0
swedenofficial,15,56950,0,0,0,0,0,0,0,0,0,0,0,0
swodki,21381,508403874,562,1,16,99,77,5,13291590,27300,381600,2473500,1831800,93900
sychewa,19,52660,0,0,0,0,0,0,0,0,0,0,0,0
sydneyfreedomrallyupdates,25,11856,0,0,0,0,0,0,0,0,0,0,0,0
syg_ma,35,72279,5,0,0,0,0,0,9570,0,0,0,0,0
syiroejkina,12,17770,2,0,0,0,0,0,2960,0,0,0,0,0
syktyvkar01,3,3030,0,0,0,0,0,0,0,0,0,0,0,0
syktyvkar_sluh,49,621800,1,0,0,0,0,0,10100,0,0,0,0,0
syktyvkar_sobitie,49,625000,0,0,0,0,0,0,0,0,0,0,0,0
symchyshyn_oleksandr,7,5072,0,0,0,0,0,0,0,0,0,0,0,0
syndica_7tape,11,9371,0,0,0,0,0,0,0,0,0,0,0,0
syndiegram,10,9727,0,0,0,0,0,0,0,0,0,0,0,0
synegubov,1057,39186390,17,0,0,1,0,0,411000,0,0,18500,0,0
syrenaKP,1,0,0,0,0,0,0,0,0,0,0,0,0,0
syrenasvmtgr,28,61950,0,0,0,0,0,0,0,0,0,0,0,0
syretski_sady,2,9740,0,0,0,0,0,0,0,0,0,0,0,0
syriantube,69,305828,0,0,0,0,0,0,0,0,0,0,0,0
syrymitkulov,9,28580,0,0,0,0,0,0,0,0,0,0,0,0
system108,10,20108,0,0,0,0,0,0,0,0,0,0,0,0
sytayatvar,4,4017,0,0,0,0,0,0,0,0,0,0,0,0
sytosokrata,38,3780400,7,0,0,1,0,1,659460,0,0,110000,0,6880
syzran_sluh,49,650200,0,0,0,0,0,0,0,0,0,0,0,0
syzran_sobitie,48,622700,0,0,0,0,0,0,0,0,0,0,0,0
syzransmall,22,25999,0,0,0,0,0,0,0,0,0,0,0,0
sz_eilmeldungen,6,2505,0,0,0,0,0,0,0,0,0,0,0,0
szagatin,5,6900,0,0,0,0,0,0,0,0,0,0,0,0
szao_telega,2,3664,0,0,0,0,0,0,0,0,0,0,0,0
szaoinsider,8,9288,0,0,0,0,0,0,0,0,0,0,0,0
szfo_media,15,11856,1,0,0,0,0,0,994,0,0,0,0,0
szhgtl,9,12340,0,0,0,0,0,0,0,0,0,0,0,0
t1500tasvir,13,540000,0,0,0,0,0,0,0,0,0,0,0,0
t2xtwitch,38,6966100,0,0,0,0,0,0,0,0,0,0,0,0
t_borisov,14,49668,0,0,0,0,0,0,0,0,0,0,0,0
t_khabarovsk,49,18707,0,0,0,0,0,0,0,0,0,0,0,0
t_merula,39,70852,5,0,0,0,0,0,13030,0,0,0,0,0
taaleshestan,14,3623,0,0,0,0,0,0,0,0,0,0,0,0
taamaagootchi,1,0,0,0,0,0,0,0,0,0,0,0,0,0
tabrizeman,197,483748,0,0,0,0,0,0,0,0,0,0,0,0
tacinskaya,14,4904,0,0,0,0,0,0,0,0,0,0,0,0
tactialjewchannel,14,23959,2,0,0,0,0,0,3110,0,0,0,0,0
tactical_z,18,231840,0,0,0,0,0,0,0,0,0,0,0,0
tacticalnecktie,582,383256,67,0,1,0,1,0,49969,0,446,0,669,0
tadza,41,443110,0,0,0,0,0,0,0,0,0,0,0,0
taedilife,23,393780,0,0,0,0,0,0,0,0,0,0,0,0
taerstream,20,63220,0,0,0,0,0,0,0,0,0,0,0,0
taftish_uz,46,155348,0,0,0,0,0,0,0,0,0,0,0,0
taganrog,15,23616,0,0,0,0,0,0,0,0,0,0,0,0
taganrog_161ru,2,2900,0,0,0,0,0,0,0,0,0,0,0,0
taganrog_online,18,3144,0,0,0,0,0,0,0,0,0,0,0,0
taganrog_sluh,50,448480,0,0,0,0,0,0,0,0,0,0,0,0
taganrog_sobitie,49,624900,0,0,0,0,0,0,0,0,0,0,0,0
taganrogonline,14,32312,0,0,0,0,0,0,0,0,0,0,0,0
tage_neew,134,228090,0,0,0,0,0,0,0,0,0,0,0,0
tagesschau24,110,148416,0,0,0,0,0,0,0,0,0,0,0,0
tagesspiegel_de,18,56,0,0,0,0,0,0,0,0,0,0,0,0
taghaviniaa,44,200812,0,0,0,0,0,0,0,0,0,0,0,0
tagilcityru,11,5943,1,0,0,0,0,0,511,0,0,0,0,0
taglitfamily,14,4303,0,0,0,0,0,0,0,0,0,0,0,0
tagpravda,1,9,0,0,0,0,0,0,0,0,0,0,0,0
taigapost,2,383,0,0,0,0,0,0,0,0,0,0,0,0
taimurzin_oleksii,18,737300,1,0,0,0,0,0,19100,0,0,0,0,0
taisia_sss,7,41740,0,0,0,0,0,0,0,0,0,0,0,0
taj_report,2,1679,0,0,0,0,0,0,0,0,0,0,0,0
takbeermedia,4,9850,0,0,0,0,0,0,0,0,0,0,0,0
takiedela,15,30263,0,0,0,0,0,0,0,0,0,0,0,0
takoy_vartovsk,13,1216,0,0,0,0,0,0,0,0,0,0,0,0
takpobedimsvz,47,64917,1,0,0,0,0,0,2200,0,0,0,0,0
taksebeyarik,22,151420,0,0,0,0,0,0,0,0,0,0,0,0
taktoda,6,2853,0,0,0,0,0,0,0,0,0,0,0,0
talenastewardess,27,147730,0,0,0,0,0,0,0,0,0,0,0,0
talipovonline,5,3883,0,0,0,0,0,0,0,0,0,0,0,0
talkauthentic,3,774,1,0,0,0,0,0,430,0,0,0,0,0
talkingmarina,12,11728,0,0,0,0,0,0,0,0,0,0,0,0
tambimasaev07,19,192880,0,0,0,0,0,0,0,0,0,0,0,0
tambov_obl,7,694,0,0,0,0,0,0,0,0,0,0,0,0
tambovstories,35,280009,0,0,0,0,0,0,0,0,0,0,0,0
tamirlantotelega,21,917,0,0,0,0,0,0,0,0,0,0,0,0
tandemdvoe,25,54697,2,0,0,0,0,0,6550,0,0,0,0,0
tania_vlasova_virshi,18,34220,0,0,0,0,0,0,0,0,0,0,0,0
tanibeloved_channel,77,11356264,0,0,0,0,0,0,0,0,0,0,0,0
tanirandtyomcha,13,34670,0,0,0,0,0,0,0,0,0,0,0,0
tankies,16,25221,2,0,0,0,0,0,2320,0,0,0,0,0
tanya_adams,20,165020,0,0,0,0,0,0,0,0,0,0,0,0
tanya_and_me,23,33026,1,0,0,0,0,0,2230,0,0,0,0,0
tanya_derzhits,78,1447220,0,0,0,0,0,0,0,0,0,0,0,0
tanya_f,48,393820,0,0,0,0,0,0,0,0,0,0,0,0
tanya_velsveys,15,2640,0,0,0,0,0,0,0,0,0,0,0,0
tanyadobri,9,1563,0,0,0,0,0,0,0,0,0,0,0,0
tanyamonster,16,36417,0,0,0,0,0,0,0,0,0,0,0,0
tanyaobydnyah,9,35400,0,0,0,0,0,0,0,0,0,0,0,0
tanyaoprostom,10,15032,0,0,0,0,0,0,0,0,0,0,0,0
taplinkfeed,4,51210,0,0,0,0,0,0,0,0,0,0,0,0
tapoboma,59,682849,0,0,0,0,0,0,0,0,0,0,0,0
tapublic,25,167280,0,0,0,0,0,0,0,0,0,0,0,0
tarakanovo,23,12434,0,0,0,0,0,0,0,0,0,0,0,0
taraktash,2,316,0,0,0,0,0,0,0,0,0,0,0,0
taramaaa,2,978,0,0,0,0,0,0,0,0,0,0,0,0
tarascha2022,16,45504,0,0,0,0,0,0,0,0,0,0,0,0
tarasov_anton_sergeevich,3,615,0,0,0,0,0,0,0,0,0,0,0,0
taraspovidomlyae,156,2382898,0,0,0,0,0,0,0,0,0,0,0,0
tarebhtoday,137,51646,0,0,0,0,0,0,0,0,0,0,0,0
target_batler,2,504,0,0,0,0,0,0,0,0,0,0,0,0
tarik_news,10,146350,0,0,0,0,0,0,0,0,0,0,0,0
tarik_nezalejko,63,1896145,0,0,0,0,0,0,0,0,0,0,0,0
tarknews,84,59419,0,0,0,0,0,0,0,0,0,0,0,0
tarnkappe,20,29567,0,0,0,0,0,0,0,0,0,0,0,0
tarnopil,83,986190,0,0,0,0,0,0,0,0,0,0,0,0
tarnovita,9,56510,0,0,0,0,0,0,0,0,0,0,0,0
tarrelko,18,132492,0,0,0,0,0,0,0,0,0,0,0,0
tasha_mulyar_kanal,14,64450,0,0,0,0,0,0,0,0,0,0,0,0
tashatale,16,186790,1,0,0,0,0,0,4810,0,0,0,0,0
tashkent_segodnya,30,360590,0,0,0,0,0,0,0,0,0,0,0,0
taskira13,3,748,0,0,0,0,0,0,0,0,0,0,0,0
tasnimplus,194,1063364,0,0,0,0,0,0,0,0,0,0,0,0
tasogare_no_aji,3,2819,0,0,0,0,0,0,0,0,0,0,0,0
tass_agency,24322,1670038302,175,0,0,15,3,0,11879900,0,0,1186500,205600,0
tatar_estrada,21,85659,0,0,0,0,0,0,0,0,0,0,0,0
tatarkafm1,29,124702,0,0,0,0,0,0,0,0,0,0,0,0
tatarkatatarka,19,46827,0,0,0,0,0,0,0,0,0,0,0,0
tatarstan_da,1,58100,0,0,0,0,0,0,0,0,0,0,0,0
tatarstan_republic,66,889167,0,0,0,0,0,0,0,0,0,0,0,0
tatarstanza,16,6168,0,0,0,0,0,0,0,0,0,0,0,0
tatartoday,14,13644,0,0,0,0,0,0,0,0,0,0,0,0
tatiLIFE16,3,17940,0,0,0,0,0,0,0,0,0,0,0,0
tatiana_paris,5,23660,0,0,0,0,0,0,0,0,0,0,0,0
tatianamelnik777,30,147040,1,0,0,0,0,0,6790,0,0,0,0,0
tatianavitusheva,3,1547,0,0,0,0,0,0,0,0,0,0,0,0
tatianich_bands,18,42255,0,0,0,0,0,0,0,0,0,0,0,0
tatipetrishcheva17,21,347170,0,0,0,0,0,0,0,0,0,0,0,0
tatlersheroine,225,9099320,0,0,0,0,0,0,0,0,0,0,0,0
tatmediaofficial,158,448448,4,0,0,0,0,0,11890,0,0,0,0,0
tatmediaofftop,3,0,0,0,0,0,0,0,0,0,0,0,0,0
tatneft_telegram,5,8723,0,0,0,0,0,0,0,0,0,0,0,0
tatnewstatar,17,27487,0,0,0,0,0,0,0,0,0,0,0,0
tatparkinfo,13,34470,0,0,0,0,0,0,0,0,0,0,0,0
tatpvo,2,89,0,0,0,0,0,0,0,0,0,0,0,0
tatsianabibik,5,15502,0,0,0,0,0,0,0,0,0,0,0,0
tatti_surkova,2,145,0,0,0,0,0,0,0,0,0,0,0,0
tatyanarodinausa,25,7708,0,0,0,0,0,0,0,0,0,0,0,0
taumos,15,29129,1,0,0,0,0,0,1490,0,0,0,0,0
taungpawtharchannel,18,55742,0,0,0,0,0,0,0,0,0,0,0,0
tavri,17,4008,0,0,0,0,0,0,0,0,0,0,0,0
taxology_russia,7,17150,1,0,0,0,0,0,2510,0,0,0,0,0
taygaprival,21,5271,0,0,0,0,0,0,0,0,0,0,0,0
taymazov_artur,14,14457,0,0,0,0,0,0,0,0,0,0,0,0
taynayave4erya,35,618580,0,0,0,0,0,0,0,0,0,0,0,0
tayni_deputata,10,43985,0,0,0,0,0,0,0,0,0,0,0,0
tayni_op,31,10514,2,0,0,0,0,0,547,0,0,0,0,0
tayniyuzbek,54,22671,0,0,0,0,1,0,0,0,0,0,576,0
tazKlimawandel,15,3233,0,0,0,0,0,0,0,0,0,0,0,0
tazakhurmatunewsnetwork,7,5520,0,0,0,0,0,0,0,0,0,0,0,0
tb_news93,5,6260,0,0,0,0,0,0,0,0,0,0,0,0
tbalykkyz,11,3439,0,0,0,0,0,0,0,0,0,0,0,0
tbcc_renovation,6,31460,0,0,0,0,0,0,0,0,0,0,0,0
tcellpublic,21,83463,0,0,0,0,0,0,0,0,0,0,0,0
tcneglinnaya,5,1935,0,0,0,0,0,0,0,0,0,0,0,0
tdzyadko,72,720150,4,0,0,0,0,0,21030,0,0,0,0,0
te_online_ru,3,638,0,0,0,0,0,0,0,0,0,0,0,0
tea_channel,13,31330,0,0,0,0,0,0,0,0,0,0,0,0
team_milov,50,704580,2,0,0,0,0,0,34800,0,0,0,0,0
teamerlin,7,7755,0,0,0,0,0,0,0,0,0,0,0,0
teamnavalny,453,7102069,11,0,1,0,0,0,179900,0,15700,0,0,0
teatrvz,27,238780,0,0,0,0,0,0,0,0,0,0,0,0
tebianonline,20,43270,0,0,0,0,0,0,0,0,0,0,0,0
tec_peresvet1,12,480,0,0,0,0,0,0,0,0,0,0,0,0
technikus_news,95,190775,0,0,0,0,0,0,0,0,0,0,0,0
techno_fog,17,706800,0,0,0,0,0,0,0,0,0,0,0,0
technomixnews,2,1060,0,0,0,0,0,0,0,0,0,0,0,0
technomowj,13,1451,0,0,0,0,0,0,0,0,0,0,0,0
tegadi,3,5550,0,0,0,0,0,0,0,0,0,0,0,0
tegtwi,2,105,0,0,0,0,0,0,0,0,0,0,0,0
tehnologismi,16,3790,0,0,0,0,0,0,0,0,0,0,0,0
tehnolozhka,5,37280,0,0,0,0,0,0,0,0,0,0,0,0
tehran_tel,108,143660,0,0,0,0,0,0,0,0,0,0,0,0
tekso_mood,3,1328,0,0,0,0,0,0,0,0,0,0,0,0
tekstilshik_dn,19,43348,0,0,0,0,0,0,0,0,0,0,0,0
tekstilshiky,12,1766,0,0,0,0,0,0,0,0,0,0,0,0
telangor_ir,12,14353,0,0,0,0,0,0,0,0,0,0,0,0
tele1haberler,1,0,0,0,0,0,0,0,0,0,0,0,0,0
teleAGE,12,106670,0,0,0,0,0,0,0,0,0,0,0,0
tele_eve,3487,234854626,141,0,0,3,0,0,9959199,0,0,160800,0,0
teleact54,949,57933669,11,0,0,0,0,0,601400,0,0,0,0,0
telecholloSP,10,1495,0,0,0,0,0,0,0,0,0,0,0,0
telecommunal,37,453760,1,0,0,0,0,0,12600,0,0,0,0,0
telefonbazzar_uz,28,32234,0,0,0,0,0,0,0,0,0,0,0,0
telefutboll,3,252,0,0,0,0,0,0,0,0,0,0,0,0
telega_slame,12,31988,0,0,0,0,0,0,0,0,0,0,0,0
telega_tver,13,16077,0,0,0,0,0,0,0,0,0,0,0,0
telega_vladivostok,63,1010680,2,0,0,0,0,0,40900,0,0,0,0,0
telegamera,2,570,0,0,0,0,0,0,0,0,0,0,0,0
telegasbones,11,19135,0,0,0,0,0,0,0,0,0,0,0,0
telegraf_kremenchuk,57,343119,1,0,0,0,0,0,4030,0,0,0,0,0
telek_telek,23,132310,1,0,0,0,0,0,5220,0,0,0,0,0
telekartatv,4,32840,0,0,0,0,0,0,0,0,0,0,0,0
telekudrovo,8,18096,0,0,0,0,0,0,0,0,0,0,0,0
telelug,107,1681570,3,0,1,0,0,0,52500,0,15700,0,0,0
telemiks,27,44398,1,0,0,0,0,0,893,0,0,0,0,0
teleobuh,1,1320,0,0,0,0,0,0,0,0,0,0,0,0
telerzd,36,485790,0,0,0,0,0,0,0,0,0,0,0,0
telesurve,183,354988,0,0,0,0,0,0,0,0,0,0,0,0
telgramgoharbaran,10,5612,0,0,0,0,0,0,0,0,0,0,0,0
telurisme,50,161032,0,0,0,0,0,0,0,0,0,0,0,0
tem_uz,5,6620,0,0,0,0,0,0,0,0,0,0,0,0
temny_nikolaev,31,97280,1,0,0,0,0,0,3750,0,0,0,0,0
temruk_info,27,193460,0,0,0,1,0,0,0,0,0,6320,0,0
temryuknews,2,1675,0,0,0,0,0,0,0,0,0,0,0,0
temshik09,14,2751,0,0,0,0,0,0,0,0,0,0,0,0
temurazam,7,9400,0,0,0,0,0,0,0,0,0,0,0,0
temurbek_adhamov,36,294230,0,0,0,0,0,0,0,0,0,0,0,0
temurpoyonovv,6,829,0,0,0,0,0,0,0,0,0,0,0,0
ten_s_u,1,168,0,0,0,0,0,0,0,0,0,0,0,0
tenewter,308,694769,5,0,1,0,2,0,9550,0,2550,0,3880,0
tenge_42500,1,0,0,0,0,0,0,0,0,0,0,0,0,0
tengri_kz,15,13807,0,0,0,0,0,0,0,0,0,0,0,0
tengrialmaty,2,1933,0,0,0,0,0,0,0,0,0,0,0,0
tengriastana,17,61313,0,0,0,0,0,0,0,0,0,0,0,0
tengrinews,1192,49646605,15,0,0,0,0,0,578500,0,0,0,0,0
tengrinewsaz,18,405,0,0,0,0,0,0,0,0,0,0,0,0
tennertalk,38,17890,0,0,0,0,0,0,0,0,0,0,0,0
tentangrasakuuuu,8,1730,0,0,0,0,0,0,0,0,0,0,0,0
tenyujin_ty,36,269310,0,0,0,0,0,0,0,0,0,0,0,0
tepertak,5,2116,1,0,0,0,0,0,393,0,0,0,0,0
terebovlya_city,21,73980,0,0,0,0,0,0,0,0,0,0,0,0
terem_teremok,15,32881,0,0,0,0,0,0,0,0,0,0,0,0
terevkov,14,41600,3,0,0,0,0,0,10490,0,0,0,0,0
tergov_uz,7,14215,0,0,0,0,0,0,0,0,0,0,0,0
terletskayalive,17,164700,0,0,0,0,0,0,0,0,0,0,0,0
ternopil0352,19,9483,0,0,1,0,0,0,0,0,629,0,0,0
ternopil_best,10,445,0,0,0,0,0,0,0,0,0,0,0,0
ternopilskaODA,35,86978,1,0,0,0,0,0,1430,0,0,0,0,0
ternopolnovosty,3,6380,0,0,0,0,0,0,0,0,0,0,0,0
terny_kr,26,216346,0,0,0,0,0,0,0,0,0,0,0,0
teroboronazakrapatya,3,1993,0,0,0,0,0,0,0,0,0,0,0,0
terobupt,22,37200,0,0,0,0,0,0,0,0,0,0,0,0
terr73,2,1762,0,0,0,0,0,0,0,0,0,0,0,0
terrabrasilnoticias1,97,23985,0,0,0,0,0,0,0,0,0,0,0,0
terrafreedom,4,14000,0,0,0,0,0,0,0,0,0,0,0,0
terrikony_donbassa,80,90258,2,0,0,0,0,0,2019,0,0,0,0,0
terrorystibelarusi,1,2230,0,0,0,0,0,0,0,0,0,0,0,0
terrupr,77,1994640,1,0,0,0,0,0,26000,0,0,0,0,0
tertuliasliberales,54,22143,0,0,0,0,0,0,0,0,0,0,0,0
tesak_all_videos,33,253455,0,0,0,0,0,0,0,0,0,0,0,0
teslond1,45,10282260,0,0,0,0,0,0,0,0,0,0,0,0
teterdinko,5,230,0,0,0,0,0,0,0,0,0,0,0,0
tethis,53,489670,1,0,0,0,0,0,11300,0,0,0,0,0
teti_mind,22,57495,0,0,0,0,0,0,0,0,0,0,0,0
tetkino,15,17528,0,0,0,0,0,0,0,0,0,0,0,0
tetyamotya,17,168200,0,0,0,0,0,0,0,0,0,0,0,0
tevosdorch,1,169,0,0,0,0,0,0,0,0,0,0,0,0
texekatvakanshtab,20,79110,0,0,0,0,0,0,0,0,0,0,0,0
texnoplov,29,188990,0,0,0,0,0,0,0,0,0,0,0,0
text2img,2,11440,0,0,0,0,0,0,0,0,0,0,0,0
textyorgua,30,102960,1,1,0,0,0,0,4320,4320,0,0,0,0
tezkor24_xabarla,1643,25408328,1,0,0,0,0,0,11400,0,0,0,0,0
tezkor24official,4579,247809296,0,0,0,0,0,0,0,0,0,0,0,0
tezkor_andijon_axboroti,16,1340,0,0,0,0,0,0,0,0,0,0,0,0
tezkor_uz_yangiliklar,199,88212,0,0,0,0,0,0,0,0,0,0,0,0
tezkor_xabarlar_kun_yangiliklar,38,74577,0,0,0,0,0,0,0,0,0,0,0,0
tezkorozbekiston,4489,302870228,0,0,0,0,0,0,0,0,0,0,0,0
tg_blogprava,40,55589,5,0,0,1,0,0,6263,0,0,1080,0,0
tg_oracle,9,1037,0,0,0,0,0,0,0,0,0,0,0,0
tg_vo,10,14688,0,0,0,0,0,0,0,0,0,0,0,0
tgmbelgorod,18,3115,0,0,0,0,0,0,0,0,0,0,0,0
tgnews_ua,205,957584,1,0,2,0,0,0,6750,0,11890,0,0,0
tgrostovnadonu,2,60,0,0,0,0,0,0,0,0,0,0,0,0
tgrussia,83,683180,3,0,0,0,0,0,15040,0,0,0,0,0
tgvaluyki,7,12616,0,0,0,0,0,0,0,0,0,0,0,0
th3le0tg,27,21305000,0,0,0,0,0,0,0,0,0,0,0,0
thathydrponicbloke,3,1619,0,0,0,0,0,0,0,0,0,0,0,0
thayninga,6,1312,0,0,0,0,0,0,0,0,0,0,0,0
the186,4,2194,0,0,0,0,0,0,0,0,0,0,0,0
theEuropeanUnion,4,1400,0,0,0,0,0,0,0,0,0,0,0,0
theRamenki,3,3870,0,0,0,0,0,0,0,0,0,0,0,0
the_Buddha,11,15744,1,0,0,0,0,0,1430,0,0,0,0,0
the_Right_People,88,240596,0,0,0,0,0,0,0,0,0,0,0,0
the_bakiroo,46,826350,0,0,0,0,0,0,0,0,0,0,0,0
the_cesko,7,39590,0,0,0,0,0,0,0,0,0,0,0,0
the_chmonya,23,13746,1,0,0,0,0,0,597,0,0,0,0,0
the_diletant,2,1903,0,0,0,0,0,0,0,0,0,0,0,0
the_last_channel,75,123743,1,0,0,0,0,0,1300,0,0,0,0,0
the_nesya,27,128534,0,0,0,0,0,0,0,0,0,0,0,0
the_politic,21,1301,0,0,0,0,0,0,0,0,0,0,0,0
the_same_zov,15,25640,0,0,0,0,0,0,0,0,0,0,0,0
the_steppe,12,5879,0,0,0,0,0,0,0,0,0,0,0,0
the_story_of_0,3,1489,0,0,0,0,0,0,0,0,0,0,0,0
the_yana_poplavskaya,44,2127110,0,0,0,0,2,0,0,0,0,0,71600,0
thebell_io,549,10049510,38,0,0,2,0,0,804300,0,0,22800,0,0
thebestalkash,3,9010,0,0,0,0,0,0,0,0,0,0,0,0
theblueprintnews,40,199360,1,0,0,0,0,0,1400,0,0,0,0,0
theboyzupdates,6,2779,0,0,0,0,0,0,0,0,0,0,0,0
thebuchacity,33,75226,0,0,0,0,0,0,0,0,0,0,0,0
thebugged,41,60462,1,0,0,0,0,0,1140,0,0,0,0,0
thebulbaa,19,4636,0,0,0,0,0,0,0,0,0,0,0,0
thecablook,41,131,0,0,0,0,0,0,0,0,0,0,0,0
thecored,19,576,0,0,0,0,0,0,0,0,0,0,0,0
thedailyprophet,43,193030,5,0,0,0,0,0,20400,0,0,0,0,0
thedeadphilologist,6,6301,0,0,0,0,0,0,0,0,0,0,0,0
thedreamgarden,129,710690,5,0,0,0,0,0,28350,0,0,0,0,0
theelpik,1,945,0,0,0,0,0,0,0,0,0,0,0,0
thefjk,6,364900,0,0,0,0,0,0,0,0,0,0,0,0
thegerberslife,28,6216,0,0,0,0,0,0,0,0,0,0,0,0
thegoldenone,38,89281,0,0,0,0,0,0,0,0,0,0,0,0
thegorod,3,2531,0,0,0,0,0,0,0,0,0,0,0,0
thegraschenkov,75,4026310,10,0,0,0,0,0,455450,0,0,0,0,0
thehandofthekremlin,125,410096,4,0,0,0,2,0,15890,0,0,0,1966,0
thehegemonist,3,2852,0,0,0,0,0,0,0,0,0,0,0,0
thehouseofcelebs,63,1211830,0,0,0,0,0,0,0,0,0,0,0,0
theinitiumnews,23,14954,0,0,0,0,0,0,0,0,0,0,0,0
theinsider,828,17635611,25,0,0,2,2,0,540401,0,0,27900,45900,0
theironmask,1,252,0,0,0,0,0,0,0,0,0,0,0,0
theirrawaddy,69,304210,0,0,0,0,0,0,0,0,0,0,0,0
theizzyzombiez,3,3300,0,0,0,0,0,0,0,0,0,0,0,0
thekateawakening,24,43645,0,0,0,0,0,0,0,0,0,0,0,0
thekhimki,20,43948,0,0,0,0,0,0,0,0,0,0,0,0
thelaurenchen,8,46430,0,0,0,0,0,0,0,0,0,0,0,0
thelede,25,58907,0,0,0,0,0,0,0,0,0,0,0,0
thelizasays,13,69480,0,0,0,0,0,0,0,0,0,0,0,0
themaah,85,261553,0,0,0,0,0,0,0,0,0,0,0,0
themackers,12,54450,0,0,0,0,0,0,0,0,0,0,0,0
themcfiles,35,16041,0,0,0,0,0,0,0,0,0,0,0,0
themedia,40,41729,2,0,0,0,0,0,1708,0,0,0,0,0
themitrokhin,33,21534,0,0,0,0,0,0,0,0,0,0,0,0
themixology,6,6115,0,0,0,0,0,0,0,0,0,0,0,0
themoscowdailynews,45,629500,1,0,0,0,0,0,15200,0,0,0,0,0
thenenovosti,15,13550,3,0,0,0,0,0,2429,0,0,0,0,0
thenewsbelgorod,31,107881,0,0,0,0,0,0,0,0,0,0,0,0
thenewslens,12,34290,0,0,0,0,0,0,0,0,0,0,0,0
thenewtimes,39,51605,0,0,0,0,0,0,0,0,0,0,0,0
theothertver,1,1670,0,0,0,0,0,0,0,0,0,0,0,0
thepeoplesrevolution,20,32411,0,0,0,0,0,0,0,0,0,0,0,0
thephnompenhpost,28,27423,0,0,0,0,0,0,0,0,0,0,0,0
therashn,3,199,0,0,0,0,0,0,0,0,0,0,0,0
therecanbeonly1,34,316960,0,0,0,0,0,0,0,0,0,0,0,0
therisemusic,2,754,0,0,0,0,0,0,0,0,0,0,0,0
thesis11site,23,219659,0,0,0,0,0,0,0,0,0,0,0,0
thestint,61,5596500,1,0,0,0,0,0,48100,0,0,0,0,0
thesunandherflowerss,3,2181,0,0,0,0,0,0,0,0,0,0,0,0
thesymbolru,10,33332,0,0,0,0,0,0,0,0,0,0,0,0
thetruthsignal,18,20945,0,0,0,0,0,0,0,0,0,0,0,0
thevelvetdust_360p,14,7221,0,0,0,0,0,0,0,0,0,0,0,0
thevoiseofthecity,20,8898,0,0,0,0,0,0,0,0,0,0,0,0
thewhitespace,19,32249,0,0,0,0,0,0,0,0,0,0,0,0
thewwarsaw,13,46698,0,0,0,0,0,0,0,0,0,0,0,0
theyforcedme,2,26900,0,0,0,0,0,0,0,0,0,0,0,0
thingstodosg,26,210670,0,0,0,0,0,0,0,0,0,0,0,0
thinktankces,19,80680,1,0,0,0,0,0,29800,0,0,0,0,0
thisisnative,31,139940,0,0,0,0,0,0,0,0,0,0,0,0
thisminsk,42,148832,2,0,0,0,0,0,11100,0,0,0,0,0
thomasmr4zzz,12,36260,0,0,0,0,0,0,0,0,0,0,0,0
thoughts8692,4,0,0,0,0,0,0,0,0,0,0,0,0,0
thuletide,28,180960,0,0,0,0,0,0,0,0,0,0,0,0
thynk,30,235380,0,0,0,0,0,0,0,0,0,0,0,0
ti_russia,37,147169,2,0,0,0,0,0,1634,0,0,0,0,0
tiahnybok,27,136108,2,0,0,0,2,0,25070,0,0,0,15799,0
tigran_salibekovv,56,647365,0,0,0,0,0,0,0,0,0,0,0,0
tigrenok_tv,19,5398,0,0,0,0,0,0,0,0,0,0,0,0
tikandelaki,623,70298445,7,0,0,0,0,0,1169900,0,0,0,0,0
tikhonovapolina,3,74,0,0,0,0,0,0,0,0,0,0,0,0
tikhonovichme,18,23493,0,0,0,0,0,0,0,0,0,0,0,0
tiktokaddiss,3,3870,0,0,0,0,0,0,0,0,0,0,0,0
tikuswere,20,6622,0,0,0,0,0,0,0,0,0,0,0,0
tikvahethiopia,2706,750495600,0,0,0,0,0,0,0,0,0,0,0,0
tikvahethmagazine,812,23271809,0,0,0,0,0,0,0,0,0,0,0,0
tim_news,5,6432,0,0,0,0,0,0,0,0,0,0,0,0
tima_maconi,48,185129,0,0,0,0,0,0,0,0,0,0,0,0
timaischetsvet,1,2600,0,0,0,0,0,0,0,0,0,0,0,0
timanpechora,1,34,0,0,0,0,0,0,0,0,0,0,0,0
timbitess,25,358560,1,0,0,0,0,0,19900,0,0,0,0,0
time_zaman,11,412299,0,0,0,0,0,0,0,0,0,0,0,0
times001,331,1016081,0,0,0,0,0,0,0,0,0,0,0,0
times_officialuz,86,439067,0,0,0,0,0,0,0,0,0,0,0,0
timesindonesia,14,20944,0,0,0,0,0,0,0,0,0,0,0,0
timgorunovich,29,227840,0,0,0,0,0,0,0,0,0,0,0,0
timkadyrovvv,3,46320,0,0,0,0,0,0,0,0,0,0,0,0
timmkellner,1180,79245067,0,0,0,0,0,0,0,0,0,0,0,0
timofei_v,19,160972,1,0,0,0,0,0,13400,0,0,0,0,0
timourgazi,26,91044,1,0,0,0,0,0,2380,0,0,0,0,0
timsorokin1,1,3100,0,0,0,0,0,0,0,0,0,0,0,0
timstory,2,1070,0,0,0,0,0,0,0,0,0,0,0,0
timurchicago,25,19985,0,0,0,0,0,0,0,0,0,0,0,0
timurgusaev,11,3331,0,0,0,0,0,0,0,0,0,0,0,0
tinakarolofficial,19,123800,0,0,0,0,0,0,0,0,0,0,0,0
tinao_mos,6,11262,0,0,0,0,0,0,0,0,0,0,0,0
tinao_top,228,1823488,0,0,0,0,0,0,0,0,0,0,0,0
tinderellalive,27,41886,1,0,0,0,0,0,2860,0,0,0,0,0
tineodnaru,7,2533,0,0,0,0,0,0,0,0,0,0,0,0
tinycrazy,18,276850,0,0,0,0,0,0,0,0,0,0,0,0
tinyukov,45,750060,0,0,0,0,0,0,0,0,0,0,0,0
tip_enakievo,10,11989,0,0,0,0,0,0,0,0,0,0,0,0
tipherson,10,358,0,0,0,0,0,0,0,0,0,0,0,0
tipical32,32,192470,0,0,0,0,0,0,0,0,0,0,0,0
tipical_klintsy,10,5573,0,0,0,0,0,0,0,0,0,0,0,0
tipical_krasnodar,15,10549,0,0,0,0,0,0,0,0,0,0,0,0
tipich_apsheronsk,15,25587,0,0,0,0,0,0,0,0,0,0,0,0
tipich_kislovodck_oficial,18,65280,0,0,0,0,0,0,0,0,0,0,0,0
tipich_kursk,11,97690,0,0,0,0,0,0,0,0,0,0,0,0
tipichenem,8,13123,0,0,0,0,0,0,0,0,0,0,0,0
tipichkras,846,10460387,4,0,0,1,0,0,39149,0,0,8650,0,0
tipichnaya_kanevskaya,1,1500,0,0,0,0,0,0,0,0,0,0,0,0
tipichniy_izum,17,51010,0,0,0,0,0,0,0,0,0,0,0,0
tipichniypodolsk,16,23239,0,0,0,0,0,0,0,0,0,0,0,0
tipichnoe_xtz,443,11693230,0,0,0,0,0,0,0,0,0,0,0,0
tipichnyipesochin,24,92670,0,0,0,0,0,0,0,0,0,0,0,0
tipichyidzhankoi,1,0,0,0,0,0,0,0,0,0,0,0,0,0
tipkhimki,20,195180,0,0,0,0,0,0,0,0,0,0,0,0
tipkonst,70,1314560,0,0,0,0,0,0,0,0,0,0,0,0
tiplobnya1,30,141190,0,0,0,0,0,0,0,0,0,0,0,0
tipmal1402,1,167,0,0,0,0,0,0,0,0,0,0,0,0
tipove_rivne,51,485637,0,0,0,0,0,0,0,0,0,0,0,0
tippavl,9,790,0,0,0,0,0,0,0,0,0,0,0,0
tiraxturnew,1638,9636362,0,0,0,0,0,0,0,0,0,0,0,0
tired_bartender,20,82813,0,0,0,0,0,0,0,0,0,0,0,0
titoremon,7,129,0,0,0,0,0,0,0,0,0,0,0,0
titre1_iir,22,1010,0,0,0,0,0,0,0,0,0,0,0,0
tk_group,7,1157,0,0,0,0,0,0,0,0,0,0,0,0
tk_krd,5,1617,0,0,0,0,0,0,0,0,0,0,0,0
tkgorodbratsk,35,10986,0,0,0,0,0,0,0,0,0,0,0,0
tkillah,42,290040,0,0,0,0,0,0,0,0,0,0,0,0
tkovila,15,18157,0,0,0,0,0,0,0,0,0,0,0,0
tlinia,1,29,0,0,0,0,0,0,0,0,0,0,0,0
tlknewsua,7023,919196571,2,0,0,0,0,0,303000,0,0,0,0,0
tltvip,36,664121,0,0,0,0,0,0,0,0,0,0,0,0
tmelnychuk,19,64030,0,0,0,0,0,0,0,0,0,0,0,0
tmn_bgregion72,11,3971,0,0,0,0,1,0,0,0,0,0,212,0
tmn_incident,36,72952,2,0,0,0,0,0,7900,0,0,0,0,0
tn_tula,40,85191,0,0,0,0,0,0,0,0,0,0,0,0
tobewoman,28,43313,0,0,0,0,0,0,0,0,0,0,0,0
tobtt,54,349240,1,0,0,0,0,0,10300,0,0,0,0,0
tochka_65,390,8084081,16,0,0,0,0,0,375960,0,0,0,0,0
tochka_Gmail,32,13773,5,0,0,0,0,0,1629,0,0,0,0,0
tochkaby,14,32355,0,0,0,0,0,0,0,0,0,0,0,0
tochkapress,24,1508,0,0,0,0,0,0,0,0,0,0,0,0
tochno_st,2,23800,0,0,0,0,0,0,0,0,0,0,0,0
todarabisha,1,0,0,0,0,0,0,0,0,0,0,0,0,0
today_kzn,168,342932,0,0,0,0,0,0,0,0,0,0,0,0
today_nn,63,748277,1,0,0,0,0,0,5920,0,0,0,0,0
today_smr,4,840,0,0,0,0,0,0,0,0,0,0,0,0
todayinindia,12,546,0,0,0,0,0,0,0,0,0,0,0,0
todaykhv,7,3303,0,0,0,0,0,0,0,0,0,0,0,0
todayonlinesg,28,478100,0,0,0,0,0,0,0,0,0,0,0,0
todo2go,10,20030,1,0,0,0,0,0,1760,0,0,0,0,0
todonoticias,39,1123299,0,0,0,0,0,0,0,0,0,0,0,0
todorenkoregina,253,7442960,4,0,0,0,0,0,96900,0,0,0,0,0
tofarganhkabar,11,12047,0,0,0,0,0,0,0,0,0,0,0,0
togarma301,48,366140,1,0,0,0,1,0,5270,0,0,0,17600,0
tohhhta,10,10733,0,0,0,0,0,0,0,0,0,0,0,0
tohiddenn,28,687490,1,0,0,0,0,0,18600,0,0,0,0,0
tojikiston_news,26,8921,0,0,0,0,0,0,0,0,0,0,0,0
tokanamd,13,20739,0,0,0,0,0,0,0,0,0,0,0,0
tokioshow,5,550,0,0,0,0,0,0,0,0,0,0,0,0
toktpok,15,84540,0,0,0,0,0,0,0,0,0,0,0,0
tolerantfellowgram,2,0,0,0,0,0,0,0,0,0,0,0,0,0
tolevskiy,19,11394,1,0,0,0,0,0,591,0,0,0,0,0
tolikbaran,1,1270,0,0,0,0,0,0,0,0,0,0,0,0
tolk_tolk,164,3822940,10,0,0,0,0,0,224900,0,0,0,0,0
tolkacheva_katya_kanal,7,16,0,0,0,0,0,0,0,0,0,0,0,0
tolknews,72,166033,1,0,0,0,0,0,869,0,0,0,0,0
tololommoZK,9,123770,1,0,0,0,0,0,17000,0,0,0,0,0
toluebam,40,42054,0,0,0,0,0,0,0,0,0,0,0,0
tomaefremova,10,78360,0,0,0,0,0,0,0,0,0,0,0,0
tomenko_news,7,2200,0,0,0,0,0,0,0,0,0,0,0,0
tommychongofficial,5,8340,0,0,0,0,0,0,0,0,0,0,0,0
tomnayaa,12,103830,0,0,0,0,0,0,0,0,0,0,0,0
tomsk_incident,47,200700,2,0,0,0,0,0,4440,0,0,0,0,0
tomsk_novosti,17,18119,0,0,0,0,0,0,0,0,0,0,0,0
tomsk_region,1,0,0,0,0,0,0,0,0,0,0,0,0,0
tomsk_region70,720,35837675,11,0,0,0,0,0,581600,0,0,0,0,0
tomsknews,11,41480,0,0,0,0,0,0,0,0,0,0,0,0
tomskpolit,32,67940,1,0,0,0,0,0,2280,0,0,0,0,0
tomskregionadmin,17,20989,0,0,0,0,0,0,0,0,0,0,0,0
tomvandendriessche,2,1858,0,0,0,0,0,0,0,0,0,0,0,0
tonya_krut_life,30,532700,0,0,0,0,0,0,0,0,0,0,0,0
tooseriousnotes,7,22610,0,0,0,0,0,0,0,0,0,0,0,0
top_anime_news,39,910210,0,0,0,0,0,0,0,0,0,0,0,0
top_of_the_hill,3,44,0,0,0,0,0,0,0,0,0,0,0,0
topapopa,153,22354800,0,0,0,0,0,0,0,0,0,0,0,0
topenergyua,19,27681,1,0,0,0,0,0,1230,0,0,0,0,0
topgear360,27,3198,0,0,0,0,0,0,0,0,0,0,0,0
topgun_spb,61,638370,0,0,0,0,0,0,0,0,0,0,0,0
topkapkan,13,35380,0,0,0,0,0,0,0,0,0,0,0,0
topmoscowvideo,17,7320,0,0,0,0,0,0,0,0,0,0,0,0
topnews_at,20,8215,0,0,0,0,0,0,0,0,0,0,0,0
topobzornawb,3,402,0,0,0,0,0,0,0,0,0,0,0,0
topoffertenerd,20,9896,0,0,0,0,0,0,0,0,0,0,0,0
topor_livee,16,69100,1,0,0,0,0,0,2650,0,0,0,0,0
topornewz,76,29591,0,0,0,0,0,0,0,0,0,0,0,0
topspb_tv,60,85068,0,0,0,0,0,0,0,0,0,0,0,0
toptraderschan,3,1873,0,0,0,0,0,0,0,0,0,0,0,0
toptygin43,2,1500,0,0,0,0,0,0,0,0,0,0,0,0
topwar_official,471,11456310,10,0,0,1,0,0,269300,0,0,29200,0,0
toraqorgon_24,47,15753,0,0,0,0,0,0,0,0,0,0,0,0
torbathnews,25,11846,0,0,0,0,0,0,0,0,0,0,0,0
torbatweather,21,14443,0,0,0,0,0,0,0,0,0,0,0,0
torifox25officialtori,40,251340,0,0,0,0,0,0,0,0,0,0,0,0
torkmanmirasi,21,9594,0,0,0,0,0,0,0,0,0,0,0,0
torknd,29,296650,0,0,0,0,0,0,0,0,0,0,0,0
torontotv,824,22543770,12,0,0,3,3,0,340600,0,0,82300,55500,0
torprim,18,50100,0,0,0,0,0,0,0,0,0,0,0,0
torshina_e,10,36310,0,0,0,0,0,0,0,0,0,0,0,0
toshifting,19,50812,0,0,0,0,0,0,0,0,0,0,0,0
toshkent_bojxonasi,1,75,0,0,0,0,0,0,0,0,0,0,0,0
toshkentviladliya,6,895,0,0,0,0,0,0,0,0,0,0,0,0
toshonlayn,1,0,0,0,0,0,0,0,0,0,0,0,0,0
toshvilpressa,5,9360,0,0,0,0,0,0,0,0,0,0,0,0
tot_iam_jeanmichel,26,44927,0,0,0,0,0,0,0,0,0,0,0,0
tourdom,91,1208000,0,0,0,0,0,0,0,0,0,0,0,0
tovarish_levchenko,3,6630,0,0,0,0,0,0,0,0,0,0,0,0
tovgeneral,17,154859,1,0,0,0,1,0,7220,0,0,0,8080,0
towergroupagency,14,16488,1,0,0,0,0,0,1620,0,0,0,0,0
town1703,133,2262310,1,0,0,0,0,0,22400,0,0,0,0,0
town62,3,8460,0,0,0,0,0,0,0,0,0,0,0,0
toxic_familly,3,1942,0,0,0,0,0,0,0,0,0,0,0,0
toyama_tokanava,28,385470,0,0,0,0,0,0,0,0,0,0,0,0
tozkhv,11,142,0,0,0,0,0,0,0,0,0,0,0,0
tp_mlt,13,18595,0,0,0,0,0,0,0,0,0,0,0,0
tpnik,970,10110018,8,0,0,0,0,0,85220,0,0,0,0,0
tpolit,20,10131,1,0,0,0,0,0,652,0,0,0,0,0
tpshev_zp,13,80560,0,0,0,0,0,0,0,0,0,0,0,0
tr_ru,17,20323,0,0,0,0,0,0,0,0,0,0,0,0
tr_ryazan,1,6530,0,0,0,0,0,0,0,0,0,0,0,0
tra_da_via_he,830,1044641,0,0,0,0,0,0,0,0,0,0,0,0
tractorfm,3,1346,0,0,0,0,0,0,0,0,0,0,0,0
training_space,12,9780,1,0,0,0,0,0,789,0,0,0,0,0
transneftofficial,23,155986,0,0,0,0,0,0,0,0,0,0,0,0
transportal_news,37,12969,2,0,0,1,0,0,1078,0,0,371,0,0
transportmedia,28,39000,0,0,0,0,0,0,0,0,0,0,0,0
traphokage1337,32,50923,0,0,0,0,0,0,0,0,0,0,0,0
trapmoryak,24,391300,0,0,0,0,0,0,0,0,0,0,0,0
traptalksss,2,32800,0,0,0,0,0,0,0,0,0,0,0,0
trash_channel1,3,2136,0,0,0,0,0,0,0,0,0,0,0,0
trashblin,13,434900,0,0,0,0,0,0,0,0,0,0,0,0
trashikrinzh,4,2316,0,0,0,0,0,0,0,0,0,0,0,0
trashnews29,2,3810,0,0,0,0,0,0,0,0,0,0,0,0
travel2youNews,29,52352,0,0,0,0,0,0,0,0,0,0,0,0
trendsaudi,46,93572,0,0,0,0,0,0,0,0,0,0,0,0
trenerksenia,19,53341,0,0,0,0,0,0,0,0,0,0,0,0
trepangdv_exclusive,10,3073,0,0,0,0,0,0,0,0,0,0,0,0
tres_mamas_notes,7,17530,0,0,0,0,0,0,0,0,0,0,0,0
tretyakoleksandr,36,405460,1,0,0,0,0,0,11800,0,0,0,0,0
tretyakov_n,25,345767,1,0,0,0,2,0,9090,0,0,0,8970,0
tretyakovaele,67,14991600,2,0,0,0,0,0,474000,0,0,0,0,0
trevoga_ukr,20,8527,0,0,0,0,0,0,0,0,0,0,0,0
tribunahabana,45,79592,0,0,0,0,0,0,0,0,0,0,0,0
tribunusplebis,2,23,0,0,0,0,0,0,0,0,0,0,0,0
trifonov,3,1823,0,0,0,0,0,0,0,0,0,0,0,0
trikofuko,28,29246,0,0,0,0,0,0,0,0,0,0,0,0
trilopati,12,14624,1,0,0,0,0,0,1070,0,0,0,0,0
tripleffpm,7,14269,0,0,0,0,0,0,0,0,0,0,0,0
trips_for_ukr,26,290180,0,0,0,0,0,0,0,0,0,0,0,0
tripsteps,16,11781,0,0,0,0,0,0,0,0,0,0,0,0
trk7ru,57,42923,0,0,0,0,0,0,0,0,0,0,0,0
trkluch,11,8345,0,0,0,0,0,0,0,0,0,0,0,0
trkmart,36,27404,0,0,0,0,0,0,0,0,0,0,0,0
tro229,12,9502,0,0,0,0,0,0,0,0,0,0,0,0
trobavovna,53,524689,5,0,0,0,2,0,52899,0,0,0,19570,0
trodriguez_official,16,42980,0,0,0,0,1,0,0,0,0,0,2990,0
trofimovonline,11,115620,0,0,0,0,0,0,0,0,0,0,0,0
trogonklon,6,2000,1,0,0,0,0,0,441,0,0,0,0,0
troickiy_moscow,54,844790,0,0,0,0,0,0,0,0,0,0,0,0
troitsk_channel,15,192200,0,0,0,0,0,0,0,0,0,0,0,0
troitsk_city,2,3066,0,0,0,0,0,0,0,0,0,0,0,0
trolluz,120,5697500,0,0,0,0,0,0,0,0,0,0,0,0
troposorelznaki,30,2575,0,0,0,0,0,0,0,0,0,0,0,0
trsch,26,73094,0,0,0,0,0,0,0,0,0,0,0,0
trtnarusskom,79,517333,2,0,0,0,0,0,10130,0,0,0,0,0
truckingdispatchers,1,1050,0,0,0,0,0,0,0,0,0,0,0,0
trud_pedagoga,16,8822,0,0,0,0,0,0,0,0,0,0,0,0
trudolubov,4,0,0,0,0,0,0,0,0,0,0,0,0,0
trudovoyrezerv,6,49070,0,0,0,0,0,0,0,0,0,0,0,0
trueKherson,36,66663,0,0,0,0,0,0,0,0,0,0,0,0
true_piter,1130,66762890,1,0,0,2,0,0,78400,0,0,155800,0,0
true_prof_preobr,2,33300,0,0,0,0,0,0,0,0,0,0,0,0
true_tavrika,1,360,0,0,0,0,0,0,0,0,0,0,0,0
truebitchland,16,25997,0,0,0,0,0,0,0,0,0,0,0,0
truebulgakov,3,1287,0,0,0,0,0,0,0,0,0,0,0,0
truefeminist,18,24540,1,0,0,0,0,0,1360,0,0,0,0,0
truehabarovsk,60,419198,3,0,0,0,0,0,19990,0,0,0,0,0
truekpru,4744,194307399,126,0,0,7,3,0,4884120,0,0,246400,47400,0
truekpru63,3,1437,0,0,0,0,0,0,0,0,0,0,0,0
truelaputin,24,32950,0,0,0,0,0,0,0,0,0,0,0,0
truemamed,14,45660,0,0,0,0,0,0,0,0,0,0,0,0
trueman09,18,245880,0,0,0,0,0,0,0,0,0,0,0,0
truemisha,3,7140,0,0,0,0,0,0,0,0,0,0,0,0
trueneva,23,68549,0,0,0,0,0,0,0,0,0,0,0,0
truenewsrealpeople,38,90259,0,0,0,0,0,0,0,0,0,0,0,0
trueolen,49,15292000,2,0,0,2,0,0,599000,0,0,622000,0,0
truepolinews,46,328982,5,0,0,0,0,0,24428,0,0,0,0,0
truestorykz,36,86411,0,0,0,0,0,0,0,0,0,0,0,0
truestorymedia,34,57467,0,0,0,0,0,0,0,0,0,0,0,0
truexa_lviv,27,39579,0,0,0,0,0,0,0,0,0,0,0,0
truexakharkiv,5164,853840093,4,0,0,16,2,0,589800,0,0,2819000,335500,0
truexakropivnicky,799,36602419,0,0,0,0,0,0,0,0,0,0,0,0
truexanewsua,13056,9365824397,211,0,6,67,13,0,146348998,0,3994400,49707000,10123100,0
truexanewsua_ru,104,527777,7,0,0,0,0,0,27540,0,0,0,0,0
truexanikolaev,284,6990399,1,0,0,0,0,0,25100,0,0,0,0,0
truexapoltava,2401,225763980,3,0,4,5,0,0,229300,0,321200,480300,0,0
truexaternopil,3,6271,0,0,0,0,0,0,0,0,0,0,0,0
truexaxmelnitskyy,45,62127,0,0,0,0,0,0,0,0,0,0,0,0
truexazaporozie,2784,231699142,1,0,1,6,0,0,81800,0,84000,572200,0,0
trumpetnews1,20,49190,0,0,0,0,0,0,0,0,0,0,0,0
truskavetsofficial,12,25040,0,0,0,0,0,0,0,0,0,0,0,0
truth_aggregator,178,2438246,3,0,0,0,0,0,46100,0,0,0,0,0
truvoganmr,47,526650,0,0,0,0,0,0,0,0,0,0,0,0
truxa_ukraina,1,204,0,0,0,0,0,0,0,0,0,0,0,0
trybunabrovary,1774,21586629,57,0,0,0,0,0,671820,0,0,0,0,0
tryvoga_chomu,5621,336250192,3,0,0,12,0,0,134030,0,0,773100,0,0
ts_ftm1,8,17860,0,0,0,0,0,0,0,0,0,0,0,0
tsarichankagroadasirena,1,26,0,0,0,0,0,0,0,0,0,0,0,0
tsarkrest,23,84521,1,0,0,0,0,0,138,0,0,0,0,0
tsarofkazan,18,22786,2,0,0,0,0,0,2046,0,0,0,0,0
tsarov_m,91,3440,8,0,0,0,0,0,480,0,0,0,0,0
tsechoev,2,29,0,0,0,0,0,0,0,0,0,0,0,0
tsehakron,32,81170,0,0,0,0,0,0,0,0,0,0,0,0
tselnozor,13,3035,0,0,0,0,0,0,0,0,0,0,0,0
tsibulya_ua,18,76070,1,0,0,0,0,0,2210,0,0,0,0,0
tsikhanouskaya,19,54700,0,0,0,0,0,0,0,0,0,0,0,0
tsiskaridzenews,41,1227760,0,0,0,0,0,0,0,0,0,0,0,0
tsivilev_live,3,120,0,0,0,0,0,0,0,0,0,0,0,0
tskaeva,1,244,0,0,0,0,0,0,0,0,0,0,0,0
tsrn35,15,426,0,0,0,0,0,0,0,0,0,0,0,0
tssevastopol,1,0,0,0,0,0,0,0,0,0,0,0,0,0
tsug_mkala,17,6523,0,0,0,0,0,0,0,0,0,0,0,0
tsum6,29,60349,2,0,0,0,0,0,2540,0,0,0,0,0
tsur25,2,293,0,0,0,0,0,0,0,0,0,0,0,0
tsur49,1,1630,0,0,0,0,0,0,0,0,0,0,0,0
tsurofficial,22,25114,0,0,0,0,0,0,0,0,0,0,0,0
tsvtiraspol,94,756408,0,0,0,0,0,0,0,0,0,0,0,0
tswsave,19,14769,0,0,0,0,0,0,0,0,0,0,0,0
tsyhankou,16,16549,0,0,0,0,0,0,0,0,0,0,0,0
tsymlyanskaya,6,15800,0,0,0,0,0,0,0,0,0,0,0,0
ttambyl,45,121152,1,0,0,0,0,0,4170,0,0,0,0,0
ttepllotta,11,3911,0,0,0,0,0,0,0,0,0,0,0,0
ttrstnnws,12,6103,0,0,0,0,0,0,0,0,0,0,0,0
tttswiss,2,2130,0,0,0,0,0,0,0,0,0,0,0,0
ttypicalkrd,12,11452,1,0,0,0,0,0,460,0,0,0,0,0
tuapse_com,5,8664,0,0,0,0,0,0,0,0,0,0,0,0
tuckercarlsonchannel,38,232610,0,0,0,0,0,0,0,0,0,0,0,0
tugan_bara,2,0,0,0,0,0,0,0,0,0,0,0,0,0
tula_la,6,551,0,0,0,0,0,0,0,0,0,0,0,0
tula_tula,18,15303,0,0,0,0,0,0,0,0,0,0,0,0
tularegion71,17,44982,0,0,0,0,0,0,0,0,0,0,0,0
tulatop,38,240503,0,0,0,0,0,0,0,0,0,0,0,0
tulazest,27,587950,0,0,0,0,0,0,0,0,0,0,0,0
tulpressa,25,23155,0,0,0,0,0,0,0,0,0,0,0,0
tumanconspirolog,23,50774,2,0,0,0,0,0,6130,0,0,0,0,0
tumen_CHP,23,89949,1,0,0,0,0,0,3030,0,0,0,0,0
tumenjtop,28,251008,0,0,0,0,0,0,0,0,0,0,0,0
tumenka,26,21992,1,0,0,0,1,0,2080,0,0,0,580,0
tumenonline,35,73008,0,0,0,0,0,0,0,0,0,0,0,0
tumkafamily,45,2914000,0,0,0,0,0,0,0,0,0,0,0,0
tunka24,15,42780,0,0,0,0,0,0,0,0,0,0,0,0
tunka_online,20,8145,0,0,0,0,0,0,0,0,0,0,0,0
tupireport,14,29315,0,0,0,0,0,0,0,0,0,0,0,0
tupobatya,24,379590,0,0,0,0,0,0,0,0,0,0,0,0
tupolexa,31,389890,0,0,0,0,0,0,0,0,0,0,0,0
turalkerimov,1,1000,0,0,1,0,0,0,0,0,1000,0,0,0
turan_express,13,19707,1,0,0,0,0,0,2140,0,0,0,0,0
turchak_andrey,6,15757,0,0,0,0,0,0,0,0,0,0,0,0
turgunovs_blog,7,460,0,0,0,0,0,0,0,0,0,0,0,0
turkey_sb,4,104980,0,0,0,0,0,0,0,0,0,0,0,0
turkeyabout,78,248034,3,0,0,0,0,0,6370,0,0,0,0,0
turkiyadagiyoshlar,10,23618,0,0,0,0,0,0,0,0,0,0,0,0
turkiyegazetesicomtr,24,9329,0,0,0,0,0,0,0,0,0,0,0,0
turknws,15,16350,1,0,0,0,0,0,1440,0,0,0,0,0
turkwahtarab,24,25720,0,0,0,0,0,0,0,0,0,0,0,0
turon_24_7,25,13940,0,0,0,0,0,0,0,0,0,0,0,0
turtkulhokim_uz,11,7065,0,0,0,0,0,0,0,0,0,0,0,0
tushino_mitino,23,160140,0,0,0,0,0,0,0,0,0,0,0,0
tushinoru,10,6820,0,0,0,0,0,0,0,0,0,0,0,0
tusovochk,38,561280,0,0,0,0,0,0,0,0,0,0,0,0
tut_leninkent,7,5862,0,0,0,0,0,0,0,0,0,0,0,0
tutdagestan_05,98,4079100,0,0,0,0,0,0,0,0,0,0,0,0
tutizberbash,4,393,0,0,0,0,0,0,0,0,0,0,0,0
tutkavkaz05,1,304,0,0,0,0,0,0,0,0,0,0,0,0
tutoririn,1,168,0,0,0,0,0,0,0,0,0,0,0,0
tuttatut,33,130852,0,0,0,0,0,0,0,0,0,0,0,0
tuvaunofficially,13,67500,0,0,0,0,0,0,0,0,0,0,0,0
tuxoxo,6,33570,0,0,0,0,0,0,0,0,0,0,0,0
tv0e_rivne,383,4188463,7,0,0,0,1,0,75390,0,0,0,45500,0
tv11ua,29,23946,0,0,0,0,0,0,0,0,0,0,0,0
tv12nizhneudinsk,5,14386,0,0,0,0,0,0,0,0,0,0,0,0
tv1_odesa,1,22,0,0,0,0,0,0,0,0,0,0,0,0
tv1irib_sima,1103,4141047,0,0,0,0,0,0,0,0,0,0,0,0
tv2news1,9,11180,0,0,0,0,0,0,0,0,0,0,0,0
tv360,5684,97466082,112,0,0,4,3,0,2227030,0,0,78600,33590,0
tv5ru,51,31735,2,0,0,0,0,0,1217,0,0,0,0,0
tv7mrpl,12,2504,1,0,0,0,0,0,208,0,0,0,0,0
tv_freedom,106,603388,3,0,0,0,0,0,17960,0,0,0,0,0
tv_nnt,9,14640,0,0,0,0,0,0,0,0,0,0,0,0
tv_osa,39,62108,0,0,0,0,0,0,0,0,0,0,0,0
tv_pmr,14,8482,0,0,0,0,0,0,0,0,0,0,0,0
tvari_po_pare,186,7475270,1,0,0,0,0,0,43500,0,0,0,0,0
tvavrora,5,1754,0,0,0,0,0,0,0,0,0,0,0,0
tvcplusofficial,17,7510,1,0,0,0,0,0,467,0,0,0,0,0
tvcrimea24,114,959880,1,0,0,0,0,0,11200,0,0,0,0,0
tvdno,560,14724282,10,0,0,0,0,0,233270,0,0,0,0,0
tver_proofs,7,1064,0,0,0,0,0,0,0,0,0,0,0,0
tverdream,2,19180,0,0,0,0,0,0,0,0,0,0,0,0
tverdynya,1,76,0,0,0,0,0,0,0,0,0,0,0,0
tverigrad_news,20,18366,0,0,0,0,0,0,0,0,0,0,0,0
tverskey,37,258230,0,0,0,0,0,0,0,0,0,0,0,0
tviib,37,104526,0,0,0,0,0,0,0,0,0,0,0,0
tvimpulse,9,4066,0,0,0,0,0,0,0,0,0,0,0,0
tvjihad,223,10661710,1,0,0,0,1,0,45300,0,0,0,46500,0
tvkad,1,529,0,0,0,0,0,0,0,0,0,0,0,0
tvknew,493,7317133,8,0,0,0,0,0,122600,0,0,0,0,0
tvmtmonline,4,526,0,0,0,0,0,0,0,0,0,0,0,0
tvoe_orehovozuevo,43,129181,0,0,0,0,0,0,0,0,0,0,0,0
tvoe_v_v,49,688750,0,0,0,0,0,0,0,0,0,0,0,0
tvoi_kuzbass,32,25550,0,0,0,0,0,0,0,0,0,0,0,0
tvoiakomsa,7,501,0,0,0,0,0,0,0,0,0,0,0,0
tvoinovostimira,41,621890,6,0,0,0,0,0,89200,0,0,0,0,0
tvoya_moskwa,243,5163277,10,0,0,0,0,0,188300,0,0,0,0,0
tvoya_olye,6,6199,0,0,0,0,0,0,0,0,0,0,0,0
tvoya_podrygka,9,146700,0,0,0,0,0,0,0,0,0,0,0,0
tvoybor,6,3239,0,0,0,0,0,0,0,0,0,0,0,0
tvoyi_muziki,25,54405,0,0,0,0,0,0,0,0,0,0,0,0
tvrain,6738,395039080,132,0,0,18,4,0,7737600,0,0,1127900,254700,0
tvrm10,1,214,0,0,0,0,0,0,0,0,0,0,0,0
tvrussia1,15,19279,0,0,0,0,0,0,0,0,0,0,0,0
tvsovhoz,10,4895,1,0,0,0,0,0,224,0,0,0,0,0
tvsurxon,1,48,0,0,0,0,0,0,0,0,0,0,0,0
tvtambov,2,125,0,0,0,0,0,0,0,0,0,0,0,0
tvtimofeev,1,56,0,0,0,0,0,0,0,0,0,0,0,0
tvtnv,12,4642,0,0,0,0,0,0,0,0,0,0,0,0
tvtogliatti24,4,592,0,0,0,0,0,0,0,0,0,0,0,0
tvyumuri,2,164,0,0,0,0,0,0,0,0,0,0,0,0
twaryna_tv,3,2057,0,0,0,0,0,0,0,0,0,0,0,0
twiier_news,333,453646,0,0,0,0,0,0,0,0,0,0,0,0
twitch_h0use,93,299433,0,0,0,0,0,0,0,0,0,0,0,0
twitchtube_tg,2,0,0,0,0,0,0,0,0,0,0,0,0,0
twixi_twins,17,53030,1,0,0,0,0,0,1140,0,0,0,0,0
twotalkgirls,29,381610,0,0,0,0,0,0,0,0,0,0,0,0
tykowkaaa0,22,143550,0,0,0,0,0,0,0,0,0,0,0,0
tykyiv,23,40818,0,0,0,0,0,0,0,0,0,0,0,0
tyl_22,25,56967,0,0,0,0,0,0,0,0,0,0,0,0
tymoshenko_kyrylo,3,19340,0,0,0,0,0,0,0,0,0,0,0,0
typical_01,10,16595,0,0,0,0,0,0,0,0,0,0,0,0
typical_balakovo,3,2571,0,0,0,0,0,0,0,0,0,0,0,0
typical_cherkasy,10,20564,0,0,0,0,0,0,0,0,0,0,0,0
typical_chernigiv,56,215681,0,0,0,0,0,0,0,0,0,0,0,0
typical_cv,17,21386,0,0,0,0,0,0,0,0,0,0,0,0
typical_dnepr,40,287300,1,0,0,0,0,0,7190,0,0,0,0,0
typical_makeevka,24,82705,0,0,0,0,0,0,0,0,0,0,0,0
typical_otyniya,2,3400,0,0,0,0,0,0,0,0,0,0,0,0
typical_poltava,34,95352,0,0,0,0,0,0,0,0,0,0,0,0
typical_tyumen_72,8,19446,1,0,0,0,0,0,2400,0,0,0,0,0
typicalcherkassy,26,331730,0,0,0,0,0,0,0,0,0,0,0,0
typicaldndz,15,60745,0,0,0,0,0,0,0,0,0,0,0,0
typicalkzn,44,44322,0,0,0,0,0,0,0,0,0,0,0,0
typicalmarganets,99,480593,1,0,0,0,0,0,5760,0,0,0,0,0
typicalnadvirna,6,9735,0,0,0,0,0,0,0,0,0,0,0,0
typicaltroeschina,77,296780,0,0,0,0,0,0,0,0,0,0,0,0
typicalvoronezh,133,12985160,0,0,0,0,0,0,0,0,0,0,0,0
typicalwro,11,44980,0,0,0,0,0,0,0,0,0,0,0,0
typkra,31,8546,0,0,0,0,0,0,0,0,0,0,0,0
typoanapa,16,40022,0,0,0,0,0,0,0,0,0,0,0,0
typodar,54,534810,2,0,0,0,0,0,11180,0,0,0,0,0
typova_der,20,78400,0,0,0,0,0,0,0,0,0,0,0,0
typove_dubno,150,1368370,10,0,0,0,2,0,89030,0,0,0,18740,0
tyrasbaibak,2,5600,0,0,0,0,0,0,0,0,0,0,0,0
tyumen1,37,186724,0,0,0,0,0,0,0,0,0,0,0,0
tyumen_only,25,23566,0,0,0,0,0,0,0,0,0,0,0,0
tyumen_region72,38,72238,1,0,0,0,0,0,937,0,0,0,0,0
tyumen_time72,51,86002,0,0,0,0,0,0,0,0,0,0,0,0
tyumentimes,2,59,0,0,0,0,0,0,0,0,0,0,0,0
tyva_tgnews,54,743690,1,0,0,0,0,0,18200,0,0,0,0,0
tzarstvo27,32,208270,0,0,0,0,0,0,0,0,0,0,0,0
tzdjournal,20,17331,0,0,0,0,0,0,0,0,0,0,0,0
tzon2020,5,2374,0,0,0,0,0,0,0,0,0,0,0,0
u_kvartal,1,4000,0,0,0,0,0,0,0,0,0,0,0,0
u_now,10835,1892735601,258,2,8,69,11,0,43426000,333000,1205100,12606000,1840000,0
u_now_ua,33,18740,0,0,0,0,0,0,0,0,0,0,0,0
u_pulatoff,19,93791,0,0,0,0,0,0,0,0,0,0,0,0
ua_dshv,26,169970,0,0,0,0,0,0,0,0,0,0,0,0
ua_freedom,1,1610,0,0,0,0,0,0,0,0,0,0,0,0
ua_inf,149,74717,1,0,0,2,0,0,394,0,0,1087,0,0
ua_newslive,27,118060,8,0,0,0,0,0,31990,0,0,0,0,0
ua_novina,12,6695,1,0,0,0,0,0,542,0,0,0,0,0
ua_talk,26,97700,0,0,0,0,0,0,0,0,0,0,0,0
ua_tribunal,132,626200,7,0,3,0,0,0,37020,0,15210,0,0,0
uacomics,2,1364,0,0,0,0,0,0,0,0,0,0,0,0
uaeeventscalendar,30,42663,0,0,0,0,0,0,0,0,0,0,0,0
uaegeneralnews,25,106660,0,0,0,0,0,0,0,0,0,0,0,0
uafukraine,11,54760,0,0,0,0,0,0,0,0,0,0,0,0
uagirlsinpoland,14,11502,0,0,0,0,0,0,0,0,0,0,0,0
uaguard,2,48,0,0,0,0,0,0,0,0,0,0,0,0
uanewsstream,21,11200,0,0,0,0,0,0,0,0,0,0,0,0
uanimalsorg,44,74653,0,0,0,0,0,0,0,0,0,0,0,0
uaobozrevatel,1019,11524285,17,0,0,0,1,0,187150,0,0,0,10900,0
uaonlinenews,3,52,0,0,0,0,0,0,0,0,0,0,0,0
uatv_news,6,9880,0,0,0,0,0,0,0,0,0,0,0,0
uawarinfographics,31,108610,0,0,0,0,0,0,0,0,0,0,0,0
ubezhishe_mrzlk,13,28340,0,0,0,0,0,0,0,0,0,0,0,0
ubkbeach,1,525,0,0,0,0,0,0,0,0,0,0,0,0
ubobra,32,465220,0,0,0,0,0,0,0,0,0,0,0,0
uchkoprik_uchkoprikliklar,4,3595,0,0,0,0,0,0,0,0,0,0,0,0
uchquduq_tumani_axborot_xizmati,39,30270,0,0,0,0,0,0,0,0,0,0,0,0
uchtepahokimligi,57,83165,0,0,0,0,0,0,0,0,0,0,0,0
uchtochka,8,12948,0,0,0,0,0,0,0,0,0,0,0,0
uchzamon,1,205,0,0,0,0,0,0,0,0,0,0,0,0
ucupcake,1,174,0,0,0,0,0,0,0,0,0,0,0,0
udianskyi,4,24400,0,0,0,0,0,0,0,0,0,0,0,0
udm_info,9,11726,0,0,0,0,0,0,0,0,0,0,0,0
udmprotivcor,8,12859,0,0,0,0,0,0,0,0,0,0,0,0
udmurt_gov,2,6520,0,0,0,0,0,0,0,0,0,0,0,0
udmurtia_tgnews,54,729400,0,0,0,0,0,0,0,0,0,0,0,0
udmurtiarocks,25,60693,0,0,0,0,0,0,0,0,0,0,0,0
udobnyi,4,2846,0,0,0,0,0,0,0,0,0,0,0,0
udodmaksim,2,588,0,0,0,0,0,0,0,0,0,0,0,0
udoliart,1,425,0,0,0,0,0,0,0,0,0,0,0,0
ueex_electric_energy,2,1212,0,0,0,0,0,0,0,0,0,0,0,0
ufa1news,31,111009,0,0,0,0,0,0,0,0,0,0,0,0
ufa_rb,1374,60826297,6,0,0,1,0,0,273599,0,0,32700,0,0
ufacityinfo,93,225295,0,0,0,0,0,0,0,0,0,0,0,0
ufadays,13,14681,0,0,0,0,0,0,0,0,0,0,0,0
ufasobakaru,8,7269,0,0,0,0,0,0,0,0,0,0,0,0
ufatop1,15,56415,0,0,0,0,0,0,0,0,0,0,0,0
ufmsmsk,33,496370,0,0,0,0,0,0,0,0,0,0,0,0
ufoops,3,3900,0,0,0,0,0,0,0,0,0,0,0,0
ugilua,18,29370,0,0,0,0,0,0,0,0,0,0,0,0
uglegorsknews,30,231738,1,0,0,0,0,0,10100,0,0,0,0,0
ugofuoco,4,142800,0,0,0,0,0,0,0,0,0,0,0,0
ugrumochnaya,6,305,0,0,0,0,0,0,0,0,0,0,0,0
uhovsergei,4,1272,0,0,0,0,0,0,0,0,0,0,0,0
uiamp,9,8445,5,0,0,0,0,0,4427,0,0,0,0,0
uicgroup,7,12570,0,0,0,0,0,0,0,0,0,0,0,0
uifuture,4,11430,0,0,0,0,0,0,0,0,0,0,0,0
ukbreaking,20,1499,0,0,0,0,0,0,0,0,0,0,0,0
uklon_kyiv,23,654500,0,0,0,0,0,0,0,0,0,0,0,0
ukol_z,30,146380,0,0,0,0,0,0,0,0,0,0,0,0
ukr24_7,84,872343,1,0,0,0,0,0,13800,0,0,0,0,0
ukr_dopomoga,56,565240,0,0,0,1,0,0,0,0,0,11400,0,0
ukr_emigration,21,14581,0,0,0,0,0,0,0,0,0,0,0,0
ukr_finance,42,75,0,0,0,0,0,0,0,0,0,0,0,0
ukr_help,34,46277,3,0,0,0,0,0,3447,0,0,0,0,0
ukr_informant,16,72170,0,0,0,0,0,0,0,0,0,0,0,0
ukr_leaks,1989,22110302,26,0,0,7,1,0,284510,0,0,70520,12300,0
ukr_leaks_de,13,32270,0,0,0,0,0,0,0,0,0,0,0,0
ukr_leaks_eng,23,38213,0,0,0,0,0,0,0,0,0,0,0,0
ukr_leaks_esp,20,10902,0,0,0,0,0,0,0,0,0,0,0,0
ukr_leaks_srb,19,32996,0,0,0,0,0,0,0,0,0,0,0,0
ukr_now_ua,20,1472,0,0,0,0,0,0,0,0,0,0,0,0
ukr_oper,15,8663,0,0,0,0,0,0,0,0,0,0,0,0
ukr_pravda,50,224020,14,0,0,2,0,0,66840,0,0,10370,0,0
ukr_sof,44,2402310,2,0,0,0,0,0,26030,0,0,0,0,0
ukr_true,21,8371,0,0,0,0,0,0,0,0,0,0,0,0
ukr_yad,29,66547,0,0,0,0,0,0,0,0,0,0,0,0
ukraina_novosti,1103,169461210,13,0,0,1,0,0,1829900,0,0,156300,0,0
ukrainanenka,27,14598,0,0,0,0,0,0,0,0,0,0,0,0
ukrainanovosti,56,321830,0,0,0,0,0,0,0,0,0,0,0,0
ukrainanovyny,30,9740,2,0,0,0,0,0,1974,0,0,0,0,0
ukraine1TOP,21,79248,0,0,0,0,0,0,0,0,0,0,0,0
ukraine366,19,7288,1,0,0,0,0,0,341,0,0,0,0,0
ukraine_golovne,6,294,0,0,0,0,0,0,0,0,0,0,0,0
ukraine_in_poland,1,0,0,0,0,0,0,0,0,0,0,0,0,0
ukraine_news_censornet,2,0,0,0,0,0,0,0,0,0,0,0,0,0
ukraineindustrial,16,14714,0,0,0,0,0,0,0,0,0,0,0,0
ukraineneveragain,18,83909,0,0,0,0,0,0,0,0,0,0,0,0
ukrainenewslivee,47,49573,3,0,0,0,0,0,3422,0,0,0,0,0
ukrainepoland,9,5738,0,0,0,0,0,0,0,0,0,0,0,0
ukrainesosua,35,13446,0,0,0,0,0,0,0,0,0,0,0,0
ukrainetopnews,60,344430,3,0,0,0,0,0,21870,0,0,0,0,0
ukrainetv,6,3665,0,0,0,0,0,0,0,0,0,0,0,0
ukrainianIdentitarianism,12,18717,0,0,0,0,1,0,0,0,0,0,1750,0
ukrainian_city,1,253,0,0,0,0,0,0,0,0,0,0,0,0
ukrainian_guide,39,143521,0,0,0,0,0,0,0,0,0,0,0,0
ukrainian_navy,22,20783,0,0,0,0,0,0,0,0,0,0,0,0
ukrainiankod,87,2253,0,0,0,1,1,0,0,0,0,30,28,0
ukrainiannovosty,46,80273,0,0,0,0,0,0,0,0,0,0,0,0
ukrainians_nl,13,65270,0,0,0,0,0,0,0,0,0,0,0,0
ukrainkainfo,1,1070,0,0,0,0,0,0,0,0,0,0,0,0
ukrainskinovosti,44,70981,1,0,0,0,0,0,2420,0,0,0,0,0
ukralnehere,39,20576,7,0,0,0,0,0,4365,0,0,0,0,0
ukranewscom,20,13660,0,0,0,0,0,0,0,0,0,0,0,0
ukrayinci,2,4030,0,0,0,0,0,0,0,0,0,0,0,0
ukrazom,5,31780,0,0,0,0,0,0,0,0,0,0,0,0
ukrbavovna,1428,250365999,5,0,1,4,0,0,690000,0,168000,650000,0,0
ukrchan,36,202464,2,0,0,0,0,0,7070,0,0,0,0,0
ukrgc_ua,28,54234,0,0,0,0,0,0,0,0,0,0,0,0
ukrinform_news,72,378781,2,0,0,0,0,0,12550,0,0,0,0,0
ukrinformator,3619,136112689,58,0,1,27,1,0,2067200,0,35300,1056500,35500,0
ukrlifenews,44,663140,1,0,0,0,0,0,11700,0,0,0,0,0
ukrmedjournal,21,53850,1,0,0,0,0,0,2130,0,0,0,0,0
ukrnastup,1566,36532910,12,0,0,5,5,0,316100,0,0,83010,113100,0
ukronline,15,6061,0,0,0,0,0,0,0,0,0,0,0,0
ukropernews,49,320018,0,0,0,0,0,0,0,0,0,0,0,0
ukropi,16,9056,0,0,0,0,0,0,0,0,0,0,0,0
ukrposhta_news,25,246330,0,0,0,0,0,0,0,0,0,0,0,0
ukrpravda_news,3562,145987149,131,0,1,11,4,0,5878000,0,42800,479900,172000,0
ukrzaliznytca,2,0,0,0,0,0,0,0,0,0,0,0,0,0
uksatse_official,25,64215,1,0,0,0,0,0,2270,0,0,0,0,0
ulanude_news,18,2806,0,0,0,0,0,0,0,0,0,0,0,0
uliana_0,16,93260,0,0,0,0,0,0,0,0,0,0,0,0
ulkompr,17,18224,0,0,0,0,0,0,0,0,0,0,0,0
ulllyashaa,1,1390,0,0,0,0,0,0,0,0,0,0,0,0
ulpatriot,33,280780,0,0,0,0,0,0,0,0,0,0,0,0
ulpravda,10,4557,0,0,0,0,0,0,0,0,0,0,0,0
ulpressa,41,336461,0,0,0,0,0,0,0,0,0,0,0,0
ulprimenews,19,3144,0,0,0,0,0,0,0,0,0,0,0,0
ultimaoramd,20,47092,0,0,0,0,0,0,0,0,0,0,0,0
ultimativewahrheit,4,1442,0,0,0,0,0,0,0,0,0,0,0,0
ultimora,140,11017100,0,0,0,0,0,0,0,0,0,0,0,0
ultimora24,19,534780,0,0,0,0,0,0,0,0,0,0,0,0
ulusmedia,512,1057097,4,0,0,0,0,0,41010,0,0,0,0,0
ulyanova_zdes,5,2809,0,0,0,0,0,0,0,0,0,0,0,0
ulysmediatg,46,126620,2,0,0,0,0,0,7230,0,0,0,0,0
umalatovamr,14,26682,0,0,0,0,0,0,0,0,0,0,0,0
uman_help_info,5,334,0,0,0,0,0,0,0,0,0,0,0,0
umar_kremlev,31,2061470,0,0,0,0,1,0,0,0,0,0,3370,0
umvd70,28,32464,0,0,0,0,0,0,0,0,0,0,0,0
umyarovabrand,2,474,0,0,0,0,0,0,0,0,0,0,0,0
unNotreMonde,33,71459,0,0,0,0,0,0,0,0,0,0,0,0
un_rezerv,27,141830,0,0,0,0,0,0,0,0,0,0,0,0
unblogd,21,387150,0,0,0,0,0,0,0,0,0,0,0,0
unc1424,1,1050,0,0,0,0,0,0,0,0,0,0,0,0
unc365,34,14508,1,0,0,0,0,0,359,0,0,0,0,0
unclebjorn,2,7100,1,0,0,0,0,0,5300,0,0,0,0,0
uncomfortable_truth,45,331610,4,0,0,0,0,0,31970,0,0,0,0,0
uncut_news,709,10324379,0,0,0,0,0,0,0,0,0,0,0,0
undergrnews,28,31326,0,0,0,0,0,0,0,0,0,0,0,0
underground_youtube,44,323240,0,0,0,0,0,0,0,0,0,0,0,0
underside_org,33,14100900,3,0,0,0,0,0,1244000,0,0,0,0,0
unhcr_help_che,36,381380,0,0,0,0,0,0,0,0,0,0,0,0
unhcr_help_dnipro,35,1297650,0,0,0,0,0,0,0,0,0,0,0,0
unhcr_help_kharkiv,22,245439,1,0,0,0,0,0,15900,0,0,0,0,0
uniannet,15432,3733402921,379,0,1,67,14,2,89777300,0,331400,16570000,3257500,407000
unikador,17,10270,0,0,0,0,0,0,0,0,0,0,0,0
unionDisidente,31,33475,0,0,0,0,0,0,0,0,0,0,0,0
unipage_study_abroad,10,43890,2,0,0,0,0,0,4870,0,0,0,0,0
uniqe_ya,2,24650,0,0,0,0,0,0,0,0,0,0,0,0
unisolidarity,1,1700,0,0,0,0,0,0,0,0,0,0,0,0
unitedforukraine2022,18,17671,0,0,0,0,0,0,0,0,0,0,0,0
unitedwithua,9,57730,0,0,0,0,0,0,0,0,0,0,0,0
universalsentinelsinblack,51,18433,0,0,0,0,0,0,0,0,0,0,0,0
unpleasent,344,61393500,1,0,0,0,0,0,154000,0,0,0,0,0
unrealskaska,7,12660,0,0,0,0,0,0,0,0,0,0,0,0
unsanctioned,1,665,0,0,0,0,0,0,0,0,0,0,0,0
unzAT,22,15690,0,0,0,0,0,0,0,0,0,0,0,0
up74ru,6,202,0,0,0,0,0,0,0,0,0,0,0,0
upravdom_channel,11,58670,1,0,0,0,0,0,8850,0,0,0,0,0
upravlyaus,4,214100,0,0,0,0,0,0,0,0,0,0,0,0
upsc_polity_notes_psir_optional,47,345157,0,0,0,0,0,0,0,0,0,0,0,0
ural56ru,76,2426600,0,0,0,0,0,0,0,0,0,0,0,0
uraldailyPeZerV,1,325,0,0,0,0,0,0,0,0,0,0,0,0
uralevery_news,27,13773,0,0,0,0,0,0,0,0,0,0,0,0
urallive,9,5275,0,0,0,0,0,0,0,0,0,0,0,0
uralmashekb,30,94626,0,0,0,0,0,0,0,0,0,0,0,0
uralmeridian,3,171,0,0,0,0,0,0,0,0,0,0,0,0
uralsk404,38,105120,0,0,0,0,0,0,0,0,0,0,0,0
uralskweek_kz,22,47581,1,0,0,0,0,0,2770,0,0,0,0,0
uralskweek_official,1,254,0,0,0,0,0,0,0,0,0,0,0,0
uranews,3189,163498760,59,0,0,7,0,0,2978500,0,0,459900,0,0
urasingapore,12,21590,0,0,0,0,0,0,0,0,0,0,0,0
urban_blog,39,1768,0,0,0,0,0,0,0,0,0,0,0,0
urbanvdktg,8,13142,0,0,0,0,0,0,0,0,0,0,0,0
urcellardoor,4,3467,0,0,0,0,0,0,0,0,0,0,0,0
urd_news,48,289274,0,0,0,0,0,0,0,0,0,0,0,0
urengoi_chp,27,53126,0,0,0,0,0,0,0,0,0,0,0,0
urganchtransgaz_info,1,847,0,0,0,0,0,0,0,0,0,0,0,0
urgutonline,4,18820,0,0,0,0,0,0,0,0,0,0,0,0
uristAntonDolgih,32,200716,1,0,0,0,0,0,2850,0,0,0,0,0
url_mash,65,898050,0,0,0,0,0,0,0,0,0,0,0,0
urmia_iribnews,4,1177,0,0,0,0,0,0,0,0,0,0,0,0
urmia_job,27,21357,0,0,0,0,0,0,0,0,0,0,0,0
urmiamunicipality,10,1742,0,0,0,0,0,0,0,0,0,0,0,0
urmianews,20,49215,0,0,0,0,0,0,0,0,0,0,0,0
urnanews,130,117934,0,0,0,0,0,0,0,0,0,0,0,0
ursymbol,3,2113,0,0,0,0,0,0,0,0,0,0,0,0
ururukatrin,1,9420,0,0,0,0,0,0,0,0,0,0,0,0
urzvt,25,230100,1,0,0,0,0,0,10200,0,0,0,0,0
usachevruslan,98,10671400,0,0,0,0,0,0,0,0,0,0,0,0
usadbavin,8,7193,0,0,0,0,0,0,0,0,0,0,0,0
usamigrant,3,0,0,0,0,0,0,0,0,0,0,0,0,0
usaperiodical,21,127660,0,0,0,0,0,0,0,0,0,0,0,0
ushakovakseniaa,11,10764,0,0,0,0,0,0,0,0,0,0,0,0
ushanka05,43,108203,0,0,0,0,0,0,0,0,0,0,0,0
ushkiklichko,35,237990,3,0,0,0,0,0,27150,0,0,0,0,0
ushkinamokushke,20,130060,0,0,0,0,0,0,0,0,0,0,0,0
usionline,20,9899,0,0,0,0,0,0,0,0,0,0,0,0
usipechorina,15,73410,0,0,0,0,0,0,0,0,0,0,0,0
uslugiSilifkeTasucu,7,10095,0,0,0,0,0,0,0,0,0,0,0,0
usmanovakaterina,40,2605600,0,0,0,0,0,0,0,0,0,0,0,0
usovpavel,30,62311,0,0,0,0,0,0,0,0,0,0,0,0
uspexvmeste,25,31677,0,0,0,0,0,0,0,0,0,0,0,0
ussrchaosss,4,3620,0,0,0,0,0,0,0,0,0,0,0,0
ussuriysk_sluh,50,658400,0,0,0,0,0,0,0,0,0,0,0,0
ussuriysk_sobitie,50,648500,0,0,0,0,0,0,0,0,0,0,0,0
ussurmedianews,119,574284,3,0,0,0,0,0,20350,0,0,0,0,0
ust_social,12,2910,0,0,0,0,0,0,0,0,0,0,0,0
ustabor,2,3740,0,0,0,0,0,0,0,0,0,0,0,0
ustanisrbine1,9,7303,0,0,0,0,0,0,0,0,0,0,0,0
ustkurdym,4,1782,0,0,0,0,0,0,0,0,0,0,0,0
usvoterfraud,32,4971,0,0,0,0,0,0,0,0,0,0,0,0
usyarshaulova,1,206,0,0,0,0,0,0,0,0,0,0,0,0
usywilly,19,328760,0,0,0,0,0,0,0,0,0,0,0,0
usznar,8,23930,0,0,0,0,0,0,0,0,0,0,0,0
utamusic_telegram,35,305400,0,0,0,0,0,0,0,0,0,0,0,0
utcan,20,24697,0,0,0,0,0,0,0,0,0,0,0,0
utdarm,11,12210,0,0,0,0,0,0,0,0,0,0,0,0
utiashevaliasan,71,1218120,1,0,0,0,0,0,19600,0,0,0,0,0
utommi,32,84155,1,0,0,0,0,0,3260,0,0,0,0,0
utopiyaproject,42,327960,1,0,0,0,0,0,21000,0,0,0,0,0
utrodagesta,27,62,4,0,0,0,0,0,8,0,0,0,0,0
utrofevralia,20,17469,0,0,0,0,0,0,0,0,0,0,0,0
utusanborneoonlinetelegram,220,13277,0,0,0,0,0,0,0,0,0,0,0,0
utvufa,15,15116,0,0,0,0,0,0,0,0,0,0,0,0
utyrka,23,233240,0,0,0,0,0,0,0,0,0,0,0,0
uud65,19,11884,0,0,0,0,0,0,0,0,0,0,0,0
uuee_aprch,7,7480,0,0,0,0,0,0,0,0,0,0,0,0
uusaldanru,2,104,0,0,0,0,0,0,0,0,0,0,0,0
uvaga_skhid,235,251664,0,0,0,0,0,0,0,0,0,0,0,0
uvao_inferno,2,2022,0,0,0,0,0,0,0,0,0,0,0,0
uvaotrends,2,33,0,0,0,0,0,0,0,0,0,0,0,0
uvarkina_evgenia,25,68638,1,0,0,0,0,0,309,0,0,0,0,0
uvd_vitebsk,7,1957,0,0,0,0,0,0,0,0,0,0,0,0
uwedsc,2,3560,0,0,0,0,0,0,0,0,0,0,0,0
uychihokimligi,39,67987,0,0,0,0,0,0,0,0,0,0,0,0
uz24news_ru,3,463,0,0,0,0,0,0,0,0,0,0,0,0
uza_uz,1190,5961419,1,0,0,0,0,0,2260,0,0,0,0,0
uzace,11,6834,0,0,0,0,0,0,0,0,0,0,0,0
uzagroministry,10,12763,0,0,0,0,0,0,0,0,0,0,0,0
uzaoms,1,2,0,0,0,0,0,0,0,0,0,0,0,0
uzauz,35,220016,0,0,0,0,0,0,0,0,0,0,0,0
uzauzrus,18,1208,0,0,0,0,0,0,0,0,0,0,0,0
uzaxborot,12,114620,0,0,0,0,0,0,0,0,0,0,0,0
uzb_tafakkur,1,8180,0,0,0,0,0,0,0,0,0,0,0,0
uzbbenelux,40,15853,0,0,0,0,0,0,0,0,0,0,0,0
uzbek_yurist,1,45,0,0,0,0,0,0,0,0,0,0,0,0
uzbekembassykorea,5,4038,0,0,0,0,0,0,0,0,0,0,0,0
uzbekiston24_zamonuz_ozbekiston,340,4162959,0,0,0,0,0,0,0,0,0,0,0,0
uzbekmfa,3,2109,0,0,0,0,0,0,0,0,0,0,0,0
uzbekretail,36,52915,3,0,0,0,0,0,3920,0,0,0,0,0
uzbgtl,10,19026,0,0,0,0,0,0,0,0,0,0,0,0
uzbhub,35,578500,0,0,0,0,0,0,0,0,0,0,0,0
uzbnorma,21,9984,0,0,0,0,0,0,0,0,0,0,0,0
uzbprokuratura,5,43240,0,0,0,0,0,0,0,0,0,0,0,0
uzbyuksalish,1,708,0,0,0,0,0,0,0,0,0,0,0,0
uzelsv,1555,37418243,18,0,0,3,0,0,423100,0,0,102000,0,0
uzelsvjazi,10,13637,0,0,0,0,0,0,0,0,0,0,0,0
uzglobaltv,20,53321,0,0,0,0,0,0,0,0,0,0,0,0
uzgydromet,45,45085,0,0,0,0,0,0,0,0,0,0,0,0
uzh_kraj,73,885714,1,0,0,0,0,0,14300,0,0,0,0,0
uzhrada,5,6408,0,0,0,0,0,0,0,0,0,0,0,0
uzhukova,49,868080,0,0,0,0,0,0,0,0,0,0,0,0
uzimizniki_uz,1,7,0,0,0,0,0,0,0,0,0,0,0,0
uzjmcu,1,3,0,0,0,0,0,0,0,0,0,0,0,0
uzlidep,34,57138,0,0,0,0,0,0,0,0,0,0,0,0
uzmdk,1680,134490539,14,0,0,0,0,0,1194000,0,0,0,0,0
uzmdk2,51,210050,1,0,0,0,0,0,4060,0,0,0,0,0
uznaa_bitca,10,17026,0,0,0,0,0,0,0,0,0,0,0,0
uznaypravdu,1,654,0,0,0,0,0,0,0,0,0,0,0,0
uznews,74,1552060,0,0,0,0,0,0,0,0,0,0,0,0
uznewsdigest,25,189880,0,0,0,0,0,0,0,0,0,0,0,0
uznewsuzb,20,46222,0,0,0,0,0,0,0,0,0,0,0,0
uznex,1,62800,0,0,0,0,0,0,0,0,0,0,0,0
uzstataxborot,2,574,0,0,0,0,0,0,0,0,0,0,0,0
uzsuvtoshshahar,1,1500,0,0,0,0,0,0,0,0,0,0,0,0
uztsuz,3,2136,0,0,0,0,0,0,0,0,0,0,0,0
uzxdpmk,2,2,0,0,0,0,0,0,0,0,0,0,0,0
v9utra,66,1110140,0,0,0,1,0,0,0,0,0,17300,0,0
vX3VTrgu6vxlZWVi,3,375,0,0,0,0,0,0,0,0,0,0,0,0
v_and_z,44,55299,1,0,0,0,0,0,1510,0,0,0,0,0
v_astane_officiall,34,146810,0,0,0,0,0,0,0,0,0,0,0,0
v_bonya,156,14404580,0,0,0,0,0,0,0,0,0,0,0,0
v_etot,16,0,0,0,0,0,0,0,0,0,0,0,0,0
v_kartukhin,1,4,0,0,0,0,0,0,0,0,0,0,0,0
v_kurse1,3,4049,0,0,0,0,0,0,0,0,0,0,0,0
v_novynskyi,17,178330,0,0,0,0,0,0,0,0,0,0,0,0
v_pastukhov,182,21848600,22,0,0,0,0,0,2806100,0,0,0,0,0
v_piterburge,67,173709,0,0,0,0,0,0,0,0,0,0,0,0
v_plt,22,34201,0,0,0,0,0,0,0,0,0,0,0,0
v_poime,11,8411,0,0,0,0,0,0,0,0,0,0,0,0
v_resin,3,2235,0,0,0,0,0,0,0,0,0,0,0,0
v_salde,17,24173,0,0,0,0,0,0,0,0,0,0,0,0
v_skripko,8,35939,0,0,0,0,0,0,0,0,0,0,0,0
v_sochi,5,25510,1,0,0,0,0,0,3950,0,0,0,0,0
v_tuapse,2,660,0,0,0,0,0,0,0,0,0,0,0,0
v_vlashchenko,17,23483,1,0,0,0,0,0,1530,0,0,0,0,0
vaccinationcovid,34,55824,4,0,0,0,0,0,6560,0,0,0,0,0
vaccinechoiceaustralia,31,25035,0,0,0,0,0,0,0,0,0,0,0,0
vadertatooine,27,75425,0,0,0,0,0,0,0,0,0,0,0,0
vadim_rabinovich,1,1,0,0,0,0,0,0,0,0,0,0,0,0
vadimedia,17,2903,0,0,0,0,0,0,0,0,0,0,0,0
vadimslusch,32,561650,0,0,0,0,0,0,0,0,0,0,0,0
vadimtokar,34,304970,0,0,0,0,0,0,0,0,0,0,0,0
vadkilo,18,7835,0,0,0,0,0,0,0,0,0,0,0,0
vadovskaya,1,0,0,0,0,0,0,0,0,0,0,0,0,0
vafombase,28,67860,0,0,0,0,0,0,0,0,0,0,0,0
vaghayepoldokhtar1,6,3174,0,0,0,0,0,0,0,0,0,0,0,0
vagner_group,284,599982,3,0,1,0,0,0,5900,0,2480,0,0,0
vahedsyndica,18,28471,0,0,0,0,0,0,0,0,0,0,0,0
vakasamara,8,4303,1,0,0,0,0,0,1480,0,0,0,0,0
vakulinchuk,39,85042,0,0,0,0,0,0,0,0,0,0,0,0
val_channel,48,2539000,0,0,0,0,0,0,0,0,0,0,0,0
valdaiclub,20,19469,1,0,0,0,0,0,456,0,0,0,0,0
valdemarus,5,9770,0,0,0,0,0,0,0,0,0,0,0,0
valenciaonnnn,14,6158,0,0,0,0,0,0,0,0,0,0,0,0
valentinbogdanov,77,1546070,4,0,0,0,0,0,99300,0,0,0,0,0
valentynaeminova,35,400030,0,0,0,0,1,0,0,0,0,0,16800,0
valerierozov,6,26470,0,0,0,0,0,0,0,0,0,0,0,0
valerii_markus,54,4134299,0,0,0,0,0,0,0,0,0,0,0,0
valeriy_lavrow,11,3846,0,0,0,0,0,0,0,0,0,0,0,0
valeriyaofficial,47,336249,0,0,0,0,0,0,0,0,0,0,0,0
valerytsepkalo,21,15326,1,0,0,0,0,0,403,0,0,0,0,0
vallespaziale,32,74770,0,0,0,0,0,0,0,0,0,0,0,0
valsurvedomosti,13,365,0,0,0,0,0,0,0,0,0,0,0,0
valuspavluh,6,12510,0,0,0,0,0,0,0,0,0,0,0,0
valya_smoll,18,5928,0,0,0,0,0,0,0,0,0,0,0,0
valyaev,11,11142,0,0,0,0,0,0,0,0,0,0,0,0
vaneckavanushka,24,3020900,0,0,0,0,0,0,0,0,0,0,0,0
vanek_nikolaev,3316,2995472700,1,0,0,1,0,0,932400,0,0,1250000,0,0
vaniyannara,1,8150,0,0,0,0,0,0,0,0,0,0,0,0
vanyazabeygroop,14,15042,0,0,0,0,0,0,0,0,0,0,0,0
varaminpres,167,840233,0,0,0,0,0,0,0,0,0,0,0,0
varda_varda,1,713,0,0,0,0,0,0,0,0,0,0,0,0
vardan_voskanyan,20,55780,0,0,0,0,0,0,0,0,0,0,0,0
vardanchiks,8,12622,0,0,0,0,0,0,0,0,0,0,0,0
varenik_vpuze,2,224,0,0,0,0,0,0,0,0,0,0,0,0
varenikivtelege,31,294912,0,0,0,0,0,0,0,0,0,0,0,0
variantnews,80,2019960,6,0,0,0,0,0,151710,0,0,0,0,0
varjauletelaKANAL,5,32450,0,0,0,0,0,0,0,0,0,0,0,0
varlamov,283,73008800,8,0,0,3,0,0,2282200,0,0,821600,0,0
varlamov_news,6183,1933496800,91,0,0,12,2,0,27639800,0,0,3601100,732400,0
varlamovbrkng,4,82300,0,0,0,0,0,0,0,0,0,0,0,0
varmsu,33,91176,0,0,0,0,0,0,0,0,0,0,0,0
varshavka141,17,59100,0,0,0,0,0,0,0,0,0,0,0,0
varta1,150,1306509,3,0,0,0,1,0,33900,0,0,0,10400,0
varuzhandragoman,34,140560,0,0,0,0,0,0,0,0,0,0,0,0
varvina_n,178,11425129,2,0,0,0,0,0,148100,0,0,0,0,0
varya_daily,17,300120,1,0,0,0,0,0,6120,0,0,0,0,0
vas3k_channel,8,307100,0,0,0,0,0,0,0,0,0,0,0,0
vasergeeva,8,44070,0,0,0,0,0,0,0,0,0,0,0,0
vashaglasha,1,2600,0,0,0,0,0,0,0,0,0,0,0,0
vashamarousia,16,100100,0,0,0,0,0,0,0,0,0,0,0,0
vashdozor,11,17359,1,0,0,0,0,0,1080,0,0,0,0,0
vashourina_olga,15,25495,0,0,0,0,0,0,0,0,0,0,0,0
vashsenator,10,926,0,0,0,0,0,0,0,0,0,0,0,0
vashy_slivy,40,141666,1,0,0,0,0,0,1500,0,0,0,0,0
vasiileevaa,29,775989,0,0,0,0,0,0,0,0,0,0,0,0
vasil_topolev,40,2126000,6,0,0,0,0,0,293200,0,0,0,0,0
vasilgyulaev,13,44920,0,0,0,0,0,0,0,0,0,0,0,0
vasilievodessa,30,438260,5,0,0,0,0,1,56870,0,0,0,0,1800
vasilisavolodina_official,89,4005170,2,0,0,0,0,0,45800,0,0,0,0,0
vasilzakirov,33,228341,0,0,0,0,0,0,0,0,0,0,0,0
vassal_of_the_Joker,23,33758,0,0,0,0,0,0,0,0,0,0,0,0
vasulivka,38,496390,2,0,0,0,0,0,12760,0,0,0,0,0
vasya_nasene,76,4173500,2,0,0,0,0,0,56500,0,0,0,0,0
vasyautkin,7,29840,0,0,0,0,0,0,0,0,0,0,0,0
vasylevska96,1,325,0,0,0,0,0,0,0,0,0,0,0,0
vasyunin,35,176190,1,0,0,0,0,0,2850,0,0,0,0,0
vata_show,15,48400,0,0,0,0,0,0,0,0,0,0,0,0
vatan_yani_anzali,44,128563,0,0,0,0,0,0,0,0,0,0,0,0
vataranenko,13,35355,0,0,0,0,0,0,0,0,0,0,0,0
vatfor,40,788190,2,0,0,0,0,0,40600,0,0,0,0,0
vatnoeboloto,805,161265000,6,0,0,0,1,0,1273600,0,0,0,229000,0
vazrazhdanebg,20,13834,0,0,0,0,0,0,0,0,0,0,0,0
vazzilizza,17,24659,0,0,0,0,0,0,0,0,0,0,0,0
vbelgorode_31,1,1400,0,0,0,0,0,0,0,0,0,0,0,0
vbelyaevo,7,14535,0,0,0,0,0,0,0,0,0,0,0,0
vbkrb,2,0,0,0,0,0,0,0,0,0,0,0,0,0
vbrosim,2,75,0,0,0,0,0,0,0,0,0,0,0,0
vbuharog,24,96680,0,0,0,0,0,0,0,0,0,0,0,0
vcdaily,23,33110,1,0,0,0,0,0,1290,0,0,0,0,0
vchasnoua,10,4992,0,0,0,0,0,0,0,0,0,0,0,0
vchk_gpu,3,690,1,0,0,0,0,0,263,0,0,0,0,0
vchkogpu,1262,17101480,40,0,0,2,0,0,529190,0,0,12000,0,0
vchkogpu82,2,19500,0,0,0,0,0,0,0,0,0,0,0,0
vcnews,274,3718350,0,0,0,0,0,0,0,0,0,0,0,0
vctrmedia,12,3932,0,0,0,0,0,0,0,0,0,0,0,0
vdaloinfo,21,70120,0,0,0,0,0,0,0,0,0,0,0,0
vdare,23,6636,0,0,0,0,0,0,0,0,0,0,0,0
vdarmelle,6,8671,0,0,0,0,0,0,0,0,0,0,0,0
vdkaktiv,11,6024,0,0,0,0,0,0,0,0,0,0,0,0
vdlibrary,2,510,0,0,0,0,0,0,0,0,0,0,0,0
vdnh_moscow,10,29310,0,0,0,0,0,0,0,0,0,0,0,0
vdv_volkov,4,7660,0,0,0,0,0,0,0,0,0,0,0,0
vdvok,66,76,0,0,0,0,0,0,0,0,0,0,0,0
ve4ved,12,13130,0,0,0,0,0,0,0,0,0,0,0,0
veabkashpyk,1,0,0,0,0,0,0,0,0,0,0,0,0,0
vebergovorit,15,128240,0,0,0,0,0,0,0,0,0,0,0,0
vecherchel,1,28,0,0,0,0,0,0,0,0,0,0,0,0
vecherka_74,2,177,0,0,0,0,0,0,0,0,0,0,0,0
vecherka_spb_ru,1,4900,0,0,0,0,0,0,0,0,0,0,0,0
vecherka_tj,4,123,0,0,0,0,0,0,0,0,0,0,0,0
vechernaya_karaganda,30,58428,0,0,0,0,0,0,0,0,0,0,0,0
vechernii_m,22,313830,1,0,0,0,0,0,10800,0,0,0,0,0
vechorka_zab,27,18229,1,0,0,0,0,0,187,0,0,0,0,0
veciverejne,22,76505,0,0,0,0,0,0,0,0,0,0,0,0
vedicworld,3,185,0,0,0,0,0,0,0,0,0,0,0,0
vedomosti,105,789758,4,0,0,0,0,0,12440,0,0,0,0,0
vedomstvo_rf,138,536684,3,0,0,0,1,0,19400,0,0,0,4340,0
veganalkogolik,38,252830,2,0,0,0,0,0,19750,0,0,0,0,0
vekha,298,269790,6,0,0,0,0,0,5696,0,0,0,0,0
vekshiTG,37,192170,0,0,0,0,0,0,0,0,0,0,0,0
veles_v_okope,43,858560,0,0,0,0,0,0,0,0,0,0,0,0
velesproperty,1,247,0,0,0,0,0,0,0,0,0,0,0,0
velichkinaekaterina,60,4754090,4,0,0,0,0,0,237500,0,0,0,0,0
velikBaikal,13,1315,0,0,0,0,0,0,0,0,0,0,0,0
velikairossia,20,431,0,0,0,0,0,0,0,0,0,0,0,0
velikiyNovgorod_sluh,49,529700,0,0,0,0,0,0,0,0,0,0,0,0
velikiyNovgorod_sobitie,50,723800,0,0,0,0,0,0,0,0,0,0,0,0
velogidberlin,13,24249,0,0,0,0,0,0,0,0,0,0,0,0
velour_life,19,1888200,0,0,0,0,0,0,0,0,0,0,0,0
velvetstreet,35,149790,1,0,0,0,0,0,4620,0,0,0,0,0
velyamedia,332,12941472,0,0,0,0,0,0,0,0,0,0,0,0
vendetta_ru,3,8,0,0,0,0,0,0,0,0,0,0,0,0
verapochueva,6,23610,0,0,0,0,0,0,0,0,0,0,0,0
veratag_freelance,17,5525,1,0,0,0,0,0,284,0,0,0,0,0
verbludvogne,18,4848,2,0,0,0,0,0,458,0,0,0,0,0
verdachtig,1,463,0,0,0,0,0,0,0,0,0,0,0,0
vereshit,10,1334,0,0,0,0,0,0,0,0,0,0,0,0
vergelyukmaria,18,16328,0,0,0,0,0,0,0,0,0,0,0,0
vergilbellium,40,707170,0,0,0,0,0,0,0,0,0,0,0,0
verhovna_rada_zmi,2120,16442630,29,0,1,9,2,0,212940,0,8270,75410,16740,0
verkhovnaradaukrainy,1354,6830303,20,0,1,3,1,0,93940,0,2900,13390,3510,0
verni_shavermy,4,80300,0,0,0,0,0,0,0,0,0,0,0,0
verodmit_ctaroe,4,23020,0,0,0,0,0,0,0,0,0,0,0,0
veronatut,75,2746200,0,0,0,0,0,0,0,0,0,0,0,0
veronifkashouse,28,183830,0,0,0,0,0,0,0,0,0,0,0,0
veronika14,32,1387700,0,0,0,0,0,0,0,0,0,0,0,0
veronikalechannel,2,0,0,0,0,0,0,0,0,0,0,0,0,0
veronikastepanova20011,869,127739300,29,0,0,0,0,0,4160300,0,0,0,0,0
veroniknikonova,1,92,0,0,0,0,0,0,0,0,0,0,0,0
verstovinfo,28,42132,0,0,0,0,0,0,0,0,0,0,0,0
vert_i_call,284,21522700,20,0,0,3,1,0,1521100,0,0,219700,80700,0
vertolatte,17,37188,0,0,0,0,0,0,0,0,0,0,0,0
verypunny,2,6450,0,0,0,0,0,0,0,0,0,0,0,0
verysexydasha,138,2154679,2,0,0,0,0,0,21280,0,0,0,0,0
ves_kharkov,20,14487,0,0,0,0,0,0,0,0,0,0,0,0
veshidoki,20,195,0,0,0,0,0,0,0,0,0,0,0,0
vesma,2,1176,0,0,0,0,0,0,0,0,0,0,0,0
vesna_chelyabinsk,1,263,0,0,0,0,0,0,0,0,0,0,0,0
vesna_democrat,28,156730,1,0,0,0,0,0,8020,0,0,0,0,0
vesna_diaspora,7,3244,1,0,0,0,0,0,269,0,0,0,0,0
vesnuschki,19,10449,0,0,0,0,0,0,0,0,0,0,0,0
vesparevenge,23,7206,0,0,0,0,0,0,0,0,0,0,0,0
vesti23rossia,32,631460,0,0,0,0,0,0,0,0,0,0,0,0
vesti_az,2,75,0,0,0,0,0,0,0,0,0,0,0,0
vesti_buryatia,52,65992,3,0,0,0,0,0,5474,0,0,0,0,0
vesti_dagestan,22,17274,0,0,0,0,0,0,0,0,0,0,0,0
vesti_dezhurnaya_chast,38,237833,0,0,0,0,0,0,0,0,0,0,0,0
vesti_don,168,627879,0,0,0,0,0,0,0,0,0,0,0,0
vesti_khakasia,163,642267,1,0,0,0,0,0,3960,0,0,0,0,0
vesti_ko,3,576,0,0,0,0,0,0,0,0,0,0,0,0
vesti_sakhalin_kurily,5,2148,0,0,0,0,0,0,0,0,0,0,0,0
vesti_ykt,20,5203,0,0,0,0,0,0,0,0,0,0,0,0
vesticrimea,10,5546,0,0,0,0,0,0,0,0,0,0,0,0
vestifmplus,78,340697,0,0,0,0,0,0,0,0,0,0,0,0
vestiirkutsk,423,2662257,4,0,0,0,0,0,26100,0,0,0,0,0
vestikostroma,2,852,0,0,0,0,0,0,0,0,0,0,0,0
vestiminska,17,103189,0,0,0,0,0,0,0,0,0,0,0,0
vestiomsk,14,5802,1,0,0,0,0,0,502,0,0,0,0,0
vestiossetia_vld,12,4695,1,0,0,0,0,0,491,0,0,0,0,0
vestipodolsk,4,5691,1,0,0,0,0,0,18,0,0,0,0,0
vestipomorde,9,10179,0,0,0,0,0,0,0,0,0,0,0,0
vestiprimorye,244,1360005,1,0,0,0,0,0,11900,0,0,0,0,0
vestirespubliki95,14,526,0,0,0,0,0,0,0,0,0,0,0,0
vestiru24,10477,200085249,90,0,2,15,3,0,1697961,0,77300,330300,62600,0
vestirussii,3,860,0,0,0,0,0,0,0,0,0,0,0,0
vestitula,2,256,0,0,0,0,0,0,0,0,0,0,0,0
vestiukr,2,0,0,0,0,0,0,0,0,0,0,0,0,0
vestiuz,52,123995,0,0,0,0,0,0,0,0,0,0,0,0
vestivrnru,20,31743,0,0,0,0,0,0,0,0,0,0,0,0
vestiyamal89,2,87,0,0,0,0,0,0,0,0,0,0,0,0
vestnik_vr,16,16179,0,0,0,0,0,0,0,0,0,0,0,0
vestnikburioriginals,31,127056,4,0,0,1,0,0,13530,0,0,5610,0,0
vestnikgeopolitiki,1,9,0,0,0,0,0,0,0,0,0,0,0,0
vestniki,30,26926,0,0,0,0,0,0,0,0,0,0,0,0
vestnikistiny,22,245100,0,0,0,0,0,0,0,0,0,0,0,0
vestnikkavkaza,15,23590,3,0,0,0,0,0,4360,0,0,0,0,0
vestnikp,19,11494,0,0,0,0,0,0,0,0,0,0,0,0
vestnikpvo,18,8108,0,0,0,0,0,0,0,0,0,0,0,0
vestniksrb,3,539,0,0,0,0,0,0,0,0,0,0,0,0
vestyisrael,288,2947556,1,0,0,0,0,0,11600,0,0,0,0,0
vesvich,5,13410,0,0,0,0,0,0,0,0,0,0,0,0
veterPitera,4,2143,0,0,0,0,0,0,0,0,0,0,0,0
vetnewsoffical,3,1953,0,0,0,0,0,0,0,0,0,0,0,0
vezhlivo_ru,105,2064310,0,0,0,0,0,0,0,0,0,0,0,0
vgbnews,39,275162,1,0,0,0,0,0,8120,0,0,0,0,0
vgnovosti24,5,11590,0,0,0,0,0,0,0,0,0,0,0,0
vgolovach,26,66068,0,0,0,0,0,0,0,0,0,0,0,0
vgor999,29,47549,1,0,0,0,0,0,1590,0,0,0,0,0
vgora_vesti,25,23323,0,0,0,0,0,0,0,0,0,0,0,0
vgorode_kharkiv,558,692810,18,0,0,1,0,0,21372,0,0,1070,0,0
vgorode_lviv,19,6839,0,0,0,0,0,0,0,0,0,0,0,0
vgorode_odessa,7,3227,0,0,0,0,0,0,0,0,0,0,0,0
vgorodechita,52,30453,0,0,0,0,0,0,0,0,0,0,0,0
vgorodeukr,53,19526,0,0,0,0,0,0,0,0,0,0,0,0
vgorshenin,6,220780,0,0,0,0,0,0,0,0,0,0,0,0
vgorunews,12,16262,1,0,0,0,0,0,617,0,0,0,0,0
vgostyahuxochupiwo,22,77700,0,0,0,0,0,0,0,0,0,0,0,0
vhneshutit,23,71690,0,0,0,0,0,0,0,0,0,0,0,0
via_live,37,270622,0,0,0,0,0,0,0,0,0,0,0,0
viacorka,8,5707,0,0,0,0,0,0,0,0,0,0,0,0
viasna96,20,33890,0,0,0,0,0,0,0,0,0,0,0,0
vibornyk,78,718126,3,0,0,0,0,0,18480,0,0,0,0,0
vibuxaviasia,71,993920,0,0,0,0,0,0,0,0,0,0,0,0
vichirniykyiv,17,138,1,0,0,0,0,0,10,0,0,0,0,0
victor_suvorov,5,22230,0,0,0,0,0,0,0,0,0,0,0,0
victorblud,55,714702,0,0,0,0,0,0,0,0,0,0,0,0
victoria_sinitsina,14,63467,0,0,0,0,0,0,0,0,0,0,0,0
victoriaportfolio,29,830770,0,0,0,0,0,0,0,0,0,0,0,0
victorternovsky,27,147890,0,0,0,0,0,0,0,0,0,0,0,0
victory100days,28,2955,0,0,0,0,0,0,0,0,0,0,0,0
victory_forever_od,3,1086,0,0,0,0,0,0,0,0,0,0,0,0
vid_sich,2,1181,0,0,0,0,0,0,0,0,0,0,0,0
vidaecidadania_gazetadopovo,1,0,0,0,0,0,0,0,0,0,0,0,0,0
video_tatar,7,14,0,0,0,0,0,0,0,0,0,0,0,0
video_vibe,36,83659,0,0,0,2,0,0,0,0,0,3410,0,0
videobro,10,7473,0,0,0,0,0,0,0,0,0,0,0,0
videodump1,11,16973,0,0,0,0,0,0,0,0,0,0,0,0
videomagistraluz,2,177,0,0,0,0,0,0,0,0,0,0,0,0
vidnoe24,5,7010,0,0,0,0,0,0,0,0,0,0,0,0
vidnoecity,14,3860,0,0,0,0,0,0,0,0,0,0,0,0
vidnoelives,14,7610,0,0,0,0,0,0,0,0,0,0,0,0
vidnovlennia,2,101,0,0,0,0,0,0,0,0,0,0,0,0
vidobro777,8,431300,0,0,0,0,0,0,0,0,0,0,0,0
vidsichu,12,272280,3,0,0,0,0,0,32880,0,0,0,0,0
vietnamnews_ru,67,74077,0,0,0,0,0,0,0,0,0,0,0,0
vii_diary,19,101780,0,0,0,0,0,0,0,0,0,0,0,0
vik_wik_mom,39,384416,1,0,0,0,0,0,10200,0,0,0,0,0
vika_moka,9,14471,0,0,0,0,0,0,0,0,0,0,0,0
vika_tsyganova63,12,78650,0,0,0,0,0,0,0,0,0,0,0,0
vikaaivanova,12,27240,0,0,0,0,0,0,0,0,0,0,0,0
vikconder,5,19983,0,0,0,0,0,0,0,0,0,0,0,0
vikharevaelvira,22,48710,1,0,0,0,0,0,1040,0,0,0,0,0
viki_europaplus,26,187500,0,0,0,0,0,0,0,0,0,0,0,0
viki_odi,13,106790,0,0,0,0,0,0,0,0,0,0,0,0
vikiperm,5,5266,0,0,0,0,0,0,0,0,0,0,0,0
vikishow_official,39,5455700,0,0,0,0,0,0,0,0,0,0,0,0
viksiandmoms,18,32670,0,0,0,0,0,0,0,0,0,0,0,0
viktarbabarykaofficial,22,86570,2,0,0,0,0,0,7480,0,0,0,0,0
viktorefimof,15,30377,0,0,0,0,0,0,0,0,0,0,0,0
viktoriyacheinfo,1,1090,0,0,0,0,0,0,0,0,0,0,0,0
viktorya_marko,11,19431,0,0,0,0,0,0,0,0,0,0,0,0
vilkul,35,587047,0,0,0,3,0,0,0,0,0,127200,0,0
villagekazakhstan,29,39829,0,0,0,0,0,0,0,0,0,0,0,0
villageua,27,93248,0,0,0,0,0,0,0,0,0,0,0,0
viluchinsk_live,12,40969,0,0,0,0,0,0,0,0,0,0,0,0
vinegret_cz,7,37530,0,0,0,0,0,0,0,0,0,0,0,0
vinninform,21,11246,0,0,0,0,0,0,0,0,0,0,0,0
vinnitsa_info,63,450700,1,0,0,0,0,0,5820,0,0,0,0,0
vinnytsia_baby,73,22302,0,0,0,0,0,0,0,0,0,0,0,0
vinnytskaODA,5,3896,0,0,0,0,0,0,0,0,0,0,0,0
vinograd_us,4,6973,0,0,0,0,0,0,0,0,0,0,0,0
violavolkova,15,24758,0,0,0,0,0,0,0,0,0,0,0,0
violetta_chikovani,92,179274,0,0,0,0,0,0,0,0,0,0,0,0
violetthillsoff,3,1384,0,0,0,0,0,0,0,0,0,0,0,0
vip_md,9,8959,0,0,0,0,0,0,0,0,0,0,0,0
vipbelousov,16,9071,0,0,0,0,0,0,0,0,0,0,0,0
viralload,22,52248,4,0,0,0,0,0,15830,0,0,0,0,0
virus_novosti,23,5025,0,0,0,0,0,0,0,0,0,0,0,0
virus_stories,1,196,0,0,0,0,0,0,0,0,0,0,0,0
virusbelarus,1,0,0,0,0,0,0,0,0,0,0,0,0,0
visapartner,14,66222,0,0,0,0,0,0,0,0,0,0,0,0
visboris,4,31250,1,0,0,0,0,0,8840,0,0,0,0,0
vishnyasad,1,1650,0,0,0,0,0,0,0,0,0,0,0,0
visochanskaselrada,3,3946,0,0,0,0,0,0,0,0,0,0,0,0
vit_prof,1,42,0,0,0,0,0,0,0,0,0,0,0,0
vit_rus_vit,19,58332,0,0,0,0,0,0,0,0,0,0,0,0
vitalii_maletskyi,40,183774,0,0,0,0,0,0,0,0,0,0,0,0
vitaliy_klitschko,480,58537400,1,0,0,0,0,0,223000,0,0,0,0,0
vitaliykovalew,1,328,0,0,0,0,0,0,0,0,0,0,0,0
vitaly_scout,8,7384,0,0,0,0,0,0,0,0,0,0,0,0
vitalyadams,31,46819,1,0,0,0,0,0,3060,0,0,0,0,0
vitalykoval8,70,627970,0,0,0,0,0,0,0,0,0,0,0,0
vitavip1,7,7361,0,0,0,0,0,0,0,0,0,0,0,0
vitebsk_region_officially,5,5437,0,0,0,0,0,0,0,0,0,0,0,0
vitteli,37,293680,0,0,0,0,0,0,0,0,0,0,0,0
vitvestiby,44,25551,0,0,0,0,0,0,0,0,0,0,0,0
vityzeva,1957,12118258,30,0,0,1,9,0,194469,0,0,3810,58340,0
vivalacloud,5,409,0,0,0,0,0,0,0,0,0,0,0,0
vivechorko,24,15641,0,0,0,0,0,0,0,0,0,0,0,0
vivisvibe,1,1140,0,0,0,0,0,0,0,0,0,0,0,0
viwaaa,8,8076,0,0,0,0,0,0,0,0,0,0,0,0
vizioner_rf,24,364250,0,0,0,0,0,0,0,0,0,0,0,0
vizovvremeni,12,6237,0,0,0,0,0,0,0,0,0,0,0,0
vkarbalevich,32,33899,0,0,0,0,0,0,0,0,0,0,0,0
vkazani,15,32155,0,0,0,0,0,0,0,0,0,0,0,0
vklochok,143,1625690,2,0,0,0,0,0,29700,0,0,0,0,0
vklymchuk,311,1943627,21,0,0,0,0,0,138950,0,0,0,0,0
vkomsomolske,7,3320,0,0,0,0,0,0,0,0,0,0,0,0
vkrace,2,4110,0,0,0,0,0,0,0,0,0,0,0,0
vkrugusvoih1,4,18750,0,0,0,0,0,0,0,0,0,0,0,0
vkurse22,129,2372434,3,0,0,0,0,0,58500,0,0,0,0,0
vkurse66,9,19532,0,0,0,0,0,0,0,0,0,0,0,0
vkursevrn,9,8516,0,0,0,0,0,0,0,0,0,0,0,0
vlad_lymanyuk,19,22849,0,0,0,0,0,0,0,0,0,0,0,0
vlada,9,7100,0,0,0,0,0,0,0,0,0,0,0,0
vladbmw530public,25,264600,2,0,0,0,1,0,20120,0,0,0,11200,0
vladbumaga_4,12,82015,0,0,0,0,0,0,0,0,0,0,0,0
vladfreedomevolve,45,706010,1,0,0,2,0,0,20400,0,0,45500,0,0
vladglenttg,116,38846500,0,0,0,0,0,0,0,0,0,0,0,0
vladimir_news33,20,5917,0,0,0,0,0,0,0,0,0,0,0,0
vladimirbidyovka,9,4032,2,0,0,0,0,0,1093,0,0,0,0,0
vladimirlepehin,38,747770,4,0,0,0,0,1,71890,0,0,0,0,32400
vladimirlukan,14,27927,0,0,0,0,0,0,0,0,0,0,0,0
vladimirstus,17,54280,0,0,0,0,0,0,0,0,0,0,0,0
vladislavkarpyuk,3,1882,0,0,0,0,0,0,0,0,0,0,0,0
vladivostok001,148,669687,2,0,0,0,0,0,9820,0,0,0,0,0
vladivostok1978,22,307590,1,0,0,0,0,0,5260,0,0,0,0,0
vladivostokfm1064,20,7228,1,0,0,0,0,0,88,0,0,0,0,0
vladlentatarsky,349,10598310,2,0,0,0,0,0,38100,0,0,0,0,0
vladnewsru,55,44777,0,0,0,0,0,0,0,0,0,0,0,0
vladosmiross,12,148190,0,0,0,0,0,0,0,0,0,0,0,0
vladyusha_plums,21,2722399,0,0,0,0,0,0,0,0,0,0,0,0
vladziz,15,72250,1,0,0,0,0,0,5860,0,0,0,0,0
vlagr,20,110810,0,0,0,0,0,0,0,0,0,0,0,0
vlasgeniy1,1,440,0,0,0,0,0,0,0,0,0,0,0,0
vlasovanatoly,42,430040,1,0,0,1,0,0,10100,0,0,8320,0,0
vlast_Zh,44,207940,0,0,0,0,0,0,0,0,0,0,0,0
vlast_sovetov,1,182,0,0,0,0,0,0,0,0,0,0,0,0
vlastinet,2,2,0,0,0,0,0,0,0,0,0,0,0,0
vlastkz,61,226990,3,0,0,0,0,0,10790,0,0,0,0,0
vlatesax,16,47248,0,0,0,0,0,0,0,0,0,0,0,0
vlazder,11,13105,1,0,0,0,0,0,1100,0,0,0,0,0
vlg100,7,999,0,0,0,0,0,0,0,0,0,0,0,0
vlgcity,13,4092,0,0,0,0,0,0,0,0,0,0,0,0
vlmiclub,2,190,0,0,0,0,0,0,0,0,0,0,0,0
vlogchain,30,65761,0,0,0,0,0,0,0,0,0,0,0,0
vlogetson,1,23,0,0,0,0,0,0,0,0,0,0,0,0
vlogspy,11,45487,0,0,0,0,0,0,0,0,0,0,0,0
vloleynik,2,148,0,0,0,0,0,0,0,0,0,0,0,0
vmalenko,22,63830,0,0,0,0,0,0,0,0,0,0,0,0
vmarahovsky,59,3513900,2,0,0,0,0,0,126900,0,0,0,0,0
vmeste_itochka_ru,24,166780,0,0,0,0,0,0,0,0,0,0,0,0
vmeste_mbm,36,36595,0,0,0,0,0,0,0,0,0,0,0,0
vmfareast,235,1270756,1,0,0,2,0,0,3710,0,0,7370,0,0
vmgere,4,1513,0,0,0,0,0,0,0,0,0,0,0,0
vmoskva,12,9240,0,0,0,0,0,0,0,0,0,0,0,0
vmozdoke,19,43375,0,0,0,0,0,0,0,0,0,0,0,0
vn20minut,44,380045,0,0,0,0,0,0,0,0,0,0,0,0
vn_rangeloni,38,765930,0,0,0,0,0,0,0,0,0,0,0,0
vn_zhdanov,1,623,0,0,0,0,0,0,0,0,0,0,0,0
vnborodinpolitik,434,10462470,5,0,0,0,3,0,137000,0,0,0,78700,0
vnemoi,10,15900,0,0,0,0,0,0,0,0,0,0,0,0
vneshpol,35,591710,2,0,0,0,0,0,170500,0,0,0,0,0
vnizgolovoi,14,13207,1,0,0,0,0,0,1100,0,0,0,0,0
vnovosib,11,15040,0,0,0,0,0,0,0,0,0,0,0,0
vnrunsk,15,6078,0,0,0,0,0,0,0,0,0,0,0,0
vnsnua,128,541431,0,0,0,0,0,0,0,0,0,0,0,0
vo_svoboda,2,738,0,0,0,0,1,0,0,0,0,0,337,0
vo_vlasti,15,27107,0,0,0,0,0,0,0,0,0,0,0,0
voaAfaanOromo,2,0,0,0,0,0,0,0,0,0,0,0,0,0
voblack,10,5315,0,0,0,0,0,0,0,0,0,0,0,0
voblast,4,20,0,0,0,0,0,0,0,0,0,0,0,0
vocket,199,190823,0,0,0,0,0,0,0,0,0,0,0,0
vodilcity,8,20130,0,0,0,0,0,0,0,0,0,0,0,0
vodiydangapirurlar,1,780,0,0,0,0,0,0,0,0,0,0,0,0
vodiylikmiz,97,1085681,0,0,0,0,0,0,0,0,0,0,0,0
vodka_babi_patefon,9,2989,0,0,0,0,0,0,0,0,0,0,0,0
vodny2,8,19830,0,0,0,0,0,0,0,0,0,0,0,0
vodokanalSMR,3,10700,0,0,0,0,0,0,0,0,0,0,0,0
vodolagainfo,5,22248,0,0,0,0,0,0,0,0,0,0,0,0
voenacher,4592,635955363,56,0,1,12,2,1,8363800,0,136000,1689000,294000,75400
voenacher2,9,1253,0,0,0,0,0,0,0,0,0,0,0,0
voenhronika_ru,15,23267,0,0,0,0,0,0,0,0,0,0,0,0
voenkorKotenok,3093,242429160,64,0,3,11,58,1,4929000,0,233300,912700,4603300,56100
voenkor_evtushenko,14,12985,1,0,0,0,0,0,728,0,0,0,0,0
voenkors,2,7790,0,0,0,0,0,0,0,0,0,0,0,0
voennaya_tayna,25,40777,0,0,0,0,2,0,0,0,0,0,3680,0
voenndelo,317,12377660,3,0,1,0,0,0,110900,0,42900,0,0,0
voenniikadrovik,23,174150,1,0,0,0,0,0,2580,0,0,0,0,0
voenzhur,68,3970,0,0,0,0,0,0,0,0,0,0,0,0
voice_of_turkey,28,110840,0,0,0,0,0,0,0,0,0,0,0,0
voiceofisrael,39,2584000,0,0,0,0,0,0,0,0,0,0,0,0
voiceofrightness,20,71790,2,0,0,0,0,0,6740,0,0,0,0,0
voin_dv,20,245000,0,0,0,0,0,0,0,0,0,0,0,0
voinaistoriaorygie,19,2858,0,0,0,0,0,0,0,0,0,0,0,0
voinasordoy,87,8015900,0,0,0,0,0,0,0,0,0,0,0,0
vojevatovlev,34,35988,1,0,0,0,0,0,1030,0,0,0,0,0
vokrugiokolo,2,0,0,0,0,0,0,0,0,0,0,0,0,0
vokrugtech,11,3725,0,0,0,0,0,0,0,0,0,0,0,0
vokryg_nas,4,69,0,0,0,0,0,0,0,0,0,0,0,0
vol_gach,26,3491,0,0,0,0,0,0,0,0,0,0,0,0
volanalitic,38,1952800,2,0,0,0,0,0,92000,0,0,0,0,0
voleran,15,66945,0,0,0,0,0,0,0,0,0,0,0,0
volgabrief,46,1017390,0,0,0,1,0,0,0,0,0,21700,0,0
volgo01,14,22223,0,0,0,0,0,0,0,0,0,0,0,0
volgodonsk_sluh,49,588520,1,0,0,0,0,0,10400,0,0,0,0,0
volgodonsk_sobitie,50,650700,0,0,0,0,0,0,0,0,0,0,0,0
volgodonskonline,19,1685,0,0,0,0,0,0,0,0,0,0,0,0
volgograd_tg,66,719890,0,0,0,0,0,0,0,0,0,0,0,0
volgosluh,11,20770,0,0,0,0,0,0,0,0,0,0,0,0
volkdays,7,3994,0,0,0,0,0,0,0,0,0,0,0,0
volkodav42,18,70060,0,0,0,0,0,0,0,0,0,0,0,0
volkodav73,7,6143,0,0,0,0,0,0,0,0,0,0,0,0
volkovajs,12,144962,0,0,0,0,0,0,0,0,0,0,0,0
volkovakatt,2,650,0,0,0,0,0,0,0,0,0,0,0,0
volkovysknews,3,524,0,0,0,0,0,0,0,0,0,0,0,0
volneleposti,75,136754,0,0,0,0,0,0,0,0,0,0,0,0
volnovaha_news,17,69140,0,0,0,0,0,0,0,0,0,0,0,0
volochkova_anastasiya,38,693070,0,0,0,0,0,0,0,0,0,0,0,0
volodin_saratov,49,1929390,1,0,0,0,0,0,28100,0,0,0,0,0
volodyaaxxl,6,2469,0,0,0,0,0,0,0,0,0,0,0,0
volodymyrzolkin,1327,52930316,26,0,0,10,4,0,1261800,0,0,389200,158100,0
vologdapoz,10,33386,0,0,0,0,0,0,0,0,0,0,0,0
vologodskoy_konvoy,1,307,0,0,0,0,0,0,0,0,0,0,0,0
voloil35,3,2280,0,0,0,0,0,0,0,0,0,0,0,0
volokolamskiigo,1,1,0,0,0,0,0,0,0,0,0,0,0,0
volonter_wien,1,0,0,0,0,0,0,0,0,0,0,0,0,0
volosozhar_t,21,70239,0,0,0,0,0,0,0,0,0,0,0,0
volosyankov_nik,19,328200,1,0,0,0,0,0,19000,0,0,0,0,0
volotskov,10,22820,0,0,0,0,0,0,0,0,0,0,0,0
volrada,7,22364,0,0,0,0,0,0,0,0,0,0,0,0
volrota,7,1520,0,0,0,0,0,0,0,0,0,0,0,0
volshebstvo_vkysno,22,55827,1,0,0,0,0,0,3170,0,0,0,0,0
voltsw,25,39508,0,0,0,0,0,0,0,0,0,0,0,0
volunteerstbilisi,19,23897,0,0,0,0,0,0,0,0,0,0,0,0
volyamedia,69,1630910,6,0,0,0,0,0,134500,0,0,0,0,0
volyn24_news,341,485983,37,0,0,0,0,0,49330,0,0,0,0,0
volyn_news,148,1473023,7,0,0,0,1,0,71980,0,0,0,2680,0
volynblog,280,7422270,12,0,0,0,1,0,301700,0,0,0,21100,0
volynpost,118,701389,1,0,1,0,0,0,8500,0,1860,0,0,0
volynskaODA,38,255330,0,0,0,0,0,0,0,0,0,0,0,0
volzhskie,2,132,0,0,0,0,0,0,0,0,0,0,0,0
voma_center,18,31127,0,0,0,0,0,0,0,0,0,0,0,0
voqif_uz,4,0,0,0,0,0,0,0,0,0,0,0,0,0
vorankaaaaa,6,84920,0,0,0,0,0,0,0,0,0,0,0,0
vorannews,4,224,0,0,0,0,0,0,0,0,0,0,0,0
vorobiev_live,9,592660,0,0,0,0,0,0,0,0,0,0,0,0
voronezh36ON,1,169,0,0,0,0,0,0,0,0,0,0,0,0
voronezh_r36,50,685150,0,0,0,0,0,0,0,0,0,0,0,0
voronezhlubimiu,25,1264,0,0,0,0,0,0,0,0,0,0,0,0
vorontsova63ru,6,38583,0,0,0,0,0,0,0,0,0,0,0,0
voroshilov_dm,25,158626,0,0,0,0,0,0,0,0,0,0,0,0
vorsobin,1,2200,0,0,0,0,0,0,0,0,0,0,0,0
vorukh22,2,47,0,0,0,0,0,0,0,0,0,0,0,0
vorukh_tv,15,26542,0,0,0,0,0,0,0,0,0,0,0,0
voshodnews,2,71,0,0,0,0,0,0,0,0,0,0,0,0
voshodvanino,15,2570,0,0,0,0,0,0,0,0,0,0,0,0
voskanapat,25,19720,0,0,0,0,0,0,0,0,0,0,0,0
voskoboinikovaleksandr,18,48124,0,0,0,0,0,0,0,0,0,0,0,0
voskresensk_today,29,26650,0,0,0,0,0,0,0,0,0,0,0,0
vostex24,10,738,0,0,0,0,0,0,0,0,0,0,0,0
vostochniy_moscow,54,824540,0,0,0,0,0,0,0,0,0,0,0,0
vostochniy_project,3,1652,0,0,0,0,0,0,0,0,0,0,0,0
vostochnysyndrome,27,319532,1,0,0,0,0,0,29400,0,0,0,0,0
vostokvesti,241,594955,21,0,0,0,0,0,49899,0,0,0,0,0
votegd,21,20761,1,0,0,0,0,0,679,0,0,0,0,0
voteraz,1,391,0,0,0,0,0,0,0,0,0,0,0,0
vottaktv,19,32517,0,0,0,0,1,0,0,0,0,0,1260,0
vova_alexeev,4,0,0,0,0,0,0,0,0,0,0,0,0,0
vovalvova,12,11950,0,0,0,0,0,0,0,0,0,0,0,0
vovaparachute81,8,2234,0,0,0,0,0,0,0,0,0,0,0,0
vovchenkomarina_official,45,997240,1,0,0,0,0,0,29600,0,0,0,0,0
vovknn,12,30346,0,0,0,0,0,0,0,0,0,0,0,0
voxcheck,16,6535,0,0,0,0,0,0,0,0,0,0,0,0
voyager1970,78,391310,0,0,0,0,0,0,0,0,0,0,0,0
voynareal,11569,3767688599,264,0,9,94,9,0,81051500,0,2773000,31069700,2705700,0
vozcouncil,179,531129,2,0,0,0,0,0,6290,0,0,0,0,0
vozmezdie,1,223,0,0,0,0,0,0,0,0,0,0,0,0
vozvisnyk,98,1596100,0,0,0,0,0,0,0,0,0,0,0,0
vpainer,11,6191,0,0,0,0,0,0,0,0,0,0,0,0
vpanalytics,40,121679,2,0,0,0,0,0,5260,0,0,0,0,0
vpc_vympel_baikal,21,1165,1,0,0,0,0,0,105,0,0,0,0,0
vpiskashow,37,3860200,1,0,0,0,0,0,39900,0,0,0,0,0
vpkgovby,6,3109,0,0,0,0,0,0,0,0,0,0,0,0
vpoanalytics,18,98530,1,0,0,0,0,0,4940,0,0,0,0,0
vpokoe,280,5154920,10,0,0,0,0,0,199500,0,0,0,0,0
vpolezreniyaproekt,20,13567,0,0,0,0,0,0,0,0,0,0,0,0
vprorok,34,54303,2,0,0,0,0,0,4660,0,0,0,0,0
vpsity,41,247631,0,0,0,0,0,0,0,0,0,0,0,0
vr_medinskiy,35,3072000,0,0,0,0,0,0,0,0,0,0,0,0
vraskovOFF,9,42610,5,0,0,0,0,0,22470,0,0,0,0,0
vredinalifelena,72,1437330,0,0,0,0,0,0,0,0,0,0,0,0
vremya_press,5,83,0,0,0,0,0,0,0,0,0,0,0,0
vremyavperedrus,41,192920,1,0,0,0,0,0,3890,0,0,0,0,0
vrhtg,35,972300,0,0,0,0,0,0,0,0,0,0,0,0
vrn01,71,1177210,0,0,0,0,0,0,0,0,0,0,0,0
vrn_karaulny,13,2044,0,0,0,0,0,0,0,0,0,0,0,0
vrnqd_notes,5,8075,0,0,0,0,0,0,0,0,0,0,0,0
vrnzhlob,22,55939,1,0,0,0,0,0,10800,0,0,0,0,0
vrogov,386,9075440,6,0,0,3,25,0,147300,0,0,65900,638300,0
vronskayaekaterina,34,883119,0,0,0,0,0,0,0,0,0,0,0,0
vrotkuku,2,0,0,0,0,0,0,0,0,0,0,0,0,0
vrsamoylov,25,90207,0,0,0,0,0,0,0,0,0,0,0,0
vs_oblomov,11,45480,0,0,0,0,0,0,0,0,0,0,0,0
vse_mamy_zdes,18,11104,0,0,0,0,0,0,0,0,0,0,0,0
vse_novosti,18,473,0,0,0,0,0,0,0,0,0,0,0,0
vse_o_moskve,1,822,0,0,0,0,0,0,0,0,0,0,0,0
vse_o_politika,41,286800,1,0,0,0,0,0,6050,0,0,0,0,0
vse_o_sochi,15,9422,0,0,0,0,0,0,0,0,0,0,0,0
vsebudethorosho,21,27353,1,0,0,0,0,0,1070,0,0,0,0,0
vsednrru,12,7175,0,0,0,0,0,0,0,0,0,0,0,0
vsemposobake_volunteer,3,3907,0,0,0,0,0,0,0,0,0,0,0,0
vsenovostint,16,12067,0,0,0,0,0,0,0,0,0,0,0,0
vseomoskve,1,24,0,0,0,0,0,0,0,0,0,0,0,0
vsesmizdes,22,11444,1,0,0,0,0,0,52,0,0,0,0,0
vshivaya_intelligenciya,33,563640,5,0,0,0,0,0,85800,0,0,0,0,0
vshumilov7,11,85780,0,0,0,0,0,0,0,0,0,0,0,0
vsmolenske,19,185610,0,0,0,0,0,0,0,0,0,0,0,0
vsolodovbrief,10,64190,0,0,0,0,0,0,0,0,0,0,0,0
vspravda,16,13048,3,0,0,0,0,0,1995,0,0,0,0,0
vsrataya_zhurnalistika,6,44270,0,0,0,0,0,0,0,0,0,0,0,0
vsratyikontent,2,202,0,0,0,0,0,0,0,0,0,0,0,0
vsrfsupport,8,3463,0,0,0,0,0,0,0,0,0,0,0,0
vsstu_typing,15,115210,0,0,0,0,0,0,0,0,0,0,0,0
vstraneoz,1,0,0,0,0,0,0,0,0,0,0,0,0,0
vsvetesobytij,30,14640,0,0,0,0,0,0,0,0,0,0,0,0
vsvyaznoi,19,4784,0,0,0,0,0,0,0,0,0,0,0,0
vsya_korea,61,1171650,10,0,0,0,0,0,208400,0,0,0,0,0
vsyatakayamongayt,45,1012510,1,0,0,0,0,0,65900,0,0,0,0,0
vsyaufa,28,27780,1,0,0,0,0,0,735,0,0,0,0,0
vszhis,7,1628,0,0,0,0,0,0,0,0,0,0,0,0
vszu_ua,26,3359,0,0,0,0,0,0,0,0,0,0,0,0
vtntg,37,14572,0,0,0,0,0,0,0,0,0,0,0,0
vtomskeru,15,22938,1,0,0,0,0,0,1700,0,0,0,0,0
vtorhik,25,65028,0,0,0,0,0,0,0,0,0,0,0,0
vtorifront,22,171740,0,0,0,0,0,0,0,0,0,0,0,0
vtretyakov1953,20,23435,0,0,0,0,0,0,0,0,0,0,0,0
vtrk_vl,1,678,0,0,0,0,0,0,0,0,0,0,0,0
vtroparevo,19,15783,0,0,0,0,0,0,0,0,0,0,0,0
vtss2,24,87280,1,0,0,0,0,0,4360,0,0,0,0,0
vulfcanseeyou,21,75711,0,0,0,0,0,0,0,0,0,0,0,0
vulichenko,40,109444,0,0,0,0,0,0,0,0,0,0,0,0
vv_forostyanov_igosk,2,0,0,0,0,0,0,0,0,0,0,0,0,0
vv_volodin,355,400581100,17,0,0,0,0,0,16053000,0,0,0,0,0
vvgladkov,1716,281896709,3,0,0,1,0,0,568600,0,0,305000,0,0
vvlaadushkaa,4,3485,0,0,0,0,0,0,0,0,0,0,0,0
vvlena,41,419000,1,0,0,0,0,0,12500,0,0,0,0,0
vvsergienko,64,799320,1,0,0,1,1,0,7280,0,0,9320,5540,0
vyakutiaru,23,5461,1,0,0,0,0,0,37,0,0,0,0,0
vyat_avtomat,24,178009,0,0,0,0,0,0,0,0,0,0,0,0
vyatskaya_zhelch,13,38830,1,0,0,0,0,0,2600,0,0,0,0,0
vybora,68,385560,3,1,0,0,0,0,17070,5010,0,0,0,0
vyborka,54,529339,2,0,0,0,1,0,21610,0,0,0,8870,0
vybory_smotri,18,82026,1,0,0,0,0,0,1870,0,0,0,0,0
vydohnovenie,1,7,0,0,0,0,0,0,0,0,0,0,0,0
vykonkomumr,29,144580,0,0,0,0,0,0,0,0,0,0,0,0
vyksa,7,8103,0,0,0,0,0,0,0,0,0,0,0,0
vysh_gov_ua,1,100,0,0,0,0,0,0,0,0,0,0,0,0
vyshinkv,31,44609,0,0,0,0,0,0,0,0,0,0,0,0
vysokygovorit,1858,307732290,46,0,3,6,11,1,7877700,0,343900,844000,1528000,190000
vysotskayaofficial,43,537540,0,0,0,0,0,0,0,0,0,0,0,0
vyvorot,17,12831,1,0,0,0,0,0,378,0,0,0,0,0
vzglyad_info,25,233510,0,0,0,0,0,0,0,0,0,0,0,0
vzglyad_ru,2022,11431581,51,0,1,10,2,0,271259,0,9220,42730,13820,0
vzglyaduz,21,252561,0,0,0,0,0,0,0,0,0,0,0,0
vzoreast,7,33630,0,0,0,0,0,0,0,0,0,0,0,0
vzpinfo,32,954200,2,0,0,0,0,0,35500,0,0,0,0,0
vzsar_info,13,34770,1,0,0,0,0,0,3130,0,0,0,0,0
wadim_manukyan,1,4700,0,0,0,0,0,0,0,0,0,0,0,0
waitmanfear,11,16097,0,0,0,0,0,0,0,0,0,0,0,0
wakeup_russia,24,31718,1,0,0,0,0,0,1910,0,0,0,0,0
wakingup1984channel,15,43019,0,0,0,0,0,0,0,0,0,0,0,0
wallley,18,349007,0,0,0,0,0,0,0,0,0,0,0,0
wandererchannel,30,130142,0,0,0,0,0,0,0,0,0,0,0,0
war_monitor,3726,954113901,0,0,0,0,0,0,0,0,0,0,0,0
war_ua_22,576,2238916,1,0,0,0,0,0,4600,0,0,0,0,0
war_ukrain,48,12152,0,0,0,0,0,0,0,0,0,0,0,0
wardrive,1,9690,0,0,0,0,0,0,0,0,0,0,0,0
warfakebelgorod,54,36184,0,0,0,0,0,0,0,0,0,0,0,0
warfakerostov,6,2359,0,0,0,0,0,0,0,0,0,0,0,0
warfakes,1649,188055010,82,0,1,14,15,0,8905500,0,110000,1943800,1660000,0
warfromanvar,18,507,0,0,0,0,0,0,0,0,0,0,0,0
wargonzo,3153,271817894,100,0,1,6,10,0,8270650,0,33200,481700,724900,0
warinukraine202,3,1231,0,0,0,0,0,0,0,0,0,0,0,0
warlocatorukraine,3,1768,0,0,0,0,0,0,0,0,0,0,0,0
warningodesa,82,1704100,0,0,0,0,0,0,0,0,0,0,0,0
waronfakesen,17,12087,0,0,0,0,0,0,0,0,0,0,0,0
warsonline1,126,225906,0,0,0,0,0,0,0,0,0,0,0,0
washizngton,1,0,0,0,0,0,0,0,0,0,0,0,0,0
wasywasy7,18,37357,0,0,0,0,0,0,0,0,0,0,0,0
wayu_korea,3,2270,0,0,0,0,0,0,0,0,0,0,0,0
wb_obzor_tovarov,20,77114,0,0,0,0,0,0,0,0,0,0,0,0
wb_pravda_sotrudnikov,22,30619,0,0,0,0,0,0,0,0,0,0,0,0
wcups,18,13604,0,0,0,0,0,0,0,0,0,0,0,0
wdinform,6,53026,0,0,0,0,0,0,0,0,0,0,0,0
we_cidreria,3,2500,0,0,0,0,0,0,0,0,0,0,0,0
we_project,49,147185,0,0,0,0,0,0,0,0,0,0,0,0
wearefromgas,18,1480,0,0,0,0,0,0,0,0,0,0,0,0
wearerussiansbro,22,78,0,0,0,0,0,0,0,0,0,0,0,0
wearespb,6,836,0,0,0,0,0,0,0,0,0,0,0,0
weather66,8,24700,0,0,0,0,0,0,0,0,0,0,0,0
weatherjj,88,179856,0,0,0,0,0,0,0,0,0,0,0,0
weatherlab,2,4170,0,0,0,0,0,0,0,0,0,0,0,0
weatherwasawesome,27,41812,0,0,0,0,0,0,0,0,0,0,0,0
webstrangler,32,301340,2,0,0,0,0,0,11430,0,0,0,0,0
welllaptops,28,2763,0,0,0,0,0,0,0,0,0,0,0,0
welset,1,144,0,0,0,0,0,0,0,0,0,0,0,0
weltanschauungitaliaofficial,41,377750,0,0,0,0,0,0,0,0,0,0,0,0
wendyrogersaz,181,565647,0,0,0,0,0,0,0,0,0,0,0,0
westerndpua,4,10170,0,0,0,0,0,0,0,0,0,0,0,0
weukrainetv,16,23937,0,0,0,0,0,1,0,0,0,0,0,1170
whalesgohigh,51,2532000,6,0,0,0,0,0,285000,0,0,0,0,0
what_happns,6,2315,0,0,0,0,0,0,0,0,0,0,0,0
whereisdariaa,3,5600,0,0,0,0,0,0,0,0,0,0,0,0
wherelovend,9,14990,0,0,0,0,0,0,0,0,0,0,0,0
white_powder2020,29,557360,0,0,0,0,0,0,0,0,0,0,0,0
whitefilin,34,203740,0,0,0,0,1,0,0,0,0,0,4430,0
whitefortype,2,816,0,0,0,0,0,0,0,0,0,0,0,0
whiteheadfm,3,7640,0,0,0,0,0,0,0,0,0,0,0,0
whitepeak,35,105810,1,0,0,0,0,0,1700,0,0,0,0,0
why_nogotochki,9,91530,0,0,0,0,0,0,0,0,0,0,0,0
whybabybanan,39,222970,0,0,0,0,0,0,0,0,0,0,0,0
whyklayn,3,4300,0,0,0,0,0,0,0,0,0,0,0,0
whymatilda,1,2,0,0,0,0,0,0,0,0,0,0,0,0
whyolett,9,7104,0,0,0,0,0,0,0,0,0,0,0,0
wi_fi_net,556,2382420,0,0,0,0,0,0,0,0,0,0,0,0
wifetetthou,8,2522,0,0,0,0,0,0,0,0,0,0,0,0
wiki_nezami,47,253600,0,0,0,0,0,0,0,0,0,0,0,0
wild_dolphin_girl,10,15091,0,0,0,0,0,0,0,0,0,0,0,0
wild_duck62,1,2890,0,0,0,0,0,0,0,0,0,0,0,0
wildberriesfamily,34,14362,0,0,0,0,0,0,0,0,0,0,0,0
wildsobaka,29,103378,0,0,0,0,0,0,0,0,0,0,0,0
will_media,41,369550,0,0,0,0,0,0,0,0,0,0,0,0
winandmachk,3,1379,0,0,0,0,0,0,0,0,0,0,0,0
wind_sower,19,252920,0,0,0,0,0,0,0,0,0,0,0,0
windy31room,55,22027500,0,0,0,0,0,0,0,0,0,0,0,0
wine_house,3,13380,0,0,0,0,0,0,0,0,0,0,0,0
wingsofwar,37,101969,4,0,0,0,0,0,10310,0,0,0,0,0
winroman,3,2394,0,0,0,0,0,0,0,0,0,0,0,0
wireditalia,32,159350,0,0,0,0,0,0,0,0,0,0,0,0
wirmachenauf_de,38,167150,0,0,0,0,0,0,0,0,0,0,0,0
wirsindvielmehr,145,1660178,0,0,0,0,0,0,0,0,0,0,0,0
wisedruidd,361,12910815,26,0,0,0,0,0,1022810,0,0,0,0,0
wisetelega,18,28930,0,0,0,0,0,0,0,0,0,0,0,0
withlovealika,19,248250,1,0,0,0,0,0,16200,0,0,0,0,0
withmyowneyess,19,18343,0,0,0,0,0,0,0,0,0,0,0,0
withothers,28,176680,3,0,0,0,0,0,18820,0,0,0,0,0
withoutcorruption,7,4245,0,0,0,0,0,0,0,0,0,0,0,0
wjatscheslawseewald,27,128407,0,0,0,0,0,0,0,0,0,0,0,0
wmrrrwlife,11,9291,0,0,0,0,0,0,0,0,0,0,0,0
wnadereewid,49,352080,0,0,0,0,0,0,0,0,0,0,0,0
wnicca,7,27520,0,0,0,0,0,0,0,0,0,0,0,0
woinof,4,849,0,0,0,0,0,0,0,0,0,0,0,0
woman_kp_channel,1,5,0,0,0,0,0,0,0,0,0,0,0,0
woman_ru,25,145560,0,0,0,0,0,0,0,0,0,0,0,0
womanpath,40,160401,0,0,0,0,0,0,0,0,0,0,0,0
womansplaining,23,120430,0,0,0,0,0,0,0,0,0,0,0,0
wonderwomantime,36,23382,1,0,0,0,0,0,776,0,0,0,0,0
wonderzinemag,12,31580,0,0,0,0,0,0,0,0,0,0,0,0
work_tashkent,2,1975,0,0,0,0,0,0,0,0,0,0,0,0
workingincrypto,35,85058,0,0,0,0,0,0,0,0,0,0,0,0
world_i_Russia,40,627400,6,0,0,0,0,0,96100,0,0,0,0,0
world_policy,14,29350,0,0,0,0,0,0,0,0,0,0,0,0
world_wr3,31,693,0,0,0,0,0,0,0,0,0,0,0,0
worldppc,36,54655,0,0,0,0,0,0,0,0,0,0,0,0
worldprotest,194,4016720,5,0,0,0,1,0,77600,0,0,0,17000,0
worldsconflict,23,59986,0,0,0,0,0,0,0,0,0,0,0,0
worldwidedemonstration,36,115695,0,0,0,0,0,0,0,0,0,0,0,0
wp_ns,5,15050,0,0,0,0,0,0,0,0,0,0,0,0
wrestlinguz,1,2340,0,0,0,0,0,0,0,0,0,0,0,0
writedit,3,1278,0,0,0,0,0,0,0,0,0,0,0,0
wrldkrndsha,15,44463,0,0,0,0,0,0,0,0,0,0,0,0
wtalkpodcast,6,15290,0,0,0,0,0,0,0,0,0,0,0,0
wtflibertarian,3,19,0,0,0,0,0,0,0,0,0,0,0,0
wtfukra1ne,45,461039,7,0,0,0,0,0,73428,0,0,0,0,0
wweyklife,6,7964,0,0,0,0,0,0,0,0,0,0,0,0
www46tvru,1,108,0,0,0,0,0,0,0,0,0,0,0,0
x5news,20,9411,0,0,0,0,0,0,0,0,0,0,0,0
x7tor,2,8200,0,0,0,0,0,0,0,0,0,0,0,0
xGodApollo,21,14229,0,0,0,0,0,0,0,0,0,0,0,0
xOSSAx,14,16174,0,0,0,0,0,0,0,0,0,0,0,0
x_military,16,886,0,0,0,0,0,0,0,0,0,0,0,0
x_sonchy,20,104790,0,0,0,0,0,0,0,0,0,0,0,0
xabardor_kirill,57,3883,0,0,0,0,0,0,0,0,0,0,0,0
xabardor_uz_official,87,66366,0,0,0,0,0,0,0,0,0,0,0,0
xabarlar,1620,20747809,1,0,0,0,0,0,10300,0,0,0,0,0
xabaruzofficial,3603,26059857,6,0,0,1,0,0,42310,0,0,7980,0,0
xabib_magomedov_priemnaya,17,3533,2,0,0,0,0,0,420,0,0,0,0,0
xabibkaaaaaaaa,36,445800,0,0,0,0,0,0,0,0,0,0,0,0
xalima02,2,0,0,0,0,0,0,0,0,0,0,0,0,0
xalq_dardiuz,35,102056,0,0,0,0,0,0,0,0,0,0,0,0
xalq_talimi,2,6170,0,0,0,0,0,0,0,0,0,0,0,0
xarplace,25,37185,0,0,0,0,0,0,0,0,0,0,0,0
xatirchi_24_kanali,31,20680,0,0,0,0,0,0,0,0,0,0,0,0
xavfsizlik_uz,40,1606400,0,0,0,0,0,0,0,0,0,0,0,0
xchernihiv,44,33414,0,0,0,0,0,0,0,0,0,0,0,0
xenia_sobchak_tg,7,9800,0,0,0,0,0,0,0,0,0,0,0,0
xiaoven228,26,15901,0,0,0,0,0,0,0,0,0,0,0,0
xidirsha,5,17790,0,0,0,0,0,0,0,0,0,0,0,0
xiromant79,1,3760,0,0,0,0,0,0,0,0,0,0,0,0
xlesherxishere,7,5280,0,0,0,0,0,0,0,0,0,0,0,0
xlozova,53,499357,1,0,0,0,0,0,9660,0,0,0,0,0
xmao_inside,36,5356,0,0,0,0,0,0,0,0,0,0,0,0
xmednisx,25,166860,0,0,0,0,0,0,0,0,0,0,0,0
xmovero,18,4253,0,0,0,0,0,0,0,0,0,0,0,0
xolisfikr,6,2015,0,0,0,0,0,0,0,0,0,0,0,0
xorazm_uz_official,5,1705,0,0,0,0,0,0,0,0,0,0,0,0
xorazmliklar_urganch_xivaliklar,18,6857,0,0,0,0,0,0,0,0,0,0,0,0
xorazmliklaruz,47,2357,0,0,0,0,0,0,0,0,0,0,0,0
xoxoliday,17,1630700,0,0,0,0,0,0,0,0,0,0,0,0
xronikabpla,37,407160,0,0,0,0,0,0,0,0,0,0,0,0
xruzugav,14,4305,0,0,0,0,0,0,0,0,0,0,0,0
xs_uz,24,9752,0,0,0,0,0,0,0,0,0,0,0,0
xushnudbek,1345,275096600,0,0,0,0,0,0,0,0,0,0,0,0
xushnudbekuz,59,3175700,0,0,0,0,0,0,0,0,0,0,0,0
xutor,4,3358,1,0,0,0,0,0,483,0,0,0,0,0
xuyanet,22,19782,1,0,0,0,0,0,1000,0,0,0,0,0
xydessa,4349,1178554171,56,0,3,2,0,0,15170500,0,847000,687000,0,0
xyinisda,69,141376,0,0,0,0,0,0,0,0,0,0,0,0
xykonst,2,201,0,0,0,0,0,0,0,0,0,0,0,0
xykrop,16,7856,0,0,0,0,0,0,0,0,0,0,0,0
xzolxzol,1,9700,0,0,0,0,0,0,0,0,0,0,0,0
y_babi_dashi,16,111066,1,0,0,0,0,0,883,0,0,0,0,0
ya62ru,27,137327,0,0,0,0,0,0,0,0,0,0,0,0
ya_klever_natalya,25,187683,0,0,0,0,0,0,0,0,0,0,0,0
ya_mudriy,19,118450,2,0,0,0,0,0,13260,0,0,0,0,0
ya_patriot_R,41,750400,3,0,0,0,0,0,54300,0,0,0,0,0
ya_toeva,35,447400,0,0,0,0,0,0,0,0,0,0,0,0
ya_uzb,1005,54725126,19,0,0,0,0,0,1173770,0,0,0,0,0
ya_vdele,6,83990,0,0,0,0,0,0,0,0,0,0,0,0
yabelskaya,35,91174,0,0,0,0,0,0,0,0,0,0,0,0
yabloko_party,12,33360,1,0,0,0,0,0,3470,0,0,0,0,0
yabloko_press,15,24487,2,0,0,0,0,0,2007,0,0,0,0,0
yablonovskiy_city,1,283,0,0,0,0,0,0,0,0,0,0,0,0
yachtweekSex,16,43630,2,0,0,0,0,0,7300,0,0,0,0,0
yagotynofficial,73,367574,0,0,0,0,0,0,0,0,0,0,0,0
yagudin_official,16,50839,0,0,0,0,0,0,0,0,0,0,0,0
yainfo,7,697,0,0,0,0,0,0,0,0,0,0,0,0
yakemenko,33,95553,1,0,0,0,1,0,934,0,0,0,4040,0
yakiadam,20,21147,0,0,0,0,0,0,0,0,0,0,0,0
yakimanca,16,35150,0,0,0,0,0,0,0,0,0,0,0,0
yakkabog24,5,21420,0,0,0,0,0,0,0,0,0,0,0,0
yakovlevnews,15,70020,0,0,0,0,0,0,0,0,0,0,0,0
yakovsoba4ki,26,163390,1,0,0,0,0,0,5910,0,0,0,0,0
yaksenya_tg,12,75850,0,0,0,0,0,0,0,0,0,0,0,0
yakutia14news,120,217842,1,0,0,0,0,0,406,0,0,0,0,0
yakutia_kp,20,6768,1,0,0,0,0,0,139,0,0,0,0,0
yakutiadaily,105,35996,0,0,0,0,0,0,0,0,0,0,0,0
yakutsk_vecherniy,404,2003261,2,0,0,0,0,0,10160,0,0,0,0,0
yakyninavictoriia,15,158010,0,0,0,0,0,0,0,0,0,0,0,0
yalexer,30,499240,0,0,0,0,0,0,0,0,0,0,0,0
yalta24,1,2800,0,0,0,0,0,0,0,0,0,0,0,0
yalta_chp,39,6637,0,0,0,0,0,0,0,0,0,0,0,0
yalta_podslushano,9,32646,0,0,0,0,0,0,0,0,0,0,0,0
yalyublyurossiyaa,43,30859,0,0,0,0,0,0,0,0,0,0,0,0
yamal_1,20,25595,0,0,0,0,0,0,0,0,0,0,0,0
yamal_reg,50,3674,0,0,0,0,0,0,0,0,0,0,0,0
yamamatvienko,143,8436800,0,0,0,0,0,0,0,0,0,0,0,0
yamariupol_kyiv,4,3342,0,0,0,0,0,0,0,0,0,0,0,0
yamonstry,17,88794,0,0,0,0,0,0,0,0,0,0,0,0
yan_dilan,37,2851160,0,0,0,0,0,0,0,0,0,0,0,0
yana_churikova,7,12160,0,0,0,0,0,0,0,0,0,0,0,0
yana_kushner_valencia,7,7432,0,0,0,0,0,0,0,0,0,0,0,0
yana_romantik,16,30843,0,0,0,0,0,0,0,0,0,0,0,0
yana_sad_19,27,835969,1,0,0,0,0,0,4200,0,0,0,0,0
yanamkr,16,38259,1,0,0,0,0,0,2000,0,0,0,0,0
yanao_ru,1,94,0,0,0,0,0,0,0,0,0,0,0,0
yanazenina,36,3478900,0,0,0,0,0,0,0,0,0,0,0,0
yanchuk_msk,1,1600,0,0,0,0,0,0,0,0,0,0,0,0
yangiariq_bugun_tg,22,26213,0,0,0,0,0,0,0,0,0,0,0,0
yangihayot_hokimligi,7,5194,0,0,0,0,0,0,0,0,0,0,0,0
yangiobod_press,25,18059,0,0,0,0,0,0,0,0,0,0,0,0
yangiqorgonliklar,64,221511,0,0,0,0,0,0,0,0,0,0,0,0
yangiul,2,538,0,0,0,0,0,0,0,0,0,0,0,0
yangiyulsuvsoz,3,5521,0,0,0,0,0,0,0,0,0,0,0,0
yanina_pavlenko,5,5330,0,0,0,0,0,0,0,0,0,0,0,0
yanina_studilina,18,43872,0,0,0,0,0,0,0,0,0,0,0,0
yanka_blog,17,6270,0,0,0,0,0,0,0,0,0,0,0,0
yanosifaa,22,194729,0,0,0,0,0,0,0,0,0,0,0,0
yanreyzen,38,5079800,0,0,0,0,0,0,0,0,0,0,0,0
yantarnefm24,13,11894,0,0,0,0,0,0,0,0,0,0,0,0
yanyaru,11,298800,0,0,0,0,0,0,0,0,0,0,0,0
yapatriotrf,47,430460,0,0,0,0,0,0,0,0,0,0,0,0
yar_oblast,17,10364,0,0,0,0,0,0,0,0,0,0,0,0
yaran_khorasan,10,1195,0,0,0,0,0,0,0,0,0,0,0,0
yardrey,127,5922690,4,0,0,0,0,0,203900,0,0,0,0,0
yarkompot,5,32600,1,0,0,0,0,0,2200,0,0,0,0,0
yarmakandriy,12,16390,1,0,0,0,0,0,1240,0,0,0,0,0
yarmolyntsi,14,50030,1,0,0,0,0,0,7450,0,0,0,0,0
yarnewsnet,1,51,0,0,0,0,0,0,0,0,0,0,0,0
yarnovostireal,2,0,0,0,0,0,0,0,0,0,0,0,0,0
yaroslav_belousov,1,16800,0,0,0,0,0,0,0,0,0,0,0,0
yaroslavl_art,10,52840,0,0,0,0,0,0,0,0,0,0,0,0
yaroslavtalks,4,469,0,0,0,0,0,0,0,0,0,0,0,0
yartop12,14,52010,0,0,0,0,0,0,0,0,0,0,0,0
yarushinstas,26,124390,0,0,0,0,0,0,0,0,0,0,0,0
yarusskiy,1,70,0,0,0,0,0,0,0,0,0,0,0,0
yas_grand,20,7293,0,0,0,0,0,0,0,0,0,0,0,0
yasamineTM,1,22000,0,0,0,0,0,0,0,0,0,0,0,0
yasenevo,22,1567200,0,0,0,0,0,0,0,0,0,0,0,0
yashar_soltani,43,4879900,0,0,0,0,0,0,0,0,0,0,0,0
yashernet,23,43083,1,0,0,0,0,0,2000,0,0,0,0,0
yashin_russia,131,8846999,9,0,0,0,0,0,599700,0,0,0,0,0
yasno123,1,527,0,0,0,0,0,0,0,0,0,0,0,0
yasny_info,11,31340,0,0,0,0,0,0,0,0,0,0,0,0
yasya_kaminitskaya,6,14020,0,0,0,0,0,0,0,0,0,0,0,0
yasyadegtyareva,10,21192,0,0,0,0,0,0,0,0,0,0,0,0
yavampishuru,1,722,0,0,0,0,0,0,0,0,0,0,0,0
yavpolshi,46,235825,1,0,0,0,0,0,4650,0,0,0,0,0
yawebmaster,2,1361,0,0,0,0,0,0,0,0,0,0,0,0
yaxshimasLekin,9,5434,0,0,0,0,0,0,0,0,0,0,0,0
yayamal,21,13461,1,0,0,0,0,0,826,0,0,0,0,0
yazdurdiyev,16,29346,0,0,0,0,0,0,0,0,0,0,0,0
yazeedooh2013,9,8737,0,0,0,0,0,0,0,0,0,0,0,0
yazvaodessa,7,824,0,0,0,0,0,0,0,0,0,0,0,0
ybaranovskaya_tv,28,194310,2,0,0,0,0,0,9200,0,0,0,0,0
yeahgoah,10,10434,1,0,0,0,0,0,1510,0,0,0,0,0
yedempomoskve,38,92532,0,0,0,0,0,0,0,0,0,0,0,0
yehudivuhim,50,33220,0,0,0,0,0,0,0,0,0,0,0,0
yeisk_24,35,34452,0,0,0,0,0,0,0,0,0,0,0,0
yeiskinforu,8,364,0,0,0,0,0,0,0,0,0,0,0,0
yekhati24,149,25419,0,0,0,0,0,0,0,0,0,0,0,0
yelikbayev,36,394370,1,0,0,0,0,0,11800,0,0,0,0,0
yellowhouse58,8,23780,0,0,0,0,0,0,0,0,0,0,0,0
yellowribbon_ua,27,92110,1,0,0,0,0,0,2930,0,0,0,0,0
yeltsincenter,3,1184,0,0,0,0,0,0,0,0,0,0,0,0
yencomgh,219,130476,0,0,0,0,0,0,0,0,0,0,0,0
yenisafak,20,13620,0,0,0,0,0,0,0,0,0,0,0,0
yeniseyskiydozor,13,49080,0,0,0,0,0,0,0,0,0,0,0,0
yerevan_speaks,19,4156,0,0,0,0,0,0,0,0,0,0,0,0
yerevanch,36,196202,0,0,0,0,0,0,0,0,0,0,0,0
yermektursunov,23,16139,3,0,0,0,0,0,3674,0,0,0,0,0
yesasiatop_news,123,296378,3,0,0,0,0,0,4771,0,0,0,0,0
yesdressnostress,10,67580,1,0,0,0,0,0,7810,0,0,0,0,0
yeuanews,17,7751,0,0,0,0,0,0,0,0,0,0,0,0
yevgensoya,4,2253,0,0,0,0,0,0,0,0,0,0,0,0
yiasamyosh,12,4892,0,0,0,0,0,0,0,0,0,0,0,0
yigal_levin,1168,72051203,42,0,0,0,0,0,2744599,0,0,0,0,0
yinonews,20,297000,0,0,0,0,0,0,0,0,0,0,0,0
yjcnewschannel,13503,91214879,0,0,0,0,0,0,0,0,0,0,0,0
yk24ru,399,480230,2,0,0,0,0,0,2660,0,0,0,0,0
yk_ch,8,7655,0,0,0,0,0,0,0,0,0,0,0,0
ykt2100,25,111171,0,0,0,0,0,0,0,0,0,0,0,0
ymbatka,2,2550,0,0,0,0,0,0,0,0,0,0,0,0
yndxafshk,7,45550,0,0,0,0,0,0,0,0,0,0,0,0
yo_info,2,31,0,0,0,0,0,0,0,0,0,0,0,0
yoba_m,18,42577,0,0,0,0,0,0,0,0,0,0,0,0
yobajur,805,45542089,0,0,0,0,0,0,0,0,0,0,0,0
yoda_teacher_oficial,17,27544,0,0,0,0,0,0,0,0,0,0,0,0
yokatag,4,2693,0,0,0,0,0,0,0,0,0,0,0,0
yoponya,29,1171290,1,0,0,0,0,0,57500,0,0,0,0,0
yoshlar_tv,71,128438,0,0,0,0,0,0,0,0,0,0,0,0
yoshlarittifoqi_uz,42,344747,0,0,0,0,0,0,0,0,0,0,0,0
youarenotalonehk,75,168149,0,0,0,0,0,0,0,0,0,0,0,0
youarenotalonehk_evidence,1,10500,0,0,0,0,0,0,0,0,0,0,0,0
youarenotalonehk_info,39,38179,0,0,0,0,0,0,0,0,0,0,0,0
youcan_official,2,0,0,0,0,0,0,0,0,0,0,0,0,0
youdanya,2,13,0,0,0,0,0,0,0,0,0,0,0,0
youdaozhengjing,37,32024,0,0,0,0,0,0,0,0,0,0,0,0
youdigit,22,58980,0,0,0,0,0,0,0,0,0,0,0,0
youillumination,12,17586,0,0,0,0,0,0,0,0,0,0,0,0
youlistenedmayak,22,45809,2,0,0,0,0,0,2151,0,0,0,0,0
youllbeheard,5,7020,0,0,0,0,0,0,0,0,0,0,0,0
youngmagdalena,38,191210,0,0,0,0,0,0,0,0,0,0,0,0
youngpimpofficial,2,4450,0,0,0,0,0,0,0,0,0,0,0,0
your_tech,33,72810,1,0,0,0,0,0,1500,0,0,0,0,0
yourabardash,40,472140,1,0,0,0,0,0,13900,0,0,0,0,0
youramoureux,1,12600,0,0,0,0,0,0,0,0,0,0,0,0
yourbeastyslife,13,215650,0,0,0,0,0,0,0,0,0,0,0,0
yourdavvvv,3,101600,0,0,0,0,0,0,0,0,0,0,0,0
youth028,12,45070,0,0,0,0,0,0,0,0,0,0,0,0
youth_against_rape,24,361120,0,0,0,0,0,0,0,0,0,0,0,0
youth_hotel,6,6948,1,0,0,0,0,0,1010,0,0,0,0,0
youthpolicy,23,64136,2,0,0,0,0,0,3650,0,0,0,0,0
youthrussia,1,710,0,0,0,0,1,0,0,0,0,0,710,0
youtrend,35,307800,0,0,0,0,0,0,0,0,0,0,0,0
youtube_by,20,11173,0,0,0,0,0,0,0,0,0,0,0,0
youtube_marina,33,188560,1,0,0,0,0,0,5330,0,0,0,0,0
youungeer1,44,40693,0,0,0,0,0,0,0,0,0,0,0,0
ypaliychuk,10,6197,2,0,0,0,0,0,1233,0,0,0,0,0
ypronko,18,59790,0,0,0,0,0,0,0,0,0,0,0,0
yrashev,41,437060,0,0,0,0,0,0,0,0,0,0,0,0
ysakhalinsk,31,84731,1,0,0,0,0,0,1830,0,0,0,0,0
yshkyinik,3,8290,0,0,0,0,0,0,0,0,0,0,0,0
ysiaru,383,666152,8,0,0,0,0,0,11050,0,0,0,0,0
ytechb,4,60030,0,0,0,0,0,0,0,0,0,0,0,0
ytittalaba,28,162930,0,0,0,0,0,0,0,0,0,0,0,0
yubiley_izumrud,11,17584,1,0,0,0,0,0,1380,0,0,0,0,0
yudenich,48,1050190,0,0,0,0,0,0,0,0,0,0,0,0
yueechka,48,1390510,0,0,0,0,0,0,0,0,0,0,0,0
yuenlongox,2,3600,0,0,0,0,0,0,0,0,0,0,0,0
yugaru,3,948,0,0,0,0,0,0,0,0,0,0,0,0
yugo_zapad_moscow,51,808800,0,0,0,0,0,0,0,0,0,0,0,0
yugopolis,3,276,0,0,0,0,0,0,0,0,0,0,0,0
yujniy_adm_moscow,54,819710,0,0,0,0,0,0,0,0,0,0,0,0
yujno_vostok_moscow,54,822430,0,0,0,0,0,0,0,0,0,0,0,0
yujno_zapad_moscow,54,821960,0,0,0,0,0,0,0,0,0,0,0,0
yukkarecommend,19,20671,0,0,0,0,0,0,0,0,0,0,0,0
yulia_andrienko,14,12039,1,0,0,0,0,0,1800,0,0,0,0,0
yulia_sumacheva,10,53260,0,0,0,0,0,0,0,0,0,0,0,0
yulia_yogatherapy,14,20238,0,0,0,0,0,0,0,0,0,0,0,0
yuliakostyshkina,21,184905,0,0,0,0,0,0,0,0,0,0,0,0
yuliasavicheva,11,41510,0,0,0,0,0,0,0,0,0,0,0,0
yumaks,2,38300,0,0,0,0,0,0,0,0,0,0,0,0
yumiliya_fm,46,816610,0,0,0,0,0,0,0,0,0,0,0,0
yummy_pp_lera,1,126,0,0,0,0,0,0,0,0,0,0,0,0
yungbek,15,15656,0,0,0,0,0,0,0,0,0,0,0,0
yungyanni,33,1950100,0,0,0,0,0,0,0,0,0,0,0,0
yunis_helvetia,1,2770,0,0,0,0,0,0,0,0,0,0,0,0
yupiterlik,19,41310,0,0,0,0,0,0,0,0,0,0,0,0
yuradolgoruk,54,1488190,5,0,0,0,0,0,187930,0,0,0,0,0
yuragnatyuk,25,119690,0,0,0,0,0,0,0,0,0,0,0,0
yurasumy,3927,5721769896,137,0,1,15,18,4,196251600,0,1620000,23240000,24731000,5166000
yurazaslonov,10,16693,0,0,0,0,0,0,0,0,0,0,0,0
yurii_yurov_XXI,4,330,0,0,0,0,0,0,0,0,0,0,0,0
yuripoliakov,32,87798,0,0,0,0,0,0,0,0,0,0,0,0
yurist_Shamsiddinov,15,67220,0,0,0,0,0,0,0,0,0,0,0,0
yurist_imomniyozov,14,10919,0,0,0,0,0,0,0,0,0,0,0,0
yuritabachtv,24,13882,0,0,0,0,0,0,0,0,0,0,0,0
yuriy_shalabaev,6,6967,0,0,0,0,0,0,0,0,0,0,0,0
yuriy_syrotyuk,1,1220,0,0,0,0,1,0,0,0,0,0,1220,0
yuriybaturin,18,126965,0,0,0,0,0,0,0,0,0,0,0,0
yursumy,15,5206,0,0,0,0,0,0,0,0,0,0,0,0
yurtim_bugun_uz,24,17667,0,0,0,0,0,0,0,0,0,0,0,0
yurtimizda,4,902,0,0,0,0,0,0,0,0,0,0,0,0
yurydud,728,286843900,15,0,0,0,0,0,5716000,0,0,0,0,0
yuryshevtsov,2,24,0,0,0,0,0,0,0,0,0,0,0,0
yurystankevich,15,66050,1,0,0,0,0,0,6020,0,0,0,0,0
yussupovarman,33,97562,0,0,0,0,0,0,0,0,0,0,0,0
yuz_official,114,447030,0,0,0,0,0,0,0,0,0,0,0,0
yuzhnoSakhalinsk_sluh,52,483550,0,0,0,0,0,0,0,0,0,0,0,0
yuzhnoSakhalinsk_sobitie,53,639400,0,0,0,0,0,0,0,0,0,0,0,0
yuzhoborona,18,98840,0,0,0,0,0,0,0,0,0,0,0,0
yvbauer,31,105220,0,0,0,0,0,0,0,0,0,0,0,0
yvzaitsev,5,4197,0,0,0,0,0,0,0,0,0,0,0,0
yxyeli,15,27278,0,0,0,0,0,0,0,0,0,0,0,0
yyedilov,44,1192400,1,0,0,0,0,0,24400,0,0,0,0,0
z7met_7aky,44,217626,0,0,0,0,0,0,0,0,0,0,0,0
zaDagestan,15,57250,0,0,0,1,0,0,0,0,0,3510,0,0
za_6_0,2,459,0,0,0,0,0,0,0,0,0,0,0,0
za_biznes27,5,10015,0,0,0,0,0,0,0,0,0,0,0,0
za_rycckux,51,123929,3,0,0,0,0,0,9040,0,0,0,0,0
zabastcom,2,446,0,0,0,0,0,0,0,0,0,0,0,0
zabchita,50,5214,0,0,0,0,0,0,0,0,0,0,0,0
zabelinmaxim,3,2853,0,0,0,0,0,0,0,0,0,0,0,0
zabihulla_saipov,2,16,0,0,0,0,0,0,0,0,0,0,0,0
zabkrai75,79,110395,2,0,0,0,0,0,3045,0,0,0,0,0
zabnews_ru,49,84016,0,0,0,0,0,0,0,0,0,0,0,0
zaborzp,91,2009610,1,0,0,0,0,0,18100,0,0,0,0,0
zabrab,18,1406,0,0,0,0,0,0,0,0,0,0,0,0
zabru_chita,391,2982634,4,0,0,0,0,0,32640,0,0,0,0,0
zachitniki,319,239533,4,0,0,0,1,0,2747,0,0,0,2100,0
zadesaatnikov,16,5773,0,0,0,0,0,0,0,0,0,0,0,0
zaeelo,23,12986,1,0,0,0,0,0,90,0,0,0,0,0
zaekad,1,461,0,0,0,0,0,0,0,0,0,0,0,0
zafinans,1,0,0,0,0,0,0,0,0,0,0,0,0,0
zagrant,9,244,0,0,0,0,0,0,0,0,0,0,0,0
zagrooskhabar,25,4875,0,0,0,0,0,0,0,0,0,0,0,0
zagrosfanoos,41,2782,0,0,0,0,0,0,0,0,0,0,0,0
zaharRusWorld,13,64490,0,0,0,0,0,0,0,0,0,0,0,0
zahidwtf_official,90,2698490,1,0,0,0,0,0,40500,0,0,0,0,0
zahvatmira,2,2280,0,0,0,0,0,0,0,0,0,0,0,0
zahysnyk_ukrainy,32,2763,0,0,0,0,0,0,0,0,0,0,0,0
zaicamo,9,13624,0,0,0,0,0,0,0,0,0,0,0,0
zaikiusd,42,103580,4,0,0,0,0,0,8320,0,0,0,0,0
zainsknews,2,103,0,0,0,0,0,0,0,0,0,0,0,0
zaitsev24,10,14873,0,0,0,0,0,0,0,0,0,0,0,0
zakadromLE,13,63510,0,0,0,0,0,0,0,0,0,0,0,0
zakarpatiainfo,2,290,0,0,0,0,0,0,0,0,0,0,0,0
zakarpatskaODA,12,49227,0,0,0,0,0,0,0,0,0,0,0,0
zakarpattya24,14,25843,0,0,0,0,0,0,0,0,0,0,0,0
zakharevich_igor,48,1185420,1,0,0,0,0,0,23100,0,0,0,0,0
zakharovchannel,38,506019,2,0,0,0,0,0,12630,0,0,0,0,0
zakharprilepin,1094,63770520,47,0,1,2,9,0,2608100,0,53200,100700,557600,0
zaklad4ikvzone,15,51579,1,0,0,0,0,0,2200,0,0,0,0,0
zakonkz,2546,51354544,50,0,0,4,0,0,1042900,0,0,65100,0,0
zakonnik,26,44265,0,0,0,0,0,0,0,0,0,0,0,0
zakonnoe_pravo,41,285700,2,0,0,0,0,0,12030,0,0,0,0,0
zakononline2019,20,24031,2,0,0,0,0,0,2420,0,0,0,0,0
zakovatinfo,11,42,0,0,0,0,0,0,0,0,0,0,0,0
zakrytazona,30,384860,10,0,0,1,0,0,129750,0,0,29500,0,0
zakulisami_zvezd,16,12394,0,0,0,0,0,0,0,0,0,0,0,0
zakulisye,19,16114,0,0,0,0,0,0,0,0,0,0,0,0
zalenmedia,23,13182,0,0,0,0,0,0,0,0,0,0,0,0
zalesje,21,13986,1,0,0,0,0,0,577,0,0,0,0,0
zalipuhatg,7,7159,0,0,0,0,0,0,0,0,0,0,0,0
zambarakning_oqi,43,304953,0,0,0,0,0,0,0,0,0,0,0,0
zametkauzar,30,72794,0,0,0,0,0,0,0,0,0,0,0,0
zametkivolanda,2,11660,0,0,0,0,0,0,0,0,0,0,0,0
zaminuz,43,12265,0,0,0,0,0,0,0,0,0,0,0,0
zamkadomby,11,15695,1,0,0,0,0,0,627,0,0,0,0,0
zamkadye_new,5,10530,0,0,0,0,0,0,0,0,0,0,0,0
zamon_zamontv_markaziytv,88,110441,0,0,0,0,0,0,0,0,0,0,0,0
zamonimiztv,153,200824,0,0,0,0,0,0,0,0,0,0,0,0
zamonuz,35,177383,0,0,0,0,0,0,0,0,0,0,0,0
zamonuzb,2,68,0,0,0,0,0,0,0,0,0,0,0,0
zampolitcom,7,976,0,0,0,0,0,0,0,0,0,0,0,0
zampolitnews,10,712,0,0,0,0,0,0,0,0,0,0,0,0
zamuzh_rubleva,40,249630,0,0,0,0,0,0,0,0,0,0,0,0
zangaro,42,290399,4,0,0,0,0,0,15040,0,0,0,0,0
zangezuravtonomia,15,6488,0,0,0,0,0,0,0,0,0,0,0,0
zankoburhan,21,94140,0,0,0,0,0,0,0,0,0,0,0,0
zaobao_news,51,23061,0,0,0,0,0,0,0,0,0,0,0,0
zap4you,23,51064,1,0,0,0,0,0,3460,0,0,0,0,0
zapKMTM,23,79320,0,0,0,0,0,0,0,0,0,0,0,0
zap_admin,4,1211,0,0,0,0,0,0,0,0,0,0,0,0
zapal_zov,41,16582,0,0,0,0,0,0,0,0,0,0,0,0
zapashnyru,31,232319,0,0,0,0,0,0,0,0,0,0,0,0
zapiski_artistki_tsvetaevoy,7,55710,0,0,0,0,0,0,0,0,0,0,0,0
zapiski_bb,5,7928,0,0,0,0,0,0,0,0,0,0,0,0
zapiski_ot_Fidel,1,41,0,0,0,0,0,0,0,0,0,0,0,0
zapiski_psihiatra,1,260,0,0,0,0,0,0,0,0,0,0,0,0
zapnovini,14,52080,0,0,0,0,0,0,0,0,0,0,0,0
zapobedu_ru,5,1266,0,0,0,0,0,0,0,0,0,0,0,0
zaporizka_sish,19,49745,0,0,0,0,0,0,0,0,0,0,0,0
zaporojie24,18,85870,0,0,0,1,0,0,0,0,0,7240,0,0
zaporozhane,14,8257,0,0,0,0,0,0,0,0,0,0,0,0
zapototskaya,2,5350,0,0,0,0,0,0,0,0,0,0,0,0
zapovednik,1,367,0,0,0,0,0,0,0,0,0,0,0,0
zapovednikshow,48,286170,0,0,0,0,0,0,0,0,0,0,0,0
zapovednoe_podlemorye,2,297,1,0,0,0,0,0,83,0,0,0,0,0
zapravduorg,5,2024,0,0,0,0,0,0,0,0,0,0,0,0
zapravka38,5,1683,0,0,0,0,0,0,0,0,0,0,0,0
zapravka_music,10,39900,0,0,0,0,0,0,0,0,0,0,0,0
zapresidenta,59,35811,0,0,0,0,0,0,0,0,0,0,0,0
zar_info58,29,99748,0,0,0,0,0,0,0,0,0,0,0,0
zarafshan_uz,16,11816,0,0,0,0,0,0,0,0,0,0,0,0
zaraznow,17,47630,0,0,0,0,0,0,0,0,0,0,0,0
zardehnews,2,700,0,0,0,0,0,0,0,0,0,0,0,0
zariaaleks,14,12066,0,0,0,0,0,0,0,0,0,0,0,0
zarichneinfo,1,6880,0,0,0,0,0,0,0,0,0,0,0,0
zarinrod3,15,3057,0,0,0,0,0,0,0,0,0,0,0,0
zarnews_uz,331,1397937,0,0,0,0,0,0,0,0,0,0,0,0
zartosht_setodeh,24,67187,0,0,0,0,0,0,0,0,0,0,0,0
zarubinreporter,51,8540800,0,0,0,0,0,0,0,0,0,0,0,0
zarulemws,9,72569,1,0,0,0,0,0,12000,0,0,0,0,0
zarussia_1,1913,41382402,25,0,1,4,3,0,557600,0,19600,92100,68900,0
zaryadyehall,16,22336,0,0,0,0,0,0,0,0,0,0,0,0
zatonovosti,1,67,0,0,0,0,0,0,0,0,0,0,0,0
zavidushkimoi,158,8074300,0,0,0,0,0,0,0,0,0,0,0,0
zavisimaya_arina,71,253344,1,0,0,0,0,0,4430,0,0,0,0,0
zavodskoysaratov,5,8121,0,0,0,0,0,0,0,0,0,0,0,0
zaxid_peremoga,1,1110,0,0,0,0,0,0,0,0,0,0,0,0
zaycelogy,1,21,0,0,0,0,0,0,0,0,0,0,0,0
zaynabmakhaeva,5,23550,0,0,0,0,0,0,0,0,0,0,0,0
zb_svao,9,74160,0,0,0,0,0,0,0,0,0,0,0,0
zbroya,17,62520,0,0,0,0,0,0,0,0,0,0,0,0
zbroya_info,20,12899,0,0,0,0,0,0,0,0,0,0,0,0
zbsunion,7,2443,0,0,0,0,0,0,0,0,0,0,0,0
zdongl,23,69360,0,0,0,0,0,0,0,0,0,0,0,0
zdorovayatanya,14,34153,0,0,0,0,0,0,0,0,0,0,0,0
zdravijsmisL,1,638,0,0,0,0,0,0,0,0,0,0,0,0
zdrxerson,25,696540,0,0,0,0,0,0,0,0,0,0,0,0
zdunov,4,2389,0,0,0,0,0,0,0,0,0,0,0,0
zdwtvopen,23,22694,0,0,0,0,0,0,0,0,0,0,0,0
ze_knight,20,12417,3,0,0,0,0,0,2267,0,0,0,0,0
ze_team2019,35,47908,2,0,0,0,0,0,2700,0,0,0,0,0
zebratv,18,39100,0,0,0,0,0,0,0,0,0,0,0,0
zedigital,207,13944479,0,0,0,3,0,0,0,0,0,163400,0,0
zednewsuz,14,11022,0,0,0,0,0,0,0,0,0,0,0,0
zeeemedia,19,91510,0,0,0,0,0,0,0,0,0,0,0,0
zekovnet,5,22430,0,0,0,0,0,0,0,0,0,0,0,0
zel_official,1,83,0,0,0,0,0,0,0,0,0,0,0,0
zelenaya_ukraina,2,336,0,0,0,0,0,0,0,0,0,0,0,0
zelenayalenta,15,46820,2,0,0,0,0,0,3100,0,0,0,0,0
zeleno_grad,19,3374,0,0,0,0,0,0,0,0,0,0,0,0
zelenodolsk_news,13,8636,0,0,0,0,0,0,0,0,0,0,0,0
zelenodolskatg,4,26610,0,0,0,0,0,0,0,0,0,0,0,0
zelenogorsk_glavnyi,11,2990,0,0,0,0,0,0,0,0,0,0,0,0
zelenogradru,25,270170,0,0,0,0,0,0,0,0,0,0,0,0
zelenogradskiy_moscow,55,838520,0,0,0,0,0,0,0,0,0,0,0,0
zellulozabook,40,7499,0,0,0,0,0,0,0,0,0,0,0,0
zemavek,37,91921,0,0,0,0,0,0,0,0,0,0,0,0
zemkontlosochi,9,29400,0,0,0,0,0,0,0,0,0,0,0,0
zemlyanushka,51,966031,2,0,0,0,0,0,52100,0,0,0,0,0
zena24now,23,130150,0,0,0,0,0,0,0,0,0,0,0,0
zenia_lizogub,8,255,0,0,0,0,0,0,0,0,0,0,0,0
zeniasofronovHQ,6,7910,0,0,0,0,0,0,0,0,0,0,0,0
zennolab,14,33170,0,0,0,0,0,0,0,0,0,0,0,0
zentrizm,28,19770,0,0,0,0,0,0,0,0,0,0,0,0
zentropasrb,1,1310,0,0,0,0,0,0,0,0,0,0,0,0
zentrum_der_gesundheit,20,5040,0,0,0,0,0,0,0,0,0,0,0,0
zerihunkocha,5,23590,0,0,0,0,0,0,0,0,0,0,0,0
zerkalo_io,13543,686860394,93,0,0,11,1,0,4601900,0,0,592000,51000,0
zero2one,11,5217,0,0,0,0,0,0,0,0,0,0,0,0
zerohedge_official,41,163667,0,0,0,0,0,0,0,0,0,0,0,0
zeroxteam,24,14749,0,0,0,0,0,0,0,0,0,0,0,0
zestkomi,62,3168,1,0,0,0,0,0,65,0,0,0,0,0
zfighternews,29,9850,0,0,0,0,0,0,0,0,0,0,0,0
zguroper,20,24783,0,0,0,0,0,0,0,0,0,0,0,0
zh_karpova,4,6050,0,0,0,0,0,0,0,0,0,0,0,0
zhabaigaduka,49,1875300,0,0,0,0,0,0,0,0,0,0,0,0
zhanabylove,12,96570,0,0,0,0,0,0,0,0,0,0,0,0
zhannaastrolog,20,57691,0,0,0,0,0,0,0,0,0,0,0,0
zhapisheva,2,2800,0,0,0,0,0,0,0,0,0,0,0,0
zhardushi,21,16128,3,0,0,0,0,0,1373,0,0,0,0,0
zharko_devochke,16,9212,0,0,0,0,0,0,0,0,0,0,0,0
zhashkevychmaksim,1,8430,0,0,0,0,0,0,0,0,0,0,0,0
zhdanovrt,54,7195230,0,0,0,0,0,0,0,0,0,0,0,0
zheldormash,15,191738,0,0,0,0,0,0,0,0,0,0,0,0
zheleznoe_pero,16,50480,0,0,0,0,0,0,0,0,0,0,0,0
zheleznogorskgovorun,3,8350,0,0,0,0,0,0,0,0,0,0,0,0
zhelo_den,6,11300,1,0,0,0,0,0,2540,0,0,0,0,0
zhemchuzhina_new,1,3090,0,0,0,0,0,0,0,0,0,0,0,0
zhemchuzhina_yuga,13,34690,0,0,0,0,0,0,0,0,0,0,0,0
zhenforum,41,2353900,0,0,0,0,0,0,0,0,0,0,0,0
zheniakondratiuk,4,4523,0,0,0,0,0,0,0,0,0,0,0,0
zhenyalavrinenko,21,74760,0,0,0,0,0,0,0,0,0,0,0,0
zhenyamilkovskyi,4,84000,0,0,0,0,0,0,0,0,0,0,0,0
zherebkovlada,15,217900,0,0,0,0,0,0,0,0,0,0,0,0
zhertvykrasoty,18,203170,0,0,0,0,0,0,0,0,0,0,0,0
zhest_29,14,22532,0,0,0,0,0,0,0,0,0,0,0,0
zhest_belgorod,3778,605788329,11,0,0,5,1,0,1658200,0,0,1024500,128900,0
zhest_perm,28,57046,0,0,0,0,0,0,0,0,0,0,0,0
zhest_shebekino_channel,17,53260,0,0,0,0,0,0,0,0,0,0,0,0
zhezgoo,8,17220,0,0,0,0,0,0,0,0,0,0,0,0
zhidkovskiy_talk,682,107034610,1,0,0,0,0,0,165000,0,0,0,0,0
zhilkins,1,178,0,0,0,0,0,0,0,0,0,0,0,0
zhirinovskylive,39,91125,2,0,0,0,0,0,16840,0,0,0,0,0
zhit_news,14,727,0,0,0,0,0,0,0,0,0,0,0,0
zhitely_vrn,41,213412,1,0,0,0,0,0,6500,0,0,0,0,0
zhitomir_24,60,274699,0,0,0,0,0,0,0,0,0,0,0,0
zhitomir_info,309,221076,0,0,0,0,0,0,0,0,0,0,0,0
zhitvnorilske,22,202092,0,0,0,0,0,0,0,0,0,0,0,0
zhivayabanya,4,3830,0,0,0,0,0,0,0,0,0,0,0,0
zhivem_na_severe,11,5711,0,0,0,0,0,0,0,0,0,0,0,0
zhivoff,58,1360160,1,0,0,0,0,0,20100,0,0,0,0,0
zhizn_newz,9,34300,0,0,0,0,0,0,0,0,0,0,0,0
zhkh74,5,2053,1,0,0,0,0,0,387,0,0,0,0,0
zhmerynska_gazeta,5,7217,0,0,0,0,0,0,0,0,0,0,0,0
zhogaartem,15,107480,0,0,0,0,0,0,0,0,0,0,0,0
zhovner_hub,34,818800,0,0,0,0,0,0,0,0,0,0,0,0
zhubanoir,31,745970,0,0,0,0,0,0,0,0,0,0,0,0
zhukiforever,2,22100,0,0,0,0,0,0,0,0,0,0,0,0
zhurbomba,14,10141,1,0,0,0,0,0,827,0,0,0,0,0
zhuttiazachepylivchunu,12,35400,0,0,0,0,0,0,0,0,0,0,0,0
zhytel_ukraine,26,150710,0,0,0,0,0,0,0,0,0,0,0,0
zhyto_best,43,238070,0,0,0,0,0,0,0,0,0,0,0,0
zhytomyr_operativ,251,2912622,4,0,0,0,0,0,47300,0,0,0,0,0
zhytomyrmilitaryadministration,7,2610,0,0,0,0,0,0,0,0,0,0,0,0
zhytomyrskaODA,23,52347,0,0,0,0,0,0,0,0,0,0,0,0
zianon_pazniak,17,27936,0,0,0,0,0,0,0,0,0,0,0,0
zicarsq,6,6527,0,0,0,0,0,0,0,0,0,0,0,0
ziganshaor,21,103520,0,0,0,0,0,0,0,0,0,0,0,0
zilkovae,17,90630,0,0,0,0,0,0,0,0,0,0,0,0
zimamagazine,13,25547,0,0,0,0,0,0,0,0,0,0,0,0
zimatut,81,3337340,1,0,0,0,0,0,35600,0,0,0,0,0
zimatv,33,236980,0,0,0,0,0,0,0,0,0,0,0,0
zimenkin,10,7532,0,0,0,0,0,0,0,0,0,0,0,0
zinanuebtvoumat,6,2038,0,0,0,0,0,0,0,0,0,0,0,0
zinews,83,115834,0,0,0,0,0,0,0,0,0,0,0,0
zinkevich_igor,36,122306,0,0,0,0,0,0,0,0,0,0,0,0
zinkivNEWS,11,37380,0,0,0,0,0,0,0,0,0,0,0,0
ziteltv,40,24670,1,0,0,0,0,0,516,0,0,0,0,0
zknowledgeable,16,1129,0,0,0,0,0,0,0,0,0,0,0,0
zlatakisa666,23,263481,0,0,0,0,0,0,0,0,0,0,0,0
zlatapanchenko,9,20750,0,0,0,0,0,0,0,0,0,0,0,0
zlatoust_sluh,49,647300,0,0,0,0,0,0,0,0,0,0,0,0
zlatoust_sobitie,49,618400,0,0,0,0,0,0,0,0,0,0,0,0
zlk_overhear,5,2839,0,0,0,0,0,0,0,0,0,0,0,0
zlochan,21,101460,2,0,0,0,0,0,4940,0,0,0,0,0
zlonov,14,27092,0,0,0,0,0,0,0,0,0,0,0,0
zloy_ekb,14,67440,0,0,0,0,0,0,0,0,0,0,0,0
zloy_enot1,16,134255,4,0,0,0,0,0,43860,0,0,0,0,0
zloy_fiskal,16,58180,2,0,0,0,0,0,6940,0,0,0,0,0
zloy_zhurnalist,635,19328410,7,0,0,4,1,0,186200,0,0,152100,44500,0
zloycto,10,221,0,0,0,0,0,0,0,0,0,0,0,0
zloyecolog,561,13816225,14,0,0,1,0,0,339740,0,0,19400,0,0
zloyizhevchanin,62,667967,0,0,0,0,0,0,0,0,0,0,0,0
zloykrk,37,65241,0,0,0,0,0,0,0,0,0,0,0,0
zloyodessit,140,2861270,0,0,0,0,0,0,0,0,0,0,0,0
zloyrocprivat,2,6510,0,0,0,0,0,0,0,0,0,0,0,0
zloysamarityanin,41,443810,2,0,0,0,0,0,17250,0,0,0,0,0
zloytam,29,139730,1,0,0,0,0,0,4100,0,0,0,0,0
zlukatoldforyou,6,1977,0,0,0,0,0,0,0,0,0,0,0,0
zmievskie,36,499530,5,0,0,0,0,0,75880,0,0,0,0,0
znachit_net,43,972659,2,0,0,0,0,0,44100,0,0,0,0,0
znaempravdy,15,10215,0,0,0,0,0,0,0,0,0,0,0,0
znahar_f1,27,17442,0,0,0,0,0,0,0,0,0,0,0,0
znai_stavropol,3,317,0,0,0,0,0,0,0,0,0,0,0,0
znamelektro,36,666100,0,0,0,0,0,0,0,0,0,0,0,0
znppatom,21,7996,1,0,0,3,0,0,318,0,0,1410,0,0
znrznr,1,13,0,0,0,0,0,0,0,0,0,0,0,0
znua_live,301,2097249,9,0,0,0,0,0,50116,0,0,0,0,0
zoIotorevanika,1,13,0,0,0,0,0,0,0,0,0,0,0,0
zoda_inform,30,55119,1,0,0,0,0,0,2120,0,0,0,0,0
zogrambase,233,3207,0,0,0,0,0,0,0,0,0,0,0,0
zola_of_renovation,61,685718,0,0,0,0,1,0,0,0,0,0,7310,0
zolnews,5,831,0,0,0,0,0,0,0,0,0,0,0,0
zolochiv24_7,129,724108,0,0,0,0,0,0,0,0,0,0,0,0
zolochivt,383,2055821,26,0,1,0,0,0,136200,0,5830,0,0,0
zoloto_vorota,5,12274,0,0,0,0,0,0,0,0,0,0,0,0
zolotonosha,12,66120,0,0,0,0,0,0,0,0,0,0,0,0
zolotorevanika,20,2437,1,0,0,0,0,0,277,0,0,0,0,0
zolotoygorod,9,36623,0,0,0,0,0,0,0,0,0,0,0,0
zombaktales,11,27300,0,0,0,0,0,0,0,0,0,0,0,0
zonagxg,10,1218,0,0,0,0,0,0,0,0,0,0,0,0
zonaosoboho,62,801813,2,0,0,0,0,0,21930,0,0,0,0,0
zone16kazan,19,6573,0,0,0,0,0,0,0,0,0,0,0,0
zonovosti,1,1710,0,0,0,0,0,0,0,0,0,0,0,0
zoomama_zen,21,153700,0,0,0,0,0,0,0,0,0,0,0,0
zoperation,7,80290,0,0,0,0,0,0,0,0,0,0,0,0
zor_jobs,30,1607,0,0,0,0,0,0,0,0,0,0,0,0
zoravonlikka_yol_yoq_netnasiliyu,12,13165,0,0,0,0,0,0,0,0,0,0,0,0
zorin_igor1105,6,9663,1,0,0,0,0,0,1610,0,0,0,0,0
zoritabasarana,1,35,0,0,0,0,0,0,0,0,0,0,0,0
zov_crimea,1,309,0,0,0,0,0,0,0,0,0,0,0,0
zovgrad,83,2421377,5,0,0,0,0,0,100460,0,0,0,0,0
zoyazooo,45,730540,0,0,0,0,0,0,0,0,0,0,0,0
zp_new,27,22983,0,0,0,0,0,0,0,0,0,0,0,0
zp_news1,1,3360,0,0,0,0,0,0,0,0,0,0,0,0
zp_ua,14,660,0,0,0,0,0,0,0,0,0,0,0,0
zpbdnik,1,0,0,0,0,0,0,0,0,0,0,0,0,0
zpplace,15,42310,0,0,0,0,0,0,0,0,0,0,0,0
zpravda,71,124611,0,0,0,0,0,0,0,0,0,0,0,0
zpregion,22,32269,0,0,0,0,0,0,0,0,0,0,0,0
zpvestnik,33,492466,0,0,0,0,0,0,0,0,0,0,0,0
zpvgorode,81,111501,0,0,0,0,0,0,0,0,0,0,0,0
zrazhevskaya_biz,1,55,0,0,0,0,0,0,0,0,0,0,0,0
zsprimorye,1,58,0,0,0,0,0,0,0,0,0,0,0,0
zsuwar,799,28835297,5,0,0,4,0,0,174300,0,0,143300,0,0
ztb_qaz,1324,30159340,27,0,0,0,0,0,604650,0,0,0,0,0
ztv_247,52,432554,0,0,0,0,0,0,0,0,0,0,0,0
zubr_in,1,607,0,0,0,0,0,0,0,0,0,0,0,0
zukkojonakmalov,2,9,0,0,0,0,0,0,0,0,0,0,0,0
zulinzulin,18,75220,0,0,0,0,0,0,0,0,0,0,0,0
zuzinoshtab,7,4558,0,0,0,0,0,0,0,0,0,0,0,0
zuzusa,39,83690,1,0,0,0,0,0,2740,0,0,0,0,0
zv_elena,1,6400,0,0,0,0,0,0,0,0,0,0,0,0
zvdvru,32,270019,2,0,0,0,0,0,34100,0,0,0,0,0
zvedeno,1,14,1,0,0,0,0,0,14,0,0,0,0,0
zvenigorodchat,1,1790,0,0,0,0,0,0,0,0,0,0,0,0
zvenmiskrada,29,60391,0,0,0,0,0,0,0,0,0,0,0,0
zvezdaaltaya,13,1681,0,0,0,0,0,0,0,0,0,0,0,0
zvezdach_mag,366,2216168,4,0,0,0,0,0,25140,0,0,0,0,0
zvezdach_zoom,57,351106,0,0,0,0,0,0,0,0,0,0,0,0
zvezdaforum,4,10320,0,0,0,0,0,0,0,0,0,0,0,0
zvezdalive,34,31483,0,0,0,0,0,0,0,0,0,0,0,0
zvezdanews,1127,14890034,16,0,0,1,1,0,169090,0,0,25700,20000,0
zvezdi_soc,40,295800,0,0,0,0,0,0,0,0,0,0,0,0
zvezdnayaya,6,50,0,0,0,0,0,0,0,0,0,0,0,0
zvezdy_znamenitosti,38,455200,1,0,0,0,0,0,14500,0,0,0,0,0
zvizdecmanhustu,64,2004760,9,0,0,0,0,0,296100,0,0,0,0,0
zvizilber,2,25,0,0,0,0,0,0,0,0,0,0,0,0
zxcursed,35,13853200,0,0,0,0,0,0,0,0,0,0,0,0
zygarro,34,453950,3,0,0,0,0,0,46800,0,0,0,0,0
zyuganov,10,28603,1,0,0,0,0,0,800,0,0,0,0,0
zyundex,26,45616,0,0,0,0,0,0,0,0,0,0,0,0
zzhhoorraa,17,53890,0,0,0,0,0,0,0,0,0,0,0,0
