username,channel_type,notes
swodki,other,
stranaua,other,
SolovievLive,other,
dmytrogordon_official,other,
OstashkoNews,other,
UaOnlii,other,
UA_1NEWS,other,
Politnavigator,other,
weukrainetv,other,
mk_rus,other,
nash_prezident_putin,other,
insiderUKR,other,
rezident_ua,other,
SVOhronika,other,
OpenUkraine,other,
BerezaJuice,other,
sheyhtamir1974,other,
truekpru,other,
allratings,other,
Ags_Donbass,other,
rus_demiurge,other,
Screponos,other,
RVvoenkor,other,
sheptoon,other,
ukraina_ru,other,
absatzmedia,other,
OdessaRussi,other,
rusbrief,other,
first_political,other,
Kharkov_Perviy,other,
karaulny,other,
radiosvoboda,other,
readovkanews,other,
uniannet,other,
meduzalive,other,
olegtsarov,other,
angelika_VZ,other,
ZOVcrimea,other,
Pravda_Gerashchenko,other,
boris_rozhin,other,
dmitriy_chekalkyn,other,
legitimniy,other,
ASupersharij,other,
asphaltt,other,
Varjag2007,other,
MID_Russia,other,
dimsmirnov175,other,
ssigny,other,
glavmedia,other,
rybar,other,
Chornovil_official,other,
TCH_channel,other,
mriya24,other,
dubinskypro,other,
otryadkovpaka,other,
gosrf_ru,other,
UDudaka,other,
kolxozdelodobrovolnoeRUS,other,
voynareal,other,
fontanka_spb,other,
aifonline,other,
chernmorskiiexpres,other,
vzglyad_ru,other,
nvreport,other,
oko_ua,other,
breege_time_20zz,other,
XU_kraine,other,
censor_net,other,
truexanewsua,other,
bbcrussian,other,
UkraineNow,other,
L0HMATIY,other,
dirtytatarstan,other,
UkrainaCHP,other,
rlz_the_kraken,other,
russica2,other,
nabludatels,other,
svtvnews,other,
rgrunews,other,
VasiletsDmitriy,other,
lomovkaa,other,
nexta_live,other,
u_now,other,
donbassinfograd,other,
rightcourse,other,
militarydonetsk,other,
yesasiatop_news,other,
informburo_sfd,other,
nkvdkgb,other,
rbc_news,other,
Chennel_33TV,other,
ZeRada1,other,
RBC_ua_news,other,
MonitoringUA,other,
overclockers_news,other,
novynylive,other,
bbbreaking,other,
virt_poiskk,other,
EvPanina,other,
revolutionmaltsev,other,
chvkmedia,other,
tass_agency,other,
RossiyaNeEvropa,other,
criminalru,other,
sramotanevk,other,
Mikle1On,other,
Lisichanskinfo,other,
velikairossia,other,
Novoeizdanie,other,
dva_majors,other,
Onishchenko001,other,
Media_Post_UA,other,
trtnarusskom,other,
russia24h,other,
sovsecretno,other,
canal2018,other,
chervonec_001,other,
currenttime,other,
vityzeva,other,
dwglavnoe,other,
PresidentGordonLive,other,
infantmilitario,other,
karga4,other,
gnoma77,other,
Rogandar,other,
sashakots,other,
dnrdonetsk,other,
AleksandrSemchenko,other,
tele_eve,other,
uaobozrevatel,other,
putch111,other,
politwera,other,
volyn_news,other,
operativnoZSU,other,
buddagrishna,other,
vnsnua,other,
ZE_kartel,other,
myvijily,other,
echoonline_news,other,
politolog_Orlov,other,
espresotb,other,
u_now_ua,other,
channel24_ua,other,
slavuta_sity,other,
haqqin_azz,other,
DMaxnoVosti,other,
rtvimain,other,
KRA_ZV,other,
SIL0VIKI,other,
yurasumy,other,
brozabrata,other,
newspn,other,
anna_news,other,
naspravdiinfo,other,
denazi_UA,other,
ru_404,other,
sotaproject,other,
polcovnik_cvr,other,
BURvmeste2020,other,
e1_news,other,
ruspanorama,other,
spletnicca,other,
Melnitsa21,other,
dtlive,other,
barantchik,other,
nvua_official,other,
glavcomua,other,
yigal_levin,other,
slavaded1337,other,
joker_ukr,other,
montyan2,other,
suspilnenews,other,
kuraifutlar,other,
guraanton,other,
svodki_donetska,other,
tvrain,other,
shot_shot,other,
tsargradtv,other,
ukrpravda_news,other,
Belarus_VPO,other,
brdVP,other,
oleksiihoncharenko,other,
vagner_group,other,
MihaAnarchyst,other,
intellinews_russian,other,
belvestnik,other,
nabutov3,other,
lisa_angel_288,other,
sskarnaukhov,other,
zvizilber,other,
aviapro1,other,
PolitTransit,other,
BabkaNews,other,
ARCconstruction,other,
geonrgru,other,
kompromat_1,other,
tochka_65,other,
FastFocus,other,
izvestia,other,
echofm_online,other,
kremlebezBashennik,other,
interfax_uk,other,
bloknotkrasnodar,other,
bagramyan26,other,
kryuchoktv,other,
parallel95,other,
verhovna_rada_zmi,other,
voenacher,other,
crimeanewscom,other,
philosophicalsteamship,other,
zovgrad,other,
zonaosoboho,other,
crimyakutiaru,other,
vchk_gpu,other,
UAnotRU,other,
taygaprival,other,
lachentyt,other,
CIS91,other,
mardanaka,other,
The_Kyva,other,
ukr_finance,other,
rentv_news,other,
OP_UA,other,
svpressaru,other,
bloodysx,other,
riakatysha,other,
charter97_org,other,
ostorozhno_novosti,other,
warfakes,other,
Iutsk,other,
activatica,other,
socedinstvo,other,
btr80,other,
voenkorKotenok,other,
nab_ukraine,other,
vklochok,other,
huyovy_kharkiv,other,
NSDVKharkove,other,
mk_ru,other,
ASGasparyan,other,
rusoul1,other,
nwsru,other,
Bayraktar_News_UA,other,
babel,other,
otpervogolitsa,other,
fsk_today,other,
breakingmash,other,
gorlovka_oborona,other,
chestnyjdetektiv,other,
pryamamova,other,
golosmordora,other,
vedomosti,other,
opoveshenie,other,
caliber_az_official,other,
antikor,other,
uranews,other,
zerkalo_io,other,
itsdonetsk,other,
novaya_europe,other,
smolii_ukraine,other,
riamelitopol,other,
russtrat,other,
hromadske_ua,other,
Bratchuk_Sergey,other,
sobchak_ru,other,
KB_Announcments,other,
alexandr_malkevich,other,
sakhaday,other,
SonOfMonarchy,other,
boilerroomchannel,other,
interfaxua,other,
SergeyKolyasnikov,other,
FAKTY_ICTV,other,
vesti_dezhurnaya_chast,other,
kharkiv_1654,other,
MonitoringMD,other,
bear007,other,
ukr_leaks,other,
akcentysp,other,
WarDonbass,other,
Crimeanprachka,other,
sbbytoday,other,
BFMnews,other,
srochnow,other,
live_kuban,other,
Vesty_bez_cenZyry,other,
radiogovoritmsk,other,
Celno3or,other,
suspilnecherkasy,other,
vchkogpu,other,
journalbd,other,
Govorit_NeMoskva,other,
pridnestrovec,other,
patriotyorguaMain,other,
kotreal,other,
wargonzo,other,
vestiru24,other,
vrogov,other,
ngs_news,other,
agregatpolit,other,
kashinguru,other,
Ukraine_365News,other,
fuckyouthatswhy,other,
virttsp,other,
vekha,other,
mozhemobyasnit,other,
bazabazon,other,
kommersant,other,
Ateobreaking,other,
lentadnya,other,
abramchenko,other,
Tbilisi_life,other,
russkievperedi,other,
bnkbel,other,
podrobnosti_ua,other,
razveduprrkka,other,
VZBOD,other,
D7_channel,other,
skabeeva,other,
MariaVladimirovnaZakharova,other,
Novynarnia,other,
spravdi,other,
proofzzz,other,
Metametrica,other,
LeshchenkoS,other,
Gubery,other,
crituk,other,
kulemzin_donetsk,other,
konkurentinua,other,
detector_media,other,
neudascha,other,
KpMoldova,other,
codeseven_Z,other,
rian_ru,other,
arestovichNews2022,other,
dmitrynikotin,other,
nelavrov,other,
novaya_pishet,other,
trybunabrovary,other,
slovievlive,other,
NazarPrykhodkoPlus,other,
GolosAmeriki,other,
UKRNOD,other,
Kirilovolodimirovich,other,
madam_secretar,other,
svezhesti,other,
svidok_telegram,other,
vysokygovorit,other,
cxema_thewar,other,
anatoly_nesmiyan,other,
RussianCanadianNews,other,
Ags_Donbassa_Rezerv,other,
osvita_prostir_kir,other,
stormdaily,other,
LBua_official,other,
goodchernivtsi,other,
VA_Nikonov,other,
Humor_and_Politics,other,
verkhovnaradaukrainy,other,
mig41,other,
tochkapress,other,
runews24ru,other,
fontankaspb,other,
Rubezh_ru,other,
citykharkivua,other,
novosty_kamchatki,other,
newsfrol,other,
necro_tv,other,
chtddd,other,
ukrinform_news,other,
astrapress,other,
vchasnoua,other,
sorok40russia,other,
zvizdecmanhustu,other,
donrf22,other,
VoZmezdie2022,other,
zachitniki,other,
VolynSN,other,
donpatriot_news,other,
znua_live,other,
YuzhnyTG,other,
oil_capital,other,
readovkaru,other,
radiomirby,other,
apostolovelive,other,
infoteka24,other,
themoscowdailynews,other,
irynagerashchenko,other,
kolokol_21,other,
Ukr_G_M,other,
sovetnikvmir,other,
achnov,other,
regnum_na,other,
Novorossia_Region,other,
ontnews,other,
arsininini,other,
zakharprilepin,other,
chto_delat_2022,other,
kherson_news_info,other,
mignewscom,other,
klops_news,other,
rhymestg,other,
nickvaluev,other,
shumer_kag,other,
vlada,other,
tolk_tolk,other,
drugoeeto,other,
milinfolive,other,
voenzhur,other,
rusich_army,other,
SrbijaRusija,other,
dniprooblcentr,other,
warhistoryalconafter,other,
emphasises,other,
thehandofthekremlin,other,
baltnews,other,
eshkinkrot,other,
glavpolit,other,
bezpechnyi_rayon,other,
agentstvonews,other,
rubaltic,other,
specopua,other,
war_ua_22,other,
rt_russian,other,
zakonkz,other,
novochtoday,other,
bykvu,other,
gruntmedia,other,
nkPravda,other,
gagauznewsmd,other,
moscowtimes_ru,other,
nstarikovru,other,
istorijaoruzijaZ,other,
riadprz,other,
rogimov,other,
nasha_stranaZ,other,
nevzorovtv,other,
HUhmuroeutro,other,
narodslovo,other,
intuition2036,other,
smirusnews,other,
uzelsv,other,
i_curtain,other,
polit_inform,other,
polkovnikKurtz,other,
svoboda_radio,other,
vashy_slivy,other,
tayniyuzbek,other,
skeptik_21,other,
checity,other,
kshulika,other,
TertiaRoma,other,
arinab1973,other,
inosmichannel,other,
pwnow,other,
pressapro_ru,other,
sprotyv_official,other,
skabeevy,other,
notes_veterans,other,
nsdelzap1,other,
skosoi,other,
korabelov_info,other,
tmn_incident,other,
belta_telegramm,other,
tacticalnecktie,other,
poiskinfy,other,
police_podval,other,
prchand,other,
korupciya,other,
stranaukraine,other,
GardeZ66,other,
chp_sevastopol,other,
gistapapapa,other,
narodnieNETnovosti,other,
zahidwtf_official,other,
ntvnews,other,
DerhachiLIVE,other,
borusio,other,
glavredinfo,other,
mariupolz,other,
mv6566,other,
operobzor,other,
Taynaya_kantselyariya,other,
politjoystic,other,
kornilov1968,other,
dnicheebanoe,other,
AfterShock_News,other,
colonel_cassad,other,
UkrPravdaMainNews,other,
darnicalive,other,
ErnestV_2020,other,
Porohobotchenko,other,
zvezdanews,other,
SlavKramDonbass,other,
lu_di_z,other,
politlenta,other,
disclosed_blog,other,
officialeurosolidarity,other,
govoritDonbass,other,
tv5ru,other,
kitchen_chef,other,
ALTER_NATIV,other,
Tatarstan24TV,other,
theinsider,other,
Samarkand100,other,
incident22,other,
pdmnews,other,
n_w_order,other,
NeoficialniyBeZsonoV,other,
bigtransfer2024,other,
CodeAntipova,other,
kievreal1,other,
alliryston,other,
horizontal_russia,other,
dneproperatyv,other,
tv360,other,
xydessa,other,
UA_PRIME,other,
thebell_io,other,
RtrDonetsk,other,
skvir,other,
brekotins,other,
F_S_C_P,other,
PointNews,other,
Agdchan,other,
DIES2022,other,
wisedruidd,other,
russdiary,other,
msk1_news,other,
rusnetocracy,other,
gomeltoday,other,
ukrnastup,other,
donbassnew,other,
Novostidnua,other,
suspilnekropyvnytskyi,other,
turan_express,other,
iolka_ua,other,
kharkiv_tut,other,
odessa_gorodovoy,other,
vert_i_call,other,
dniprotv,other,
stepnoy_veter,other,
liganet,other,
daokedao,other,
mishafromCanada,other,
ZaDonbassVmeste,other,
odesskaya_oblasti,other,
roy_tv_mk,other,
BILD_Russian,other,
ponomarb1,other,
nedebri2,other,
telelug,other,
iikhu,other,
ATN_BTRC,other,
holodmedia,other,
reporter_ukraine,other,
nationalist_russian,other,
sisumasis,other,
mafia_7ru,other,
infomoscow24,other,
Nashazemla,other,
terrikony_donbassa,other,
anonimmagadan,other,
MedvedevVesti,other,
zloy_zhurnalist,other,
Sladkov_plus,other,
mediazzzona,other,
epoddubny,other,
nsnfm,other,
ruwestru,other,
dfonews,other,
holmogortalks,other,
kompromat1,other,
kievinform,other,
bye_biden,other,
natalia_maximus_ZOV,other,
Politkrem,other,
dimonundmir,other,
sowa_expert,other,
vata_show,other,
genshtab24,other,
new_militarycolumnist,other,
antifashisttm,other,
bakhmut_life,other,
ssternenko,other,
khonlinee,other,
rbc_trends,other,
novinach,other,
kosim_ukrop,other,
federalpress,other,
Mecklenburger_Petersburger,other,
krimski,other,
varlamov_news,other,
tgrussia,other,
barimtach,other,
zhest_shebekino_channel,other,
MoldovaPolitics,other,
zhytel_ukraine,other,
radiokp,other,
orda_kz,other,
politsputnik,other,
volyn24_news,other,
SpektrURGENT,other,
chp4e,other,
opersvodki,other,
dumayem,other,
Vinnytsia_Info_Agency,other,
highlylikely20,other,
zemlyanushka,other,
crimea24new,other,
smartinform,other,
belamova,other,
kievvlast,other,
dialectic_club,other,
Soldieroffortune777,other,
bloknot_vrn,other,
MediaOfficers,other,
dw_belarus,other,
rusmonstr,other,
newkal,other,
svodkIZfronta,other,
groupzarya,other,
pravdivy_nikolaev,other,
kazansky2017,other,
bdtprb,other,
HersonVestnik,other,
irynadmytrivna,other,
chernovik,other,
protiktok,other,
kfm936,other,
lvivregion,other,
chornomorsk,other,
Eduvtatarstan,other,
torontotv,other,
typicaltroeschina,other,
sakhapress1,other,
poisk_in_ua,other,
opennewss,other,
ianina_sokolova,other,
mirbezfashizm,other,
x_military,other,
kstati_p,other,
info_zp,other,
smotri_media,other,
Skuratoff_2_0,other,
KremlCirk,other,
pravda_DS,other,
cbctvaz,other,
yoba_m,other,
signal_ukraine,other,
minut30,other,
doxajournal,other,
kuban_23,other,
pl_syrenka,other,
kyivtv,other,
vestiirkutsk,other,
iarexru,other,
istocni_front,other,
Forbes_Ukraine_official,other,
nedalniy_vostok,other,
avdiyivka,other,
plnpskov,other,
odessacitynews1,other,
panteleymonovka,other,
Lv1256,other,
zarussia_1,other,
israel_9,other,
rsnsn,other,
avia_news_ru,other,
kompr,other,
zp_ua,other,
sidpolit,other,
novosti_kramatorska_24na7,other,
antonspletni,other,
RealnaiaBelarus,other,
clubpravda,other,
pryanaya_yakutia,other,
NSDVKhersone,other,
huevuy_dnepr,other,
buro_vn,other,
beriyalav,other,
belnewsby1,other,
ragulaku,other,
victory_forever_od,other,
KremlinPeresmeshnik,other,
informatorz,other,
sakhonline,other,
office_ua,other,
zhivoff,other,
zachita_otechestva,other,
eurasiamoldova,other,
zaporizka_sish,other,
komcitynews,other,
ivanovonewsBars,other,
saysukraine,other,
ukranewscom,other,
master_pera,other,
CenterCounteringDisinformation,other,
voskoboinikovaleksandr,other,
onenews_zp,other,
novosti_svodki,other,
Alekhin_Telega,other,
cyber_frontZ,other,
hab_news,other,
news_72ru,other,
obrazbuduschego2,other,
astv_ru,other,
ghost_of_novorossia,other,
severrealii,other,
Krymchanin_Z,other,
maester,other,
RussiaMyVmeste,other,
SM_NEWSRU,other,
ua_inf,other,
ukraina_novosti,other,
zloy_ekb,other,
MilitaryThemeZ,other,
pravdadirty,other,
hercon_ru,other,
MorozTanyka,other,
apostrophe_kyiv,other,
truexanewsua_ru,other,
armsens,other,
moyaodessa,other,
bloknotmd,other,
nationconsunion,other,
skubchenko,other,
rostovnews61,other,
oper_goblin,other,
worldprotest,other,
batumchik,other,
odessa_typical,other,
akzentzp,other,
petrovtel,other,
tv_freedom,other,
idemnavi,other,
borodatayaba,other,
polittemnik,other,
truestorymedia,other,
sibrealii,other,
tatmediaofficial,other,
project_juventa,other,
polk105,other,
newsv1,other,
romania_ru,other,
ne_caxar_live,other,
cuisine_by,other,
FRONTOVIK_NEWS,other,
konkretnost,other,
hodmyslei,other,
onlinevologda_ru,other,
beregofic,other,
andyhukka_live,other,
bloknot_rossiya,other,
chp_crimea,other,
novosti_voyny,other,
Russiaanews,other,
neuesausrussland,other,
russianexta_re,other,
news_1tv,other,
topwar_official,other,
lentachold,other,
abbasgallyamovpolitics,other,
malekdudakov,other,
politkremlin,other,
grodnosliv,other,
pd_nmsk,other,
PATRIOTS_OF_RUSSIA,other,
ale_kazakov,other,
paperpaper_ru,other,
mikayelbad,other,
kavkazrealii,other,
rudanatv,other,
room247,other,
utrofevralia,other,
novosti_aktyal,other,
expert_ru,other,
region22ua,other,
odesalivetv,other,
DoC_inform,other,
DonbassMediaGroup,other,
liubotyn,other,
octgnews,other,
HolodniyYar,other,
RepublicMag,other,
menzelinskfm,other,
chpsakhalin,other,
znrznr,other,
agrocompany_sedek,other,
vottaktv,other,
primamedia,other,
koturi,other,
uraldailyPeZerV,other,
Genichesk_ru,other,
sumygo,other,
Vkurserostov,other,
go338,other,
operator13zov,other,
CompromatSNG,other,
NODrus,other,
ZhivetZheBelarus,other,
pecherhill,other,
veronikastepanova20011,other,
bponline,other,
vklymchuk,other,
SwissVatnik,other,
lav_i_na,other,
KremlinRussian,other,
navideovidno,other,
akcentynews,other,
minsknews_by,other,
mvd_38,other,
krioggen,other,
brd_nash,other,
nihuya_nihao,other,
kedmi,other,
ChetyrePera,other,
novosti_irkutsk,other,
net_prinuzhdeniyu,other,
OmTVchannel,other,
slezhuza_polit,other,
pervomaisk_city,other,
general_Vatutin,other,
pva_anapa,other,
deputatdumy,other,
Netvru,other,
askrasul,other,
AngarskNews,other,
novostiarmenia,other,
Ludeiderzhatzascot,other,
kovalevnews,other,
politikka,other,
min_pravda,other,
tgnews_ua,other,
vibornyk,other,
DmitriySteshin,other,
radiotrek,other,
ua_tribunal,other,
tatarstan_republic,other,
bayrep,other,
belrusinfo,other,
sashashpakofficial,other,
atamekenbusiness,other,
orange_east,other,
DeputatZhuravlev,other,
huevuy_nmsk,other,
dnepr_operativ,other,
rosgvardia67,other,
greenfolder,other,
slezhuza_ekonomika,other,
imnotbozhena,other,
vestniksrb,other,
pravdist,other,
vesna_democrat,other,
bidzhev,other,
chitaru75,other,
evgeniy_lisitsyn,other,
toporli,other,
gordonuacom,other,
severodonetsk1934,other,
channel12vol,other,
O_Arestovich_official,other,
eschulmann,other,
anti_semitic,other,
GlobusUkraine1,other,
intercourier,other,
overhear_vkamenske,other,
myukra1ne,other,
bumaznayaZmeya,other,
apleonkov,other,
planetapress,other,
tenewter,other,
dumatv,other,
ToBeOr_Official,other,
alekseystefanov,other,
sindika,other,
news_74ru,other,
landofsiberia,other,
typove_dubno,other,
odessamedia,other,
GTRKLNR_Lugansk24,other,
reartsakh,other,
ru2ch,other,
politicsinthecircle,other,
su2050,other,
truexakharkiv,other,
sovsekretnoru,other,
vsesmizdes,other,
slvn_pomet,other,
murza4ch,other,
bessimptomno,other,
oplottv,other,
priluki,other,
zhytomyr_times,other,
interfaxonline,other,
spainvlc,other,
Contora_Pishet,other,
kut_o,other,
hellotransfer,other,
alphaingenium,other,
kyiv_novyny_24,other,
annashafran,other,
devukraine,other,
logikamarkova,other,
surf_noise1,other,
novosti_novoross,other,
tarik_nezalejko,other,
laksheri_kotaksheri,other,
khmlv,other,
armeniyaone,other,
optimistkavshtatskom,other,
vasulivka,other,
rbk_inc,other,
SerpomPo,other,
boroshnonews,other,
moldovalibera,other,
galkaifuanews,other,
mrpl_now,other,
rosskandal,other,
hrinovyny,other,
DaVosDV,other,
luhanskaVTSA,other,
varta1,other,
TrendNewsAgency_RU,other,
Marinaslovo,other,
sensible_people,other,
ZFrontZ,other,
vizioner_rf,other,
soroka_belaya,other,
ZapoLife,other,
russ_orientalist,other,
aviaincident,other,
ctrs2018,other,
Miloserdierulite,other,
oprf_official,other,
DCSpeaker,other,
museumgorodn,other,
radiorossii,other,
news63ru,other,
zprz_news,other,
our_odessa,other,
nabudaily,other,
FLTnews,other,
postnewsru,other,
stranoved,other,
molniaua,other,
VGA_NovayaKahovka,other,
Im_Hayastan,other,
maximgrigoryev,other,
bihusinfo,other,
hyevuy_dnepr,other,
trkgomel,other,
mironovonline,other,
barnaul22official,other,
rtvinews,other,
chpkrasnodara,other,
government_rus,other,
SMINEWSBLOG,other,
hybridwarfare,other,
etozp,other,
truth_aggregator,other,
zloyecolog,other,
KrokooDil,other,
levchenko_ua,other,
sergeymiheev,other,
kirovmp,other,
gtrkSpb,other,
ukrainetopnews,other,
verysexydasha,other,
georgia_24,other,
armenpress,other,
suspilnekherson,other,
thebulbaa,other,
newsvlru,other,
diana_udovichenko,other,
altruist_news,other,
DNK_wiki,other,
papagaz,other,
andreyVajra,other,
akula_vide,other,
newlanak,other,
freier_Mann,other,
rabkor,other,
chp_sochi,other,
alexander_kynev,other,
AlfredKoh_1,other,
Evgeniy_Serkin,other,
yoda_teacher_oficial,other,
VersiaRu,other,
taraspovidomlyae,other,
dneprciti,other,
podosokorsky,other,
onekrua,other,
preemnik,other,
ino_tv,other,
prokherson_ru,other,
osnmedia,other,
rozumaha,other,
rostov_glavniy,other,
fedorovgd,other,
diplomatia,other,
poptatiana,other,
news59ru,other,
nationkurs,other,
variantnews,other,
VladimirKarasyov,other,
ku66_ru,other,
Pavlova_Maria_live,other,
moeonline,other,
vestifmplus,other,
gvozdoder_live,other,
delyagin,other,
Baronova,other,
aarussian,other,
suspilnerivne,other,
femagainstwar,other,
kremlin_bashnya,other,
O_KUCHERA,other,
donbasscase,other,
vedomstvo_rf,other,
md_krot,other,
wearerussiansbro,other,
urallive,other,
kinometro,other,
orenburg_tg,other,
suspilne_vinnytsia,other,
chita_region75,other,
ZA_FROHT,other,
mountshow,other,
aifmd,other,
energoatom_ua,other,
kharkov_narodnuy,other,
amberdlb,other,
rus_now_news,other,
bro_revisor,other,
ukralnehere,other,
krasnodarkray1,other,
dobrepolecomua,other,
WarZone_publ,other,
inc54,other,
sadsnov,other,
NMOdessa,other,
Sumy_news_ODA,other,
pressmol,other,
cknot,other,
moldovaelections,other,
brd_zavtra,other,
zaborzp,other,
vgorode_odessa,other,
wtfukra1ne,other,
nehabar,other,
In_time_Ukraine,other,
oldfilip,other,
newkobzar,other,
novynylive_kharkiv,other,
PlushevChannel,other,
dies6,other,
MAYDNR,other,
kharkivlife,other,
luganmedia,other,
ProRus_Z,other,
SVO_ZOV_22,other,
rostovrnd,other,
Petya_perviy,other,
Sapogi_vsmyatku,other,
russnasledie,other,
ruptlyalert,other,
JuliaMenshovaJulia,other,
russiakuban,other,
ArmenianVendetta,other,
tsarov_m,other,
idelrealii,other,
uanewsstream,other,
spb_gde,other,
yakutsk_vecherniy,other,
zdraviy_news,other,
moskvichmag,other,
adirect,other,
itspadonbass,other,
geoprosto,other,
liababaeva,other,
O5_tv,other,
newchnews,other,
vestirespubliki95,other,
rusembjp,other,
dragonspech,other,
Zanoza,other,
naperedovoi,other,
pokrovsk_news,other,
news_forfree,other,
severskiyrayon,other,
xenia_sobchak_tg,other,
agregatortruth,other,
ushanka05,other,
ochi_zhv,other,
news_lv,other,
vostex24,other,
olegsepar,other,
borisenkoD,other,
politadequate,other,
horishniplavni_2022,other,
bloknot_vdonsk,other,
nedebri,other,
NewsUkraine_2022,other,
alenapopova,other,
bangpoint,other,
MIG_INFO,other,
provce,other,
Republic_Of_GaGauZia,other,
Voenkor_reZervist,other,
covid19bulgaria,other,
rugosduma,other,
khabarikhush,other,
antimaidanmd,other,
frontbird,other,
ia_rossa,other,
kritiknewsfeed,other,
BorodaV,other,
gazetaru,other,
incidentoren,other,
szfo_media,other,
dontel,other,
volodymyrzolkin,other,
vesti_khakasia,other,
evraziiskiihomyachok,other,
berezoview,other,
rsotmdivision,other,
sncmag,other,
bbcukrainian,other,
babaiga,other,
voin_dv,other,
PogonyGalstuky,other,
clubrf,other,
asiaplus,other,
voenhronika_ru,other,
revdainforu,other,
kremlinbatia,other,
place_kyiv,other,
csrc_agency,other,
oko_ok,other,
rasstrelny,other,
infoV102ru,other,
strelets_molodec,other,
staraya,other,
okoskol,other,
rosich_ru,other,
novosti_ulanude,other,
suspilnechernihiv,other,
olgaseletskaya,other,
obshina_ru,other,
sumyregion,other,
TK_Union,other,
arigus,other,
echokremlin,other,
KarabakhRecords,other,
imoscow,other,
dostovernooglavnom,other,
UA_Insider_UK,other,
Burovaia,other,
zolochiv24_7,other,
romanenko_dns,other,
svodkidpr,other,
btsvip7,other,
obstanovkalnr,other,
telegraf_kremenchuk,other,
melitopol_ru,other,
dagpravdaru,other,
iron_feliks,other,
ArkHelps,other,
a_articles,other,
gurnalisty_rossii,other,
newskhv,other,
tselnozor,other,
evgenii_ponasenkov,other,
fakecontrol,other,
kamreporter,other,
RLSsvodka,other,
china3army,other,
kyivvillage,other,
LastOfRus,other,
novosti_vdk,other,
shtab61,other,
pr_russia,other,
kavkaz_leakbez,other,
russkiy_opolchenec,other,
tayni_op,other,
energytodaygroup,other,
sobaka_ru,other,
rzninfo_news_channel,other,
odinobl,other,
rivne_golovne,other,
mod_russia,other,
MIrvMomente,other,
parlament_novosti,other,
ircity_ru,other,
northvol,other,
opernn,other,
dr_alex_sosnowski,other,
chelny_onlinee,other,
elitexpert,other,
nizhyn_operatively,other,
igor_panarin,other,
infpolru,other,
wild_bigsale,other,
matveychev,other,
streli_kazbeka,other,
ZaporozhyeNews,other,
ukr24_7,other,
virtagencyy,other,
atodoneck,other,
russiaun,other,
sovestdagestana,other,
chehovvid,other,
militarymaps,other,
kuban24,other,
ukr_leaks_srb,other,
mylandbelarus,other,
tutdagestan_05,other,
newizvestya,other,
War0nline,other,
putin_today,other,
nanna34,other,
news_rbk_rbc_pbk_novosti,other,
dtp47rus,other,
ROSSIYA_SEGODNIA,other,
apnewsua,other,
newsWASH,other,
xoxol_uk,other,
thegraschenkov,other,
uralevery_news,other,
dnrpravda_news,other,
ShrikeNews,other,
vestiomsk,other,
unique_alik,other,
circinfire,other,
MashaGoryachevaNews,other,
russkii_dom,other,
arhsvoboda,other,
latushka,other,
AlexCarrier,other,
allgolobutsky,other,
shevchenkomax_1,other,
Protestnarod,other,
chp_59_perm,other,
T1_ua_portal,other,
bulgariaz,other,
getmantsevdanil,other,
Nazars_look,other,
gorod_vl,other,
plitki_v_nizhyni,other,
podslushano_zmiev,other,
Armenian_Life,other,
shedriy_alik,other,
kub_news_ru,other,
kbrvdvkr,other,
shuohuaxia,other,
tsarkrest,other,
ukrinformator,other,
Sophist_UA,other,
lovechernihiv,other,
batayskoe_vremya,other,
politikosmos,other,
sap_gov_ua,other,
okulist_ua,other,
lenta_ua,other,
takiedela,other,
centrumnovum,other,
minval_az,other,
tip_enakievo,other,
ua_newslive,other,
novosti_telega,other,
bucha_live,other,
kurs_if,other,
tipichkras,other,
u_live,other,
lviv_lmbrg,other,
komsagram,other,
typicalcherkassy,other,
yursumy,other,
tendery,other,
ysiaru,other,
netip_stav,other,
Koshkin_sibiryak,other,
mosnow,other,
zolnews,other,
rustroyka1945,other,
oldlentach,other,
geostrategrus,other,
vkurse22,other,
topspb_tv,other,
putin_life,other,
oleglurie,other,
live_krass,other,
kozakrichala,other,
kremlinprachka,other,
chadayevru,other,
Nackepelo,other,
maksimkamensk,other,
bo_kanal,other,
objectivetv,other,
reanimachia,other,
informationresistanse,other,
Bugorgua,other,
kropnews,other,
o_brd,other,
DonbassYasinovatayanaliniiOgnia,other,
newsvladikavkaz,other,
bloknot_rostov,other,
ruserbia,other,
reportazru,other,
SergeyNikolaevichBogatyrev,other,
tvoe_v_v,other,
oddrgorlovka,other,
specnazAlpha,other,
gtrk_kaliningrad,other,
chertamedia,other,
control_sigma,other,
blacklist2477,other,
listnewsru,other,
specops2022,other,
tatmediaofftop,other,
TV7_NEWS,other,
truxa_ukraina,other,
ovsyanka,other,
donbassr,other,
bloknot_nvrsk,other,
m1acum,other,
pod_kovrom,other,
legitimniy_live,other,
bloknot_vlg,other,
myrotvoretsnews,other,
news_aurora,other,
serzbezfejkov,other,
news_sirena,other,
allnews47,other,
vartovi_kyiv,other,
okun_andrew,other,
RottenKepkenChannel,other,
tovgeneral,other,
rusdelfi_lv,other,
pozivnoy_kazman,other,
mashmoyka,other,
Live_Breaking_News,other,
RSaponkov,other,
AGStakhanov,other,
pro10tvrm,other,
ztb_qaz,other,
Sofiya_Fedyna,other,
beiunsinhamburg,other,
ostorozhno_moskva,other,
truexazaporozie,other,
orenburg_online56,other,
voenndelo,other,
novosty_yakutska,other,
warsonline1,other,
SvetEkb,other,
chp_samara,other,
prozapas77,other,
msk_gde,other,
Katimsya,other,
nozhenko_dmitry,other,
ne_tolerantno,other,
elinfo_kz,other,
novosti_krsk,other,
teleact54,other,
suspilne_uzhhorod,other,
businesssecrets,other,
Odessaonduty1,other,
podrobno,other,
EkatskoeChtivo,other,
lvivshchyna_news,other,
TVcom_news,other,
official_atypical,other,
NewsPalach,other,
newstula,other,
kittendances,other,
NEWSruIsrael,other,
bloknot_volzhsky,other,
IVShatrov,other,
rozyskRI,other,
bloknot_taganrog,other,
ussurmedianews,other,
poltava_chernigov_sumy_vinnitsa,other,
parbut,other,
metelskiy_moscow,other,
newsivanovo,other,
UA_National_Police,other,
enewsmd,other,
artem_katkov,other,
newsmakerlive,other,
smuglianka,other,
vostokvesti,other,
VitaliyShabunin,other,
tvmtmonline,other,
revdanovosti,other,
novosti_chelyab,other,
aomsk,other,
AptiAlaudinovAKHMAT,other,
NAZK_gov_ua,other,
ararathau,other,
eto_zp,other,
newvzglyad,other,
rusengineer,other,
informpskov,other,
yeiskinforu,other,
belgorod01,other,
Kartatverog,other,
military_az,other,
briefspb,other,
SlugaNarodu_Official,other,
ammiacnews,other,
orenday_ru,other,
yakemenko,other,
zoperation,other,
osetia_alania15,other,
NR_novosti,other,
polit_rus,other,
wonderzinemag,other,
redakciya_channel,other,
romagolovanov,other,
msk_telegraph,other,
arbatmediakz,other,
radlekukh,other,
v_and_z,other,
riadagestan,other,
IA_ASD,other,
governorsjew,other,
nlevshitstelegram,other,
voenkor_evtushenko,other,
sputniklive,other,
mo3ambik_gpv_1,other,
BlackSeaStrategyInstitute,other,
pavelfuks,other,
sochitypical,other,
rugva_471,other,
laragall1,other,
crimea_chp,other,
zradnyky_brd,other,
vestiprimorye,other,
privet_rostov_ru,other,
steven_bb,other,
kriknews_official,other,
bloknot_stavropol,other,
shpalta_ua,other,
stolknovenie,other,
anna_kpo,other,
zakrytazona,other,
XMAPA_COM,other,
shlosberg,other,
korotko_podelu,other,
poltava_pvp,other,
ruskline_ru,other,
govoritzhulebino,other,
eoblast,other,
miacum,other,
gremtelegram,other,
kurskbomond,other,
NA_STRAGE,other,
tv11ua,other,
khersonskaODA,other,
Caucasian_bureau,other,
logscm,other,
partyadela,other,
achexd2,other,
channel_russia24,other,
mark2_che,other,
ridusnews,other,
armline_news,other,
nevolf,other,
buntariy,other,
genshab,other,
tvdno,other,
foxandraven,other,
Kharkov_sky,other,
miroshnik_r,other,
novosyolov,other,
shevchenkoplayboy,other,
MairaBaku,other,
big_eurasia,other,
medialofteu,other,
evesna,other,
batayskgorod,other,
AndreyMalginItalia,other,
trkmart,other,
krsknow,other,
ivan_utenkov13,other,
Agitblog,other,
fortangaorg,other,
donbassrealii,other,
chp_krd,other,
MonitoringBY,other,
nach_shtabu,other,
Hard_Blog_Line,other,
neolginskie,other,
nemorgenshtern,other,
vgor999,other,
pavlograd_now,other,
Bukharainfo,other,
guber2,other,
vsefrontu,other,
krugozor_news,other,
aroschin,other,
uiamp,other,
mud_no,other,
RadioStydoba,other,
orskdotru,other,
tv0e_rivne,other,
chepsochi,other,
Kdvinsky,other,
mvdpmr,other,
afishadailynews,other,
ukrainavshoke_repost,other,
express_tribune,other,
NBS24,other,
buzulukvkurse,other,
tayni_deputata,other,
dvved,other,
orenburg_media,other,
smotri_z,other,
gorbovskiyfsb,other,
anapapapa,other,
vpokoe,other,
grishkafilippov,other,
ukraine366,other,
svoiKR,other,
sputnikby,other,
rb_ru,other,
zpvestnik,other,
don24tv,other,
libertypeople,other,
picnicelena,other,
MinaKhachatryan,other,
zoda_inform,other,
realtribune,other,
dayaz,other,
dzermant,other,
za_rycckux,other,
borodylia0803,other,
dan_dnr,other,
beryslavru,other,
v_pastukhov,other,
ARMENIASEYCHAS,other,
gazetabo,other,
bapaxlo,other,
petrovsky_dn,other,
pezdicide,other,
Portal2x2,other,
novorosinform,other,
mid_lnr,other,
nordcat,other,
ergosdumaofficial,other,
government_lnr,other,
buryatia_online_official,other,
skaner28,other,
ossinoe,other,
rusrepmedia,other,
onlinerby,other,
odesskiymayak,other,
shingarkin,other,
suspilnedonbas,other,
tsibulya_ua,other,
informnapalm,other,
Noi_md,other,
veraafanasyeva,other,
zamkadomby,other,
pronya_ta_soloha,other,
nosovichchannel,other,
tanya_adams,other,
sm_vca,other,
shalyuta,other,
berdyansk_ru,other,
newsholod,other,
remeslaw,other,
greenserpent,other,
ezhkinkot,other,
mykolaivOblastinfo,other,
mariupolnow,other,
R15ru,other,
ads_vinnitsa,other,
babr24,other,
stupino,other,
putininfo,other,
zakarpatskaODA,other,
naran_official,other,
Ryazanceva_donetsk,other,
golosdagestana05,other,
novosti_n,other,
tekstilshik_dn,other,
GrpatKZ,other,
moscowach,other,
krivojrog0564,other,
fnvolga,other,
prezidentgordon,other,
nadVir,other,
magpravda,other,
nmrpl,other,
RealUzbekistan,other,
israfilof,other,
botcharov,other,
ermoscow,other,
dnepr_live,other,
dnbs_now,other,
keepkurs1,other,
konstantinzatulin,other,
ilovebelarus100,other,
asian_states_in_ukrainian_crisis,other,
CottageOfCards,other,
kyivoda,other,
ural56ru,other,
detektor_tg,other,
mnews_ru,other,
orda_mordora,other,
balashikha_life,other,
tulpressa,other,
news161ru,other,
nizhnevartovsk_chp,other,
gk_news1,other,
donbass_segodnya,other,
news76,other,
nexta_tv,other,
republic_tv,other,
mindua,other,
smartpress,other,
ksbchk,other,
SamarOblast,other,
dru_news,other,
vybora,other,
blackzemye,other,
Sanctions_Inspector,other,
podslushano_v_lesnom,other,
dnevspb,other,
mihail_sovetskij,other,
bu911,other,
big_kyiv,other,
chpvladik,other,
ulusmedia,other,
mariabutina,other,
incident_65,other,
griabaev26022002,other,
montyan,other,
Tama_tv_Life,other,
sevmorput,other,
garashchenko,other,
uman_help_info,other,
tengrinews,other,
NGnewsgeorgia,other,
akashevarova,other,
newsnurkz,other,
nemolchiuz,other,
katun24new,other,
belarusian_silovik,other,
volneleposti,other,
vinnitsa_info,other,
ivanoise,other,
iPressUAUA,other,
peremogi,other,
dpskontrol_125rus,other,
nikvesti,other,
mosregioninfo,other,
Belyshum,other,
SBelkovskiy,other,
ya62ru,other,
khayalpressa313,other,
rianovostiAmerica,other,
zametkauzar,other,
PravdaTUTLV,other,
zefirfm,other,
vsmolenske,other,
moscowtop,other,
expensive_hurma,other,
pokrovsk06239,other,
ufa_rb,other,
internetsmi,other,
bazhenovteam,other,
KyivSegodna,other,
SKorrespondent,other,
krysyrostova,other,
vyakutiaru,other,
Hinshtein,other,
kherson_chp,other,
nhk_love,other,
majorselivanov,other,
mskuratov,other,
regpol,other,
chudokyiv,other,
belarus_news_onlinerby,other,
vgorunews,other,
goryachiye_novosti,other,
makarivinfo,other,
zvezdyshowbiz,other,
realcv_ua,other,
micromedia666,other,
Ballastua,other,
lumpen_v,other,
CheLineTv,other,
vikiperm,other,
typodar,other,
krd_tipich_ru,other,
kozachkow,other,
sumy_2022_ua,other,
ulysmediatg,other,
udianskyi,other,
marzoev_oleg,other,
The_Wrong_Side,other,
sovgavan,other,
ShaltayBabay,other,
gnews_ru,other,
vostochnysyndrome,other,
MirovichMedia,other,
suspilnemykolaiv,other,
agurulev,other,
klgzhest,other,
iakhakasia,other,
Megapolisonline,other,
love_poltava,other,
myluber,other,
KyivPolitics,other,
vilkul,other,
gazetaua_news,other,
zolochivt,other,
vrn_karaulny,other,
newsvladimirru,other,
newsprim25,other,
TryxaSumy,other,
SergyiPoyarkov,other,
abakan24news,other,
Tsaplienko,other,
Novyny_Ukrayiny,other,
chpsochi1,other,
Bolshaya_P,other,
mnb_vinn,other,
mnogonazi,other,
strelkovii,other,
zhirinovskylive,other,
ia_steklomoy,other,
vdvok,other,
BarrrsGroup,other,
sila_bgo,other,
UA_FORPOST,other,
znaempravdy,other,
good78news,other,
gtrksamara,other,
nashkholmskchannel,other,
MoyshaSheckel,other,
psamara,other,
volanalitic,other,
tvrussia1,other,
eestipost,other,
chp26rus,other,
agendarussia,other,
salepromokod_skidki,other,
ryazannewsru,other,
nizhyn_zahist,other,
rivne_1283,other,
pravoekspogryp,other,
blacklist_of_vinn,other,
regionalny,other,
docpro,other,
inform_kiev,other,
rspp_centre,other,
Fio100,other,
pluaby,other,
alexander_rodnyansky,other,
Kharkiv_1562,other,
samvelmartoyanZ,other,
kate_blanche,other,
kurskadm,other,
dark_k,other,
turkeyabout,other,
ACityThatSmog,other,
novoedelo,other,
novosti_54,other,
RKadyrov_95,other,
fsb_boutique,other,
rtsnews,other,
notevskiy,other,
RUSanctions,other,
ca_cronos,other,
kojournal,other,
nar_war,other,
bbc_cnbc,other,
boulevard_ring,other,
kharkiv_ik,other,
Novosti_America,other,
rznlifetg,other,
iron_bonvarnon,other,
tv7mrpl,other,
anna_levchenko,other,
mkset,other,
BuninCo,other,
PresidentPoroshenko,other,
yardrey,other,
rusdelfiee,other,
leonidnevzlin,other,
olen_nn,other,
glasnaya_media,other,
zaborona_com,other,
newsbryanskru,other,
sddonbassa,other,
obolonlife,other,
dostoverno,other,
itsmycity,other,
operativnyishtabtyumen,other,
rostov_compro,other,
dezhurniy,other,
SilaPomorya,other,
za_grany,other,
moygorod_khv,other,
Crimeanwind,other,
backside_gomel,other,
Uzhgorod0312,other,
arrussia,other,
AzeSputnik,other,
newsartema,other,
noviny_odesa,other,
mykharkov_info,other,
satzhangram,other,
tokanamd,other,
ekb4tv,other,
mostks,other,
krymrealii,other,
NowMelitopol,other,
MilitaryCriminal,other,
nv_info,other,
Vesti_Kuzbass42,other,
kanal12omsk,other,
mysly,other,
truexapoltava,other,
glazieview,other,
Rostov_news,other,
uzbekretail,other,
vn20minut,other,
novosti_voinaa,other,
tethis,other,
molbuk,other,
rusvesnasu,other,
incident19,other,
baraholka_yeysk,other,
stavropolie26,other,
typical_chernigiv,other,
typical_cv,other,
Trueisrael,other,
neftegazchannel,other,
lmn_in_ua,other,
Oleg_Blokhin,other,
kremlin_mother_expert,other,
infonavigatorukraine,other,
Monuzel,other,
zpravda,other,
Vinogradov74,other,
maritimeforum,other,
omsk_ogo,other,
crrimea,other,
svoborus,other,
nosilki,other,
osnovanews,other,
shadrinsk,other,
DailyUkrainianNews,other,
NeWs_UkRa1nE,other,
Vcentresob,other,
V_Zelenskiy_official,other,
rudelfi,other,
prime1,other,
antiskrepa,other,
mobilizatsia34,other,
stopcor,other,
ossetiaFB,other,
redcodenod,other,
maximreznik,other,
kitchpolit,other,
tobtt,other,
zloyodessit,other,
lushnikov_Alexey,other,
alexey_pushkov,other,
NBR_DONETSK,other,
theblueprintnews,other,
komunevseravno,other,
pavel_v_doroge,other,
mediadeportugal,other,
medvedev_note,other,
ve4ved,other,
MeNeFreg8,other,
city_vrn,other,
mediatorfm,other,
akhmeddudaev,other,
novostiniko,other,
rusyerevantoday,other,
braga32,other,
Prikhodko1970,other,
nn_obl,other,
rf_army,other,
militarytimes,other,
stop_voina,other,
aviaru_news,other,
vprorok,other,
russiancouncil,other,
kolezev,other,
mkala_news,other,
dvhab_novosti,other,
popilashes,other,
reutovsos,other,
nelegitim,other,
rogers_kitchen,other,
Ussur_Mikh_Kray,other,
dwrussian,other,
AlekseyMukhin,other,
copperhorn,other,
ecopravda,other,
kaliningradru,other,
koridorOP,other,
chernye_ochki_novosti,other,
vpsity,other,
sibrednek,other,
muromcevZ,other,
go_barnaul_telegram,other,
RostovInside,other,
rebel_jack_review,other,
procurator_rus,other,
Arhyz24,other,
RUkatehon,other,
EurointegrationComUA,other,
military_arm,other,
ukr_emigration,other,
slavdelo,other,
politika_po_dneprovski,other,
Dobrovoleec,other,
vgorode_kharkiv,other,
kozakTv1,other,
katya_farm,other,
afishadaily,other,
VGlagola,other,
pulsdona,other,
groznyinform,other,
rerussia_org,other,
serp_prachka,other,
politika_strana,other,
RVvoenkors,other,
realenua,other,
fonartv,other,
yamariupol_kyiv,other,
kl_informator,other,
amurlife1,other,
novosti_bash,other,
informburo_kz,other,
shuyaprovinciya,other,
a24nonymous,other,
ranshevcex,other,
NeBrigada,other,
kolobok1973,other,
bst_rb,other,
media_polonne,other,
rogozin_do,other,
RusUnlimited,other,
inburgru,other,
agiprd,other,
DONregion,other,
Avodonaeva,other,
blitzplus,other,
skoloth,other,
Tauride_Republic,other,
Airborne1126,other,
valentinbogdanov,other,
narodkorespondent,other,
suspilnesumy,other,
MarugovaSlovo,other,
Slavyansk_info,other,
palyanews_ua1,other,
VKhersone,other,
kleveta,other,
obyasnayemrf,other,
GusyAndrew,other,
A_S_Sukonkin,other,
huyovyi_ternopil,other,
kulanov_vyacheslav,other,
youngmagdalena,other,
moscowcheck,other,
vestyisrael,other,
smiKrymsk,other,
shipovnikmedia,other,
vestivrnru,other,
Sandymustache,other,
Carstvo_39,other,
glavnoeUA,other,
ivan4pointru,other,
ouzs_ru,other,
notabenenews,other,
rusaccent,other,
TELEKANALSTALINGRAD,other,
NowKirillovka,other,
bayraktar1070,other,
Novostnik_Z,other,
nottourists,other,
serpuhov_live,other,
openparad,other,
Kurskk,other,
shishkin_like,other,
chpntv,other,
suspilnepoltava,other,
ukrchan,other,
israelnews4Rus,other,
insident_abakan,other,
kazanfirst,other,
pravdaovoine,other,
octagonmedia,other,
evacuationukraine,other,
kazakh_inform,other,
armtoday,other,
suspilneternopil,other,
druoper,other,
cityspb,other,
kishinev24,other,
tippavl,other,
Israel_novosti,other,
urd_news,other,
hello_kavkaz,other,
saratov24ru,other,
infocentrskrf,other,
mme_perrier,other,
allkiev,other,
kabanovkv,other,
GrafinyaNegoduet,other,
kyevwar,other,
RepostUZ,other,
novostisamarkanda,other,
prikhist,other,
visochanskaselrada,other,
imotvet,other,
narublevkerigelife,other,
gossluga,other,
politgen,other,
patriot_tut,other,
kraftyou,other,
bessarabiainformcom,other,
tatishevo_glava,other,
supp_rus,other,
vlastinet,other,
PCU_PoliceControlUkraine,other,
czech_info,other,
zov_crimea,other,
pridybaylo_k,other,
luganskallnews,other,
ukr_pravda,other,
news04868,other,
belgorod01people,other,
gramotyyaroslava,other,
adm_moskovsky,other,
avanturistlive,other,
agronovosti,other,
pripyatpartizan,other,
my_gotovi_poltava,other,
panteri_panteri,other,
meduza_news,other,
kolymanews,other,
onlinemedia35,other,
kupiansknash,other,
hueviyherson,other,
trofimovonline,other,
bloomberg_ru,other,
middle_east_review,other,
ATV_BAIKAL,other,
goodoshnikov,other,
yangiul,other,
truexadnepr,other,
salutmd,other,
slavyansk_best_city,other,
Svoidanash,other,
dns_club,other,
gumvd42,other,
KarabakhRu,other,
odtoday,other,
vidsichu,other,
svoetv,other,
DIUkraine,other,
nabazeua,other,
stukch,other,
zamkadye_new,other,
ermaka2022,other,
podslushano_rossosh,other,
mobilizationnews,other,
karaulovnews,other,
poltava_tipichnaya,other,
NMitrokhinPublicTalk,other,
rus_art,other,
slutsky_l,other,
ctotoznayu,other,
newbur_true,other,
Belarus_now,other,
zsuwar,other,
zpvgorode,other,
parstodayrussian,other,
infobomb,other,
suspilnekhmelnytskyi,other,
arenda_bezopasno,other,
novostialtya,other,
razvedosaa,other,
lantratovaDOBRO,other,
Andrafanaslive,other,
podslushanokovrov1,other,
politburodc,other,
orsha_pereobutaya,other,
elite_rezerve,other,
mykola_lukashuk,other,
nkvknew,other,
donetsk_dn,other,
proofs_dnepr,other,
StillavinToday,other,
newsbash,other,
news_see,other,
kolhoznystoroj,other,
citydogby,other,
dwellercity,other,
shadow_policy,other,
np_inform,other,
sledcom_press,other,
lifenews,other,
ENews112,other,
Chesnakov,other,
tipichnoe_xtz,other,
nuts_roses,other,
ukraine_golovne,other,
CherkassyPolice,other,
ruposts,other,
rusmechta_ru,other,
kavuncity,other,
monitoring_52,other,
kirovograd_official,other,
nz_m_v,other,
Abbasdjuma,other,
newsmisto,other,
izum_na_matzo,other,
kasjanovcom,other,
dontstopwar,other,
govoritfursov,other,
Nasobin,other,
aurora_media,other,
pravilamagru,other,
politkraina,other,
a_kuzichev,other,
astramilitarum,other,
zinkevich_igor,other,
togarma301,other,
pravak_online,other,
kaluginboy,other,
markkot56,other,
KharkovZV,other,
mogilevonline,other,
progorod43news,other,
detskymat,other,
dtp_tomsk,other,
novajaukraina,other,
kharkivoda,other,
eprussia,other,
bovtznaet,other,
moscowmap,other,
damnambivalence,other,
nashchelyabinsk,other,
grigorov_prav,other,
realjournal,other,
ResistanceRF,other,
ghestkrd,other,
vzsar_info,other,
zabru_chita,other,
novostiorenburg,other,
huevyi_dnepr,other,
cheliabinsktop,other,
delo_ua,other,
crisisman,other,
souzBLOGGEROV,other,
buyanTime,other,
moospngru,other,
istominakarina,other,
Voyna,other,
svodka_akipress,other,
kp_kuban,other,
Workandlifechannel,other,
dashimbayev,other,
yakutiadaily,other,
Segodnya_life,other,
vestiuz,other,
molodejka05,other,
Shaleniy_Kit,other,
sevseal,other,
businessgazeta,other,
prokopievsk_ru,other,
the_Kremlin_dreamer,other,
hantamerlan1917,other,
raspp_info,other,
flashpiter,other,
vyborka,other,
baigenews_kz,other,
szhenov,other,
prav_dnr,other,
ooxenich,other,
rian_crimea,other,
bashbat02,other,
novosibtop,other,
redpost_kh,other,
alekseykungurov,other,
dagranovsky,other,
news_srochno,other,
TvoySpb,other,
elabuf253,other,
novosti_belorusskie,other,
BasicMoscow,other,
kievbc,other,
nevlastny,other,
berdyansk_occ,other,
parniplus,other,
pobeda75,other,
lobushkin,other,
cxemu,other,
volynblog,other,
zloyizhevchanin,other,
dolgarevaanna,other,
PressaSP,other,
pltrk,other,
zhest_belgorod,other,
coffee_notes,other,
KARAS_EVGEN,other,
EventsAndTexts,other,
suspilnezaporizhzhya,other,
minaevlife,other,
surgutdays,other,
RU66RU,other,
SputnikTj,other,
trudolubov,other,
dnlnews,other,
Degtyarev_Info,other,
novostyukraine,other,
overhearstar,other,
typical_makeevka,other,
bilopillya_info,other,
kanzlerdaddy,other,
tkovila,other,
huevoe_zaporozhye,other,
jukov_online,other,
needleraw,other,
Doninside,other,
nao24,other,
boriskorchevnikov,other,
vesparevenge,other,
larkin_doc,other,
olga_budina,other,
barguzin24,other,
gorod24online,other,
readshvets,other,
malayadanilovka,other,
mtv36,other,
khartsyz,other,
myodnoikrovi,other,
Synchronews,other,
ria56_news,other,
Reddit,other,
Stavropol1777,other,
alania_online,other,
russian_turkiye,other,
zaxid_peremoga,other,
petropavlivkacity,other,
bigkross,other,
vilia_tkani,other,
novosti_svez,other,
life_sergiev_posad,other,
svobodnayabelarus,other,
Kyiv_Live,other,
youlistenedmayak,other,
lvivych_news,other,
chp_26stv,other,
snezhnoenews,other,
shoygunews,other,
BilaTserkvaBT,other,
knovoystrane,other,
intentpress,other,
kaluganews,other,
ninazvereva,other,
korifeyhab,other,
nn_ru,other,
ngs24_krsk,other,
h_lutsk,other,
digestdnr,other,
Chp_Osetia,other,
kamianetsplus,other,
KAIF_Dagestana,other,
suspilne_culture,other,
igorstrelkov,other,
World_Sanctions,other,
oddr_info,other,
andreykovalev_russia,other,
otsuka_bld,other,
lugovoyandrey,other,
Army_Russia,other,
dtp_spb78,other,
Kurganistan45,other,
chpkansk,other,
temruk_info,other,
rostovnadonuvk,other,
mkoleda,other,
darya_stef,other,
provinnitsa,other,
isshishkin,other,
tipichniypodolsk,other,
izhevsk_izh_life,other,
Russiacalling,other,
sakhalinmedianews,other,
tomsk_novosti,other,
milliardtatar,other,
bogemasranaya,other,
prokadrykz,other,
epravda,other,
ngu_war_for_peace,other,
magcity74ru,other,
nedvizha,other,
berkut2014,other,
Tapor_news,other,
israeltoday,other,
sreda_tv,other,
IABelRu,other,
podmoskow,other,
gorishnie_plavni1,other,
solundar04,other,
chernivetskaODA,other,
travel2youNews,other,
wakeup_russia,other,
craftysound1,other,
ZhmerPegas,other,
misli_oligarh,other,
tikhonovichme,other,
yk24ru,other,
telega_vladivostok,other,
Prochechnya,other,
Ivorytowers,other,
kris_p_almaty_official,other,
cat0news,other,
nedvirf,other,
novochag,other,
explaining,other,
telestrim,other,
dobropillya_td,other,
eaomedianews,other,
Drunkenpolitolog,other,
mytajiknews,other,
Grantoed_by,other,
tvcrimea24,other,
now_kyiv,other,
chp_irkutsk,other,
novopskovlnr,other,
news_mvddnr,other,
alexavni,other,
vikharevaelvira,other,
duma_gov_ru,other,
nabat_rus,other,
gulbas_news,other,
truexanikolaev,other,
gtrkdagestan,other,
mediaskat,other,
spitzfirst,other,
ForbesLifeRussia,other,
LIC_LPR,other,
kommers_perm,other,
nemeZ1da_ru,other,
kharkivts,other,
DmitriyDemushkin,other,
detalynews,other,
ilyashepelin,other,
kobzevii,other,
the_yana_poplavskaya,other,
ufa1news,other,
limanNow,other,
murasova_kris,other,
lossolomas_kyiv,other,
abuwtf,other,
batt_terek,other,
lobnya,other,
Samara7,other,
politota_plus,other,
RadioAzattyq,other,
molniya24na7,other,
vnimanie_pro,other,
samaragisnews,other,
gglasnost,other,
Baikal_Daily,other,
chelnylife,other,
podslushanokashira,other,
IgorLevitas,other,
no_drama_plz,other,
nightguber,other,
india_tv2020,other,
ivan_preobraz,other,
anon_prok_press,other,
BO_AK_reborn,other,
truexakropivnicky,other,
probekenez,other,
chp_rus24,other,
ordinaryczarizm,other,
oabch,other,
vzglyad_info,other,
lukiru,other,
istrkalkglk,other,
mirbelogorya,other,
otzivSPb,other,
metodi4ka,other,
kozytskyy_maksym_official,other,
npodgornov,other,
h_kiev,other,
zaporozhane,other,
komileaks,other,
babchenko77,other,
lvivmedia,other,
bakinskiy_nord,other,
milrf,other,
pnnov,other,
cheRostov,other,
cpsip,other,
astrakhan24,other,
zaDagestan,other,
orenwiki,other,
ulkompr,other,
rstv01,other,
derz_khab,other,
spletni_tg,other,
the_cesko,other,
gornoaltayskinfo,other,
AmurInfo_news,other,
syktyvkar01,other,
newsk12,other,
wagnernew,other,
irkru,other,
sultanhamzaev,other,
yellow_folder,other,
rus_bakhmut,other,
alina_chipollino,other,
mosinteres,other,
chp_simferopol,other,
zelenogradru,other,
uzelsvjazi,other,
bucha_city,other,
volgabrief,other,
kub_media,other,
pustgovorit19,other,
ukraine_0nline,other,
chp_kchr,other,
NovostiVLG,other,
telecommunal,other,
uzmdk,other,
kerch_news,other,
NeproDolinu,other,
yabloko_party,other,
astrakhansu,other,
anserenko,other,
iGorodovoy,other,
kr1937dn,other,
redlynx_ru,other,
my_bataysk,other,
zdrxerson,other,
ukrainiankod,other,
riamo_ru,other,
comradepelevin,other,
dps_vl125news,other,
korobkovtv,other,
ternopilskaODA,other,
stringernews,other,
typicalvoronezh,other,
fin_rus,other,
dnronline,other,
dneprcam,other,
zedigital,other,
ukrainenewslivee,other,
ya_uzb,other,
tamerlanrussov,other,
svodka138_irk,other,
golosljelsomino777,other,
russiandonbas,other,
kirovohradskaODA,other,
nikabelonika,other,
fightcorruptor,other,
diapazonnews,other,
Infotek_Russia,other,
TsypkinTheRealOne,other,
podled,other,
parfentiev_club,other,
sovbelarussia,other,
nikopoldpua,other,
tv2news1,other,
Mikhail_Onufrienko_t,other,
zhemchuzhina_yuga,other,
podkam777,other,
mariupolrada,other,
kuzbass_news,other,
nvrsk_road,other,
tandemdvoe,other,
podmoskvi4,other,
criminalbio,other,
chp_ossetia,other,
Hroniki_ua1,other,
satirkka,other,
chp_khakasia,other,
interpretaciya,other,
dom_sad_dekor,other,
suspilne_lutsk,other,
reporter_ukr,other,
pozirkonline,other,
azattyq_ruhy,other,
zakononline2019,other,
kellerfm,other,
typicaldndz,other,
RGVKDAGESTAN,other,
prezidentgordonteam,other,
justmediaru,other,
truexakhersonua,other,
fyodork,other,
Ravreba,other,
Ukrenergo,other,
godeye_ru,other,
the_politic,other,
mk_srochno,other,
KomytoZa,other,
lviving,other,
baryshnya_shutit,other,
darkzotovland,other,
frankivskcity,other,
now_odessa,other,
Russian_Reconquista,other,
starsdustpro,other,
miliy_tomsk,other,
tomsk_region70,other,
georgievsk_ru,other,
silasaistoka,other,
ussrchaosss,other,
martynov2021,other,
ukropi,other,
ru_global,other,
POSLEDNIE_NOVYE_SVEZHIE,other,
sakhagove,other,
ANTIPYTKI138,other,
TObinisk,other,
exler443,other,
krasnayarussianews,other,
newsricht,other,
sonyakoshkina,other,
MyDniproNews,other,
novostisochi,other,
Postovo,other,
ZaDrugiSvoya_ZOV,other,
mediakiller,other,
topor,other,
nashkyivua,other,
kazinform_news,other,
CassandRaSach,other,
vv_volodin,other,
sputnikKZ,other,
sayinArkh,other,
Losevatalks,other,
ttambyl,other,
gazetarvs,other,
sibcultprivet,other,
kub_mash,other,
tikandelaki,other,
v9utra,other,
grevoburtas,other,
Cbpub,other,
digestuz,other,
monitoring_54,other,
transportal_news,other,
Konstantinopol_news,other,
nacionalist_ua,other,
PRO_respubliku,other,
irk01,other,
nazaninka_usa,other,
tunka_online,other,
novostipmrcom,other,
natashadaily,other,
alesiapetrovna,other,
postposttruth,other,
PrimaMediaNews,other,
Antikor_UA,other,
krsk01,other,
dagestanSVO,other,
sharikovtime,other,
mihnovosti,other,
Baikal_People,other,
lviv24x7,other,
nasheptali_novosti,other,
cynic2020,other,
profil_govno,other,
OpenUkraineReserve,other,
lizobez,other,
mosmosru,other,
nowspb,other,
kalmykiya_news,other,
news_XZ,other,
vse_novosti,other,
news24topic,other,
HantyMoney,other,
SMIcrimea,other,
h_kremenchug,other,
gtrkorenburg,other,
donbass_n,other,
KiRogov,other,
rostovcitynews,other,
ZELENYECHELOVECHKI,other,
hueviykiev,other,
stranaimir,other,
kalachevpost,other,
SuperRu,other,
slavyansk_z,other,
uncomfortable_truth,other,
gazeta_zavtra,other,
karamova_fm,other,
osvedomitell_alex,other,
mkipu,other,
kazan_da,other,
nova24uz,other,
ukrzaliznytca,other,
coffee_Sukhum,other,
mctoday,other,
im_not_a_princess,other,
Donbas_Operativniy,other,
moscow_on_air,other,
Omelian_Tarnavskyi,other,
asiaplustj,other,
voinasordoy,other,
sumypost,other,
thedreamgarden,other,
penza_novosti,other,
mir24tv,other,
khazinml,other,
teamnavalny,other,
politanimalss,other,
DPSUkr,other,
dailykarelia,other,
StalinaGurevich,other,
ugorodok,other,
bozhenabozhenabozhena,other,
muraev_evgen,other,
topgun_spb,other,
kmnskoe,other,
tojikiston_news,other,
elpicahielo,other,
pitertop,other,
BIoomberg,other,
sochi_news_io,other,
piterach,other,
afric_ylbIbka,other,
terem_teremok,other,
pilainfo,other,
myugansk,other,
georgiafacts,other,
Pavlohradptrk,other,
vatnoeboloto,other,
sp_1703,other,
arbaletgovorit,other,
moscowmi,other,
maMinenkov,other,
mistodobra,other,
newsorel,other,
sytosokrata,other,
zlobin_21,other,
UWN_news,other,
a_vyshinskiy,other,
aaamagazine,other,
vsyaufa,other,
vsya_korea,other,
charter97org,other,
mishaburnews,other,
HVSchannel,other,
Torboznoe_radio,other,
rodnaya_sudzha,other,
ONCHETVERIKOVA,other,
kholodnaiagora,other,
orchestra_w,other,
almetyevsk_1,other,
allnews_uz,other,
ldpr_party,other,
reMogilev,other,
blog_andychef,other,
synegubov,other,
stvstv,other,
ekvinokurova,other,
snobru,other,
mashkomnata,other,
chp_prm,other,
azov_sobytiya,other,
primorchannel,other,
kavkaz_nowosti,other,
solodovnikovia,other,
kasparovru,other,
kyiv_n,other,
tourdom,other,
astrahandm,other,
krasntop,other,
sueverdem,other,
duma_2021,other,
gevorgmirzaian,other,
Ukraine_MFA,other,
aartykru,other,
mypokrovsk,other,
PrigimDV,other,
vgorodeukr,other,
PrezidentGordonBY,other,
upravdom_channel,other,
fsnonline,other,
DDrobnitski,other,
mpartisans_news,other,
golosrn,other,
vladivostok001,other,
searchforloved,other,
huevajapoltava,other,
pikoviytuz,other,
sladkov_t,other,
tsvtiraspol,other,
Lev_Nik_Myshkin,other,
novorossiyainfo,other,
zloy_enot1,other,
amosovfm,other,
shtosty,other,
KharkivPolitics,other,
vendetta_ru,other,
irkdtp,other,
nrpublic,other,
Ukrainian_format,other,
FAKEcemetery,other,
FirstLadyOfUkraine,other,
ukr_true,other,
PBF2019,other,
rostovnovostii,other,
wargozno,other,
nourlnews,other,
pbdsu,other,
Babelky,other,
Ms_krasota,other,
Sayanskzima,other,
nhkadm,other,
millettvcrimea,other,
zvezdalive,other,
i63media,other,
mosguru,other,
Moscow_00,other,
tumen_CHP,other,
albirhazratru,other,
odesin,other,
altaiinfo,other,
NUR24RU,other,
ifax_go,other,
tochka_Gmail,other,
novyy_peterburg,other,
msk_in_the_lens,other,
bportcom,other,
mymariupol_news,other,
amur_mash,other,
ufadays,other,
asian_ukraine,other,
bilyayivkasos,other,
kenig01,other,
dessidens36,other,
balt4post,other,
kalmnovosti,other,
grodnonewsby,other,
agrohiminspect,other,
stringer_donetsk,other,
adagamov_online,other,
embrusturkey,other,
samarkandstv,other,
wagner2402,other,
sreda24,other,
dashazarivna,other,
vitvestiby,other,
avtonomorg,other,
nznp_lnr,other,
istocnabuducnost,other,
first_national,other,
petrushevskyi,other,
zamuzh_rubleva,other,
holarhia,other,
romasuperromasuper,other,
podolskadm,other,
ntr24ru,other,
valdaiclub,other,
RusVesna2022z,other,
nebaiduzhiprk,other,
lorcencov,other,
lookmoor,other,
ForbesWomanRussia,other,
Otvprimofficial,other,
romanov_92,other,
gelpriboy,other,
moslentaru,other,
truestorykz,other,
benkko_kot,other,
DNAbkhazia,other,
likebook_ya,other,
rossotrudnichestvo,other,
novosti_barnaul,other,
gtrktomsk,other,
kamchatinfo,other,
offearth,other,
AviaCT,other,
tvknew,other,
livegvozd,other,
avatkov,other,
kyky_org,other,
nwodessa,other,
zloy_fiskal,other,
maria_degtereva,other,
FBR_channel,other,
stremPunisher,other,
angarsk_360,other,
inkazanischa,other,
blag_media,other,
dniprorudne_vga,other,
novosti_blg,other,
VictoryDrones,other,
irodural,other,
chernigivskaODA,other,
mvd_24,other,
format_W,other,
minddeus,other,
rossaprimavera,other,
odintsovo_info,other,
jurnko,other,
akcentynorth,other,
news24kg,other,
ministryvs,other,
stranavvv,other,
tipherson,other,
moynnov,other,
neposlednielyudi,other,
sensai_ukraina,other,
tata_nata_T,other,
buhcomua,other,
novosti_neryungri,other,
pzhytomyr,other,
OlgaSharij,other,
nd_by,other,
ze_team2019,other,
putnik1lv,other,
longoton,other,
DeepStateUA,other,
Noyabrsk112,other,
utvufa,other,
politforum,other,
zapnovini,other,
rbc_krasnodar,other,
adm_atkarsk,other,
ekat01,other,
zinews,other,
zhytomyrmilitaryadministration,other,
PolitBroker,other,
news_sakhalin,other,
profile_newzzz,other,
NaFrontiUkrainu,other,
g_equality,other,
operdrain,other,
msk_53,other,
r_chp,other,
livebir,other,
vladimirbasmanov,other,
RomanHramenkov,other,
om1_nsk,other,
analyst_on_the_couch,other,
sevkontrol,other,
irpingrisha,other,
novynaua,other,
mykolaivskaODA,other,
povestka_ru,other,
olegyasynsky,other,
zpobovsem,other,
gtrkamur,other,
KommersantUK,other,
mzdnr_official,other,
svarschiki,other,
KyivNOW,other,
pravidec,other,
other_nikopol,other,
gumomsk55,other,
alinavit2024,other,
slv_vca,other,
SFDdevelopments,other,
myrnohrad_ua,other,
volyamedia,other,
ukr_oper,other,
uvd_vitebsk,other,
okolo_baikala,other,
dnipro_now,other,
kirovchano,other,
dagizvestiya,other,
kgua_news,other,
politarenainfo,other,
stoparmy,other,
ufatop1,other,
groznytv,other,
odesacityofficial,other,
dnevnikdoctora,other,
yugsn,other,
ykt2100,other,
halychany,other,
kaluga24tv,other,
rabotaembrat,other,
ki_krd,other,
CheckRu1,other,
krd_tipich,other,
balti_online,other,
vitalykoval8,other,
vereshit,other,
vichirniykyiv,other,
DonUkraine,other,
ottocazz,other,
SovetLive,other,
WCIOMofficial,other,
Poddubny_m,other,
vmfareast,other,
VolzskyRu,other,
Ivan_Sergeevich_Prikhodko,other,
tuapse_com,other,
reverse_side2022,other,
vislobokova,other,
operativperm,other,
vesti_ykt,other,
AFUStratCom,other,
kournikov,other,
fontan1000000,other,
ivanfdavydov,other,
nakanuneru,other,
kuban23_love,other,
kaplintarificini,other,
thetmt,other,
cockscublo,other,
sv_lavrov,other,
topkbr,other,
KlymenkoTime,other,
nssky,other,
bloknot_morozovsk,other,
Makarr80,other,
nebozh_ua,other,
darkvoicemag,other,
dsns_telegram,other,
peach_blossombazi,other,
voiceofrightness,other,
podslushano_92,other,
namarshe,other,
gazetchick,other,
kstati_nn,other,
cntxt_europe,other,
Tipichnoe_Pushkino,other,
myeuronewz,other,
old_makhachkala,other,
url_mash,other,
stopwar2022inua,other,
dnepronline,other,
itiltg,other,
newgrodno,other,
fainemisto_tv,other,
potrebitel_bukhara,other,
catalunyaTriomfant,other,
easy_storytelling,other,
ria_realty,other,
bumba_bumba,other,
nikolaevznaet,other,
onlinevvoIogde,other,
zyuganov,other,
mneniealexa,other,
volgo01,other,
lobaev_vlad,other,
ARMENISCH88,other,
suki_melitopolya,other,
uzhukova,other,
hindus_code,other,
IA_Kam24,other,
arabica_channel,other,
INFO1612,other,
knifemedia,other,
mebis_58,other,
komitetnacinter,other,
TemuTyumenii,other,
moscowlenta,other,
tipical_krasnodar,other,
mash_iptash,other,
krasniydom,other,
gubernator_ussr,other,
utrodagesta,other,
igor_korotchenko,other,
kanalrespublika,other,
donbass_mens_club,other,
visboris,other,
mediakr,other,
plutovstvo007,other,
moscowtoplive,other,
Groza_channel,other,
sanctionstimes,other,
KotenokVoenkor,other,
ierey_alexandr,other,
migdalsergei,other,
chp_kavkaz,other,
regdurdom,other,
ua_freedom,other,
divaniexpert,other,
dragunovartem,other,
bahmutnews,other,
armyZO,other,
kaliningrad_tut,other,
weshallovercomb,other,
palchys,other,
zhytomyr_operativ,other,
Anna_Jurjevna,other,
taekookmood,other,
astana_arnasy,other,
nontypical,other,
sdelanounas_ru,other,
my_lobnya,other,
politolog_love,other,
tplviv,other,
black_slipper,other,
Lysenko_DS,other,
yeuanews,other,
whalesgohigh,other,
spb_top_news,other,
admkam34,other,
spbprav,other,
MariyaViskunova,other,
takoy_vartovsk,other,
topobzornawb,other,
Sichen_tg,other,
made_in_kg,other,
khabarovskie,other,
ulpressa,other,
prim_police,other,
mariupol_lviv,other,
melikov05,other,
hranalitycs,other,
znppatom,other,
Z_strana,other,
chesnokmedia,other,
RosAllNadzor,other,
t_merula,other,
aspecty,other,
DRRobertM,other,
mash_gor,other,
kremlebot_24_02_2022,other,
stavropolskiy,other,
Philosophytoday,other,
odessa_online,other,
yeisk_24,other,
ainemkin,other,
nord_news,other,
belgorod_go31,other,
herson_rus,other,
geo_2019,other,
male_syndicate,other,
HouseOfCardsEurope,other,
ostryanka,other,
riabir79,other,
newsalch,other,
berezina_bel,other,
MoreOz,other,
newsdonetskrf,other,
AteoGo,other,
golovnin_tokyo,other,
RotFront_su,other,
cispress,other,
moscownewsagency,other,
syg_ma,other,
aleksandr_skif,other,
TRO_DPR,other,
nataliarasskazova,other,
vtntg,other,
Istokinfo,other,
new_world_Z,other,
online_ua,other,
lisa_magazine,other,
romanvvasilenko,other,
tltvip,other,
npo_dvina,other,
prosto_dnz,other,
analitikaKT,other,
govorun26,other,
izolentalive,other,
news_1kr,other,
amber_mash,other,
vozvisnyk,other,
thenewtimes,other,
bellochkin,other,
shpakouski,other,
polinawasonline,other,
Veschaet_Telegraph,other,
korrespondentnet,other,
zimamagazine,other,
vladimirlepehin,other,
directorate4,other,
nvrsk_new,other,
sufagidragon,other,
tpnik,other,
typical_cherkasy,other,
halyqstan,other,
primorsky_spb,other,
mihasuper,other,
vedma_skidok_21,other,
TYXUZBEK,other,
vmoskva,other,
motolkohelp,other,
glava_brd,other,
ShapkaMSK,other,
vesti_izdyrki,other,
pintofmind,other,
publicturan,other,
PokrovTown,other,
prosmis,other,
bryansk_typical,other,
brussinf,other,
planerka_org,other,
DvuglavyiOrel,other,
muhtarboodka,other,
EUinRU,other,
brat1212122133,other,
klimzhukoff,other,
Theludi1,other,
samara24onl,other,
bskgram,other,
telega_spravedlivosti,other,
telemiks,other,
bravolara,other,
bessarabia_ua,other,
ekho_kavkaza,other,
dddjournalism,other,
vestiukr,other,
Podslushano_Laza,other,
gornovosti,other,
kkinchevzona,other,
ukrainenowrussia,other,
aidaprodom,other,
pressauz,other,
vyvorot,other,
Belorusneft_official,other,
generalsvr,other,
od_tkh,other,
mirgorodlive,other,
pamyat_society,other,
prikazchikovamedia,other,
akhtyrkaukraine,other,
paperkartuli,other,
vsenovostint,other,
ZaporizhzhiaMedia,other,
Zanashix,other,
tkgorodbratsk,other,
Ironvoter,other,
govoritmilonov,other,
ChDambiev,other,
milinua,other,
omskonelove,other,
ushkiklichko,other,
arh_29ru,other,
ostapstakhiv,other,
rasstriga,other,
cikrf,other,
rombnews,other,
maryananaumova,other,
fcpeshka,other,
mediaagency_acc,other,
gubernator_46,other,
arhvlasti,other,
k_pravda,other,
mediazonaCA,other,
classical_liberal,other,
turknws,other,
marina_skidki,other,
tutizberbash,other,
Kalyyugatoday,other,
skfo_telegraph,other,
newsprav_da,other,
uralmeridian,other,
kunuzofficial,other,
sekretikiotiro4ki,other,
ladysmedia,other,
tasha_mulyar_kanal,other,
tatarkafm1,other,
khodorkovski,other,
nemalahov,other,
kyivska_rus,other,
DD_UFO,other,
v_plt,other,
latifundistcom,other,
omskpub55,other,
kopytkoav,other,
president_sovet,other,
incident_42lk,other,
vgora_vesti,other,
fermerznaet,other,
Haidukevych,other,
dmitrov_gorod,other,
nova24live,other,
huevyi_kiev,other,
gazetauz,other,
respublicaabh,other,
pronews_pro,other,
rusmarsh,other,
oleg_borovsky,other,
konotop_live,other,
vgorodechita,other,
ebanutiy_kiev,other,
BNK11,other,
real_cultras,other,
DHP20,other,
lifepetersburg,other,
telega_tver,other,
zap_admin,other,
ostroumny_patriot,other,
moy_izmail1303,other,
sevldpr,other,
anonsuz,other,
okuvandyk,other,
gumkonvoy,other,
farhadibragim,other,
mbn360,other,
mbsmolin,other,
bolkunets1,other,
naBebelya,other,
guberniaband,other,
xlozova,other,
KurskAnomalia,other,
oper_tern,other,
volnovaha_news,other,
skvernews,other,
notKUBAN,other,
bmpd_cast,other,
Amur_Inside,other,
proslav_operational,other,
poltava_to,other,
otyrarkz,other,
zangezuravtonomia,other,
ebanutiy_dnepr,other,
vshivaya_intelligenciya,other,
NatalyaRybkino,other,
yuzhoborona,other,
taganrog_online,other,
hyukraine,other,
uzbbenelux,other,
policyonline,other,
pzdcofficial,other,
plus400k,other,
energodar_today24,other,
progorod_33,other,
bamway,other,
krasnogorsk_times,other,
Voiennyi_Kostopil,other,
liternews,other,
vinninform,other,
vozcouncil,other,
thecleanerpomor,other,
poglyadkievregion,other,
molchanovkyryl,other,
bigbro_krd,other,
new_lugansk,other,
irkobl,other,
gazetazvezda65,other,
yurii_yurov_XXI,other,
vykonkomumr,other,
stepnyevesti,other,
azov_v_kyrse,other,
bezDna3,other,
Mukachivska_rada,other,
MinSocUA,other,
NyuraNBerg,other,
maksnazar,other,
razvozhaev,other,
kuptg,other,
ebobo_rus,other,
parents_13,other,
Fox_News_Novozybkov,other,
echo80100,other,
pavleblog,other,
vzglyaduz,other,
gudymenko_official,other,
chp31,other,
khersonnovosty,other,
kharkov_trempel,other,
war_ukrain,other,
yulia_andrienko,other,
novorab_official,other,
RegnumMoscow,other,
svobodnyi_grajdanin,other,
rusfleet,other,
Irkpolicy,other,
ishupodrygyilidryga,other,
Hello_Galochka,other,
russia_uncensored,other,
irpentip,other,
KurskayaTelega,other,
MegaVata,other,
Godunov2020,other,
graziarussia,other,
kureelka,other,
samarap,other,
krastelega,other,
speckorrespondent,other,
neruinfo,other,
news_blagaa,other,
wingsofwar,other,
d_pages,other,
neodagestan333,other,
Jelezobetonniyzames,other,
ycbl_yca,other,
taimyr_24,other,
ICATriplex,other,
ysakhalinsk,other,
world_i_Russia,other,
kriminalblag,other,
severnaya_sevastopol,other,
NashGorodru,other,
ozine_ru,other,
dubaimap,other,
Perm_Active,other,
oskol_official,other,
mfaapsnyinfo,other,
reformby,other,
subbotin_ru,other,
spottykit,other,
jenya_zub_live_news,other,
kalushform,other,
babkalavka,other,
prometallinfo,other,
glav_tur,other,
babr_mash,other,
Sibdepo_42,other,
aiaairacom,other,
vesticrimea,other,
olexsanriya,other,
akitilop,other,
sakhco,other,
usadbavin,other,
prmira_news,other,
sharansky,other,
valerytsepkalo,other,
ZovSAG164,other,
olim_sulaymanov,other,
tp_mlt,other,
bashtanka_now,other,
artem_kirianov,other,
ukrainiannovosty,other,
merussiatg,other,
totalitarian_times,other,
zelenodolsk_news,other,
pravednyi_vyser,other,
filimonov_official,other,
energodar_ukr,other,
lovepeacesvet,other,
kramatorsk_rada,other,
VadimMiami,other,
slavrus126,other,
udmprotivcor,other,
lytkarino_news,other,
mayday_7700,other,
video_tatar,other,
FlowersforAl,other,
region_omsk55,other,
tineodnaru,other,
bochkala_war,other,
admkasp,other,
antifaru,other,
ziteltv,other,
moscowcalling,other,
bolshenews,other,
timur_i_amur,other,
korbanofficial,other,
belarus_tg_news,other,
degtyarevonamur,other,
archiuja,other,
neshport,other,
new_data,other,
codaru,other,
primorye_online,other,
Tashkent_land,other,
greyshemes,other,
ivatsevichynews,other,
gorod_omsk55,other,
berdovaalena,other,
sobolevtam,other,
ru_criminal,other,
tipich_apsheronsk,other,
vatfor,other,
IRANist1,other,
radio_sputnik,other,
middleastguide,other,
vcnews,other,
discoursio,other,
vasilzakirov,other,
gavlife,other,
vysotskayaofficial,other,
varlamov,other,
podslushano_v_murino,other,
tigrenok_tv,other,
patriotkbr,other,
sinelor,other,
gelen_chp_official,other,
gorodmozyr,other,
revizor_odessa,other,
jolybells,other,
stolica_s,other,
v_variant,other,
sorokalife,other,
ukrainanovosti,other,
korenovsk_today,other,
podslyshenopolice,other,
chechnyatoday,other,
etofaib,other,
novorossia_okrug,other,
friendnsk,other,
kaspiyskyberet,other,
MaximYusin,other,
thevillagemsk,other,
chepost,other,
gorodkhabarovsk,other,
suvorovskiyzhk,other,
dpol_un,other,
keepcalmandcomingout,other,
rotondamedia,other,
krasnodarnewstelegram,other,
nash_dom,other,
gorlovka,other,
chpachinsk,other,
myrhorodtown,other,
NikolayTishchenko,other,
mediamvd,other,
Kyiv_voyna,other,
anarchyplus,other,
ZinaidaPronchenko,other,
incidentkld,other,
golos_pravda,other,
citizen_opinion,other,
romny24_info,other,
xmao_inside,other,
fund_anticorr,other,
slon_fm_nasv,other,
KuMarDnUa,other,
mndnews,other,
oktrayon,other,
zvezdach_mag,other,
globainstitut,other,
KotNaMirotvorze,other,
gogypsy,other,
oblast45ru,other,
truexaxmelnitskyy,other,
secretov_net,other,
prima_news,other,
krispotupchik,other,
oldhelboy,other,
chp_tula,other,
Sendi_Almira,other,
ampravda,other,
sev_serdca,other,
toposmemoru,other,
dumabrief,other,
MaidenTower,other,
zarulemws,other,
zola_of_renovation,other,
grigorytagiltsev,other,
Dnepr_Info_New,other,
biggeek,other,
oversized_shirts,other,
samartop,other,
NoodleRemoverPlus,other,
tagilcityru,other,
rsd_tg,other,
chp_abh,other,
nhk_24,other,
ksenialferova,other,
melitopolnews1,other,
transportmedia,other,
dtpsochi,other,
tumenjtop,other,
almet_novosti,other,
lipetskmediaru,other,
supernova_plus,other,
khasan_khalitov_99,other,
orel57express,other,
smolnarod,other,
vspravda,other,
vybory_smotri,other,
badphrase,other,
fzhytomyr,other,
chatBelitsalife,other,
riddle_tg,other,
dfzwe4,other,
BiletskyAndriy,other,
vsvyaznoi,other,
vinegret_cz,other,
JokerBaku,other,
stalin_gulag,other,
white_powder2020,other,
svetlovodsk_online,other,
pravachka1,other,
nikolaevtsy_news,other,
wonderwomantime,other,
specnaz_com,other,
AlanMamiati,other,
Kvedar_Anna,other,
federovasf,other,
popyachsa,other,
KrokusTV,other,
osintbees,other,
mash_siberia,other,
krolevets_05453,other,
kansklife,other,
anti_malware,other,
srochno_melitopol,other,
MAKalimatovvv,other,
mestamedia,other,
yerevan_speaks,other,
slyhi117,other,
news_thailand,other,
eugenejut,other,
freenationsrussia,other,
ritterscott,other,
sinovlarihayot,other,
MolniaChannel,other,
forpost_sev,other,
conservative_ua,other,
juliakupetskaya,other,
odessa_novosti,other,
kubanoidTG,other,
newskirov,other,
MediaHabalki,other,
sitvnews,other,
k_kotrikadze,other,
sazhinnew,other,
we_project,other,
kurskfirst,other,
shanhai_krasnodar,other,
mkbelarus,other,
gorodche,other,
sakovskiyserhii,other,
novynylivelviv,other,
nur_kz_7,other,
PrognozyVK,other,
myastanacity,other,
Uoptimist,other,
vestnikburioriginals,other,
doriolga,other,
sovet_materey,other,
golosinfo,other,
IgorAlbin,other,
ChernigivOperative,other,
SEVASTOP0L,other,
NovostiUZ,other,
novostishowbiz,other,
burrowingowl,other,
Echtdevol,other,
Novomoskovskk,other,
now_kharkov,other,
sursk,other,
zapresidenta,other,
live_rivne,other,
pushkino_live,other,
zavisimaya_arina,other,
novosti_smesta,other,
DonDay,other,
hmarochos,other,
TorbosovLife,other,
soch01,other,
vlastkz,other,
ehosev,other,
Osint_Info,other,
thewwarsaw,other,
UFSB_69,other,
volynpost,other,
Podslushano_Vidnoe,other,
RIA82rf,other,
gaydynamite,other,
onyshchuksvitlana,other,
Reposter50,other,
solovei_ihor,other,
honest_customs,other,
poima360,other,
pervoeonline,other,
gayfromprovinces,other,
youdigit,other,
nadal_online,other,
mogilove,other,
ivleeva360,other,
RNDem,other,
novostiukraina24,other,
unc365,other,
letuchayaelena,other,
incrussiamedia,other,
kirovogradskaODA,other,
komissarischezaet,other,
dailyarm,other,
fergananews,other,
evriallive,other,
kaliningradtop,other,
grpnewsua,other,
kremlinlight,other,
samaratg01,other,
bolshiepushki,other,
kemerovo001,other,
mtnasvyazi,other,
dmitrov_detka,other,
ossnews,other,
borismyachin,other,
sashakon,other,
donetsknow,other,
playcivilization,other,
gusev_tg,other,
officelife_media,other,
peremennn,other,
oizmedia,other,
wind_sower,other,
ruletka0522,other,
rusukrbel,other,
naradvokat,other,
khadulaev,other,
tuapse_info_official,other,
danadelon,other,
kharkov_now,other,
botsman_ua,other,
SZPIEG1_By,other,
trobavovna,other,
msk2day,other,
KremlinOne,other,
zabchita,other,
dsszzi_official,other,
boryspilinfo,other,
amurobl,other,
Russia_Svoboda,other,
svoicity,other,
block_ru,other,
ptgorsk,other,
SilaBlok,other,
piternows,other,
elsk_info,other,
evstupin,other,
sgnorilsk,other,
postblok,other,
gtrksaratov,other,
bezbuldyrabyz,other,
MoscowTelega,other,
zelenayalenta,other,
momenty_ekb,other,
news_spain,other,
Vmeste_RF,other,
jliferu,other,
vyat_avtomat,other,
qalampir,other,
hursin,other,
shotam18000,other,
neftegazterritory,other,
tv_pmr,other,
gaziz1984,other,
OUgol,other,
interaffairs,other,
lana_istomina_channel,other,
s13ru,other,
DTFmagazine,other,
nevrozzzov,other,
My_Police,other,
usionline,other,
a_beglov,other,
imi_mgimo,other,
villagekazakhstan,other,
tlknewsua,other,
NashaGazetaKst,other,
balkanossiper,other,
news_KU,other,
baldebut,other,
news_astrakhantoday,other,
novogradcity,other,
stopshahty,other,
iznankawomen,other,
ny_i_dnipro,other,
don_mash,other,
molod_sochi,other,
news_pavlograd,other,
belgorpost,other,
NewsIvanoFrankivsk,other,
OnlyWayNews,other,
margaritasimonyan,other,
pdsl_krd,other,
MirrorRB,other,
tvoybor,other,
Tipichniy_Noginsk,other,
berezaby,other,
sakhalin_chp,other,
ru62rzn,other,
ljvova_olga1,other,
general_governor,other,
vredinalifelena,other,
russiainmymind,other,
torprim,other,
podmsk01,other,
MaxBuzhanskiy,other,
DarkSideBusiness,other,
sutiveshey,other,
kostromatch,other,
BalitskyEV,other,
concertkobzona,other,
podmsk,other,
orex62,other,
ilfpetrov,other,
omedia24,other,
yalta_podslushano,other,
yobajur,other,
krasnoturinsk,other,
russia,other,
Karabakh_MFA,other,
onlinebrestby,other,
imerelgia,other,
Dumskaya,other,
komsa_news,other,
zhogaartem,other,
yashin_russia,other,
sardaryanh,other,
denyaleto,other,
Batyany,other,
optimisticus007,other,
zeleno_grad,other,
huyova_poltava,other,
omsktop1,other,
knightsmove,other,
DavydovIn,other,
zvedeno,other,
nordspb,other,
sumchane,other,
holyshitholywater,other,
stat_regions,other,
kras_mash,other,
kraschp,other,
yuradolgoruk,other,
deputatEkaterina,other,
om1_ru,other,
komiinform,other,
minstroyrf,other,
viketz_official,other,
kalitki,other,
tpolit,other,
volrota,other,
nerzhavey,other,
turkishinformburo,other,
kztpo,other,
tykyiv,other,
flyingvasya,other,
aktualnomedia,other,
vgorode_lviv,other,
gov74,other,
just_kharkov,other,
babeltower2,other,
parfenon_parfenov,other,
vpanalytics,other,
medvedievmykhailo,other,
tumanconspirolog,other,
channel9528988888,other,
chb_brn,other,
tg_blogprava,other,
retail_ru,other,
Shapsha_VV,other,
spb_2day,other,
privet_iz_doma152,other,
edaperm,other,
usaperiodical,other,
neftegram,other,
brdnews,other,
asamtokakdumaesh,other,
mortisaeterna,other,
mos_online,other,
tdzyadko,other,
vmgere,other,
boxlive,other,
vnborodinpolitik,other,
pskov_oblast,other,
navalnyKRD,other,
riavrn36,other,
moskva_tretiy_rim,other,
aavst2022,other,
gorod55ru,other,
pcheb_21,other,
alexbobrowski,other,
fuckruzzia,other,
mariashukshina,other,
go_fen,other,
kherson_non_fake,other,
OxanaLavretieva,other,
pravda_gazeta,other,
tengriastana,other,
archivarius_dz,other,
NPU_Rivne,other,
baikalnofilters,other,
best_svao,other,
moykorsakov,other,
magadanmedia,other,
antratsitpressa,other,
antituran,other,
gelen_kriminal,other,
geopolit_news,other,
xlarina,other,
gtrklotos,other,
mash_na_volne,other,
innoads,other,
adelimkhanov_95,other,
mash_donbass,other,
chptskhinval,other,
andreyklishas,other,
tokmak_ukraine,other,
prokhorov11,other,
moskwa_life,other,
ru_doy,other,
nizhny01,other,
shelest_sn,other,
politekonom,other,
syriantube,other,
rashid_temrezov,other,
mlnrlive,other,
MDK_NN,other,
product_love,other,
proektshmel,other,
zariaaleks,other,
plus_or_minus,other,
alexanyan_rus,other,
vanek_nikolaev,other,
BessovestniiDagestan,other,
dag_one,other,
narayuone,other,
dadakinder,other,
FridrihShow,other,
perm01,other,
periskop_pacific,other,
novostiserbii,other,
zabnews_ru,other,
real_mir,other,
brd24_official,other,
runownews,other,
nachinay_politika,other,
zapal_zov,other,
simf_novosti,other,
dialogsochi,other,
spravagromad,other,
agromsk,other,
lipetsktop1,other,
asgardiriyskiy,other,
novynu,other,
dolg_z,other,
aidossarym,other,
zeiskieogni,other,
daria_moguchaya_life,other,
malkevich_live,other,
tyumen_only,other,
limarenko_official,other,
geelyofficial,other,
gkhnewsru,other,
glava_lnr_info,other,
muksun_fm,other,
topornewz,other,
donezkiy,other,
rossiazaputina,other,
bilatserkvatv,other,
platovrostov,other,
odeskaODA,other,
mytischi_live,other,
kharkiv_127_brigada_tro,other,
alexandrshtefanov,other,
steelmalikov,other,
krivorozhane,other,
typical_poltava,other,
rivne1_news,other,
lozova_news,other,
zhytomyrskaODA,other,
knews_kg,other,
pg21ru,other,
banditskayasamara,other,
AtamanDyakonov,other,
harry_homolsky,other,
ngs55news,other,
chornamary,other,
MOLDOVA_L,other,
WarofNewRussia,other,
WDay_ru,other,
KalushMR,other,
rustorgpred,other,
karaulov_life,other,
radiozhitomir,other,
MDaudov_95,other,
tipichsochi,other,
trevoga_kh,other,
greenpercent,other,
KChRx,other,
newsibirsk01,other,
saratovzhkh,other,
consultashkent,other,
bazaestate,other,
nov_oper_z,other,
docbobr,other,
podslushanokrym,other,
svetofor_nadzor,other,
yablonovskiy_city,other,
bankiitubiki,other,
CentrVED,other,
gutenev_vv,other,
Khimki_Podslushano,other,
barakholka32,other,
kriminaldag,other,
citymaga,other,
h_lviv,other,
chp_cherkessk,other,
zhitomir_24,other,
hackberegini,other,
knijkaod,other,
yartop12,other,
smrgrad,other,
whitefilin,other,
LoveGreece,other,
niemandswasser,other,
nashiivashi,other,
chelyabinsk01,other,
MshoAxjik_AnnaAbrahamian,other,
neft_media,other,
pandoras_box_ua,other,
obstanovkalydivkurse,other,
samohodna,other,
stolny_msk,other,
town1703,other,
vn_antonov,other,
nvkz_dtp,other,
ianvaletov,other,
serpukhov,other,
vloleynik,other,
huskygrouplg,other,
pushilindenis,other,
uzh_kraj,other,
rock_in_ua,other,
AssadStash,other,
pul69,other,
nashregion74,other,
crm_sochi,other,
burchakostida,other,
russia_podslushano,other,
novostiEAO,other,
spasskadmin,other,
sekundamedia,other,
NizhnyTagil_peace,other,
Buro247_ru,other,
netall,other,
semenovkirill,other,
meerzonaa,other,
Budennovsk_chp,other,
putin_2024,other,
semero_po_lavkam_blog,other,
armmirotvorec,other,
Angarsk_true,other,
utiashevaliasan,other,
kommunalkin,other,
HtoSho,other,
balkan_spy,other,
jenya_fermer,other,
zhit_news,other,
smolyak,other,
polit_lombard,other,
CITeam,other,
polit_anarx,other,
poligonpoligonmedia,other,
dryg_naroda,other,
i_mariupol,other,
karaulnytula,other,
AppleStas,other,
maripol_hope,other,
America_News_USA,other,
ok_pivnich1,other,
arkadyDubnov,other,
mediasrachi3,other,
martynovadn,other,
popovUA,other,
aprilkg,other,
slavyansk_hello,other,
kompro,other,
tryvoga_chomu,other,
true_liga,other,
true_piter,other,
annarevyakina,other,
annlemann,other,
igordodon,other,
antitopor_info,other,
igoreidman,other,
truepolinews,other,
tpkr1775,other,
merciless_russia,other,
katya_young,other,
omonmoscow,other,
Berlinspeaks,other,
politica_ukraine,other,
eusupportsua,other,
agroinvestor,other,
maksimovich_pi,other,
odessanewsua,other,
dimitrovgradonline,other,
follyfly,other,
pravoslavnii_bloger,other,
znahar_f1,other,
iauzkiy,other,
tvoinovostimira,other,
Azhkz_RU,other,
metaltorgnews,other,
skfopost,other,
police_kh_region,other,
fifthrepublic,other,
tv_360ru,other,
dmbegun,other,
mariakakdela,other,
pravdagomel,other,
rublya,other,
GlavPahar,other,
IngSVO,other,
crimea_operative,other,
l1veoskol,other,
gorodrostovnadonu,other,
serdarkambarov,other,
dprunews,other,
seredych,other,
HouseOfCardsRussia,other,
HersonskiyGorodovoy,other,
rus_inform,other,
pavlokyrylenko_donoda,other,
gorod48ru,other,
trueolen,other,
Gryshyna_channel,other,
vmolnia,other,
suspilne_chernivtsi,other,
samarawh,other,
penzavzglyad,other,
GolosGermanii,other,
brestcity,other,
Pragmatic_Sol,other,
galkovskygram,other,
perfumeinquisition,other,
dagestanblog,other,
lerakudryavtseva,other,
namtataram,other,
novosibplus_news,other,
kyivnovosty,other,
petrovsk64,other,
vraskovOFF,other,
yachtweekSex,other,
yamal_1,other,
informzp1,other,
svetskaya_hronika,other,
yana_sad_19,other,
KharkivTODAY1,other,
Lauradjagadiary,other,
h_odessa,other,
sarnyrada2022,other,
withoutcorruption,other,
innovationsru,other,
sweetdreamhouse,other,
dreggy_beb,other,
kireeva_science,other,
wcups,other,
coddie2d,other,
newsru_tg,other,
chillosophy,other,
Mariapogas,other,
chesno_movement,other,
compromatru,other,
kremlevskiysosed,other,
tacinskaya,other,
cheltvru,other,
govvrn36,other,
gnmoscow,other,
antikorruz,other,
lida_online24,other,
snob_news,other,
epscape,other,
munscanner,other,
lugansk_life,other,
bitua,other,
v_poime,other,
entime2022,other,
mskcentral,other,
rubiforia,other,
SALEKHARDonline,other,
ghestvolgograd,other,
ghest_vlg,other,
bestkadrovik01,other,
lmdlf,other,
TheForbiddenOpinion,other,
shirshikofff,other,
lovecity0629,other,
kotletipmr,other,
pro_mitino,other,
nu_i_novyny,other,
vesti_don,other,
piterguru,other,
strana_politika,other,
mysloru,other,
novostyv,other,
upskolkovosale,other,
ScreenShotTrue,other,
WhiteNightsYanao,other,
Scriptirum,other,
incident_krk,other,
terrupr,other,
uvaga_skhid,other,
up74ru,other,
podslushanokach,other,
vestiminska,other,
incident_138,other,
riafan_everywhere,other,
israeltodays,other,
gulaypole_info,other,
gazyry,other,
region_bur,other,
kom_mir,other,
faceofwar,other,
gazetaby,other,
kazan,other,
shorohi64,other,
jexenews,other,
irandezhurniy,other,
has_rayon05,other,
kazantop1,other,
kharchevnikov,other,
glebneznaet,other,
sevastopolofficial,other,
irkkp,other,
rzncity,other,
sonyaaboutcam,other,
shahtyKVU,other,
hinews_ru,other,
remirc,other,
istochnikonline,other,
karmanov_media,other,
gorod_27khv,other,
dolgoprudnyof,other,
russkiy_dommm,other,
gillshem,other,
empire_look,other,
gijnRu,other,
feel_thoughts,other,
freshisnews,other,
royalengland,other,
matushka_austra_lia,other,
Podslushano_Ramenskoe,other,
akimapachev,other,
NewEysk,other,
akipress,other,
moscowtinderr,other,
bletgorod,other,
novostikam,other,
mideastr,other,
GorodCheboksary,other,
tretyakoleksandr,other,
typical_balakovo,other,
marx_union,other,
na_viselki,other,
blogstrajj,other,
RussiaInIsrael,other,
ramenskoe24,other,
apostrophe_ua,other,
armyofukraine,other,
tpshev_zp,other,
yug_plazdarm,other,
the_steppe,other,
politika_ob,other,
ukrmedjournal,other,
agr_vesti,other,
nskusa,other,
NickolayOsychenko,other,
biruly,other,
crystalenergy,other,
DmitryGudkov,other,
uzmdk2,other,
ua_dshv,other,
progorod_76,other,
uznews,other,
News_Tracker,other,
VCENTRI,other,
zakonnoe_pravo,other,
moskwatch,other,
video_vibe,other,
voma_center,other,
pushkinanatalie,other,
yesdressnostress,other,
KIMMARINA,other,
orengorodovoy,other,
mvdrm13,other,
putin_z,other,
amralife,other,
mediavist,other,
tulazest,other,
muratkumpilov,other,
veligoshk,other,
tatarstanza,other,
mediahospital,other,
Khasavyurt_true,other,
pvsgns,other,
StepDozor,other,
nikita_chaplin,other,
cheboxaryi,other,
chp26ru,other,
vestipodolsk,other,
powerofanalytics,other,
Today_in_Russia,other,
chistoprikol,other,
vzoreast,other,
borisov_news,other,
ToBeClan,other,
pnzspec,other,
novostiKazanRT116,other,
matveevkomment,other,
Marx_Ch,other,
kunuzru,other,
cheltodayru,other,
pionray,other,
nic_and_mike,other,
vestipomorde,other,
voronezhlubimiu,other,
vpoanalytics,other,
Starkon_city,other,
stremidlowsky,other,
naukapobezhdatZ,other,
dnipro_news,other,
zolotoygorod,other,
mir_conflict,other,
tired_bartender,other,
delovayarazvedka,other,
pressfeed,other,
ArzamasLive,other,
official_moscow,other,
observer62,other,
den_pihoty,other,
kontrfake_krd,other,
zhyto_best,other,
Persdata,other,
stplt,other,
vologdapoz,other,
tk_krd,other,
nemchinovoleh,other,
m_goldarb,other,
Perm_peace,other,
zknowledgeable,other,
vokzalcenter,other,
polinaforbaby,other,
oldminerkomi,other,
kpkrsk,other,
nataosmanli,other,
maria_germany,other,
ArmAgr,other,
ViolityCom,other,
zombaktales,other,
azov_novosti_sobitiya,other,
kramnikcat,other,
partizan1941,other,
marazmRT,other,
zpregion,other,
re_uptake,other,
partizan_segodnya,other,
pechova,other,
tinao_top,other,
Checkmate_TT,other,
Volnodumetz,other,
slavyansk,other,
Papaha_gorca,other,
MV_007_Pskov,other,
MDK_Novosibirsk,other,
grigoriykuznecov,other,
breege_time_20z,other,
sergeymorozov73,other,
naszapolsza,other,
irk_24,other,
vestnikkavkaza,other,
musicalexrost,other,
prim_mother,other,
nau_belarus,other,
ostorozhno_podcasts,other,
ladakz,other,
awakening1414,other,
buyrayon,other,
Korolevee,other,
awaken_dragon,other,
landoffools,other,
ecotech_vodokanal,other,
southtower,other,
balaganoffnews,other,
angarsk_today,other,
tatlersheroine,other,
www46tvru,other,
rusmsk,other,
murpolit,other,
eurasiaexpert,other,
womansplaining,other,
niklive,other,
portnikov,other,
legalhub_online,other,
makarskayababsovet,other,
themedia,other,
box_37,other,
narofominskLife,other,
nabokovaogon,other,
pppaskov,other,
gr_yavlinsky,other,
seven_days_ru,other,
seasons,other,
linia_gorizonta,other,
vitauskas_a,other,
lipetsk48_city,other,
luchany_news,other,
Stavropol_peace,other,
bizmag_online,other,
martsinkiv_ONLINE,other,
tinderellalive,other,
bizcensor,other,
perm36,other,
RealSardana,other,
netipichnaya_makhachkala_2,other,
voxcheck,other,
thevyshka,other,
eniseytv,other,
Novocherkassk_true,other,
bezfiltrov_show,other,
partytank,other,
prommoscow,other,
fahrenheit1724,other,
Polina_Kitsenko,other,
gleberve,other,
lesyaryabtseva,other,
sbmarketing,other,
SPBLlVE,other,
SOS_Ryssia,other,
rhosmarssov,other,
borischernyshov,other,
mariadenisova19,other,
ternopil_ODA,other,
batsmanalesia,other,
nashkraj,other,
vsednrru,other,
vladlentatarsky,other,
ria_kchr,other,
volkodav73,other,
tetkino,other,
erkat_tg,other,
sofochkamoshurachannel,other,
textyorgua,other,
nekrasovka_msk,other,
tribunusplebis,other,
aurora_network,other,
SBUmole,other,
mrlibertarian,other,
duhovnyfront,other,
kriminalrussia1,other,
reportif,other,
mihailfateev,other,
svezhakykraina,other,
WhiteHouseCards,other,
kropotkin_news,other,
BokaeVS,other,
GosSovet,other,
ufacityinfo,other,
UBD_UA,other,
podmoskovie,other,
chp_yo,other,
chp_sev_crimea_82,other,
rospotrebnadzor_ru,other,
desnitsky,other,
one_big_union,other,
mosnovosti,other,
shugozhor73,other,
Hello_Rada,other,
tvkrasnodar,other,
iamaslova,other,
yudinandrei,other,
mova_standard,other,
chinovnik_kz,other,
minre_ua,other,
rusrek_news,other,
dumaigolova,other,
aksayland,other,
sudakovss,other,
sindbad_snegohod,other,
politicanovosty,other,
uaguard,other,
DDEcW,other,
frantic_easel,other,
DN_Kherson,other,
moralis_pyxis_nautica,other,
operativ_lugansk,other,
julia_rodochinskaya,other,
kp_kz,other,
VolkovLDPR,other,
read_kostylev,other,
sirena_dnepr1,other,
cukrcity,other,
krasnrsk_lion,other,
novytv,other,
VDlegionoffreedom,other,
minjustofficial,other,
zakharovchannel,other,
hook_report,other,
zaitsev24,other,
akimoVka_online,other,
Hotline_Ufa,other,
Coala_russia,other,
haifatoday,other,
Inkvizitor311,other,
oh_fck,other,
gachi_defence,other,
ukrainian_guide,other,
mpartisans,other,
tactical_z,other,
sanzhlenazabei,other,
AndreyDevyatov,other,
allaRomonoVa,other,
veganalkogolik,other,
zt20minut,other,
merbratsk,other,
IsraelinRussian,other,
almatytoday,other,
skonews,other,
plynov,other,
Alferovayulya,other,
rusvladimir,other,
KamranLeaks,other,
taj_report,other,
stavropoltop,other,
helpdesk_media,other,
ImashevNB,other,
ortoblogge,other,
AoMurmansk,other,
aluminievie,other,
acp_chronicle,other,
kuklovodiovca,other,
kamchatka01,other,
ttrstnnws,other,
centerUKR,other,
regionvn53,other,
harakiri_by,other,
tv_osa,other,
furgalshtab,other,
KSSMRRU1,other,
adeltheone,other,
ZOV_SILA_RF,other,
shzsinfoZ,other,
katyaRozhdTV,other,
virus_novosti,other,
gogovru,other,
Zanamiviehali,other,
aydatuda,other,
uristAntonDolgih,other,
vkazani,other,
preloved_club,other,
abkhazia_center,other,
unitedwithua,other,
vipbelousov,other,
mirf_ru,other,
ukol_z,other,
avtoradioru,other,
avvablog,other,
minvody_life_1,other,
YerzhanY,other,
goodrussianman1,other,
aasafov,other,
aurora_radio,other,
galaxy_dorama,other,
politcircus,other,
pereval_Alania,other,
ukrainer_net,other,
kastyukevich_live,other,
freelaure,other,
freelance_kosta,other,
medbezumie,other,
mariupol_online24,other,
uaegeneralnews,other,
vinnytsia_baby,other,
The_Idiot,other,
geopolit_novosti,other,
victorshenderovich,other,
potokseverniy,other,
anti_rubra,other,
max_sovetnik,other,
TheWMB,other,
mykostanews,other,
isrinside,other,
positionRUS,other,
porybly,other,
all_day_uz,other,
vctrmedia,other,
menmasculinities,other,
iter_ad_ortus,other,
andry_alko_odessit,other,
germansadulaev,other,
skuznetsov_nvkz,other,
pivbaldezh,other,
pivdenmedia,other,
andriymcom,other,
nata_feelfuck,other,
veles_v_okope,other,
ghestkrasnodara1,other,
StrayKids_JYP,other,
tverigrad_news,other,
alinarasieva,other,
factcheckkz,other,
Rossiya_novo,other,
artem_wolff,other,
uzauzrus,other,
gnummeblabla,other,
pervayapolosaa,other,
morskaya_pehota_384,other,
militaryreview,other,
mos_sovetnik,other,
Uzbdays,other,
Umirqadrli,other,
gbazhkenova,other,
pervynovostnoy,other,
trashikrinzh,other,
rosmolodez,other,
mihailaksel,other,
UkraineCustoms,other,
kaagranovich,other,
expert_psiholog,other,
podolsk24life,other,
moskva_podslushano,other,
vam_bam,other,
RussianPatriot_ru,other,
mash_nimash,other,
poziciablog,other,
generalstaff_ua,other,
rustrd,other,
sibcyrulik,other,
todorenkoregina,other,
nezavisim_tv,other,
kpnauka,other,
nvrsk_podsl,other,
dancingalone,other,
hacktrip,other,
captain_falkas,other,
informdefense,other,
yashernet,other,
sarma38,other,
imvanillaninja,other,
vmarahovsky,other,
talipovonline,other,
kurskchp,other,
takpobedimsvz,other,
nursolovej,other,
informatorz2,other,
kiborgnews,other,
yellowribbon_ua,other,
orthodoxsergio,other,
oooromanova,other,
h1ghl1ghts,other,
davydovopinion,other,
saygin_opinion,other,
sonar2050,other,
egorovmb,other,
obozzz,other,
defacto_press,other,
decembrist_spb,other,
putin6,other,
woman_ru,other,
KolyaZhe,other,
onlinetambovru,other,
nino24ru,other,
pve_123,other,
ob_community,other,
byi_bizhy,other,
Komenda24,other,
kzqqq,other,
opensaratov,other,
zebratv,other,
zdorovayatanya,other,
novosti_tut,other,
kseniadenisovna,other,
chp_kzl,other,
zakopir,other,
crazy_hollywood,other,
yurydud,other,
industrial_zone,other,
chpchecchnya,other,
novostyuk,other,
cho_opyat,other,
svodka38_irk,other,
Gorod_Zelenograd,other,
kreml,other,
cokupa_peruna,other,
zakarpattya24,other,
svbstar,other,
dronesrussia,other,
raidoteka,other,
howimetyourmommy,other,
dovod3,other,
chernogaev,other,
tadza,other,
surovikin3,other,
novorosstoday,other,
dw_de_news,other,
kukmor_tatarstan,other,
dvachannel,other,
kudaekb,other,
repcentre,other,
zapashnyru,other,
zar_info58,other,
chetoday_pol,other,
chinablogs,other,
dumainfo,other,
sanatoriy_satani,other,
dukaliti,other,
samolet_feed,other,
weekendunpublished,other,
FoRGO_official,other,
koroche_kg,other,
bbbelgorod,other,
socio_news,other,
seanewskerch,other,
redcourrier,other,
NargizWorld,other,
kolkoliki,other,
vrn01,other,
news_68,other,
tgvaluyki,other,
brieflylife,other,
blacklampa,other,
NewsPDM,other,
Antiglobalist1,other,
sochi24tv,other,
new_persona,other,
ruvederko,other,
sodovaya,other,
konasovatut,other,
berdyanskru,other,
berdsk_online,other,
benyash,other,
bbc_khm,other,
belnews_belgorod,other,
belladonnamiloslavskayaa,other,
thisminsk,other,
prizivnn,other,
belarussays,other,
doblog,other,
Novosty_Ukraina,other,
gorodsochi,other,
bel31online,other,
irena_ponaroshku,other,
Artsakh_Daily,other,
voiceofisrael,other,
region_nsk54,other,
technomixnews,other,
vneshpol,other,
PetrashkoOnline,other,
bablinaas,other,
telegrafby,other,
eto_dnepr,other,
bp_dn,other,
insidersua,other,
srslymedia,other,
spravedlivo,other,
seriy_kit,other,
newsoldat,other,
borodylia_tg,other,
tipical32,other,
kavtoday,other,
prostirdopomogi,other,
news_saratova,other,
sdrvdv,other,
bloknot_star,other,
rybhoz_channel,other,
vvgladkov,other,
elena_kuznetsova_89,other,
irinalimonen,other,
vvsergienko,other,
vyksa,other,
omarov_today,other,
ruski_mir,other,
ternopil_best,other,
jankoy,other,
ARMARUSSIA1,other,
oldschoolpravda,other,
VERONIKAIVEN,other,
mmmlivemmm,other,
YopsToodayKhv,other,
Aekaposhchat,other,
mo3ambik,other,
oplot_battalion_of_ansari,other,
i_bryntsalov,other,
shuba_news,other,
WakeUpNeoChannel,other,
moldavskiyefir,other,
Bell_daily,other,
pohotnews,other,
galyamina,other,
odsosedi_moscow,other,
uspexvmeste,other,
CyberArmyofRussia_Reborn,other,
momsmile_di,other,
ofigennyiherson,other,
AleksandrBobylev,other,
AleksBessonov,other,
zaporojie24,other,
hyperpopmonarchism,other,
TUNKA_03,other,
moscowsee,other,
sbagdasarov,other,
RuMaksim,other,
gloger777,other,
gliskov,other,
MoscowEgo,other,
warcatsru,other,
schelk_city,other,
Makhachkala_crazy,other,
FranceenRussie,other,
Sara_Xabarlar,other,
neyourmi,other,
mykolaivrada,other,
oursergievposad,other,
Los_Angeles_Reklama,other,
gtrk_nn,other,
Rozochkatsvetochek,other,
RostovRegion,other,
vremyavperedrus,other,
RomanShrike,other,
vorontsova63ru,other,
volzhskie,other,
naemnik_Z,other,
isaevmixail,other,
gorpenza58,other,
neopra_blin,other,
partynewpeople,other,
vladfreedomevolve,other,
irbitincident,other,
volgodonskonline,other,
Orel_off,other,
pbesedin,other,
gorod211,other,
ist_nap,other,
shalnyak,other,
nikitenkosn,other,
helga18plus,other,
GALICH_onok,other,
GeneralStaffZSU,other,
yyedilov,other,
hoffmanteam,other,
russian_euronews,other,
novosti_sobitie,other,
Happyvrot,other,
pobeda26skia,other,
vashdozor,other,
po_odesski,other,
heneral_kgb,other,
vasilisavolodina_official,other,
info_nizhyn,other,
ru_NEWS1,other,
infonosiy,other,
woman_kp_channel,other,
pmg_ua,other,
TelegaKubani,other,
vecherchel,other,
orisyonok,other,
sarnovosti64,other,
yaroslav_belousov,other,
istrebin,other,
northenakimat,other,
sheoschool,other,
yantarnefm24,other,
Kharkiv_antiFA,other,
nizhniytop,other,
KyivCityOfficial,other,
otkidach,other,
NizhniyTagil_true,other,
dobrojutrozemljomoja,other,
ZSU_Kharkiv,other,
classicalmusicnews,other,
chpbelgorod,other,
archi_ru,other,
martovalieva1,other,
chprus1,other,
khamsin_season,other,
armeniangc,other,
svobodik,other,
svk_vzakone,other,
aleysk_news,other,
city1661,other,
evraevmikhail,other,
alionadol,other,
blog_eduarda,other,
blacklist_niko,other,
fatalityvdk,other,
akusherha,other,
kremlin_secrets,other,
as_illinois,other,
liptown,other,
aserovofficial,other,
binodovna1,other,
crimeainform,other,
kryvbasvodokanal,other,
chp_ekb,other,
krasnoyrsk_kray,other,
kuzbacc,other,
ane4ka24,other,
slavamaxuta,other,
lavinialond,other,
egorershoff,other,
pulse19ru,other,
tanya_f,other,
khutoryanka515,other,
brnl01,other,
khv_news,other,
cbs_help,other,
ekaterina_mizulina,other,
expertprimorye,other,
kaplanopis,other,
kurganskie_ru,other,
melissaresept,other,
solunci_1918,other,
responszone,other,
apeske,other,
apsmiru,other,
fhvvccx,other,
polliusenko058,other,
chita_today,other,
tzdjournal,other,
svethroniki,other,
kordon_ua,other,
afisha,other,
bbarahoev,other,
stranaos,other,
koro4eDON,other,
lvivmediacenter,other,
diagileff,other,
top_anime_news,other,
minsocial_politiku,other,
stodnevka2,other,
korchynskiy,other,
stb_safety,other,
balticvision,other,
kononenkome,other,
dokladzakonchil,other,
srach,other,
esxaton,other,
doctor_galeeva,other,
komintariy,other,
politicamedia,other,
burokrat_politika,other,
julia_fir,other,
agituha,other,
dashakozlouskayatg,other,
pravitelstvord,other,
behindtheukrainiannews,other,
newtroick,other,
groupmurmansk,other,
inrussia_online,other,
m_timonov,other,
bilohorodka_official,other,
brada021,other,
sniksefly,other,
MDK_RnD,other,
Novosibirsk_cult,other,
newteam_a,other,
navalnylivechannel,other,
wb_pravda_sotrudnikov,other,
MDK_SaintPetersburg,other,
MDK_Kuzbass,other,
liveangarsk,other,
vo_vlasti,other,
babushkin30,other,
night2day_spb,other,
magcrime,other,
nikitamazepinofficial,other,
legionoffreedom,other,
bugulma,other,
ldnrlife,other,
ldnr_today,other,
Petrazavodsk_podslushal,other,
nikysharp,other,
nationalprojectsru,other,
puzatahataa,other,
emyasheva,other,
pdsl_sochi,other,
ira_khay,other,
snig_news,other,
blog_inzhenera,other,
promincv,other,
elephants_motherland,other,
bloknot_tambov_68,other,
volkodav42,other,
bashk01,other,
serhij_bevz,other,
MoskRussia,other,
PALYANYTSYA_NEWS,other,
POLICE_2020,other,
timborisov,other,
blacklander,other,
the_same_zov,other,
NewYorkRussian,other,
gorod_birobidzhan,other,
tiplobnya1,other,
espreso_zahid,other,
kemertop,other,
thinktankces,other,
bgoonline,other,
liberta_ua,other,
prtatar,other,
sem_sonafamily,other,
smr063,other,
sbprokopenko,other,
nazional_power,other,
borotba,other,
ruslanbolotov,other,
psmusic_show,other,
thenenovosti,other,
kyiv_informator_ua,other,
xabaruzofficial,other,
rb_murtaza,other,
only_finance_news,other,
donetsky,other,
nyannews,other,
sudzhanskij_rajon,other,
d_ogneev,other,
d_chtivo,other,
superdolgov,other,
DailyWar,other,
doveoftheworld,other,
operatsiaz1,other,
Fedos911,other,
DipacademyMID,other,
operden,other,
DonetskaODA,other,
npnauka,other,
zapiski_ot_Fidel,other,
incident38,other,
crimea_novosti,other,
zangaro,other,
ErnestMakarenko,other,
sadlarisy8,other,
reading_as_inspiration,other,
objektyv,other,
daterekhov,other,
igorprokopenkotv,other,
AMolotnikov2020,other,
okbnews,other,
stachkom,other,
AlexeyZhuravko,other,
stalevar_74,other,
redaltaya,other,
olmaliq7_24,other,
Arctik_Obline,other,
steamjournal,other,
russkie_nov,other,
dom_channel,other,
illuminatbe,other,
odi_city,other,
zloy_yamal,other,
odessaST,other,
russiansinlnd,other,
Blog_Zhurnalistki,other,
korrzakadrom,other,
opershtab23,other,
zainsknews,other,
xronikabpla,other,
qazaqstantv,other,
che_d_e,other,
hallo_nastya,other,
vmalenko,other,
hadeout,other,
Khabarovsk4,other,
northmMurman,other,
r_antonov,other,
qumash_kz,other,
normalno_delay,other,
yakutia14news,other,
krgv_live,other,
eco8man,other,
ya_mudriy,other,
y_babi_dashi,other,
xysmela,other,
xykrop,other,
ruspress,other,
gubnet,other,
gubernsky_mkr,other,
guberniaonline,other,
retailer_news,other,
yeltsincenter,other,
novocherkassk_sobitie,other,
Irkutsk_podslushal,other,
krilyatv,other,
Gillotina,other,
novostimskv,other,
GlnNews,other,
drunken_masta,other,
novosti_znay_vse,other,
hlukhiv_info,other,
krivosheevlive,other,
chpkchr_09,other,
kirovogradnovyny,other,
dubna,other,
radislavgandapas,other,
HomoNotes,other,
Hoteliernews,other,
chinaindextg,other,
kinform,other,
sankcii_politika,other,
hello_mag,other,
oreltimes,other,
rimmapediatr,other,
policeforum,other,
prokuratura_nso,other,
permjtop,other,
Tula000,other,
rospotrebnadzor_krsk,other,
antohakrasava,other,
moskvaz,other,
antonova_official,other,
rospotrebnadzorru,other,
slivypervogo,other,
akisheva,other,
VA_Kyiv,other,
VCA_Lis,other,
militarynewstrue,other,
arpharey,other,
podslushano_mytischi,other,
politika_rossiya,other,
VestnikMoscow,other,
nailyaaskerzade,other,
monovaolena,other,
showtimeinfo,other,
astrakhanistan,other,
perovo_veshnyaki,other,
Ratnik2nd,other,
rospartizan,other,
alianaustinenko,other,
SVETSKlE_HRONIKI,other,
Sherzod_musofirlarga_yordam,other,
anastasia_reshet,other,
velvetstreet,other,
msuthefirst,other,
polymyaby,other,
sharemed,other,
vechernii_m,other,
sharanism,other,
SkhidNow,other,
Sho_Tama,other,
pisyanina,other,
alina_farkash,other,
ferummade,other,
my_tyumen,other,
skorikovivan,other,
TheLeagueOfGentlemen,other,
tvari_po_pare,other,
Sever_Siyanie,other,
maxgadyukin,other,
alinamory,other,
vasilgyulaev,other,
izborsk,other,
roman_popkov,other,
Ylatynina,other,
golovinsky,other,
PvBux,other,
ukr_dopomoga,other,
ukraine1TOP,other,
Yevtushenko_E,other,
pereval_media,other,
abbsol,other,
polina_rabotai,other,
mama_mi_shonka,other,
PrimPoisk,other,
ulpatriot,other,
rivneshtirlits,other,
avbogomaz,other,
nastia_tasty,other,
tolknews,other,
nash_Piter,other,
poorichgirl,other,
poidemspb,other,
poistine_dzhemal,other,
stv_strezh,other,
altairirk,other,
medvedev_telegram,other,
vechernaya_karaganda,other,
Ze_News_Ukraine,other,
saransk_chp,other,
chelny_news1,other,
altapress_ru,other,
dobrobat_in_ua,other,
cherkaskaODA,other,
Incognito_01rus,other,
izhevsktop1,other,
syrymitkulov,other,
kub_vybory,other,
taganrog_sobitie,other,
korostentoday,other,
ukrbavovna,other,
tut_leninkent,other,
festivalny,other,
ulanude_news,other,
ytekay,other,
novosti_mamadysha,other,
occidentalist,other,
novosti_mirovie,other,
hey_little_unicorn1,other,
kondratyevvi,other,
hhamidov,other,
startyprodazh,other,
geroi_zlodei,other,
sparkhomenkovoice,other,
vasilievodessa,other,
KaskadNerv,other,
ebatorshiki,other,
caparctic,other,
dobrovolchik,other,
mediasib,other,
jdpress,other,
anapanovosti,other,
kyiv_event,other,
velichkinaekaterina,other,
rabochyruh,other,
Kazan_ChP_DTP,other,
khvorostfire,other,
orlovdmytroEn,other,
mediatorCIS,other,
kommersant_kuban,other,
kuzovleva_ptichka,other,
spainrus,other,
novadoba,other,
Zablotskyy,other,
orestokratiia,other,
informationbureau,other,
channelbel,other,
mediatusovka,other,
dobvolk,other,
dzdmos,other,
derbentnovosti,other,
zuzusa,other,
chp_nv_86,other,
novosti_tatarstana1,other,
ChuvashiaDream,other,
donbass_sos,other,
mikhailmavashi,other,
moscow_crazy,other,
tanyamint_official,other,
howiseeitsasha,other,
novynyonline,other,
politikazv,other,
EanNews,other,
aizalovesyou,other,
domaneskuchno,other,
digitalbuild,other,
galulala,other,
crimesakh,other,
agrossa,other,
zmievskie,other,
DerzkiyKvadrat,other,
adm_dinskoiraion,other,
nsonews54,other,
silapravda,other,
africanists,other,
omnitempore,other,
simadm_news,other,
dagnews24,other,
doskapozora08,other,
humidpeachbitch,other,
saintp_online,other,
Concept_of_public_security,other,
daria_animamori,other,
svb_news,other,
off_the_record,other,
dreamonspec,other,
juchkovsky,other,
yuriy_syrotyuk,other,
zp_live,other,
metalnikova_krasnodar,other,
novosti_uznavay_pervim,other,
aeronaut_bel,other,
random_random_thoughts,other,
kopirsovet,other,
ilyabirman_channel,other,
Voronej_crazy,other,
russian_nationalist,other,
political_trash,other,
pogovo_rim,other,
mirmol05,other,
sallewild,other,
tvoya_moskwa,other,
Volgograd_peace,other,
minsk_online24,other,
kirushaborodachannel,other,
diia_gov,other,
zaikiusd,other,
politscience,other,
tvtogliatti24,other,
tykowkaaa0,other,
odessaua,other,
akovalenko1989,other,
v_sochi,other,
dgilmutdinov,other,
azattykrus,other,
east_veter,other,
newsvorkuta,other,
newsnizhniynovgorod,other,
Nuclear_Energy_Russia,other,
epolitica,other,
pskovpolit,other,
Maxim_Batyrev,other,
OBUKHIVFIRST,other,
mashanedovolnaya,other,
MatYeYo,other,
newsturkru,other,
newsukraineonline24,other,
solundar,other,
truexa_lviv,other,
OMON_DV_Khbr,other,
nenovostiby,other,
tipichenem,other,
Salesnotes,other,
lenoblast_online,other,
nezabudochka_dop,other,
lenin_dom,other,
fakti_novosti,other,
bcsoyuz,other,
paraslov1,other,
MILITSIYA_UZB,other,
anon_khakasia,other,
eremin_krsk,other,
primorskyru,other,
luxtoday,other,
pul_1,other,
beladm31,other,
rusembchina,other,
psihi_vlast,other,
israelinfo_co_il,other,
aspacfish,other,
governmentkalmykia08,other,
kemerovo_142,other,
vinovosti,other,
nakipelo_by,other,
lngchannel,other,
bers9,other,
mariasergeyeva,other,
NeKaspersky,other,
nap_official,other,
socialistnews,other,
vse_mamy_zdes,other,
sibirmedia,other,
vtomskeru,other,
kgh_moscow,other,
severodonetsk,other,
permkp,other,
translationforces,other,
martin_brest_pehota,other,
terny_kr,other,
sem_sorok,other,
mash_batash,other,
privetpoidem,other,
pravyvzgliad,other,
Mos_stroi,other,
lh_health,other,
newsislamist,other,
postironia_politologia,other,
sommerman,other,
baunovhaus,other,
tarasov_anton_sergeevich,other,
kamkrab,other,
essentuki_online,other,
busargin_r,other,
veselov_eco,other,
mtspdnr,other,
StRubezh,other,
peredooozz,other,
pvov33,other,
eurovid,other,
sashakruglovamusic,other,
tarnopil,other,
b_gorod,other,
rusputnikmd,other,
androidinsider_ru,other,
fbm_ru,other,
nomer_odin_news,other,
KirillandhisFriends,other,
prian_property,other,
gvozd_mos,other,
magstoriesnews,other,
c4mediachannel,other,
gwaramedia,other,
rio_berdychiv_informatsiya,other,
Kiev_na_provode,other,
gylyajpolecity,other,
yanamkr,other,
vladivostok1978,other,
nizhny800,other,
KuzinBoris,other,
gomel_online24,other,
nigay_karina,other,
portnoy_odessa,other,
kavkazskij_rubezh,other,
otyzbir,other,
angarskcorruption,other,
primorsky_krai,other,
katabasia,other,
lebiadok,other,
ShamovD,other,
rommybooks,other,
kherson_live,other,
nikolay_levashov,other,
vkursevrn,other,
personaStrany,other,
irktoday,other,
peresmeshnitsaS,other,
evaluatrix,other,
bundeskanzlerRU,other,
nashenergodar,other,
narotchnitskaya,other,
polevchp,other,
pro_nino,other,
irpininlife,other,
pogonama_pogonaUZ,other,
nalunetelegram,other,
pokvartiram1,other,
podslyshano_korolev,other,
kompanpavel,other,
premiaredkollegia,other,
police_kherson_press,other,
nechaev_017,other,
lyptsi_gromada_group,other,
regionTV41,other,
politica_media,other,
majdankrd,other,
neshulman,other,
rusembkabul,other,
princessaverandot,other,
okt_minsk_official,other,
mistoboyarka,other,
realty_rbc,other,
onf_front,other,
rshb_tg,other,
netipichka,other,
ministry_of_defense_ua,other,
malina_wildberries,other,
red_tempest,other,
media_soldier,other,
lissbuha,other,
pmcum,other,
revolute,other,
kurbanoffnet,other,
por_tugal,other,
mozdoktoday,other,
nikopol_informator_ua,other,
myalgorhythm,other,
ktknews,other,
kurganskayaobl,other,
lemeshko_av,other,
mayyadragan,other,
kirasazonova,other,
lenadeg,other,
kaliningrad_novosty,other,
polkovnik_hodarenok,other,
oren4oren,other,
kamsindrom,other,
kmgknews,other,
meatinfonews,other,
ms_hedgehog_reads,other,
plsovetov,other,
media_slivki,other,
penzainform,other,
orprospero,other,
rosatominfo,other,
nnastika,other,
novocherkassk_sluh,other,
mradabuchach,other,
nl_news,other,
novaya_kahovka_news,other,
pizzaqueen,other,
ostwest_tv,other,
osvita_vdoma,other,
maximkatz,other,
kaktus_mediakg,other,
novosti_yeisk,other,
marigovori_ch,other,
pandorapmr,other,
moscow_GOO,other,
iskra1917,other,
kgdmfrk,other,
rostov0,other,
nadobrat,other,
krasnograd_rda,other,
myro_shnykov,other,
politika_novost,other,
pravda_pmr,other,
news53_53,other,
politics_great,other,
inGOLubertsy,other,
molyarina,other,
kratkoinfo,other,
kizilyrtraion,other,
lidamoniava,other,
podsadnoykbr,other,
razom_pg,other,
msgazdiev,other,
russianemiratesnews,other,
rayoni_kvartali_spb,other,
pgubarev,other,
midagru,other,
newsnn,other,
lesnue,other,
rastsvetykrasoty,other,
potrebitel_uz,other,
pobukhov,other,
pobedashim,other,
kaibicy,other,
krdru,other,
olechkindurdom,other,
voenkor_rusvesnaa,other,
Simonyan_h,other,
thedailyprophet,other,
StaryOskol_true,other,
sensemedancecom,other,
IgorGrigoriev,other,
verstovinfo,other,
sergeyi_les,other,
SputnikGeorgia,other,
astrolog_kruchinkina,other,
Soloviev_Vladimir_m,other,
vesnuschki,other,
bib_32,other,
Jx_uzb,other,
ecologicalvahta,other,
yuripoliakov,other,
sevarawithL0ve,other,
topenergyua,other,
vestitula,other,
ek_kz,other,
avaria30,other,
SarnyNewsCity,other,
yavpolshi,other,
ekbnash,other,
ekt_news,other,
go_msk,other,
Rus_imperia,other,
centrdopomogy_vas_rayon,other,
dubovd,other,
dtravin61,other,
enter_media,other,
UkrWitness,other,
srochnosport,other,
DanilchenkoGV,other,
VLADIVOSTOKVATANDOSHLAR,other,
tg_oracle,other,
sro_news,other,
dogwithlog_blog,other,
Denys_Smyhal,other,
VFUkraine,other,
uznaynews,other,
budva_td,other,
town63,other,
zapiski_gortsa,other,
Ufa_cult,other,
spilkanews,other,
TydOriginal11,other,
donmedia_news,other,
asafevstas,other,
douwanttotalwar,other,
Tolyatti_podslushal,other,
zabkrai75,other,
Taganrog_podslushal,other,
Gorod_Podolsk,other,
Gorod_Vidnoe,other,
drandidis,other,
SvetInWorld,other,
GrayznoeVpsh,other,
azatyutun,other,
virt_bts_v,other,
chistkonst,other,
tanya_derzhits,other,
NybergDm,other,
gajdukevichh,other,
MDK_Bashkiria,other,
MDK_Kavkaz,other,
MFAofArmenia,other,
tashkent3000,other,
sibmedia_tomsk,other,
MOLNIAUkr,other,
webstrangler,other,
M_Podolyak,other,
Novokuznetsk_peace,other,
signalman_diary,other,
fence88,other,
OTRYAD_ORKOV_404,other,
skrepka2020,other,
belaruskatopit,other,
NiceJournal,other,
NeNASHI,other,
belsat,other,
belgorod_informant,other,
NN_strelka,other,
sirena_kremenchuk,other,
NASTYASOZONIKK,other,
byurokrat_novosti,other,
MezinoYuri,other,
MyKMV26,other,
bvk_mkr_vostochka,other,
tipichnayarussia24,other,
gkucspn,other,
bezpechniyregion,other,
shalimovprav,other,
babin_56,other,
sobachkin_potroh,other,
snovskamr,other,
RUS_WAS,other,
er_molnia,other,
er_mosobl,other,
RIAKremlinpool,other,
burmatoff,other,
burnpatriarchyburn,other,
badhumorist,other,
ya_patriot_R,other,
RB_Bash24,other,
besedergamur,other,
shezire,other,
vivechorko,other,
ceh9forukraine,other,
Kunvideolari24,other,
thehouseofcelebs,other,
baranovmovie,other,
worldsconflict,other,
Perm_true,other,
events_interesnoe,other,
League_FN,other,
voenkors,other,
Patriot_Ukraina,other,
VardanGukasyan,other,
StanislavKucher,other,
deadblonde,other,
crypt0scamm,other,
zvezdach_zoom,other,
tsrn35,other,
degikarayev,other,
breakingtrends,other,
tretyakov_n,other,
demchenkoteam,other,
saratovshyna,other,
chp_hmao_ugra,other,
tularegion71,other,
saratovdetka,other,
strana_official,other,
unofficial_news,other,
diselin,other,
Zarafshon_kanal,other,
analityka_ukr,other,
udm_info,other,
tulatop,other,
zhest_perm,other,
technology_vs_geology,other,
BritishEmbSpokesperson,other,
digital_apocalypse,other,
stop_fake_dp,other,
ryabseva_zhanna,other,
Arhipovadarya,other,
huevochka,other,
dashafru,other,
trk_mis,other,
zelenodolskatg,other,
dnepr_partizani,other,
ifilato,other,
typicalkzn,other,
Volgograd_cult,other,
zloycto,other,
antifa_dnepr,other,
Vladivostokincidents,other,
aladinhabr,other,
sssrnod,other,
uz24news_ru,other,
typical_01,other,
truehabarovsk,other,
dmitrovreg,other,
rabotalogia,other,
PAL_PAL,other,
povche,other,
natretyak,other,
polkovnikt,other,
matrix_failure,other,
voennaya_tayna,other,
kvachova_s,other,
polpotkids,other,
PRiangarskie,other,
karpatska_sich,other,
rksmb,other,
voice_of_turkey,other,
matanaliz_kofman,other,
politika_rus_mir,other,
Qashqadaryo_Qarshi_Shahrisabz_07,other,
RSKRFRU,other,
typicalwro,other,
povitryanatrivogaaa,other,
maddysontg,other,
vkurse66,other,
politman_ua,other,
maslovasia,other,
PravdaOV,other,
vitalii_maletskyi,other,
tmelnychuk,other,
Orel_podslushal,other,
balkar_hychin,other,
apparatustatar,other,
baltictea,other,
aktistv,other,
smi_2,other,
euroarctic,other,
krnews_ua,other,
rightalt,other,
typicalmarganets,other,
rkhmanov,other,
tambov_obl,other,
dobroinrussia,other,
OpenPolicyUfa,other,
paradachak,other,
neveroyale,other,
voronezh_r36,other,
razbor_po_fucktam,other,
privet_dolgoprudny,other,
antifakearmenia,other,
kalmykia_tgnews,other,
aneckavderevne,other,
bzhlife,other,
voyager1970,other,
cian_official,other,
kaliningrad_online,other,
vpp34,other,
mediagroza_kzn,other,
contactcenterUkraine1545,other,
cinsolite,other,
vsvetesobytij,other,
raynbuldez,other,
svetlograd_news,other,
anons39,other,
annashust,other,
flotnadivane,other,
truskavetsofficial,other,
thynk,other,
belka0509,other,
tsurofficial,other,
parmenovosti,other,
karelia_online,other,
luganska_oda,other,
paveldarts,other,
chuguiv,other,
matsukalert,other,
volodin_saratov,other,
beauty_apocalypsee,other,
vologodskoy_konvoy,other,
ambrusitalia,other,
carbatushka,other,
luguev1,other,
nansy_nansy,other,
kaostap,other,
curly_diary_pro,other,
bel_podrobnosti,other,
romanzaripov,other,
amurobl_official,other,
fas_time,other,
volynskaODA,other,
Novosibirsk_crazy,other,
cancercorps,other,
faust21century,other,
kamil_galeev,other,
fbrus,other,
anastasijasuslova,other,
chvteme,other,
OKLG7785,other,
today_nn,other,
agregator_voina,other,
szagatin,other,
komprosperm,other,
polardozor,other,
vasil_topolev,other,
ThingsIThinkIThink,other,
spoiler136,other,
Ten_NaPleten,other,
mapfu2022,other,
chernivtsi_ukr,other,
mne20let,other,
dragunovarina,other,
mariupoltopnews,other,
mkvburyatii,other,
umvd70,other,
kondrusius,other,
dtek_ua,other,
vergelyukmaria,other,
astapov_pavel,other,
Sterlitamak_lyudi,other,
pramenby,other,
mskrestfood,other,
polina_gaverdovskaya,other,
MoscowEcon,other,
missolyaa_kucher,other,
ukrainskinovosti,other,
dimapomog,other,
spoiler236,other,
kloopnews,other,
maradyerbook,other,
v_tuapse,other,
komitetpolk,other,
armyblogv,other,
region_severa89,other,
VtorayaSmena,other,
dnepr,other,
sputnikossetia,other,
poik142,other,
sstarovoytov,other,
podslushano_ivanteevka,other,
v_bonya,other,
v_piterburge,other,
uralmashekb,other,
chervonograd_mr,other,
ragoolee,other,
chp_arm123,other,
vadim_rabinovich,other,
UZBEKISTANUZ,other,
valdemarus,other,
knigagid,other,
armawir_adm,other,
TurkMoustache,other,
raion_mitino,other,
podalyaka,other,
asiansofrussia,other,
abakanuz,other,
ves_kharkov,other,
permvkurse,other,
abuddha,other,
makarenko_channel,other,
channelmvf,other,
kursk_now,other,
n_oginsk,other,
avvesasha,other,
Russia_and_anvil,other,
khakasia_v_kurse,other,
kosmetan_fr,other,
softwareengineervlog,other,
prezident_2024,other,
tohhhta,other,
elizavetababanovacom,other,
RosgvardOfficial,other,
RomashkaTea,other,
sochi_today,other,
igor_artamonov48,other,
region_krsk24,other,
nakipelovo,other,
energy4africa,other,
persimmoncrimea,other,
RealUAnew,other,
kostromachp,other,
kosulino_official,other,
uafukraine,other,
krskstate,other,
aevsin,other,
vibuxaviasia,other,
soloviovsensible,other,
marpravda,other,
ukrainanovyny,other,
dvuglav,other,
atasinfo,other,
soylisem,other,
Smolensk1,other,
cheredov_NY,other,
reviewuz,other,
addgo,other,
khreschatyk36,other,
stopslito,other,
SkrypinUA,other,
korolev_adm,other,
minkultrf,other,
minpromtorgrf,other,
atkgazeta,other,
chemist_msu,other,
khimki_live,other,
ShtulmanToday,other,
source_official,other,
augsburglive,other,
khasavyurt_sobitie,other,
chpmkp,other,
eisragenda,other,
ekarkz,other,
news_uznavay,other,
Samara_life63,other,
pagemado,other,
novasiberia,other,
livekasimov,other,
KOSONSOY,other,
yermektursunov,other,
yfaonline,other,
sergeykutenev,other,
novosti124krasnoyarsk,other,
pacalasitindala,other,
layjka,other,
semsorok,other,
ioannZH,other,
tavri,other,
bugulgazeta,other,
biworkBMG,other,
biysknews1,other,
bkamennews,other,
FinClub_ua,other,
greenfond,other,
Engelsa1,other,
ruslsm,other,
insider_uz,other,
zapiski_artistki_tsvetaevoy,other,
ironlogica,other,
KamenskUralsky_true,other,
black_udm,other,
irpinonline,other,
ivanovo_oblast,other,
shorart,other,
shkarabeinikov_prk,other,
generallsvr,other,
geopolitik_divan,other,
shieldmaiden,other,
KomsomolskAmur_lyudi,other,
burimovasasha,other,
istohnik,other,
oskoln1,other,
isstg,other,
yalta_mayak,other,
glavnyvopros_news161,other,
sforsecurity,other,
Kiliya_ua,other,
islndtv,other,
northerntechno,other,
yar_oblast,other,
livinginarmenia,other,
gnezdo_putina,other,
gohasavyurt,other,
inside_avia,other,
ze_knight,other,
nikol_adm27,other,
obskurwatorium,other,
samara,other,
BavlyinformNEWS,other,
Balashiha_Podslushan,other,
Bajov_Skaz,other,
omsknotdead,other,
russianidea,other,
BAGIROVANews,other,
britishpolitics,other,
olgazeml_tk,other,
AlexeyErlikh,other,
Aksenov82,other,
leventsovka_news,other,
zubovskiy4,other,
iadunyo,other,
iaspp_kz,other,
zvenmiskrada,other,
ibezler,other,
icerkov,other,
pskov_obl,other,
borys_filatovv,other,
iiaquamarieii,other,
BorodaVZ,other,
zhitvnorilske,other,
ruspetsnaz,other,
BukharaNewsUz,other,
zekovnet,other,
nurlatinform,other,
ingnewss,other,
guestmanagement,other,
bloknotborisoglebsk,other,
opennov,other,
life_voronezh,other,
sasha_ogunga,other,
haknem_shkola,other,
pushkin_story,other,
zers_an,other,
team_milov,other,
lidanewsby,other,
Cheboksary_peace,other,
Cheboksari_true,other,
oanikolaev,other,
ternopil0352,other,
heroes34,other,
bohdan_kytsak,other,
hidnua,other,
CNewsDaily,other,
landforcesofukraine,other,
maximum_radio,other,
wb_obzor_tovarov,other,
themitrokhin,other,
MediaPro_T,other,
Medvedeva_Olesya,other,
nik_pup,other,
newskgz,other,
free_zhlobin,other,
MarkFeygin,other,
berzloy_akhmat,other,
ngvertical,other,
MillNews,other,
warjournaltg,other,
wearespb,other,
journal_smi,other,
izyum_news,other,
newsomsk,other,
bellerissima,other,
lady_north,other,
beregpravy,other,
ozodlikkanali,other,
nieundwieder,other,
ZaVazelin,other,
infoaboutwar,other,
freedom_pride,other,
chp_chus59,other,
arkhangelsk01,other,
polevskoy_trubach,other,
fields_of_wheat,other,
oyanovsky,other,
YerevanTower,other,
helbchannel,other,
hcacofficial,other,
arm_pereulok,other,
Chelyabinsk_vesti,other,
underground_youtube,other,
onlirk,other,
byzovahouse,other,
konstantinovsk161,other,
hatskevichv,other,
konservativnaya,other,
dimoglonina,other,
diplomat_zhk,other,
mk_oblast,other,
politburo30,other,
provibory,other,
uk24raine,other,
Neftekamsk_true,other,
chpcheb,other,
vpkchannel,other,
pputishenko,other,
oborotru,other,
diana_djalalova,other,
red_castle007,other,
abdmumin,other,
sterligoff,other,
simulacr,other,
abainewskz,other,
rakova_pozvonit,other,
CaptainNews,other,
dimitribamberg,other,
obninsk040,other,
sarkazmos,other,
zhest_kaz,other,
ZernoMagazine,other,
ukrlifenews,other,
timofei_v,other,
WorldIsBrand,other,
rollka_a,other,
harbatsevich,other,
vadimedia,other,
nskkp,other,
MaksymZhorin,other,
Domodedovo_true,other,
marik_news,other,
grozmerr,other,
Dosvitni_vogni,other,
chilli_1654,other,
budzma,other,
v_salde,other,
nowpeace,other,
vaccinationcovid,other,
grohot_gr,other,
grodno_online24,other,
kommersantural,other,
artvolunteer,other,
Novokuznetsk_podslushal,other,
valentynaeminova,other,
EkaterinaPatyulina,other,
insiderukraina,other,
otvetsex,other,
zamyslov,other,
M_onitot,other,
dontsovaofficial,other,
novyny_ukr,other,
kamextremist,other,
Tomsk_podslushal,other,
marinamalinovaya,other,
DavMelik,other,
oxana_paskal,other,
blackproduct,other,
hapsci,other,
ChupisClub_Ru,other,
brsmlive,other,
urengoi_chp,other,
newsruandua,other,
thestihi,other,
dneprnews,other,
choiceekb,other,
NizhniyTagil_podslushal,other,
Volgograd_volzhsky,other,
transneftofficial,other,
Volgograd_inside,other,
blokpostdonbasschanel,other,
Cotes21,other,
feminism_visually_official,other,
VeLikodoLinskoe_News,other,
srochnye_novostii,other,
sashapolina,other,
newchernyakhovsk,other,
fedpress_online,other,
komendantkharko,other,
Nizovtsev,other,
voshodvanino,other,
gubernatorik,other,
armnewz,other,
argumentik,other,
Ne_DmGordon,other,
arcticinfo,other,
ambasadarus,other,
krasovkin,other,
news_pershotravensk,other,
pro_barnaul,other,
AlaniaDaily,other,
ammerlyy,other,
krasnova_official,other,
zrinerv,other,
medoed_style,other,
amirkhamitov,other,
krasnogradskiy_official,other,
americas_news,other,
krasnogorsk_sobitie,other,
bor_by,other,
newslipetskru,other,
mejdligasf,other,
ohlebe_ru,other,
turkesttann,other,
altmanews,other,
alterrussia,other,
im_ksun_official,other,
zp_new,other,
mentlife37,other,
allbirulevo,other,
polosina,other,
krasivoeplitka,other,
krivoyrog_glavny,other,
crimeanplatform,other,
antiwarstudents,other,
anapatodayinfo,other,
razvedkanal,other,
oldyorktimes,other,
posolstvoRF,other,
boryslavrada,other,
vylnakraina,other,
angusht_06,other,
russpolitt,other,
ikakprosto,other,
angarsk_sluh,other,
angara18,other,
portamur_ru,other,
zvozduh,other,
ang620,other,
vvlena,other,
zvezdi_soc,other,
copy_bara,other,
andrey_selezov,other,
newsitwrld,other,
antifakeosnova,other,
kreavs,other,
bysol,other,
AV77777AV,other,
iamaliveandyouaredead,other,
ross_too,other,
mediakailo,other,
razvedinfo,other,
leniniwtv,other,
alisadyoma,other,
adnovosti,other,
afisha_krr,other,
zloysamarityanin,other,
agafonov_by,other,
house_of_cards_qr,other,
zloykrk,other,
afonin_yuriy,other,
chpserpuhov,other,
Barnaul_inside,other,
svoem,other,
hotelducroissant,other,
dedpomor,other,
mincifry,other,
vse_o_politika,other,
lhdigest,other,
alinakovalevastylist,other,
saltyhair,other,
uatv_news,other,
minimalka,other,
ubezhishe_mrzlk,other,
increase_frequency,other,
aesaktualno,other,
tepertak,other,
holanewskz,other,
lenandchleny,other,
Ermakova_live,other,
zhmerynska_gazeta,other,
minprosvet_kbr,other,
agentgosdepa1,other,
tiahnybok,other,
zmina_ua,other,
NalchikRU,other,
teory_elit,other,
mezdumorem,other,
politparty,other,
mgn74admin,other,
lenchiklapp,other,
ArtakBeglaryan,other,
zolotonosha,other,
important_today,other,
news_kms,other,
aleksandramelin,other,
migip_group,other,
typical_dnepr,other,
anyapaprika,other,
odsd_dnr,other,
in4sportal,other,
BGazeta,other,
mihaylets_pro,other,
strikefund,other,
kz_asia,other,
huevuy_mn,other,
odnews,other,
hroniki_ridika,other,
dayafteWC,other,
trk7ru,other,
tyumen_region72,other,
moswindow,other,
zap4you,other,
novychas,other,
Kolomna_Gorod,other,
Kislovodsk_true,other,
romankopin,other,
nalchik0,other,
kchrinform,other,
violavolkova,other,
Klimovnews,other,
Oganova555,other,
permyach,other,
nologica,other,
nolito_now,other,
LiveTyumen,other,
nocommentsstories,other,
virusbelarus,other,
putinshit,other,
nobody_cares_but,other,
sharpeyeonthearctic,other,
RT_russiann,other,
patrolpolice_ua,other,
larisaparfenteva,other,
ricenoodles,other,
RK_RF,other,
snezha_mrr,other,
kazachiydozor,other,
erospista,other,
naroborona,other,
bezrabotnyi,other,
Redmadnews,other,
perspectiv26,other,
itakblet,other,
petroimazepa,other,
tokaev_glasses,other,
kurskN1,other,
Karelianluskies,other,
KatorovSA,other,
yarnewsnet,other,
channel34ua,other,
Lyubertsy_sluh,other,
neohota,other,
EurasiaDaily,other,
sokolniky,other,
beremo_i_robymo,other,
Rubtsovsk_Novoaltaisk,other,
petrarchy,other,
empireinthemaking,other,
petr_tolstoy,other,
normalninews,other,
peterburgnovosti,other,
ruexpertclub,other,
karadag_serpent,other,
glngjk,other,
sochi_podslushano,other,
kenigtiger_rss,other,
Kirov_peace,other,
pervyiregion,other,
vinnytsa_info,other,
Republican_UA,other,
Kramatorsk_Slaviyansk_News,other,
ostupino,other,
pics_maps,other,
showbusiness1,other,
pedrada_osvita,other,
gazetapredgorie,other,
kasyanenko_anna,other,
nikopol_news,other,
Perm_inside,other,
nikas_official,other,
world_policy,other,
smart_manya,other,
kvesti_new,other,
slytherynka,other,
annabramovaa,other,
garrykasparov_official,other,
Lex_Energetica,other,
rkn_voennaya,other,
PanSwiridow,other,
nikita_mikhalkov,other,
ivitalyan,other,
paykinonline,other,
ivkochetkov,other,
LeyaGornaya,other,
Libertarianism_with_VZ,other,
gazetaVyshgorod,other,
tipkhimki,other,
sluhmaker,other,
Oren_news_oren,other,
bespoleznieiskopaemie,other,
pensioner_party,other,
romanandreev_trader,other,
Qoraxabar,other,
vlast_Zh,other,
KrylatskoeLIVE,other,
prigorodmolokovo,other,
smoland67,other,
bazovskaya_adv,other,
bewareofthem,other,
sminaysa,other,
gentleman_klub,other,
Praktuka_VP_VS_Ukraine,other,
priklucheniaflika,other,
vladnewsru,other,
genprocru,other,
nilov_official,other,
negemedia,other,
Piotrovsky,other,
PolitInvest,other,
PolitElectrick,other,
otkachenkokyiv,other,
neftushka,other,
katorga_sci,other,
wrongfem,other,
penzaobzor,other,
vmozdoke,other,
barnaul_region,other,
katerina_tarantino,other,
primnews,other,
lviv_adm,other,
godekan,other,
RusBotWien_RU,other,
solo_ninka,other,
murinonovosti,other,
gaarry_potter,other,
MDK_Crimea,other,
senkevichonline,other,
MDK_Chelyabinsk,other,
mstrok,other,
dumskaya_ua,other,
rozysk,other,
gorodelektrostal,other,
mts_live,other,
InFocus_Live,other,
Novosti_obb,other,
gorod_sergiev_posad,other,
Inamalina,other,
topnewsinrussia,other,
novosibirsk_vesti,other,
topmoscowvideo,other,
mudrosti,other,
dzerkalomedia,other,
kharkivjournal,other,
gorod_kropotkin,other,
Irkutsk_inside,other,
t_khabarovsk,other,
vesti_buryatia,other,
nesovsemprobattlrap,other,
Slabunova,other,
HousingUnion,other,
mskonline24,other,
kirovadmufa,other,
invest_crypto_defi,other,
Eva_Rain_Gr,other,
FNPR_official,other,
interestpiter,other,
Fennoscandia,other,
MSNorbekov,other,
pnkk_ru,other,
tashkent_segodnya,other,
kizilyurtrn,other,
slavamalah,other,
bistri_news,other,
velikBaikal,other,
topor_livee,other,
rusembkg,other,
Surgut_true,other,
pravdorubnyi,other,
repostik,other,
Stupino_go,other,
specpro,other,
kirovp,other,
manga_anime_news,other,
Novokuznetsk_true,other,
dtp_moskva,other,
littlebignl,other,
gospubest,other,
SkyfallSKFO,other,
big3russia,other,
mskvedenie,other,
tonya_krut_life,other,
rupolit,other,
ShiitmanNinja,other,
Kalinin_PRM,other,
chehovnews,other,
tololommoZK,other,
goncharofren,other,
golikovdmitri,other,
mwbro,other,
r_shamne,other,
revizzorro_uss,other,
Shcherbinovsky,other,
ShareSergey,other,
slaysexyflawless,other,
golos_mgb_rus,other,
izvmor,other,
tomskpolit,other,
pinochet_echo,other,
sevenandmedia,other,
tatvybory,other,
Kaliningrad_podslushal,other,
KZ_Evolution,other,
khm_gov_ua,other,
galinatkaceva3,other,
gorizont_uz,other,
livelikegangsta,other,
sestra_ateista_talk,other,
KY21F,other,
sovavologda,other,
myrgorod_rada,other,
gorkyparkmsk,other,
telekoshmar,other,
irystontv,other,
shutupgrese,other,
belg_news,other,
belarus4mogilev,other,
livesochi,other,
artemmetelev,other,
bishnews,other,
the_diletant,other,
max_chepay,other,
anthonyuly,other,
libteaclub,other,
terletskayalive,other,
pravda_vasilkov,other,
pravdaurfo,other,
lublu_litry,other,
before_and_afterward,other,
ari_rang,other,
mann_igor,other,
belnovostiby,other,
armeniam,other,
best_vao,other,
atomiccherry,other,
topkapkan,other,
antonpikuly,other,
babushka_inostranka,other,
bibirevo_otradnoe,other,
lpr_tg,other,
lidchinazabelarus,other,
massmedianews,other,
bel_24,other,
tipical_klintsy,other,
bdgby,other,
baimanoffline,other,
proekt_astra,other,
belplatform,other,
masemmargl,other,
matveevkalive,other,
produbay,other,
marxist_tendency,other,
prasunprakash,other,
baltiknews,other,
privatkanews,other,
azarechnovblog,other,
bigshocktheory,other,
lucifertales,other,
malanka,other,
telesportmedia,other,
psinformator,other,
trashpskov,other,
tomsknews,other,
azakonodatel,other,
igorsmelyansky,other,
anna_gin,other,
newsssukraine,other,
News_and_Events,other,
news_93_ru,other,
Nakhodka_true,other,
NY_USA_World,other,
Mytishchi_true,other,
Mytishchi_crazy,other,
MykolaBaksheev,other,
Murom_true,other,
news_ternovka,other,
war24rus,other,
newshamster,other,
Medianova,other,
McLarek,other,
ng_baltic,other,
Kulikovskiy_pro,other,
overhear_police,other,
MNPavlova,other,
MEASTru,other,
Lyzov_amvrosievka,other,
nihilistLi,other,
whois_mrputin,other,
LittleOwlRu,other,
nikcenter_org,other,
Life4meplus,other,
Lena_Shereshovec,other,
nikpnik,other,
wwwtimekz,other,
Kursk_podslushal,other,
voyte,other,
Nizhnekamsk_podslushal,other,
newmitino,other,
voteraz,other,
penultimate_resort,other,
pensionfondrf,other,
Penza_crazy,other,
PavelMuntyanPosts,other,
pavlogradmrada,other,
Osvitnia_Kryivka,other,
OrlovAmur,other,
volkov1401,other,
OlgaZabralova,other,
patrul_uz,other,
Old_Elephant,other,
Ohranitel,other,
nenov0sti,other,
neoede,other,
OLTIARIQ_24tk,other,
nepinvest,other,
neporyadochniykharkov,other,
Novostroy_SPb,other,
partizan_press,other,
neuchiuchi,other,
neurevich,other,
nevesti1,other,
nevskydozor,other,
Novograd_miskarada,other,
NoShiYes,other,
NizhniyTagil_crazy,other,
newinmoscow,other,
xuyanet,other,
KrasnohradOTG,other,
Poiskludi,other,
zlk_overhear,other,
Climategate,other,
opennko,other,
nvp_73,other,
Cherepovez_podslushal,other,
Chelyabinsk_podslushal,other,
oobsgby,other,
zheleznoe_pero,other,
Chapitoru,other,
zhestrostov,other,
zhidkovskiy_talk,other,
oboronavilnogirsk_official,other,
zhizach_news,other,
BigPicture_ru,other,
ondutymd,other,
Kostroma_podslushal,other,
ArmyZOV,other,
olyaslikbez,other,
zoopark_ru,other,
officialsochi,other,
ArcelorMittal_Ua,other,
Amur_telega,other,
okha65ru,other,
Aksakov_online,other,
AgeofAquariusuncensored,other,
Abakan_true,other,
zvezdnoe_vremy,other,
olegderipaska,other,
AG_DPR,other,
CumtaAlertsRussianChannel,other,
DaphniaBlog,other,
operativeukr,other,
Dnevnik_rf,other,
Korea_Light,other,
KoreaSouthNorthnews2020,other,
KomsomolskAmur_sobitie,other,
KomsomolskAmur_crazy,other,
Kirov_true,other,
KhabarovskNovosty,other,
orf56,other,
nov_mos,other,
novayaenergiya,other,
novgorod_siverskiy_info,other,
Jonli_Bolta,other,
Italy_tg,other,
IrkutskNovosti,other,
novosti_important,other,
ypronko,other,
yurchenko2017,other,
novosti_taganroga,other,
novosti_tat,other,
GovoritKavkaz,other,
novosti_zvezdi,other,
orbru,other,
yvzaitsev,other,
GO_Afisha,other,
novostiszfo,other,
Dunyo_Xabarlari,other,
DroneCenterDNR,other,
DonbassGenocide,other,
Piter_crazy,other,
penzina_elena,other,
mayakonline,other,
Z_Paket,other,
mincerchannel,other,
afgbezparandzhi,other,
minpromtorg_ru,other,
admgos,other,
uglegorsknews,other,
politbrocer,other,
adm_gorkluch,other,
ukr_sof,other,
misha_na_grani,other,
mishapetrow,other,
ukrayinci,other,
ukronline,other,
ukrperspektiva,other,
mlynby,other,
podslushano_kurchatov1,other,
Yekaterinburg_inside,other,
Yaxshi_Yomon,other,
mnr_life,other,
Yakutsk_podslushal,other,
Yakutsk_peace,other,
YaKurkul,other,
pokretzaodbranukosovaimetohije,other,
WarJoulan,other,
Volzhsky_podslushal,other,
podval4ikshow,other,
podslushano_vasilkov,other,
uznaa_bitca,other,
podslushano_nevinnomyssk,other,
minarety,other,
afishauz,other,
ua_talk,other,
aimak312,other,
aniquz,other,
anhoirk,other,
angarsk_sobitie,other,
mchs_dnr,other,
anewsapp,other,
andriysadovyi,other,
media_aurora,other,
ancapchan,other,
anastasia_chia,other,
mediapolesye,other,
megapolis_ugra,other,
polygraf34,other,
melnikovone,other,
alternative_help,other,
all_about_SouthKorea,other,
tvcplusofficial,other,
alikaxxorov,other,
alexdyachenko,other,
alesya_teperikova,other,
tvtnv,other,
alena_lavrenteva_nail,other,
aleksandrsokolov43,other,
alanasultanova,other,
al_pachina,other,
mil_12,other,
tyumen1,other,
tyva_tgnews,other,
mos_now,other,
Ussuriysk_true,other,
vlgcity,other,
Ribfront,other,
Serpukhov_LIVE,other,
Serplife,other,
Schelkovo_Live,other,
Saratov_true,other,
Rybinsk_true,other,
Ryazan_podslushal,other,
vidobro777,other,
pgorod58,other,
n_moskvitina,other,
vietnamnews_ru,other,
Russia1_vesti,other,
viktarbabarykaofficial,other,
viktorefimof,other,
nadin_serovski_official,other,
moscowcityduma,other,
peruash,other,
Report361,other,
vinnytskaODA,other,
permonline,other,
naralex88,other,
narodnyi_signal,other,
vitaliy_klitschko,other,
Pushkino_true,other,
Pu_fig,other,
vladimir_today,other,
PostRussiaTelegram,other,
vladtodaySL,other,
Polly_nioly,other,
piryatingromada,other,
vestiossetia_vld,other,
mvdtuva,other,
ShesheninNews,other,
v_ukrope,other,
UZBOOM,other,
varmsu,other,
Tsybulskiy_A,other,
TreasuryofRussia,other,
vash_volodymyr,other,
po_umnomu_msk,other,
TavriyaEnergo,other,
vdv_volkov,other,
Tambov_crazy,other,
vechorka_zab,other,
Sv3tlana7,other,
ploshad_rd,other,
msk_5floors,other,
verhniyuslon,other,
Sovet_CHELYABINCK,other,
Somontj_Obyavleni,other,
muania1,other,
pl_zmist,other,
vesma,other,
vesti_az,other,
SlivnayaKrysaaa,other,
muravlenko24,other,
Simferopol_true,other,
Simferopol_peace,other,
vestibabayurt,other,
mvd_dagestan,other,
pskovred,other,
martyoshka,other,
euromore,other,
kievskienovosty,other,
kremlin_brulee,other,
sveta_belaya_t,other,
indogswetrust,other,
kyber_net,other,
kamianets_online,other,
kv_vo,other,
selgaz_info,other,
clshnvrc,other,
dzr_today,other,
reutov_novokosinoo,other,
gosuslugi,other,
sparrowcheh,other,
rad_feminism,other,
restorator_reve,other,
rpudank,other,
ronzhinaevgenia,other,
heroesofZ,other,
kineshemec_ru,other,
djuvayriiyah,other,
radaliman,other,
shzsinfo,other,
dubovskibazar,other,
help_mar,other,
fedor_nechitaylo,other,
info_tatar,other,
kuzbass_now,other,
kama_volga,other,
kirov1gorodskoi,other,
cat_of_skripal,other,
koordinateshtab,other,
culturalproject,other,
holovneua,other,
by136,other,
crimea_tgnews,other,
ekaterina_dashevskaya,other,
incident_42kuzbass,other,
la_vita_felice,other,
salagai,other,
sliva_channel_tg,other,
stopbotluka,other,
la_piter,other,
byiskros,other,
showmetruelife,other,
cpbelarus,other,
courier_fight,other,
corrkosarev,other,
contextuz,other,
russian_rights_watch,other,
quarteera,other,
tanyaoprostom,other,
slesar_msk,other,
leonid_volkov,other,
serbia_news,other,
shpir,other,
garikovainsight,other,
kanobu_ru,other,
khersonlive,other,
izmailovo_onIine,other,
iznanka_dashenki,other,
kyivcaritas,other,
rovesnikbar,other,
self_made_woman,other,
kalmykia_08_rk,other,
knyaz_cherkasky,other,
jj_holidays,other,
joker_kremen,other,
syzransmall,other,
graty_me,other,
chertamkr,other,
skalddiary,other,
k_online24,other,
knigech_ka,other,
focuse_on,other,
gubernate,other,
gualmi72,other,
don_gunp,other,
chpvladikavkazru,other,
domozhiroff,other,
infoarch,other,
gryaznota,other,
savchuk_serg,other,
sirena_slavuta,other,
chpdn,other,
chis_chernomorsk,other,
forumomskcom,other,
insect_life,other,
sci_career,other,
dokumenty_SSSR,other,
chp_perm_kray,other,
inspectorzp,other,
forestforum,other,
ksantyZ,other,
kluchisla725,other,
dossiercenter,other,
kultrab,other,
skazhigordeevoy,other,
komsa_online,other,
ferzmedia,other,
sidorov87,other,
healthy_life_inna,other,
saratovlive,other,
droneswar,other,
takompot,other,
rusgreta,other,
fiftyottenkoff,other,
chabanivskagromada,other,
sek_speech,other,
kursk_time,other,
rostovtelega,other,
kristina_zdes,other,
russ_new,other,
radionester,other,
informatorpress,other,
chvans,other,
grachanle,other,
chuvak1337,other,
spletnnik,other,
jewishquestion,other,
chelny_online2019,other,
krivoy_town,other,
sifdaughters,other,
st_varg,other,
refugeehome,other,
crimsondigest,other,
garnanmior,other,
grenlooOkO,other,
good_central_asia,other,
russianpatriot233,other,
budrooo_news,other,
realnnews,other,
elmofeo_life,other,
putilkovo_info,other,
realnoevremya,other,
kettuz,other,
russkibunt,other,
socioexpert_01,other,
buftype,other,
sablezubiiytug,other,
hyevuy_zhytomyr,other,
getkit,other,
elenatelitcyna,other,
kgv_info,other,
demonkr,other,
rinanech,other,
buinsknews,other,
tehnologismi,other,
rubenvardanyanofficial,other,
smolyaninovakris,other,
shipilovaks,other,
kem42live,other,
brooklyner,other,
dddimych,other,
enter_samara,other,
eventmedia,other,
ilyaseredyuk,other,
daydaynews,other,
severpost51,other,
ghestkrasnodara,other,
krasichkovdima,other,
sobirator_ru,other,
kchr_inform09,other,
robabayan,other,
russiaworldd,other,
dailymoscowru,other,
evgenyuprock,other,
davidobryakov,other,
stv92ru,other,
enBoVZYDCEs0NWJi,other,
keitachan,other,
rbc_life,other,
shatalkanal,other,
gorkoNN,other,
electionsquad,other,
shostkainfo,other,
tatulovacom,other,
gorod_kirovskoe,other,
slovaoslovah,other,
tatnewschelny,other,
risenhaha,other,
rivne_search,other,
korolev_sluh,other,
solntsev_dnr,other,
irk38mchs,other,
lenta75ru,other,
shahrikazan,other,
rwp_rwp,other,
brdwar,other,
glebkudr,other,
serovglobus,other,
tatianich_bands,other,
idealist_lab,other,
hronikatm,other,
darishaberss,other,
smety,other,
ria_kazatin,other,
seymkursk,other,
genesis_daily_news,other,
euroradio,other,
tauhidtaha,other,
gazetasp,other,
stryi_rada,other,
MediaLab_Online,other,
Makhachkala_peace,other,
davankov,other,
wearefromgas,other,
Vidradnyi,other,
dobra_me,other,
reflectionbelarus,other,
M_Kruglov,other,
dobropilska_otg,other,
akatuy,other,
aleksandrprohanov,other,
yakutia_kp,other,
noglikiadm,other,
upravlyaus,other,
stryi_info,other,
politikamoeystrani,other,
mogutinik,other,
pokamenyanebylo,other,
urzvt,other,
stroygazeta,other,
Makhachkala_true,other,
glavaderbenta,other,
Vladivostokinside,other,
podslushanonahabino,other,
monamymonami,other,
Volgodonsk_true,other,
shahti_sobitie,other,
shahty_ru1,other,
Klychkov_Andrey,other,
Maxim_Shelkov,other,
Matskevich,other,
kp_in_ua,other,
yakovsoba4ki,other,
akutin_dpr_ru,other,
Volgograd_true,other,
data_csv,other,
journalist_live,other,
MayorFSB,other,
freebelaruscenter,other,
Marialogvinovaofficial,other,
newsnnt,other,
shakharisrael,other,
utopiyaproject,other,
Volzhsky_crazy,other,
newstpu,other,
ussuriysk_sluh,other,
kommersant_nn,other,
dobermanko,other,
Manucharovofficial,other,
mik_lana,other,
dnplace,other,
deraketaua,other,
gikursk,other,
nikitonsky_pub,other,
wtalkpodcast,other,
diaryrest,other,
minsk109okrug,other,
iwep_kz,other,
uzhrada,other,
shtabonoshko,other,
nika_viper_zlo,other,
aChtoEdinayaRossiya,other,
korotko_polit,other,
shtoetoblyat,other,
geopolitika_civilizacii,other,
Lyubertsy_sobitie,other,
mixail_kain,other,
poleznoste,other,
advokatboltik,other,
abireg,other,
admstrj,other,
shwartzevgeny,other,
abonnews,other,
actual_zp,other,
rtbalkan_ru,other,
actual_comment,other,
polit_voyni,other,
uifuture,other,
actekactek,other,
ugnest_spb,other,
korolev_sobitie,other,
nikolaevnovosty,other,
abyrvalgvrn,other,
shkiryak,other,
abusaddamshishani,other,
minsoc_buryatia,other,
stolnews,other,
minsoc52,other,
jamelashvili,other,
dissident2018,other,
YakutskRF,other,
debatehub,other,
nmarcovich,other,
Yekaterinburg_crazy,other,
Lets_better,other,
overheard_rzn,other,
dmdonline,other,
dmibykov,other,
real_life_vao,other,
agentkarlmarks,other,
Korolev_true,other,
istra_gorod,other,
dmitrovski,other,
mobrep,other,
MTWTU,other,
agroportalua,other,
KomsomolskAmur_sluh,other,
stanovaya,other,
underside_org,other,
janjalnewskz,other,
Kotokrabs,other,
demidov_mger,other,
mkkk_ru,other,
Krasnoyarsk_cult,other,
shestoqotdel,other,
koshelnik_tv,other,
YuriBarbashov,other,
dixi_devil,other,
Yktpublicofficial,other,
mlaitman,other,
defensorcivitatis,other,
mlobanov84,other,
dedicated_to_sheldon,other,
redparfenov,other,
Yekaterinburg_podslushal,other,
ded_shinibi,other,
agenteconomy,other,
kaifsurfing,other,
forpost_zp,other,
solmspb,other,
pidslyhano_v_balaklii_ta_raion,other,
Rybinsk_sluh,other,
Ryazan_true,other,
exsled,other,
karaulov_pravda,other,
Ryazan_peace,other,
paulina_rotterdam,other,
phillimore,other,
vidnoelives,other,
philanthropyRu,other,
Omsk_cult,other,
SK_News_World,other,
Orehoviyenovosti,other,
solarstorm,other,
petrosipovprivate,other,
viki_odi,other,
Rubtsovsk_true,other,
nedelya40,other,
volgodonsk_sluh,other,
karganag,other,
sofeevgohard,other,
Rostov_on_don_region,other,
volkovysknews,other,
victor_lavrenko,other,
Rostov_cult,other,
khashchenko,other,
kherson_24_ua,other,
vestiperm,other,
OPER_UZ,other,
factovrn,other,
Sevastopol_podslushal,other,
mybusiness65,other,
Serpukhov_true,other,
soradenie_rodina,other,
eho_gor_09,other,
pilotslife,other,
eismandarin,other,
OleksiiKucherenko,other,
somethinglikekathleen,other,
vologdapoisk,other,
patriarshie,other,
Ohlobistin,other,
mypiterb,other,
ekaterinaandreeva_official,other,
kharkov057ua,other,
Samara_crazy,other,
extern_world,other,
ekb_stop_pressure,other,
sluhitagila,other,
nechaev_official,other,
srochno24,other,
katyusha_russian,other,
rlinetv,other,
perm_vesti,other,
RH_inside,other,
estate_rus,other,
natoptishh,other,
rigger_rope_access,other,
Pyatigorsk_true,other,
vitebsk_region_officially,other,
Petrozavodsk_lyudi,other,
etosashaaaa,other,
pereverzeva_live,other,
RIBOYA,other,
katyashkuro,other,
PrinceOfPersiaRu,other,
eurorussians,other,
katyadolgorukova,other,
nashy_liudi,other,
rita_ta_vigoda,other,
etozhez,other,
vlast_sovetov,other,
Podslushano_Zhukovskiy,other,
pepelclaasa,other,
narod_patriot,other,
kazaki_home_family,other,
riakalm,other,
nazad90,other,
vinnpol,other,
Reutov_true,other,
nebudetgg,other,
elyaaprelya,other,
sochi_day,other,
evnoazef,other,
PRANAnews1,other,
vinograd_us,other,
karpinsk,other,
robiyolo,other,
nalyvaichenko,other,
pechehonov,other,
evgenyprimakov,other,
kazgoodgovernance,other,
kazchuvash,other,
permskiykanal,other,
namskiyulus,other,
Ramenskoe_true,other,
permnews_ru,other,
snplotnikov,other,
vo_svoboda,other,
Perm_podslushal,other,
faina_kraina,other,
piter_never_sleeps1,other,
piter_online1,other,
vse_o_sochi,other,
spotuz,other,
NAMANGANLIKLAR_UZ,other,
skandal_novosti,other,
mosrutop,other,
varya_daily,other,
klyukinad,other,
rent_news,other,
NBR_DNR,other,
kadrovikjulia,other,
norilsk_sobitie,other,
vrntimes,other,
kmv_seichas,other,
TheBadComedian,other,
rosmintrudru,other,
pmkotel,other,
kakovo_otar,other,
Tell_Morev,other,
vdnh_moscow,other,
vdv_nkn,other,
news_1line,other,
TarakanovaAnna,other,
finland_news_ru,other,
mosnvs,other,
Tula_podslushal,other,
OBYVATEL52,other,
podoprigora74,other,
kolyakiller,other,
Miass_true,other,
dolegovna,other,
sputnik_kyrgyzstan,other,
Urglntellegence,other,
UnchaMuncha,other,
Ulyanovsk_true,other,
domodedovo_sluh,other,
UlanUde_crazy,other,
mosdolgoletie,other,
fond_bashnya,other,
mosnedviga24,other,
don_adekvat,other,
vyshinkv,other,
UZDAILY,other,
Moscow_Instructions,other,
fokina_jobs,other,
rossia_news,other,
relocationru,other,
Mytishchi_podslushal,other,
kachuratut,other,
news_oktyabrskiy,other,
plusresnews,other,
Taganrog_true,other,
filizankanews,other,
kamyanskoe,other,
nevanilnoe_nebo,other,
So_Pogrom_Spoke,other,
e_turdimov,other,
khv_reporter,other,
sovrep,other,
muravlenko2,other,
romny_online_original,other,
fatimaboom,other,
sovfedofficial,other,
Novorossiysk_lyudi,other,
muryginm,other,
Taganrog_crazy,other,
slavic_brotherhood,other,
ecoeventru,other,
Novosibirsk_peace,other,
pitercalling,other,
mustafanayyem,other,
piterbnews,other,
volya_by,other,
edisonfamilia,other,
effectbanochki,other,
effectuz,other,
sovrodrussia,other,
dzerzhinsk_sluh,other,
neverovsi,other,
kamennews,other,
TAO_ofice_501,other,
T34newsfeed,other,
vekshiTG,other,
fiesta_spb,other,
skorkin_zhuk,other,
vovknn,other,
mscafisha,other,
roscosmos_gk,other,
Nizhnevartovsk_podslushal,other,
paretsky,other,
femvremya,other,
voskom,other,
newbrateevo,other,
Stavropol_podslushal,other,
reshim_org,other,
NorthMeasurement,other,
msr_mosreg,other,
planet_deaf,other,
slatinov,other,
nevminkult,other,
dvig_move,other,
KimdurAka,other,
rubtsovsk_sobitie,other,
rbordunov,other,
zahysnyk_ukrainy,other,
kurskpressa,other,
kurskcityru,other,
o78rf,other,
mahonin59,other,
zhardushi,other,
sarbc_news,other,
zestkomi,other,
tolko_Besagon,other,
opasny366,other,
taganrog_sluh,other,
Chp_volgograd,other,
sarnycriminal,other,
chedelat_event,other,
mallaev_ru,other,
atom_ozersk74,other,
nv86_crab,other,
kupchino_news,other,
tabakerka_by,other,
gusev_36,other,
atannyn_basy,other,
cherkashchany,other,
priazovkayeisk,other,
zhelo_den,other,
todarabisha,other,
infoBalagura,other,
BudniDeputata,other,
BugungiGap,other,
tipkonst,other,
basekz,other,
barrashikliza,other,
primecrimeofficial,other,
samkipiani,other,
banderakitty,other,
baluevama,other,
balmasheva_marina,other,
radio_ermak,other,
balkancentre,other,
sandra_mantika,other,
m_gladkih24,other,
kuzbassinfo,other,
oblrada_cv,other,
Chainsawman_ANISTAR,other,
sanktpeterburgnovosty,other,
zhest_29,other,
talenastewardess,other,
sashakhorzovaa,other,
astronovosti,other,
DBRgovua,other,
marrymemariya13,other,
inpushchino,other,
EdYurchenko,other,
gres_big_family,other,
mariupoltsyy,other,
svoikhnebrosaem_khv,other,
zametkivolanda,other,
svoi_v_gorode,other,
argumentiru,other,
ramenskoye_official,other,
trend64,other,
marinagiller,other,
trepangdv_exclusive,other,
green_stream_ua,other,
scoutfootballru,other,
trikitanews,other,
zakonnik,other,
apogovoritofficial,other,
apesotskiy,other,
trsch,other,
kroppolice2,other,
chinavideoroom,other,
tr_ryazan,other,
chernayavodolazka,other,
pravdaobv2,other,
ingushetia_tgnews,other,
rufuturism,other,
radiosvaboda,other,
kubrasklady,other,
zelenaya_ukraina,other,
DKulko,other,
nuhachrus,other,
aspergeisha,other,
asoldatova_official,other,
DariaAshihmina,other,
mariianel,other,
ashurchanov,other,
marginalgaynotes,other,
chesnakovbooks,other,
total52,other,
zbroya_info,other,
inner_feast,other,
gtrkvainah,other,
Detiipleti,other,
art_of_politics,other,
bazarnabazare,other,
tipich_kislovodck_oficial,other,
tambovpapa,other,
blog_muzhika,other,
russianus,other,
s_bezrukov,other,
ilyaovechkincomedy,other,
bseu_initiative,other,
tetyamotya,other,
sabintag,other,
blogmejdunog,other,
budni_belogorsk,other,
blog_vladivostok,other,
ogorod42,other,
teamkavkaz,other,
blindfatmeft,other,
budnil,other,
blackflag_ukraine,other,
imerkouri,other,
biysk_sluh,other,
thebeltimes,other,
ArmavirCHP,other,
bikbovguru,other,
littlebeaver,other,
lena_kartss,other,
lenaperminova_official,other,
imp_nov,other,
ptvua,other,
ACRains,other,
telekraken,other,
ler_chek_tg,other,
telekudrovo,other,
tekstilshiky,other,
telerzd,other,
russkiyokavkaze,other,
ice_inii,other,
letaembezstraha,other,
tellama,other,
lenar_s,other,
russkienesdautsya,other,
ASI_RU,other,
borba_gazeta,other,
ps_etc,other,
ATR_Crimea,other,
brestoday_by,other,
illienko,other,
bombora,other,
ActualNewsUz,other,
ldpbmogilev,other,
Astrakhan_peace,other,
kyiv161,other,
camel74,other,
ti_russia,other,
BelayaRysOficial,other,
odessa2022v,other,
BesLive,other,
tigran_salibekovv,other,
timkadyrovvv,other,
oddr_news,other,
kyivteploenergo,other,
belarus_glavnoe,other,
Biysk_true,other,
Belarus_Files,other,
BorodavchenkoZnaet,other,
ochkarik_tsk,other,
hitokchannel,other,
capital_dfo,other,
bel_buj,other,
r_slovo,other,
tinycrazy,other,
being_human_rus,other,
tanibeloved_channel,other,
salmachi_online,other,
belteanews,other,
Astrakhan_true,other,
BIRINCHI_UZ,other,
taumos,other,
Azerbaijan_MOD,other,
bgvesti,other,
bulbainfo,other,
livennov,other,
livetouring,other,
bez_cenznn,other,
lizagysevskaya,other,
tatianavitusheva,other,
Babyshka33,other,
zloytam,other,
tatartoday,other,
problemufa,other,
butovo2,other,
znachit_net,other,
hramnadrame,other,
bviib,other,
pykinvv,other,
localsproject,other,
incident_22,other,
ForbesKaz,other,
astanovka98,other,
irisira,other,
yussupovarman,other,
sunlitkh,other,
yourabardash,other,
melitopoladmin,other,
krasnoeradio,other,
investbase,other,
tsurv,other,
maxlineua,other,
crazyprophecies,other,
GrArtamonov,other,
Govorit_Magadan,other,
yurystankevich,other,
sevastopol_love,other,
maxbakhmatov,other,
crazysketches,other,
sevastopol_kp,other,
novgorodbell,other,
ano_dialog,other,
melikadamyan2,other,
kravchuk_official,other,
cityhallinforms,other,
anarcho_solipsist,other,
anorppexia,other,
kravchenko_glava_nvrsk,other,
rugrad,other,
Grigory_Karasin,other,
youthpolicy,other,
alina_beauty7,other,
Grozny_podslushal,other,
rbc_perm,other,
mcusochi,other,
cooking_by_eteri1,other,
youtube_by,other,
mdkm_rf,other,
Himki_podslushal,other,
tushinoru,other,
INCIDENT_KRD,other,
dailymoron,other,
poritsatel,other,
ybaranovskaya_tv,other,
yayamal,other,
KYRGSOC,other,
co_lumnist,other,
da_nu_gulbanu,other,
yulia_yogatherapy,other,
IgorLinkChannel,other,
HEXTA_Russia,other,
dal_hab,other,
Karatsuba661,other,
selflovediana,other,
invoicemedia,other,
golayapristantoday,other,
tulapolit2,other,
gopeterburg,other,
mediastan,other,
tvsovhoz,other,
chuguevnews,other,
krnd1,other,
anton_nft,other,
your_tech,other,
irinausichenko,other,
truekpru63,other,
tumenonline,other,
Irkutsk_peace,other,
iskrennayaKaps,other,
islam_kuraev,other,
politrzhach,other,
kr_informator_ua,other,
sevgovru,other,
northKomi,other,
GlavAgronom,other,
Ivanovo_podslushal,other,
chtotamkaliningrad,other,
alenatoffitut,other,
yanchuk_msk,other,
medpharm,other,
rbcstyle,other,
twitch_h0use,other,
miatsir,other,
trueforpeople,other,
Golyshak74,other,
mezenovafam,other,
yerevanch,other,
krasnogorsk_sluh,other,
novostiirf,other,
alexeytsydenov,other,
krasnogorsk_official,other,
cskp_ru,other,
KZgovernment,other,
zlukatoldforyou,other,
Big_goncharova,other,
BD_group,other,
ruporkbr,other,
russianimperialstout,other,
gelendzhuk,other,
exp_fdn,other,
slovak_I_Am,other,
incident_kld,other,
othersdoandyoucan,other,
xstaziki,other,
huivoine35,other,
novayapolsha,other,
ostrovisland,other,
zion_voice,other,
karagyan,other,
romankositsyn,other,
Omsk_podslushal,other,
volotskov,other,
nkorganbekova,other,
sakha_tgnews,other,
itsmashazoom,other,
huepub,other,
itsreallynot,other,
generationzi,other,
georgiainf,other,
LBSIndusa,other,
sliva64,other,
karaoolduma,other,
OkoloBaikala,other,
OGoMono,other,
BagnenkoDaily,other,
gevorgvirats_org,other,
kapterkarus,other,
odnako_s,other,
zlochan,other,
hot_spot20,other,
volkovakatt,other,
ya_toeva,other,
Bataysk_true,other,
Bessro4ka,other,
serhiyprytula,other,
Barnaul_true,other,
exeqwertalena,other,
sakhgov,other,
ylenovosti,other,
volgograd_tg,other,
GM_Donbas,other,
sluganarodukr,other,
kastanedamsk,other,
ztv_247,other,
PetrAkopov,other,
vnrunsk,other,
oko_gora,other,
AkhmatsilaVZ,other,
okhtyrkaonline,other,
pebbliestpebble,other,
i_sherstyuk,other,
gk_a101,other,
AgataMucenieceLife,other,
yasenevo,other,
peachblossomtalks,other,
olesya_vasylets,other,
eugeneloveyou,other,
voblast,other,
olga_balarama,other,
iSANS_Belarus,other,
zpplace,other,
rznkur,other,
AdskayaRuletkaLIVE,other,
OpendatabotChannel,other,
Kerch_true,other,
ihor_terekhov,other,
Kirov_podslushal,other,
vmeste_mbm,other,
normauz,other,
Piter_podslushal,other,
Khabarovsk_podslushal,other,
Piter,other,
northkoreadaily,other,
evakaz,other,
yaroslavtalks,other,
ryaztrep,other,
oktomsk,other,
Petrivska_TG,other,
istanbul_wolf,other,
vnexpressru,other,
yalta24,other,
nog_iriston,other,
evengeleaa,other,
AndreyArmand,other,
everydayrain,other,
Kolymaplus,other,
golyanovo_izmailovo,other,
Blagoveshchensk_true,other,
vokrugtech,other,
vol_gach,other,
ironzek,other,
olyasdiary,other,
russianirelandNashaGazeta,other,
OrenSpas,other,
hvatitboyatsya,other,
yelikbayev,other,
olga_prosvetova,other,
Kosachev62,other,
sakh_news65,other,
Artelmatbuotxizmati,other,
Artem_Nakhodka,other,
pavelrakov,other,
shestakovblog,other,
good_events_russia,other,
nedvijimost_SPB_dolgikh_realty,other,
sluzhba,other,
olggotovimprostodoma,other,
Anticor_Kharkov,other,
golos_live,other,
olga_shuranova,other,
olga_trigidko,other,
Katie_pro,other,
olgabrayne,other,
ohotnik_na_sviazy,other,
Pat04Chekkk,other,
ilyushinaaa,other,
ohhomeall,other,
Kaspiysk_true,other,
goar_avetisyan_tg,other,
karocheeto,other,
olgakuzyapisma,other,
rodinanasty8,other,
AnnaRose0102,other,
shatilova_liza,other,
KomsomolskAmur_true,other,
evonewss,other,
hyperomsk,other,
voprosi_gkh,other,
nerukhomiua,other,
volunteerstbilisi,other,
sibiryachka_tanya,other,
Derbent_true,other,
ngostella,other,
gtrk75,other,
zapravduorg,other,
MODcmi,other,
sitartur,other,
MoscowDigest,other,
siriusfederal,other,
newsboguslav,other,
waitmanfear,other,
zapostil,other,
wandererchannel,other,
operline_ru,other,
p_varash,other,
DrPhilby,other,
newsgomel,other,
rosstatinfo,other,
MR7ru,other,
goviritexpert,other,
zb_svao,other,
Murmansk_podslushal,other,
Grozny_true,other,
fkdacha,other,
niakavkaz,other,
pantus_live,other,
yugopolis,other,
Hadiachtelegram,other,
yuriy_shalabaev,other,
news_mukachevo_net,other,
DGONews,other,
MDK_LNR,other,
fluff_fashion,other,
news_of_moscow,other,
D_4an,other,
gubkin_on_line,other,
Grozniy_peace,other,
inkyiv,other,
vtss2,other,
japan_today_news,other,
sk_sitnikov,other,
rostecru,other,
inroshal,other,
newshortv,other,
Mariupol_Life,other,
since_1545,other,
wearesisters,other,
Evgeniy_Nifantiev,other,
Evpatoria_true,other,
Magnitogorsk_true,other,
sd_tumen,other,
free_moskva,other,
Fanderafandera,other,
Marina_media,other,
sd_talks,other,
Makhachkala_inside,other,
granicy_peterburga,other,
graf_fiction,other,
freeingria,other,
simferopol_tut,other,
GeRussia,other,
novostistolina,other,
MargulanSeissembai,other,
Evachug,other,
GlavTema_Narod,other,
MilHeliPilot,other,
instamaisto,other,
grinulya20,other,
Gorod_Orehovo_Zuevo,other,
rostislavishchenko,other,
forest_fairy_home,other,
MenyazovutValya,other,
oqplc,other,
rostov_afisha,other,
zampolitcom,other,
newslampa,other,
ozonmarketplace,other,
julia_gorni_official,other,
Gori_spb,other,
novostikieva,other,
yxyeli,other,
singantoleg,other,
warfakebelgorod,other,
newtechaudit,other,
zalesje,other,
what_the_day,other,
MBrazgovskaia,other,
firstclasspussy,other,
kamensk_61,other,
russialand,other,
ivanshitpostin,other,
irinapetrakova,other,
obrnadzorru,other,
obrech,other,
Info_Krasnoyarsk,other,
rus_jansen,other,
gazetaingush,other,
Buxoro24_Live,other,
histtales,other,
gazetahangalas,other,
obozrenienashmir,other,
influential_woman,other,
sergeykuprik_official,other,
voronezh36ON,other,
fctkobdotu,other,
newVeseloe,other,
oborona_Zhmerinka,other,
InsideTheStorm,other,
Fuguesblog,other,
gorodglazov,other,
netaniahurus,other,
neshevchik,other,
NovostroyM,other,
holakaksam,other,
Novosti_ovsem,other,
fancysmth,other,
Irkutsk_true,other,
farelyspace,other,
faridaily24,other,
LN1210,other,
zhurbomba,other,
InsightPeople,other,
ivanovnamd,other,
LastBP,other,
gazetametro_spb,other,
ochelyabinsk,other,
onf_voronezh,other,
Novorossiysk_crazy,other,
fastivnews,other,
NoviyUrengoy_true,other,
obninskinfo,other,
ourussia_peace,other,
sarkis_tsaturyan,other,
ypaliychuk,other,
Lubertsy_LIVE,other,
rqnst,other,
Nevinomyssk_Essentuky,other,
Nefteyugansk_true,other,
Chita_podslushal,other,
semen_yesylevskyy,other,
zelenogorsk_glavnyi,other,
gallaorolliklartv,other,
kalantiernaia_anna,other,
Civil_Society_of_Abkhazia,other,
gvozdey_7,other,
ourmoscow,other,
yudenich,other,
NeMochka27,other,
rusquad,other,
skmoscowgsu,other,
wherelovend,other,
Los_Angeles_Rabota,other,
filatofff,other,
ros_shorohov,other,
Nizhnevartovsk_true,other,
info_uz,other,
obkom48,other,
gazeta_bam,other,
Lipezk_crazy,other,
femilink,other,
kalugatoday40,other,
windowsonaurora,other,
zhertvykrasoty,other,
youthrussia,other,
harley_with_love,other,
sansaraprostir,other,
vovalvova,other,
vovchenkomarina_official,other,
ITB_est,other,
russecrets,other,
ILONA_LUNDEN,other,
novosti_block,other,
nigoh_01,other,
psychosexuall,other,
Sharon_AL,other,
politika_zagovor,other,
Yaroslavl_true,other,
tv_anna,other,
dailynews_israel,other,
polpred_dfo,other,
allenduell,other,
meltonsonya,other,
krasnodar_krasnodar,other,
altufyevo_lianozovo,other,
turchak_andrey,other,
megabitch,other,
polygraf_I,other,
superpowerru,other,
amelrus,other,
suslovhimki,other,
polytech_petra,other,
cup_of_tea_2022,other,
dailynews_peace,other,
mestopro_khv27,other,
kras_sunny,other,
dariamilk,other,
alekseev_dzr,other,
alekseevka_overhear,other,
michael_shraibman,other,
micemaria,other,
rbcrostov,other,
mhk_admin,other,
rbcgolos,other,
rbc_tyumen,other,
mgchuprina,other,
alexasuka,other,
subb_pon,other,
alexei_gorinov_2022,other,
politsturm_ukraine,other,
metanoy,other,
amurmedianews,other,
cumyshovy_kot,other,
amursovet,other,
svetlyi_ar,other,
krikknaroda,other,
posnovaalexandra,other,
cliffhangerchannel,other,
clear8conscience,other,
annaakhmetshina77,other,
maximtesli,other,
annakopyrneva,other,
krestmech,other,
cityonlineru,other,
maxandmama,other,
citycherkessk,other,
city161ru,other,
ci_newsblock,other,
matushka_life,other,
mayamanna,other,
club_shebekino,other,
analytics_empire,other,
krem_gromada,other,
tula_tula,other,
ttypicalkrd,other,
krddtp1,other,
tsug_mkala,other,
tsiskaridzenews,other,
tsikhanouskaya,other,
andreyopletaev,other,
angrycrust,other,
kremenchuk_info,other,
comtel_dnr,other,
mcrepostru,other,
mcrepostregion,other,
mchskrsk,other,
svetasharit,other,
miduralofficial,other,
alcest_m,other,
re_publicofArmenia,other,
polit_peace,other,
ab_market,other,
kor_vesti,other,
digital_keks,other,
misanthrop77,other,
digital_bar,other,
mirnohradmva,other,
achinsknabat,other,
kor1985,other,
dgpavlov,other,
ukr_now_ua,other,
stopcoronavirusrussia,other,
minzdravuo,other,
minyaylo_notes,other,
adm_samara,other,
a_chetyre,other,
dimaxoru,other,
mintrudpk,other,
disgustang,other,
mmargosavchuk,other,
redmsk,other,
starostinflix,other,
YuzhnoSakhalinsk_true,other,
mkhripko,other,
disgustingmen,other,
ukrpacificus,other,
dimitriy_savvin,other,
Za_kadrom_novosti,other,
mitino_org,other,
mitino_msk,other,
redfem,other,
Zlatoust_true,other,
kopeysk_sluh,other,
deputatSemaschkoPavelPavlovich,other,
mintrudoblasti,other,
alaniatvru,other,
dctrkomarovskiy,other,
agp_lnr,other,
strelkovgirkinrf,other,
ddlgdiary,other,
aif_yug,other,
tyumen_time72,other,
military_u,other,
aisttvru,other,
real_punkta,other,
akadem_news,other,
dayanaocoznay,other,
mikhailovsk24,other,
davletkill,other,
dasha_nahutoree,other,
typical_tyumen_72,other,
dearmothers,other,
afonya,other,
udmurtia_tgnews,other,
del_sur_al_norte,other,
koronavirus_Karelia,other,
koronavirus_saratov,other,
advice_uz,other,
denski_blog,other,
deni_mani,other,
minkult_crimea,other,
uawarinfographics,other,
uagirlsinpoland,other,
ministerstvotrudaRD,other,
affellandra,other,
realprilepin,other,
afficherodessa,other,
minagroprom,other,
kostromama,other,
chuvashia_tgnews,other,
truekpspbru,other,
chudniv,other,
businessclassnews,other,
belzhd_live,other,
pro_vol,other,
butovo_sherbinka,other,
pvross,other,
thekhimki,other,
butovo7,other,
lizzieasy,other,
pro_szao,other,
produman_TMB,other,
burka_daily,other,
buninskieluga_MoyDom,other,
lavrentyeva_space,other,
live_mos,other,
big_brother_oren,other,
logvinenko_rnd,other,
long_telegram,other,
profusion360,other,
tim_news,other,
caspianlive,other,
kyivoperativ,other,
tanya_and_me,other,
kyivregion,other,
pristan_poeta,other,
calombour,other,
taraktash,other,
belradio_1,other,
tarascha2022,other,
lovehatetaiwan,other,
kzpublic,other,
bykae4ka,other,
loove_yourself,other,
loonydrom,other,
bigbalashiha,other,
thebugged,other,
lunmisto,other,
lenajenkina,other,
brother_junior,other,
terobornache,other,
libertas_justitia_veritas,other,
teamnavalny_kld,other,
protokol27,other,
provalpodcast,other,
lenin0gorsk_city,other,
teslond1,other,
temny_nikolaev,other,
levoradikal,other,
levikblog,other,
tem_uz,other,
lera_stori,other,
bratsk_sluh,other,
pult_ot_televizora,other,
bntuby,other,
thebuchacity,other,
lighthouse_coase,other,
bipolarkrom,other,
ldpr48,other,
taynayave4erya,other,
bizon365,other,
putevod,other,
prokopchanka,other,
blogerstan,other,
bmrada,other,
tezkorozbekiston,other,
budem_bambit,other,
bloptop,other,
prorivists,other,
teti_mind,other,
life_udmurtia,other,
beb_ukr,other,
luxta_tv,other,
chudesnicknews,other,
mariel_tgnews,other,
army_peace,other,
marinakimm,other,
arskmedia,other,
kty_hmm,other,
marik_life,other,
art_svetlana_zhigimont,other,
syktyvkar_sluh,other,
arminsunny,other,
arturshlikov,other,
chetvertavlada,other,
torshina_e,other,
cheshire_tea,other,
toptygin43,other,
pravdapomor,other,
mariupol_1778,other,
chistopol_news,other,
assimakova,other,
chpvld15,other,
chs_togliatti,other,
truefeminist,other,
mashaivakova,other,
anyadeposit,other,
trueKherson,other,
krpnv,other,
arabstatesofgulf,other,
chp_chita,other,
pozov,other,
tretyakovaliza,other,
ramina_channel,other,
arhipovadasha,other,
ksd_bookclub,other,
chp_kizlyar,other,
kubanskienovosti,other,
chernivchanyy,other,
cayvxankendi,other,
balasheeha,other,
tmurino,other,
balakleyamer,other,
cenasreview,other,
balakovo_sobitie,other,
madam_kaka_allo,other,
prikubanka_krd,other,
lyubertsy_sos,other,
radicalrus,other,
rada_simashkevich,other,
lyalina_natalie,other,
barnaul,other,
kuzsoc,other,
bashkortostan_tgnews,other,
bashkortostan_vesti,other,
radfemlovesu,other,
kurtievofficial,other,
kuharuk_ruslan,other,
chechnya_tgnews,other,
t_borisov,other,
mamaia_ro,other,
atklatavaldiba,other,
topapopa,other,
radionodru,other,
ausguck,other,
chebmedia,other,
taksebeyarik,other,
kurochki_govoryat,other,
tagpravda,other,
maitanov_online,other,
mahchzo,other,
centr78,other,
todo2go,other,
dksibru,other,
zyundex,other,
Triukhan,other,
mosmap,other,
emnaumov,other,
nadinkalife,other,
kharkovchanee,other,
RodinaArm,other,
vaniyannara,other,
Romanov_YouTube,other,
msuprotest,other,
vanyazabeygroop,other,
Roslikovs,other,
eletsru,other,
Saratov_peace,other,
RussCorps,other,
nabchelnyofficial,other,
mykrop1,other,
Rostov_true,other,
donetsk_chp,other,
donnewsru,other,
elenarodinastar,other,
sponsor_gip,other,
varvina_n,other,
vashasofastar,other,
khabpolitcentr,other,
Tyumen_podslushal,other,
Severodvinsk_sobitie,other,
nagora_coalanalytics,other,
persono_russia,other,
personetelegram,other,
UlanUde_true,other,
sparta_md,other,
UkrainianWitness,other,
Surgut_podslushal,other,
dvaplustwo,other,
kogalym_city,other,
nakrygisvoya,other,
kinadm,other,
kobzevmusic,other,
energadartoday,other,
empty_clear_bottles,other,
regpolitic,other,
vadimtokar,other,
reka_peremen,other,
URWrong,other,
UKMinistryofDefence,other,
donbass_porozhnyak_ne_gonit,other,
Shahti_podslushal,other,
Tzhvzhik,other,
Tyumen_true,other,
dulapchiyinfo,other,
kirmosinfo,other,
domnaskale,other,
myronivskaTG,other,
kkanivfm,other,
solncevopark_online,other,
drugoinnov,other,
SturmanG,other,
mozhgatodey,other,
vidnovlennia,other,
verdachtig,other,
elan2220,other,
SZFO_shnaya,other,
philosophycafemoscow,other,
spletniryazani,other,
veronika14,other,
Rybinsk_sobitie,other,
dr_liveseee,other,
pluggedin,other,
rgsila,other,
drogerieretailexperts,other,
msimonyan,other,
plohayaQ1,other,
drozdenko_au_lo,other,
pilachz,other,
drromanovskaya,other,
electorium,other,
dprom,other,
vdlibrary,other,
SaferoStreamInfo,other,
Stavropol_true,other,
msk_nov,other,
repatriarch,other,
mototroopers_205,other,
solenyushi,other,
dubinatv,other,
dpc_chukotka,other,
Samarqand_Samarkand,other,
dubai_media,other,
Samarainside,other,
Tochka_Irkutska,other,
vijnorilska,other,
ToShtoTreba,other,
StranaRosatom,other,
Samara_tru,other,
Stremousov_Kirill,other,
dsoloveev,other,
dpiter,other,
pnzhunta,other,
klassnoe_pp,other,
report_dalnegorsk,other,
Soligorsk_Molodechno,other,
kdpiter,other,
domkzn,other,
RIAbur,other,
VzglyadNewGov,other,
efironlinekazan,other,
mursvinopas,other,
Putinspeaks,other,
reginfo51,other,
vesti_kursk,other,
kavkaz_tgnews,other,
Voronezh_vesti,other,
Vornadzor,other,
dnezha,other,
pogranpost,other,
SkiperKakao,other,
pogrankg,other,
usivoho,other,
kavkaz_uzor,other,
murmansk_chp,other,
sn_gazeta,other,
uspehrussiatoday,other,
molokopluss,other,
sn_ust_labinsk,other,
region63ru,other,
sovest_propagandista,other,
smitrich,other,
kommersantvrn,other,
vladivostokfm1064,other,
mvd_zp,other,
educationBiz1,other,
khersontsi_news,other,
khmelnytskaODA,other,
unisolidarity,other,
Yakutsk_true,other,
katya_valya_dnr,other,
unpleasent,other,
mvd_23,other,
risk_training,other,
moiseev_eugene,other,
pokrovskaya_life,other,
mvremya_nv,other,
Simferopol_podslushal,other,
mvstories6421,other,
vladimirstus,other,
uporkr,other,
XabarDon,other,
dmitrykrikun,other,
kommunistru,other,
komitelega,other,
reporterakipress,other,
Smolensk_crazy,other,
ealehin,other,
enter_ufa,other,
monstervapor_ru,other,
Vladikavkaz_podslushal,other,
VelikiyNovgorod_true,other,
dobrojournal,other,
VVV5807,other,
morozov_live,other,
snegur_kstrm,other,
kaztag_tg,other,
RamonSosnovskiy,other,
VGA_Skadovsk,other,
Sobchak_x,other,
dolceritaa,other,
UznikOnline,other,
kolomna_sobitie,other,
RU_S_INT,other,
usywilly,other,
ebanulisnews,other,
my_verschroben,other,
eqsrb,other,
soshelsorbiti,other,
my_tash,other,
ust_social,other,
enikeeva_aliya1,other,
RealPaulova,other,
v_kratce,other,
ebzeevarita,other,
monitor_24,other,
epixnews,other,
komissaro8a,other,
sputnikfm107,other,
piter_zapiski,other,
zentrizm,other,
zeniasofronovHQ,other,
soskurakhowo,other,
pravitelstvokbr,other,
predsedatelprav,other,
tmn_bgregion72,other,
romashovalife,other,
tomsk_incident,other,
open_khv,other,
sarikandreasyan,other,
saniatv,other,
vesvich,other,
romanryabtsev,other,
tohiddenn,other,
today_kzn,other,
tochkaby,other,
radioozodi,other,
zero2one,other,
zheldormash,other,
parus_uprugiy,other,
tooseriousnotes,other,
vezhlivo_ru,other,
openmonte,other,
piratepartyru,other,
sasha_pishet_pro_berlin,other,
slivivzsu,other,
sashagalperina,other,
tomskregionadmin,other,
openchina,other,
tactialjewchannel,other,
partizany_crimea,other,
zemolodizhka,other,
voloil35,other,
unipage_study_abroad,other,
tmbcan,other,
smolleaks,other,
terrafreedom,other,
prostinas,other,
vit_rus_vit,other,
tetyushy,other,
tbalykkyz,other,
olgagajienko1,other,
tezkor24official,other,
rianewsbr,other,
tgposlealisa,other,
the_chmonya,other,
vodolagainfo,other,
zoritabasarana,other,
pe4atni,other,
olvoitko,other,
project_newss,other,
taxology_russia,other,
rnbrndm3,other,
personalwine,other,
taur_moldovenesc,other,
sabatannars,other,
vitaverin,other,
slkgn,other,
prosto_o_KS,other,
oleg_lekmanov,other,
russvolcorps,other,
psrmmd,other,
zygarro,other,
vlagr,other,
psysolve,other,
pskov24,other,
telesanch0us,other,
risovaniemak,other,
rise_yulia,other,
temshik09,other,
tengrialmaty,other,
proza_val,other,
rivniany_news,other,
tereveni_viyna,other,
rizhaya_belka_home,other,
vn_black_list,other,
terevkov,other,
protenge,other,
profstannis,other,
robusto_va,other,
voenniikadrovik,other,
thegorod,other,
privatmnenie,other,
pristavy_day,other,
volgograd_24,other,
ziganshaor,other,
volgosluh,other,
soliar_news,other,
printerfort,other,
princesssohot,other,
tinyukov,other,
zhuttiazachepylivchunu,other,
phasetoday_ru,other,
tambovstories,other,
vidnoecity,other,
samburskaya_tg,other,
slova1000,other,
talkauthentic,other,
sammyfam,other,
rad_fems,other,
tlinia,other,
vika_moka,other,
zlatakisa666,other,
quarantineinberlin,other,
onastasiz,other,
omelnichenko,other,
rodinamatzovet,other,
tatipetrishcheva17,other,
pvllys,other,
omsk_vesti,other,
vojevatovlev,other,
sochi_longrid,other,
sochi_vteme,other,
sofaspecialforces,other,
qorasuvhabarlari,other,
salavat_sluh,other,
thingsiread,other,
tarrelko,other,
ruspolitology,other,
petrovskie_vesti,other,
vika_tsyganova63,other,
prnktv,other,
zlatoust_sluh,other,
pravdaserm,other,
poytaxt_uz,other,
syzran_sobitie,other,
yakovlevnews,other,
strichka_ua,other,
shalompsihdom,other,
typova_der,other,
tyrasbaibak,other,
ritamarso,other,
sirius_okrug,other,
rubtsovsk_sluh,other,
v_novynskyi,other,
v_kurse1,other,
real_kgn,other,
vzpinfo,other,
u_crimes_brn,other,
ostroget,other,
yakimanca,other,
v_averianov,other,
yainfo,other,
regionality,other,
sputnikuzbekistan,other,
podslushano_tatarstan,other,
yabloko_press,other,
stroi_mos_ru,other,
oskAdm,other,
xyinisda,other,
orsk_sobitie,other,
yawebmaster,other,
tverskey,other,
rosreestr_news,other,
ruj_media,other,
tvjihad,other,
subbotin_online,other,
tvoi_kuzbass,other,
yarusskiy,other,
vtretyakov1953,other,
yarmakandriy,other,
sproletarky,other,
yarinsurvival,other,
politsmol,other,
valuspavluh,other,
vv_forostyanov_igosk,other,
sexbimba31,other,
yanyaru,other,
tvtambov,other,
palata_kogut,other,
v_vlashchenko,other,
real_tagil,other,
ustozlar_uzbekistan,other,
south_position,other,
whereisdariaa,other,
stavregion_oficial,other,
weatherwasawesome,other,
redeurasia,other,
redirkutsk,other,
sidorovasay,other,
white_in_africa,other,
unsanctioned,other,
ukropernews,other,
stav26_stv,other,
ourspb,other,
otyumen,other,
ovozisamarqand,other,
stasiamom,other,
roszdravnadzor_official,other,
rozvitok_rozgi,other,
uksatse_official,other,
shymkentonline,other,
reelsmuseum,other,
overhear_volzsk,other,
siburofficial,other,
uralsk404,other,
uralskweek_official,other,
realua1,other,
ssmitrohin,other,
osvita_ukraine,other,
otec_telega,other,
other_rules,other,
udmabo,other,
podslushanovsolnechnogorske,other,
politdisco,other,
rostov_na_konu,other,
realxhy,other,
politcentr,other,
otkrovenya_minvod,other,
polinassay,other,
stopthefaggots,other,
simple_kot1,other,
workingincrypto,other,
otstavnik,other,
ukraineneveragain,other,
uravseok,other,
shpionowa,other,
withothers,other,
rsm_official_tg,other,
podkoverka,other,
yazvaodessa,other,
ybp_mdru,other,
spbgorod,other,
pp_foodpro_tg,other,
rammil_zamdykhanov,other,
respublikaKZmediaNEWS,other,
svodkasayansk,other,
rapoportnatalia,other,
spb_yabloko,other,
trudovoyrezerv,other,
ros_mir,other,
seajob_forum,other,
spbmkru,other,
ronin_dag,other,
zaekad,other,
stanokspace,other,
rusish_42,other,
zabrab,other,
rasaitam,other,
voshodnews,other,
trueneva,other,
svgr_gov_ua,other,
potatomedia,other,
ramilka_alimka_chat,other,
raketna_neb,other,
tv1_odesa,other,
zarubinreporter,other,
sashaspilberg,other,
symchyshyn_oleksandr,other,
zdravijsmisL,other,
volyavelikaya,other,
towergroupagency,other,
syktyvkar_sobitie,other,
zavidushkimoi,other,
toyama_tokanava,other,
zaryadyehall,other,
vesti_sakhalin_kurily,other,
veshidoki,other,
savchikhina,other,
parqubud,other,
traditional_union,other,
radiyhabirov,other,
sayanogorsk1,other,
zaporizhstal_official,other,
railways_kz,other,
ruslomcom,other,
raionnie_baiki,other,
rushydro_official,other,
yuzhnoSakhalinsk_sobitie,other,
yuzhnoSakhalinsk_sluh,other,
vsolodovbrief,other,
pond_of_Slime,other,
youngcodersteam_official,other,
youllbeheard,other,
rosneftofficial,other,
ponaehalee,other,
vsebudethorosho,other,
rbc_kaliningrad,other,
ymbatka,other,
surgutneftegaz,other,
turalkerimov,other,
skovoroda,other,
superbrodyagi,other,
turborezhym,other,
skaz_spb,other,
vasiileevaa,other,
suisai_sergei_teplykh,other,
vsyatakayamongayt,other,
po_volgogradski,other,
tusovochk,other,
tutkavkaz05,other,
pool_56,other,
vecherka_tj,other,
vr_medinskiy,other,
tsehakron,other,
parents_info,other,
rat1uzivo,other,
ravvcorn413,other,
poshuk_znyklyh,other,
yuritabachtv,other,
poshelnahuymedia,other,
porusski,other,
velyamedia,other,
yumaks,other,
sveta_bugela,other,
selihovkin,other,
vpkgovby,other,
semyonefimov,other,
vpolezreniyaproekt,other,
orehovo_borisovo,other,
tsarofkazan,other,
skopetro,other,
tsechoev,other,
razgovornyj,other,
smi_menzela,other,
AAMO26SK,other,
ana_stasia_vs,other,
anvireadanvi,other,
mahavsekruto1224,other,
andreyivashkochanel,other,
andry_alice,other,
magera_pro_vybory,other,
magadan_magadan,other,
annamaliar,other,
anniolletta,other,
antifake05,other,
antikornews,other,
lyukmedia,other,
lybnusvitlo,other,
antresol_avia,other,
anyaischukkkk,other,
andrejdevyatov,other,
lvivVScoronavirus,other,
araabramyan,other,
arabicafrica,other,
araikgalstyanmoscowschool,other,
arcaxinfo,other,
archzhest,other,
lpksibiri,other,
lovuska,other,
lovessfat,other,
ardimatova,other,
lovemoscow24,other,
loveinthefuckingworld,other,
andrey_chibis,other,
mairbekv,other,
artek1925,other,
alkokomment,other,
alena_ily,other,
alenamamyy,other,
mashatill,other,
masha_machere,other,
marmarrries,other,
alexgoldengirl,other,
markofglory,other,
marivoyage,other,
mariupolxm,other,
alisazabaikalom,other,
alja_hajtlina,other,
mariannaeliseeva,other,
margottown,other,
make_A_great_again,other,
allkhimovaaa,other,
allnews38,other,
alphynarium,other,
manilounpizdit,other,
altai_tgnews,other,
altufyevo_i_ryadom,other,
man_of_a_thousand_faces,other,
iivuz,other,
ananev_mitrofanova,other,
anastasi_mai,other,
anastasiya_golovinova,other,
makedonskaya_chatt,other,
arisha_monika,other,
artem0limp95,other,
alarmcase,other,
bolotova1175,other,
bgnews0001,other,
levsd,other,
bigbabykate,other,
binklbinkl,other,
birmanalex,other,
blablawomann,other,
black8mirror,other,
bladerunnerblues,other,
blogodel,other,
bloom_tomabloom,other,
boduma32,other,
bogorodskiy360,other,
bolshie_nadezhdi,other,
berezniki_sluh,other,
books_ya,other,
len_oblast,other,
bookswithklishin,other,
lemonkansk,other,
lemenovcalling,other,
borodutch_tg,other,
boryspilnews,other,
br_vorchun,other,
bratsk_sobitie,other,
ledorub_merkadera,other,
lawlyrics,other,
lavrentievoastrovskie,other,
best_isp,other,
belpressa,other,
artyukhov_da,other,
bab_nata,other,
asi_info,other,
lncnews,other,
asiantop,other,
asianvestnik,other,
asluk,other,
ast_news,other,
astrovedu,other,
livson,other,
live_41,other,
aviation21,other,
avturow,other,
lirika_project,other,
bananshina,other,
liasteffiii,other,
lifeytnews,other,
bandergood,other,
lifewithHanna,other,
baranova_dary,other,
bashkinalex,other,
lifepicnic,other,
belarus242424,other,
life_dagestan,other,
lietomerealty,other,
lichtwarts,other,
belarustractors_official,other,
beloedelo,other,
alekayloza,other,
aktau911,other,
Saransk_true,other,
Tyumen_peace,other,
TirazhKZ,other,
Tolyatti_crazy,other,
Tolyatti_peace,other,
Tolyatti_true,other,
molparlsochi,other,
Tomsk_peace,other,
molotovartur,other,
Tomsk_true,other,
Toshkentliklar_Uz,other,
TravnikovAndrey,other,
molodinamari,other,
molodechno,other,
moishblog,other,
TheHeartofEurope,other,
UFOattack,other,
moiarussia,other,
Ukrain_go,other,
UlanUde_podslushal,other,
Ulyanovsk_inside,other,
Ulyanovsk_podslushal,other,
UzNews_Novosti,other,
VGA_Alyoshki,other,
VGrudina,other,
ValentinaMiller,other,
Vesti_Kyrgyzstan,other,
ViZHuvizh,other,
The_Circassian_Times,other,
mordovia_tgnews,other,
mironov_fm,other,
Sochi_podslushal,other,
Sargon_Hadaya,other,
Sevastopol_true,other,
Shahti_crazy,other,
Shchyolkovo_true,other,
SheglovkaNews,other,
mpolitika,other,
mozhaisky,other,
Simferopol_crazy,other,
moyastranagordost,other,
moy_pyatigorsk,other,
Smolensk_podslushal,other,
Smolensk_true,other,
motiv_news,other,
The39news,other,
mother_anarchy_69,other,
mosvol,other,
Sochi_vesti_23,other,
SocialClubKray,other,
moskvamoskow,other,
Syktyvkar_crazy,other,
mosknovosti,other,
Syktyvkar_podslushal,other,
T_Barin_channel,other,
moscwtoday,other,
TatyanaTolstaya,other,
mos_novosti,other,
mironovanastasiia,other,
mir_osobennogo_simki,other,
aksutenko,other,
admkrai,other,
metallplace,other,
abon_original,other,
achikato54,other,
acneblog,other,
adavatamota,other,
meriyabir,other,
melregion,other,
melkonian_sergei,other,
melitopol,other,
adm_vrn,other,
admarginem,other,
admirk,other,
mediazonalinks,other,
ZolotyeSlova18,other,
mediayalta,other,
adventureguber,other,
media_echo,other,
agabuev,other,
mchs112by,other,
agnazarov,other,
mayorthunder,other,
agp_yalta,other,
agrotrendru,other,
maydecree,other,
aisen_nikolaev,other,
maxifednews,other,
metlapress,other,
Zoia_Vovk,other,
Volgograd_podslushal,other,
mimoproh,other,
Vologda_crazy,other,
Vologda_peace,other,
Vologda_podslushal,other,
Vologda_true,other,
Voronezh_cult,other,
minobrkubaniofficial,other,
VostokToday,other,
WOZEL23,other,
WineTastingMsk,other,
XORAZMLIKLAR,other,
XORAZMLIKLAR360,other,
YANAO_official,other,
Yaroslavl_peace,other,
ZelenaKRb,other,
millergena,other,
Yekaterinburg_peace,other,
milkmulatkachat,other,
YoshkarOla_lyudi,other,
YoshkarOla_podslushal,other,
mikita_franko,other,
mihailovka34,other,
miass_sluh,other,
ZNResp,other,
ZaEcology,other,
Zafarbek_Solijonov,other,
ZarnadzeAleko,other,
lasombrian,other,
brosok_mangusta_Z,other,
brosok_petra,other,
fromkareliawithfreedom,other,
kamchatkalife2022,other,
kamchatka_news,other,
kamchat0,other,
five_kop_outdoor,other,
flagshtok,other,
kaktus_media,other,
kakieknigi,other,
kak_polozeno,other,
forish_forishliklar,other,
franik_ua,other,
kadabrus,other,
kabachok_tertishnogo,other,
k_gubareva,other,
fishmanmish,other,
frosik_frosy,other,
fsvps_official,other,
fxinspace,other,
galyaaisha,other,
juliarussianspirit,other,
gamenews_web,other,
julia_chicherina,other,
judische_Frau,other,
gasandmoney,other,
gasification_news,other,
gazeta_industriya_severa,other,
gazeta_zori,other,
fispeckt,other,
first_morskoy,other,
georgia_man,other,
etudes_avec_accent,other,
kavkazgolos,other,
eltuz2022,other,
kaufmanmk,other,
katzprognoz,other,
katyarazreshila,other,
erololi,other,
katevoynova,other,
es_blog,other,
etc_by_lukina,other,
eto_ne_ellival_detka,other,
etozhekoval,other,
kate_pozova,other,
karpova_viktoria,other,
fentanyltunnel,other,
karinaVIP,other,
karelia_tgnews,other,
famousrockchannel,other,
karavanahuitelnyhistoriy,other,
karachaycherkessia_tgnews,other,
kapitankenguru,other,
fe_city_boy,other,
fearstop,other,
kanzori,other,
kanskirazpizdai,other,
fedin_papa,other,
kanevskaya_com,other,
genprocrf,other,
jangsty,other,
langauer,other,
infmoscow,other,
gunteresa,other,
interbrigady2022,other,
hakinc,other,
insider08,other,
inozemtsev_dumaet,other,
hello_spb,other,
help_information,other,
informatsia_obstanovka,other,
holosameryky,other,
infodeserteur,other,
honeyhannni,other,
infoZa_Russia,other,
indignant62,other,
gss_sochi,other,
horselivesmatter,other,
independent_moscow,other,
incruss,other,
hrendyabliki,other,
humanitarna,other,
humpolitic,other,
humusfable,other,
impostorlife,other,
ilvir_nurdavlyatov,other,
ilinskoe_news,other,
ilahayoo,other,
icyyyy,other,
guljantv,other,
grubnero,other,
gge_ru,other,
golostorami,other,
ghostsever,other,
izvestia64,other,
izhsider,other,
girlfriend_stories,other,
ivnvo,other,
ivetti7,other,
glossua,other,
gluxixnet,other,
itwasforvarya,other,
goar_avetisyan7,other,
goldinsidde,other,
golkby,other,
goodnews_goodtimes,other,
ipcourtpractice,other,
islandchechen,other,
gorodovoy38,other,
gosdumaem,other,
government_relations_group,other,
irkdzen,other,
graivoron_okrug,other,
irk_messenger,other,
irinamarclay_official,other,
irikina,other,
grey_zone,other,
gromada_kieva,other,
irabogunchik,other,
kazakovi_life,other,
kazan_tatarstan_vesti,other,
kazanchp16,other,
kriminal_irkutsk,other,
chinaustigercowboy,other,
ksuuuuu_govorit,other,
chp_novoalexandrovsk,other,
ksenyaboletskaya,other,
chpulsk,other,
chto_vzyat_vb,other,
chuvinform,other,
city16kazan,other,
cn_chuguev_news,other,
coachpolishuk,other,
combat_cypress,other,
commonscomua,other,
krilishkami,other,
kulturagrodno,other,
corlive,other,
kremlininfo,other,
crimeanashe,other,
cryptozbro,other,
krd_detka,other,
kraypress,other,
cumatru,other,
customs_rf,other,
krasnoyarsk_true,other,
krasnoyarsk_crazy,other,
cyber_MipZ,other,
krasnogorsk_mammy,other,
kuda161,other,
kurganinskie,other,
elena_drapeko,other,
camon_edward,other,
brusko_ru,other,
bssuz,other,
bufetspeakout,other,
lagouchka,other,
burassr,other,
buro174,other,
buroics_taxi,other,
buryatiaofficial,other,
butovo_life,other,
byxanikca,other,
kypyansk,other,
kypurnet,other,
caphard,other,
kursk_novosti,other,
capitalno,other,
cbnua,other,
kyivregione,other,
celebelegan,other,
centerasiastudy,other,
chaadaevamaria,other,
champagne_squirt,other,
kvgazetaRU,other,
kuznet_skuzn,other,
kurumkan_datsan,other,
kurskseichas,other,
chergovii,other,
krasnodarkrasnodar,other,
cynicalcommies,other,
d_o_b_r_o_r_u,other,
ebanemsya,other,
dokuchonlain,other,
dolgoletieMO,other,
dolinaofficial,other,
kitty_soloma,other,
kishlak_family,other,
dplatonova,other,
kirovportal,other,
kinets,other,
dunyo_xabariuz,other,
dymkamchatki,other,
dzerzhinsk_sobitie,other,
e_v_olution,other,
eco_industry,other,
kpstav,other,
kherson_novostim,other,
eduard_kuznetsov555,other,
kherson_borsch,other,
khasavyurt_sluh,other,
khartsyzsk_press_office,other,
kharkivnovyny,other,
eiriteltv,other,
ekaterina_dukhina,other,
ekaterinasinitsynasantoni,other,
ekaterinavolkovaactress,other,
eksandthecity,other,
elclassicoBand,other,
klimovcom,other,
doctorwine,other,
kmv_express,other,
doc_tax,other,
dagestan_tgnews,other,
kpsakh,other,
kpkhv,other,
kp_volgograd,other,
dankakriv,other,
kovrov_sluh,other,
daryo_kirill,other,
daryouz_dunyo_yangilillar_uzbek,other,
dashkofa_official,other,
defender062,other,
korotko_o,other,
kormukhin,other,
denisova_liudmyla,other,
koraxabar,other,
deputy9district,other,
kopeek29,other,
dharma1937,other,
diaanabondar,other,
konovalov_khakasia19,other,
kommersant18,other,
dimasblog333,other,
disabilityRU,other,
komi_tgnews,other,
kolomna_sluh,other,
dobroe_news,other,
Saratov_podslushal,other,
ikotika,other,
Kostroma_lyudi,other,
Novoshakhtinsk_true,other,
nvk_sakha,other,
Noh_Che,other,
Norilsk_true,other,
navodka_na,other,
DigitalRightsCenter,other,
nyankate,other,
DiasporaGovAm,other,
Novorossiysk_podslushal,other,
Novosibirsk_podslushal,other,
nachasi_com,other,
Novosibirsk_true,other,
o31rf,other,
NovostiChelyabinsk,other,
DenMinPR,other,
DemasterCristalix,other,
o_turchynov,other,
Daria_Kaplan,other,
Noyabrsk_true,other,
Nizhnynovgorod_true,other,
Nizhnevartovskd,other,
Nizhnevartovsk_crazy,other,
nurafshanziyo,other,
Naturecop,other,
Nazran_true,other,
NePsvo,other,
EgovKzBot2_03,other,
Necheporenko_Denys,other,
New_York_Novosti,other,
DokukinIvan,other,
nedyalkovairina,other,
NewsAgroRussia,other,
nucdprk,other,
nur_adm,other,
NewsKhersonLife,other,
Nizhnekamsk_lyudi,other,
Nizhnekamsk_sluh,other,
Nizhnekamsk_true,other,
ne_bigudi,other,
ne4ay,other,
Odintsovo_true,other,
DVPasler,other,
nataliagrace,other,
narodnaya_hramada,other,
Patronews,other,
PavelKochkin,other,
Pavliuk_KSV,other,
BroDude_ru,other,
Penza_true,other,
Perm_cult,other,
Pervouralsk_true,other,
Bratsk_true,other,
BorisAkimov,other,
Pilnikova_biz,other,
PirOperative,other,
Platforma_showroomm,other,
Podolsk_crazy,other,
odkb_csto,other,
Podolsk_podslushal,other,
odon_vng,other,
Bittleguaka,other,
Bryansk_podslushal,other,
narofominsk,other,
OlegBoikoMilitaryLeaderSMARTbook,other,
PatriotLAWyer,other,
Oleg_Gann,other,
ChernivtsiCityCouncil,other,
nastenkinapomoika,other,
Cherepovez_true,other,
Olot_Alat_tuman_xabar,other,
octagon_ural,other,
Cherepovets_peace,other,
OrekhovoZuevo_true,other,
nashygoroda,other,
Ozbekistonn_tyuzbekk_unchamuncha,other,
PROKursk,other,
Cheboksari_podslushal,other,
odessa_hello,other,
nashasvisloch,other,
Cataclysms,other,
Castaneda2020k,other,
Pashu_aboutbusiness,other,
nenenastye,other,
Elec_true,other,
neperemen,other,
KoreaSNG1,other,
IA_VGOLOS,other,
Krasnodar_podslushal,other,
Krasnov_55,other,
KubTube,other,
nicolai_khalezin,other,
Hurfikruznews,other,
Helen_yes1,other,
Kyzyl_true,other,
LinaArifulina,other,
Lipezk_podslushal,other,
nextabel,other,
Lobnya_Podslushano,other,
notsvb,other,
Harkivlife,other,
newsprotatar,other,
Hajun_BY,other,
MAYDAYMog,other,
Kostroma_true,other,
KomsomolskAmur_podslushal,other,
MagadanRegion,other,
Kommunar_Ussuriisk,other,
nn_sobaka_ru,other,
KamenskUralsky_sluh,other,
Kaluga_crazy,other,
Kemerovo_inside,other,
noetkovcheg,other,
Kemerovo_peace,other,
Kaliningrad_true,other,
KSP74,other,
Izhevsk_true,other,
Izhevsk_crazy,other,
KhomenkoRoman,other,
Ivanovo_true,other,
Irkutsk_crazy,other,
KlgMechta,other,
IranPakistanAfganistan,other,
nikysarang,other,
nosovlive_ru,other,
MDJHX,other,
novgorod_tv,other,
Elektrostal_true,other,
novostikz,other,
GDPRru,other,
newkhakasiya,other,
FilimonoviBLOG,other,
EvilOrisBrut,other,
novostisanktpeterburg,other,
EternalMuscovite,other,
Nabludatelvtomske,other,
NaftogazUA,other,
Energetika,other,
Elista_true,other,
netsna_channel,other,
novostyz,other,
Nalchik_true,other,
Natalya_zayceva,other,
ElenaValushkina,other,
neskuchnyj_russkij,other,
nepryakhin,other,
N8oyabr,other,
GalinaMinaeva,other,
HaifaRu,other,
Murcci,other,
Magnitogorsk_podslushal,other,
Makhachkala_podslushal,other,
Masha_Domaa,other,
Gudokru,other,
Masher_63pokupki,other,
GosdepSHA,other,
MaximGorkyNN,other,
novosti_butovo,other,
GonzoWar,other,
news_sev,other,
Moscow_true,other,
GlavnyNewsBelarus,other,
news_mrg,other,
MoskvaRuss,other,
Gladkov_l,other,
GeoPolitico,other,
news_korea,other,
Politof,other,
Kazan_podslushal,other,
ohotniy,other,
na_slovah,other,
Berezniki_true,other,
Balakovo_true,other,
ProSeverouralsk,other,
mygrani,other,
ReadMithgol,other,
ProtocolMFK,other,
Beqanews,other,
ProUral,other,
Samara_cult,other,
AzovstalFamilies,other,
my_pomoshnik,other,
Aleshkovski,other,
na_tatami_jp,other,
Pro_Troll,other,
na_begu,other,
officialbiden,other,
ALONEALO1,other,
RabbiMikhailFinkel,other,
na_remonte,other,
Rostov_podslushal,other,
SVnewsRozdilna,other,
ArtSchizophrenia,other,
Prokopyevsk_true,other,
AniLibriaLupin,other,
Pro_smarent,other,
Barnaul_podslushal,other,
Rudenko_reporter,other,
Angelina_novoselova888,other,
Real_Hot,other,
Barnaul_peace,other,
BeholderIsHereHub,other,
Ruzhgrom,other,
Balashov_volsk,other,
Rostov_crazy,other,
PonochevnyiSpeak,other,
PressCourt,other,
Pyatigorsk_sluh,other,
ABesNews,other,
PskovskiyPravdorub,other,
oldhellboy,other,
myaorri,other,
RepublicofNorthernArtsakh,other,
RealdocProductions,other,
okfacts,other,
AiFHab,other,
AishkaDishka,other,
RussiaBeGood,other,
sputniksrbija,other,
starhitru,other,
yuliamilkis,other,
honest_belarus,other,
sputnik_strogino_news,other,
samara_togliatti_vesti,other,
doitonlynow,other,
Grozny_crazy,other,
Grudin,other,
zubarevich,other,
dokuchaevsk,other,
salaRodezii,other,
AndijonRadarReyd,other,
dobro_2ch,other,
dkanpasso,other,
GwinGlade,other,
dnr_live,other,
dobrovolci_chechnya,other,
holidayhomes,other,
horevica,other,
dnipronewz,other,
dnepr056ua,other,
AkkermanOfficial,other,
doctor_at_work,other,
salekhard_admin,other,
hotnewsbataysk,other,
dn360,other,
doctorintouch,other,
yumiliya_fm,other,
Alexander_Nevzorov_m,other,
dlyaponimaniya,other,
doctorkhanstanislav,other,
spivachuk,other,
domidvor,other,
sosedi_vao,other,
oleg_shein,other,
herissonrenard,other,
zoyazooo,other,
ecolife,other,
edinorosss,other,
southlands,other,
G_demerdji,other,
GORDEYLIVE,other,
sankt_piterb,other,
edunetflix,other,
sosedi_primorskiy,other,
GazpromNews,other,
sosedi_otradnoe,other,
sorokatih,other,
sanktpeterburgs,other,
GEOSHOW,other,
eg_voronov,other,
sophakuper,other,
egovpress,other,
sonic4g,other,
AntonShagin,other,
sanyaketova,other,
echo_spb,other,
samsonov_a_a,other,
dominickrow_blog,other,
druzhnyyrayon,other,
donsimonlive,other,
GlorijaGrevcova1,other,
double_solid,other,
Globin_problems,other,
hist_reflects,other,
z_correspondent,other,
dprof_na_mzd,other,
dpssgovua,other,
drama_queem_lilking,other,
dima_ermuzevich,other,
dtsvet03,other,
highway_inflames,other,
dumaiIte,other,
spblpr,other,
dumersky,other,
za_biznes27,other,
durnevportitvse,other,
dyadyaHabib05,other,
himki360,other,
hikkannumber1,other,
dyuzhakin_channel,other,
zabastcom,other,
housegovby,other,
stolcomlive,other,
howtosashanovikova,other,
daryaleto,other,
Izhevsk_inside,other,
cybersotnik,other,
AGA_LNR,other,
IvanovskoeMSK,other,
sabelgera,other,
czeshka_secrets,other,
czseznam,other,
hypnomarketing,other,
d_willis,other,
Istochnic_i_litera,other,
IsraelInRussia,other,
dagon_official,other,
Irina_Blonskaya,other,
IrinaBabloyan,other,
sugrob_info,other,
sugarfreecharity,other,
danekamun,other,
hyperduh,other,
hyevuy_alex,other,
danykuuu,other,
dariabeloglazova,other,
dariko_pro_remont,other,
youth_hotel,other,
Izhevsk_podslushal,other,
customsrf,other,
i_comments,other,
countryfreekherson,other,
cnlegal,other,
rustamnabiev92,other,
Kazan_cult,other,
KateClappTelegram,other,
yasno123,other,
cononovanail,other,
cooleach_timetravel,other,
Kaparzo_Islam,other,
KamenskUralsky_sobitie,other,
igorserov_26,other,
crazyfreemedia,other,
Jaxon_Yangliklar,other,
crazypower1,other,
Kaluga_podslushal,other,
idench,other,
yedempomoskve,other,
csskatana,other,
ichkeriaoplot,other,
iamnotstable,other,
culture_contact,other,
i_samoilenko,other,
JustBusinessUA,other,
stryzhak,other,
sadpigeonefamily,other,
stbua,other,
sagoloborodko,other,
huevoe_kosiora,other,
yubiley_izumrud,other,
Himki_crazy,other,
derbentskiyrayon_official,other,
desna_gromada,other,
devilonpointshoes,other,
dg_abm,other,
hsealumnichannel,other,
sakhalinonetwo,other,
yugaru,other,
Hdr0_one,other,
yujno_zapad_moscow,other,
stolitsamsk,other,
dialogikchr,other,
sonelchentalks,other,
stoiknestonet,other,
dialogtut,other,
sterligoff_official,other,
difficultiesofselfsearching,other,
Adushkinaa,other,
stepensvobody,other,
stenyakina_ep,other,
steklevko,other,
denilkhanov,other,
den_migal,other,
strana_tuaregov,other,
strelanaz,other,
APDevyatov,other,
ImpNavigator,other,
sailorgrapes,other,
youtube_marina,other,
strizhenovaekaterina,other,
daskept,other,
saintp_78,other,
datafeeling,other,
davidbek1724,other,
ATVmedia26,other,
deguvost,other,
huliwar,other,
zvdvru,other,
dejzdub,other,
dekadence1,other,
dema_ufa,other,
Achinsk_true,other,
stranaonline,other,
IADAT,other,
dementiaetsinopsis,other,
yrashev,other,
strana_vozmozhnostei,other,
sapakhomovGD,other,
globuskavkaz,other,
Federalcity,other,
serezhalovemamba,other,
senatorSvyatenko,other,
sinod,other,
frachan,other,
Chita_crazy,other,
serdiukov_kolya,other,
simferopolnovosti,other,
simavets,other,
friday25,other,
gorodhm_official,other,
zeroxteam,other,
front_narod,other,
Chita_true,other,
frosiak,other,
fsexpert_media,other,
gorodbuynaksk,other,
zh_karpova,other,
ftaroexpcovid1984,other,
gorodbirsk,other,
fund_krugdobra,other,
fvpn0,other,
zhashkevychmaksim,other,
g4v3r,other,
sipsikova,other,
goroduu,other,
shumbrat_mordovia,other,
selsov,other,
govorit_rita,other,
govorimvsluh,other,
fefekaka,other,
Barnaul_crazy,other,
ffirefaya,other,
ffzrm,other,
gospoja_boli,other,
financial_one,other,
DenisPulenkov1,other,
fishnewschannel,other,
zdunov,other,
Chustliklar_24,other,
gorovyi,other,
Dalstroy,other,
DV_5ua,other,
fledu_uz_official,other,
sivkovayana,other,
follow_the_angel,other,
gorodvyazemskiy,other,
gorodvolsk,other,
sirion17,other,
DK_RU_news,other,
sergo_kaxa,other,
zheleznogorskgovorun,other,
zavodskoysaratov,other,
BilohorodkaOnline,other,
gmkcenter,other,
gm_pub,other,
shemotoz1001,other,
shelkino,other,
ghostbusters_poshukati,other,
Blagoveshchensk_sluh,other,
zimatut,other,
gibdd50mo,other,
giraevski_e,other,
zimenkin,other,
girlfrom80,other,
sevkav,other,
Biplexer_channel,other,
gkn77ru,other,
sex_drugs_kahlo,other,
gksamolet,other,
glamourpafoslev,other,
Birinchi_uz1,other,
glava_predgorya,other,
shagabutdinov_r,other,
globalizacia,other,
sgk_nsk,other,
Blagoveshchensk_sobitie,other,
ggardarika,other,
gorod_balashiha,other,
gazetayuga,other,
gamblerbtc,other,
gorod_Shumerlya,other,
CheNastup,other,
goooze,other,
shraibman,other,
CREconsultant,other,
gaydarovar05,other,
zhkh74,other,
sevas_soroka,other,
golubchik,other,
severo_vostok_moscow,other,
getsiz,other,
severo_zapad_moscow,other,
shokirjonov,other,
gelendgik2021,other,
shishkovaalena,other,
genshtabsich,other,
zlatoust_sobitie,other,
golawlegalhotline,other,
Bezdudnyi,other,
georgy_fedorov,other,
shevchenko_yas,other,
sectsco,other,
DeputatGoryacheva,other,
ekaterina_belikova1,other,
sng_Nalchik_kbr,other,
sobolevtelergam,other,
sasha_stone13,other,
engels_sobitie,other,
guselandrei,other,
sashakoshkina,other,
enplusgroup,other,
ElDalakz,other,
ArseniyYatsenyuk,other,
enter_saransk,other,
entertainmentofficialnew,other,
erlankarin,other,
gymtiktokk,other,
snegiryoff_penza,other,
snaychannel,other,
snachala_vydohni,other,
ershtg,other,
ertelecom_news,other,
zolotorevanika,other,
EROZANOVA,other,
ERD1ERD,other,
espresobc,other,
zapobedu_ru,other,
Arijinal,other,
emergency_spb,other,
eto_krivo,other,
socialteh,other,
ExoUzbekistana,other,
ExecutiveMedia,other,
zotovmedia,other,
ekbgrad_news,other,
Evgeniye_bakulin,other,
soln360tv,other,
electron_krymsk,other,
electrostal_sluh,other,
soclifeMO,other,
sociopartyy,other,
ella_go22,other,
elyakadir,other,
glossmixg,other,
sarafannoe_radio7,other,
hardcons,other,
hantyma,other,
ellehappymom,other,
Arbuzov_S,other,
gypsy_easy,other,
sochi_tipichniy,other,
EliseevTalk,other,
ellvitg,other,
etnosism,other,
Dopomoga_Konstiantynivka,other,
DetiSorosa,other,
Dimitrovgrad_true,other,
fabrichka,other,
family_nord,other,
Doksezemlja_okosuncakrece,other,
schykino,other,
familynewsuae,other,
familyofukraine,other,
Dojyaaanwhogivingyouanightcall,other,
green2018,other,
clubboyz,other,
greatnov53,other,
Balashiha_podslushal,other,
expl_team,other,
fasinfo,other,
fasolicustomaticus,other,
favtrf,other,
fbi_lnk,other,
zarichneinfo,other,
great_and_sovereign,other,
DikiysnamibogOfficial,other,
graphdg,other,
BalashikhaTV360,other,
skvrzchannel,other,
expressby,other,
sbsforweb,other,
Astrakhan_podslushal,other,
smertvorogy,other,
etonekritika,other,
etoolesha,other,
smirn0ff1cez,other,
savelenok,other,
AvVCAINFO,other,
savepeoplelifes,other,
AviaComments,other,
savinovsays,other,
smi24news,other,
eva_apple,other,
evasova,other,
evpanteleykin,other,
smart_regulation,other,
gromadacz,other,
evestart,other,
sm_vkurse,other,
evgenmt,other,
saygidpasha_leader,other,
grishavdele,other,
BCS_channel,other,
evilchangbinstan,other,
BKhodakovsky,other,
fanttvari,other,
Saransk_podslushal,other,
clownallcash,other,
vmo24,other,
Piter_true,other,
Piter_cult,other,
Zheleznogorsk_true,other,
Zhukovsky_true,other,
PiB88,other,
ukrainkainfo,other,
aa_alikhanov,other,
Petrazavodsk_crazy,other,
ukrainianIdentitarianism,other,
aari_official,other,
ab_chat,other,
action_ukraine,other,
Penza_peace,other,
ukr_help,other,
PenzaNews,other,
adelveigelll,other,
adkonspirolog,other,
adlertoday,other,
admbiysk,other,
admbryansk,other,
admhmo,other,
Panarinka,other,
PalisadMedia,other,
udodmaksim,other,
adviserZ,other,
adygea_ru,other,
udaltsova_78,other,
ZaimkanaUrale,other,
PlamenPaskovRu,other,
ckt18,other,
ZA_live,other,
Voloshin_live,other,
usamigrant,other,
Voronej_true,other,
vladimirbidyovka,other,
Voronezh_inside,other,
Press_Secretary_Uz,other,
uralskweek_kz,other,
Press_MO,other,
WarInMyEyes,other,
vladislavkarpyuk,other,
Polyarinov,other,
vlasovanatoly,other,
Yakutsk_crazy,other,
YaroslavlNovosti,other,
Yaroslavl_crazy,other,
Politteh,other,
Politika_R,other,
Yekaterinburg_true,other,
YoshkarOla_crazy,other,
PoliticalScience4WT,other,
Pogrebiskiy,other,
Podolsk_true,other,
YugMolodoj,other,
YuriProfessional,other,
YussupovAblay,other,
ulaynovsk,other,
Z4LPR,other,
aferist_bez_imeni,other,
affiliatediaries,other,
afishapitera,other,
against_the_systems,other,
NovostiUzUz,other,
alexradionews,other,
tvoe_orehovozuevo,other,
NovostiRossii_24,other,
alh_gk,other,
alikdar,other,
tvimpulse,other,
NovostiDamask,other,
tverskoy1,other,
alinataobao,other,
tver_proofs,other,
alisakovalyova_life,other,
vorannews,other,
allBodaibo,other,
vorobiev_live,other,
Novokuznetsk_inside,other,
tv12nizhneudinsk,other,
tuvaunofficially,other,
tuttatut,other,
Novokuznetsk_crazy,other,
Novocheboksarsk_true,other,
altaigovernment,other,
altaytandem,other,
alternatyvanewspaper,other,
altleft_org,other,
turkdirilis,other,
alynokka_com,other,
tvoy_manikyr,other,
alexeeeeey,other,
tvoya_tarelka,other,
akomissarov2022,other,
agarzayka,other,
agenturaru,other,
Orel_true,other,
Orel_crazy,other,
volgodonsk_sobitie,other,
Omskinside,other,
tzarstvo27,other,
air_inside,other,
tyurenkov,other,
tyumentimes,other,
airfield1972,other,
akademekb_live,other,
typkra,other,
alexanderlegkov,other,
aksay,other,
Olot24_7,other,
OlgaGerasimenk0,other,
alaniadonbass,other,
OleksiyKuleba,other,
volochkova_anastasiya,other,
alenablin,other,
tyachivnews,other,
alenamiii,other,
alenasivkova,other,
alenasokolskaya,other,
alenin_blog,other,
vladimir_news33,other,
usipechorina,other,
VoenkorSyria,other,
vchkogpu82,other,
vesna_diaspora,other,
SorabiToday,other,
vertolatte,other,
StLis,other,
Staryi_oskolo,other,
veronatut,other,
Stolyaric,other,
Surgut_crazy,other,
Russ_Center,other,
SvodkaFronta,other,
velogidberlin,other,
vikarokshina,other,
Syktyvkar_lyudi,other,
RusGunArmy,other,
Syktyvkar_true,other,
Syzran_Lada,other,
TCUZB,other,
TShSSBB,other,
TabrizSuper,other,
Tambov_lyudi,other,
vecherka_spb_ru,other,
Tambov_podslushal,other,
vebergovorit,other,
Tambov_true,other,
TarkoS89,other,
Rostov_peace,other,
Rostov_inside,other,
RussiancomNKR,other,
Russkih_Aleksey,other,
Sochi_true,other,
vestikostroma,other,
vgbnews,other,
vestnikp,other,
Saransk_crazy,other,
vestnikgeopolitiki,other,
vestirussii,other,
SerregaIzBratska,other,
Sevastopol_crazy,other,
SamyeSliki,other,
Samara_podslushal,other,
Shahti_lyudi,other,
Shahti_true,other,
Samara_peace,other,
vgorshenin,other,
Ryazan_inside,other,
vestikchr,other,
Salavat_true,other,
Sidaemon,other,
SiloBZ,other,
viasna96,other,
S_Yarily,other,
SixArticlesToRead,other,
SlavutaCity,other,
vesti_ganna,other,
STEPNruNEWS,other,
victoriabonya_tg,other,
Ryazan_shit,other,
TeamSobol,other,
viktorya_marko,other,
VoenObzorTelega,other,
vbrosim,other,
Ulyanovsk_crazy,other,
vitteli,other,
PvTashkent,other,
Ustlab_info,other,
v_kartukhin,other,
Pushkino_online24,other,
VChemSilaBra,other,
VESTIBratsk,other,
ProtsyshynOfficial,other,
VRomensky,other,
VatnyyLiberal,other,
VechSalekhard,other,
uzbprokuratura,other,
VeteranHub,other,
uzaxborot,other,
uzaoms,other,
uza_uz,other,
uz_news,other,
Vladikavkaz_true,other,
Vladimir_podslushal,other,
utro_ua,other,
utommi,other,
vlad_lymanyuk,other,
Vladivostok_crazy,other,
utdarm,other,
Vladivostok_true,other,
Vlast4plus,other,
Ulenshpigell,other,
v_resin,other,
vitavip1,other,
ROSINFRA,other,
vbkrb,other,
TheMagUz,other,
Rossiya24News,other,
TipBelgorod,other,
Rezultatnalitso_telegram,other,
vashsenator,other,
Rayon_VK,other,
Rasmiy_xabarlar_Official,other,
ToppressNews,other,
Toshkent,other,
RadioKor,other,
Tula_true,other,
Tulskaya_Oblast,other,
v_v_demidov,other,
varjauletelaKANAL,other,
Tver69Live,other,
Tver_podslushal,other,
visota_in_crimea,other,
Tyumen_inside,other,
ROMeNIKA,other,
RCbcf,other,
vitalyadams,other,
vakasamara,other,
Ufa_podslushal,other,
QORAKOL_QORAKUL_KARAKUL,other,
Ukr24Live,other,
alyonayankovskaya,other,
amahasla78,other,
amantonio,other,
bydruemae,other,
telek_telek,other,
LimarevIvan,other,
LenarRakipov,other,
teleg_Zuzino,other,
bri_life,other,
brigadaulichka,other,
Legenda_Komenda,other,
worldppc,other,
teamsuspilne,other,
wowkorolkova,other,
LIFEBSNEWS,other,
te_online_ru,other,
Kyiv_by_Grishyn,other,
xOSSAx,other,
Kurgan_crazy,other,
tb_news93,other,
budmaydan,other,
Kunxabariofficial,other,
Kuban_libre,other,
bugunuz,other,
buldj,other,
bunkerdayly,other,
burnerpa,other,
Krierenko,other,
buryatia_tgnews,other,
Krasnoyarsk_inside,other,
buss_mca,other,
botixyesosi,other,
bortscht,other,
telesputnik,other,
bloodypriscllla,other,
Maslennikov_t,other,
biovalor,other,
bitard_671,other,
biysk_sobitie,other,
biz_live,other,
bizlida,other,
the_last_channel,other,
MarinaDbar32,other,
the_Buddha,other,
blogcheb,other,
bloknov,other,
blondy_girl_1,other,
Magnitogorsk_crazy,other,
whitepeak,other,
bobolord,other,
bobryshevanina,other,
M_Kosenkov,other,
bogorodskiy_news,other,
bolshoykamenadmin,other,
bondarenko2021,other,
bonsunews,other,
ten_s_u,other,
LuguevaS,other,
LololoshkaUSE,other,
borislutset,other,
borispol_org_ua,other,
tashatale,other,
bysolli,other,
war_monitor,other,
byzova_m,other,
chestnome,other,
chestny804,other,
yanina_pavlenko,other,
Khabarovsk_true,other,
Khabarovsk_peace,other,
Khabarovsk_crazy,other,
syiroejkina,other,
chitago,other,
Kemerovo_true,other,
chp_First,other,
chp_armavir,other,
chp_show,other,
chpnvrsk_russia,other,
chpsaratov,other,
yaroshenkonline,other,
chrdk,other,
svodkaui,other,
christiecharm,other,
chrtnv,other,
chs_penza,other,
chstngnsk,other,
svod_z,other,
Kemerovo_crazy,other,
svobodnay_hakasia,other,
Kazan_true,other,
svitbez,other,
sviridovmedia,other,
chernozemizvezdy,other,
chernihivtsi,other,
chernihiv_online,other,
Kogan_LIVE,other,
tarakanovo,other,
ya_rozalia,other,
bzpasn,other,
tanyaobydnyah,other,
Saratov_inside,other,
canalartedaguerra,other,
yagotynofficial,other,
catseditor,other,
ce4ldre,other,
KolesoRP,other,
Kol49,other,
ch_shprot,other,
chainikorka,other,
KhomichM,other,
Knexpert,other,
taimurzin_oleksii,other,
chatkaa,other,
chebotareva_elin,other,
taganrog_161ru,other,
chekudaspb,other,
chelyabinsk,other,
chemezov,other,
chepygi,other,
Kkkrem_daily,other,
t_obrazovanie,other,
yana_kushner_valencia,other,
bigpencil,other,
thefjk,other,
ambassadeFranceTachkent,other,
atikaktam,other,
aoka_uz,other,
trogonklon,other,
aphina_pallados,other,
apollonia,other,
aqparatsaqsysy,other,
vremya_press,other,
tripleffpm,other,
vrhtg,other,
arbuztoday30,other,
tretyakovaele,other,
Nazlobudnya_AU,other,
tres_mamas_notes,other,
vrntrans,other,
vrnzhlob,other,
arevblog,other,
armavir,other,
trapmoryak,other,
armenzakharyan,other,
armrusforever,other,
training_space,other,
vronskayaekaterina,other,
ashnorilsk,other,
Nalchik_podslushal,other,
Nalchik_lyudi,other,
Nagatinskii_Zaton,other,
topof1,other,
NabChelny_inside,other,
anyarikelonair,other,
Neidioto,other,
Nesomnenno_ot_Dushi,other,
vpc_vympel_baikal,other,
anapaofficial,other,
tula_la,other,
Nizhnevartovsk_lyudi,other,
anastasiadavletova,other,
anastasiavolkova,other,
tsum6,other,
andrei_sokolov2626,other,
tskaeva,other,
NikonovLive,other,
NikaStepp01,other,
NewsSerbia,other,
angrenhokimligi_7,other,
tsarenko_est_ludey,other,
true_prof_preobr,other,
anitakobeleva,other,
anna_in_saudi,other,
truexaternopil,other,
vpiskashow,other,
antiitforce,other,
New_York_Russian,other,
antikrizys,other,
trueman09,other,
anton_vanco_69,other,
NewYorkReklama,other,
Nevinnomyssk_true,other,
antygosudarstvo,other,
asushentsov,other,
atojournal,other,
MinchenkoConsulting,other,
auc_ua,other,
vyacheslavruzov,other,
vyatskaya_zhelch,other,
bastiongr,other,
bavyrin_dabb,other,
beautiful_mom_speaking,other,
because_fuck_you_thats_why,other,
Most_bank,other,
belarus_lite,other,
Moscowcurrent,other,
timstory,other,
timourgazi,other,
timbitess,other,
timanpechora,other,
Moscowagenda,other,
belgovorit,other,
belgrade_in_blue,other,
belguber,other,
Mona_Lee,other,
MoeMicto,other,
thestint,other,
therecanbeonly1,other,
themixology,other,
bernardgovorit,other,
themaritimetelegraph,other,
MinogarovaNews,other,
thehegemonist,other,
bezhentsy,other,
Murmansk_crazy,other,
tkachevNL,other,
vtrk_vl,other,
aydaaan,other,
av_moor,other,
av_uss,other,
avantguardia,other,
tomnayaa,other,
vsstu_typing,other,
tomenko_news,other,
aviachatchannel,other,
NODTV,other,
NKavkazsky,other,
avkurnosov,other,
tolevskiy,other,
tokioshow,other,
azagitova_official,other,
tkddg,other,
azamating,other,
azatliqradiosi,other,
NADS_Ukr,other,
today_smr,other,
badmads,other,
baganayeva,other,
balakovo_sluh,other,
balakovotg,other,
ball_press,other,
balticbookworms,other,
tkillah,other,
Myslivsluh999,other,
oleandrus_here,other,
sovfedinfo,other,
kurkino_ru,other,
krasnogorsk24,other,
kovsharovkainfo,other,
naszkrakow,other,
kozlovskii_a,other,
nastyamizgir,other,
people_aurora,other,
perebezhchik,other,
kp_ednipro,other,
re_wi_zor,other,
kpszsu,other,
krasnodar24_7,other,
krasnoray,other,
regforum,other,
krasoti_rossii_beautiful_russian,other,
nashe_travel,other,
kravtsova_interpreter,other,
napochte,other,
naparusevoneonom,other,
permkrai20,other,
nano_mood,other,
krihtova_anthropology,other,
ratnoe_delo,other,
kristinabo1,other,
koteljniklive,other,
kostarev,other,
realestate_rf,other,
natalyosmannworld,other,
neduma,other,
pavelmalkov_official,other,
kompasukraine,other,
pavllann_tg,other,
redtemnik,other,
komsomolec_z,other,
kontsarenko,other,
neaysin,other,
nbutovo_news,other,
nbondarenko_blog,other,
kor_rada,other,
nazhyvo_kyiv,other,
korea_18plus,other,
koronavirus32,other,
navbahor_tumani_axborot_xizmati,other,
korroziavlasti,other,
kosarewlis,other,
pechoratoday,other,
penkinlife,other,
natidoula,other,
natasha_blogs,other,
namangan_bugun,other,
pershyj,other,
nalogdigest,other,
na_skidose,other,
kurganinskrudenkovp,other,
petyaploskov,other,
kurmedia,other,
kurskaya_life,other,
radioassol,other,
n3sanechka,other,
radio_nextons,other,
radio97net,other,
kuz_plus,other,
myvmeste_kuban,other,
raddyshilov,other,
kuzmenkomedia,other,
photopupa,other,
kuzminc,other,
mytischi_official,other,
rabotyagikoti,other,
mysweet16beat,other,
pidsluhanokalynivka,other,
kyakhta_buryatia,other,
kyianynews,other,
r_yaz_an62,other,
petrsemiletov,other,
petrovchanka_lera,other,
krsk_loginov,other,
na_urale,other,
randentans,other,
randalainen,other,
nalchik_sluh,other,
nahodkiza300,other,
nagib4tor,other,
krylatskoye,other,
nadin_elize,other,
kryuchkovoleg,other,
petenkaplanetka,other,
nachalka_LSV,other,
rakursRZN,other,
kryvoozerskaTR,other,
raitraunlive,other,
kseniarazuvaeva,other,
kshishtovsky,other,
ksk66_news,other,
nabchelonline,other,
nabchelny_true,other,
petrkazakov,other,
nabchelny_podslushal,other,
kub_strumb,other,
kommersantkazan,other,
nekrasovc,other,
kaliyevchannel,other,
kazangato,other,
katenka_ts,other,
nightstalkerkyiv,other,
our_lands,other,
kattyberrymom,other,
ritaperskaya,other,
nicevolunteer,other,
katyanenado,other,
katyusha_petrova,other,
kavkaz_rf,other,
kazan_interesnaya,other,
ngpuainfo,other,
patroklinfo,other,
kazanzdes,other,
ngmkofficial,other,
kbelchik,other,
nfedermesser,other,
kendricknotget,other,
kerch_sluh,other,
riaderbent,other,
kgtimes,other,
khabensky_fund,other,
khakasiaglavnoe,other,
rjevka,other,
rk_gov,other,
nikitafinito,other,
kate_twinsrussian,other,
kamensk_online,other,
kamianetsday,other,
kamilavalieva26official,other,
kanal_39,other,
ostapaponeslo,other,
nnika101,other,
nnbvtelege,other,
njt_ru,other,
karazin_university,other,
kari_zhuu,other,
nizhniy_novgorod_afisha,other,
nizhnekamsk_chp,other,
rodionovajeniya,other,
karneeva_elena,other,
karolina_kanon,other,
nipigasinfo,other,
rodina_zhestit,other,
rnppofficial,other,
kasatkinabanda,other,
kashira_press,other,
kata1a_live,other,
khakassia_tgnews,other,
kharkiv_24_7,other,
kharkiv_event,other,
repushko_channel,other,
kiselev_ms,other,
news_kremlin,other,
paranoiakz,other,
news10kanal,other,
repachino_news,other,
reo_ru,other,
newmoscow24,other,
renc_nikolay,other,
newgrad_pavlino,other,
kniga_katrin,other,
knuca1930,other,
knyazevleonid,other,
parisburns,other,
kolm_zemlekop,other,
kolonna_5,other,
new_bratsk,other,
netochnonews,other,
nesluhi,other,
pashkashiryaev,other,
nemihail,other,
nelli_cosmos,other,
kisatiff,other,
reramidler,other,
nezabudochka_av,other,
news_nso,other,
rgpfo,other,
rgmagency,other,
newsstarrussia,other,
rfrm_io,other,
rezniknmsk,other,
khilkevich_anna,other,
p_r_o_rynok,other,
revizorroetiquette,other,
pahmanv,other,
khudaibergenkz,other,
khv27_official,other,
khvregion,other,
news_vb_kg,other,
palatayanao,other,
kibaonline,other,
kidscorner_homeschool,other,
kievskienovyny,other,
news_tomsk_ru,other,
news_stavropol26,other,
pan_timosha,other,
panorama_krd_life,other,
piknetua,other,
myoptop,other,
pilyaginzhara,other,
minenergo_official,other,
minkovaanna23,other,
lubiczonline,other,
ministr_estate,other,
lucia_reload,other,
lumandao,other,
primpolitical,other,
mininform,other,
lusin_moon1,other,
politicalgaffe,other,
lviv_golovne,other,
minaevmind,other,
pimenova_znaet,other,
lvivyany_news,other,
politicians_say,other,
milliygvardiyauz_official,other,
millerovo_live,other,
madmandancelife,other,
milknews,other,
milchin,other,
prigorodlesnoe_info,other,
politikarossiya,other,
maevamasha,other,
minpros73,other,
lspof,other,
minskiygorispolkom,other,
lrmkala_press,other,
lizaalert_irkutsk,other,
product_science,other,
mivmestesevastopol,other,
mitino2ok,other,
mistokvitivkievua,other,
mistoinform1,other,
procedurki,other,
probashku,other,
proarmenian,other,
mirsoyuz,other,
lolitamilyavskaya,other,
mirkaisgermaniivrossiju,other,
miriens,other,
mio_mo,other,
losink,other,
minzhilmo,other,
mintransrussia,other,
minstroy,other,
minskmir_live,other,
pro_Wines,other,
lovimskidki,other,
prichinidobro,other,
magnum_RI,other,
miastolodz,other,
mariia_belovaa,other,
marina_omichka,other,
poltavavgorode,other,
poltavchanyyy,other,
marinaluxious,other,
marisha_deboshir,other,
prapalitiku,other,
martynov_23,other,
marykohno888,other,
meditory,other,
pozneronline,other,
poymamagazine,other,
mediakinesis,other,
media_vdk,other,
mdkVostok,other,
masyashpakofficial,other,
md_infa,other,
mchsdagestan,other,
portallviv,other,
mchs30,other,
mayorpolishchuk,other,
max_drozd,other,
men_are_not_needed,other,
maria_kiseleva_official,other,
miassplombir,other,
polotsk_i_novopolotsk,other,
pressbox,other,
mgorod_kz,other,
pressamod72,other,
presidentialgrants,other,
malaysia_with_nik,other,
mama_nydika,other,
politrus_peace,other,
mamaraspytina,other,
prazdniki,other,
mamazanuda,other,
meters2,other,
mamymoskva,other,
polk_russia,other,
pravitelstvo40,other,
metadonts,other,
mani4estor,other,
mestopro,other,
mesto_community,other,
marachok,other,
maresievport,other,
mesherskiy_les_MoyDom,other,
liza_rudkevich,other,
proektrodina,other,
liza_kei_diary,other,
planetrinatv,other,
msk_innoagency,other,
mshpbelarus,other,
leftfront_org,other,
legalalien,other,
plotina_portal,other,
mrvozni,other,
mrs_druzhinina,other,
mr_batsuev,other,
pushkino_official,other,
lemurburo,other,
pureminsk,other,
pupovologovo,other,
pulse_new,other,
lena_legrand_paris,other,
moybogorodskoe,other,
puls_ukr,other,
pmo51,other,
moya_nyurba,other,
pugabe,other,
moya_devo4ka,other,
moy_patchwork,other,
msk_raion,other,
laokretsu,other,
lenta174,other,
mstroeva,other,
kykygnezdo,other,
mygoldenBD,other,
qrmsb,other,
pisma_k,other,
my_inner_stone,other,
qbaxta,other,
piter_spb4you2,other,
mveche,other,
mvd_kabardino_balkaria,other,
kyzyl_news,other,
musk_twitter,other,
murmanfiknews,other,
qara_kz,other,
kz_newtimes,other,
kznuniversity,other,
laesinfo,other,
murashko_anna_wine,other,
pvstka,other,
pizdakatsapam,other,
lamasafonova1,other,
muborizahadov,other,
lenoblast47,other,
mosrick,other,
livesokol,other,
mommy_to_eva,other,
podsmotreno_perm,other,
molotov_perm,other,
lifemanager,other,
molodezhkubani,other,
liferuss,other,
pronovostroyru,other,
molcentrdnipra,other,
promosbr,other,
moirazebi,other,
moidnevnik3,other,
pokemon1488,other,
pokolenie_news,other,
pokrashenia,other,
lipetsknovosti,other,
lippot,other,
moi_dokumentyRD,other,
modernangler,other,
mnpmnpz,other,
lissoff,other,
littlehedonist,other,
live_che,other,
molpolgd,other,
protelegraphh,other,
psyhotipp,other,
libertarian_party,other,
podilska_miska_rada,other,
leonidgozman,other,
mosnovost,other,
leourban,other,
lepekhinblog,other,
mosheinlove_talk,other,
mosgorparks,other,
prudovoetravo,other,
podruga_polina,other,
moscowchanges,other,
moscow_infor,other,
leytink_ru,other,
podslushano_mkky,other,
lgbelarussegodnya,other,
lianashulginaa,other,
mos_one,other,
morskaya_pipiska,other,
morozova_a,other,
morgules,other,
mooriisooon,other,
podslushanokolomna,other,
rosakhutoralerts,other,
postanovich_world,other,
oboronnyj_visnyk,other,
orpau,other,
ilovesex666,other,
orpheusradio,other,
ilyakosygin,other,
jetvillainz,other,
novosibirskone,other,
odintsovo_sluh,other,
nutoday,other,
ru_sjw,other,
o1743,other,
russianovosti_24,other,
olga_nesterova_30,other,
ntvh1,other,
infoshtabnews,other,
imilenaioanna,other,
ross_vadas,other,
itogdalie,other,
nostrad,other,
russinovich,other,
nvkz_one,other,
orshaeu,other,
northossetia,other,
novosti_spbru,other,
ok_kirov,other,
irkblog,other,
jesusavgntwitch,other,
opora92,other,
orskaykuxnya,other,
infspletni,other,
orsk_sluh,other,
istoki_slova,other,
rosprofzhel_rzd,other,
irinavs_rieltor,other,
one_way_ticket_ru,other,
kabardinobalkaria_tgnews,other,
olga_beshley,other,
omskomsk1,other,
its_mamix,other,
russiangreens,other,
iowa_band,other,
novogireevo_online,other,
russian_spring_zz,other,
ivanovayanaaa,other,
npanin01,other,
rti_64,other,
indeec1937,other,
inelstalnn,other,
olgaorlova131177,other,
novistandard,other,
juliaosipovaselfie,other,
ivanovoobl,other,
ip_blowbal,other,
russian_europe_austria,other,
juliasoldatova1,other,
russian_center,other,
russianamericatv,other,
irbislegend,other,
itsvovaily,other,
novayapravda,other,
oieiei,other,
incident04,other,
novostyruus,other,
informator_ukraina,other,
odinokayakoko,other,
jourfaculty,other,
jump_cut,other,
rt_ru_news,other,
incidentkrasnodar,other,
rosstandart,other,
incidentsovetsk,other,
notesfortraders,other,
ircbrda,other,
rostislav_goldshtein,other,
russiancamembert,other,
ruredmantis,other,
nrkomi,other,
o_korolevich,other,
odsosedi_sao,other,
rumvd,other,
official_spb,other,
jamshik,other,
inoagento,other,
okolopovestka,other,
irktlgr,other,
obershad,other,
oboronalviv,other,
oknamedia,other,
rufabula,other,
rottenlyrics,other,
islandnews,other,
osad4uk,other,
osenjizni,other,
odsosedi_poseleniye_moskovskiy,other,
norilsk_new5,other,
oqjav_vadik_pishet,other,
rozysk95,other,
ikydane,other,
roskvartal,other,
novostimoskow,other,
novostifrontukraina,other,
iron_airan,other,
roundzz,other,
novostilnr,other,
izobil126,other,
isaevlive,other,
odsosedi_svao,other,
olya_yushkova93,other,
oporaspb,other,
obs64,other,
olya_wuloy,other,
olesya_sudzilovskaya_official,other,
omcsimova,other,
onlinechechnya,other,
novostibishkeka,other,
mos_sobyanin,other,
zhizn_newz,other,
omsaratov,other,
podslushano_korenovsk1,other,
Ufa_inside,other,
CHODAKNEWSUZ,other,
mokassab_rt,other,
valya_smoll,other,
moscow24online,other,
valeriyaofficial,other,
velesproperty,other,
zinanuebtvoumat,other,
vecherka_74,other,
BublikRomanEisk,other,
Ufa_crazy,other,
TV_Poisk,other,
moisei_ua,other,
UOP_Official,other,
TYUZBEK,other,
podreberny,other,
vadovskaya,other,
BukharaInfo_potrebitel_pvbux,other,
moselections2022,other,
mosgibdd77,other,
SynevoUkraine,other,
mosgornasledie,other,
UADPT,other,
Tyzemsovet,other,
Taganrog_lyudi,other,
TaigaC,other,
zhivayabanya,other,
Bugry47,other,
UNHCR_Russia,other,
mommy_toolyaa,other,
pogromyan,other,
Tyumen_crazy,other,
Tashkent_SkyNews,other,
pogodaUnian,other,
zilart_official,other,
pogekaem,other,
pofack2,other,
vataranenko,other,
BradPittBaroque,other,
moskovskienovosti,other,
omskcastle,other,
Boombl4K,other,
podzhigai,other,
vasylevska96,other,
vasyashardakova,other,
TianasInsights,other,
vassal_of_the_Joker,other,
odintsovo_sobitie,other,
Tomsk_inside,other,
vasinabooks,other,
omskb,other,
Tomsk_crazy,other,
podslyshano_kop,other,
mom_amam_blog,other,
Bolsheshymaa1,other,
monakhovana,other,
Tuktik_liza,other,
TheTimesOfValinor,other,
molodoz,other,
Bryansk_crazy,other,
Tver_true,other,
Brykova_irina_lives,other,
vdurov_std,other,
Tipichnaya_Elektrostal,other,
zhulebino_park_uk,other,
pogrebier,other,
TemurUm,other,
Turli_Xabarlar,other,
Teremkyy,other,
Tezkor_Uzbekistan,other,
odintsovo_town,other,
monrealist,other,
Tezkor_Xabarlar_Yangiliklar_24,other,
molodej_parlament,other,
Black_water_division,other,
zilkovae,other,
moprachka,other,
vcdaily,other,
omsklesh,other,
moona_moo,other,
vazzilizza,other,
vazrazhdanebg,other,
vasylyshen,other,
mosoblgaz_official,other,
moskovsky_locals,other,
muaed_dadov,other,
Samarqand_live,other,
mtsunvrsk,other,
zguroper,other,
Saransk_cult,other,
vgnovosti24,other,
mskseasons,other,
onegovaalena,other,
msk_vesna,other,
zhabaigaduka,other,
playwithserch,other,
vestnikpvo,other,
plishkin_ds,other,
msk_no,other,
zhannaastrolog,other,
SarnyRajon,other,
vestiyamal89,other,
SekretNov,other,
SergeBoyko,other,
SergeyKuvaevJPtelegram,other,
Sergey_Belous,other,
zhapisheva,other,
plohoysignal,other,
plomin,other,
Chelyabinsk_peace,other,
msgstudent,other,
onebabka,other,
zhbiekb,other,
mrs_bossurmanka,other,
mr_buimistr,other,
plainnews,other,
Chelyabinsk_true,other,
Chelyabinsk_crazy,other,
mufasa_mh,other,
RuslanSokolovsky,other,
Chita_peace,other,
vik_wik_mom,other,
mutniytalks,other,
RussianGambit,other,
RussianKnights,other,
zemtsova_luba,other,
ongar_online,other,
Chernihivvodokanal,other,
zentropasrb,other,
muravlenko_day,other,
Ryazan_crazy,other,
obyasnyaem102,other,
vidnoe24,other,
muratova_yana,other,
pivasik,other,
SADnewsMitinoO2,other,
SShMirziyoyeva,other,
muratov2,other,
victorblud,other,
Cherepovez_crazy,other,
pivnoi_legion,other,
SYFFYTT,other,
pixelchenko,other,
ocnbusiness,other,
via_live,other,
od_patrolpolice,other,
vgostyahuxochupiwo,other,
murashki_blog,other,
Shkola_Minprosvesheniya,other,
mp_rf,other,
velikiyNovgorod_sluh,other,
Sofia_Malolet,other,
Somnenijnet,other,
pochtanews,other,
Speckor38,other,
mosrenovacia,other,
pod_vitaminkoi,other,
St_Esc0bar,other,
vershinAarhz,other,
zinkivNEWS,other,
Stavropol_crazy,other,
zhinkavarta,other,
Sterlitamak_crazy,other,
Sterlitamak_true,other,
COVID19north,other,
vergilbellium,other,
CISLive,other,
StopHating_Russia,other,
StrokinElbaktr,other,
Stutt_Grad,other,
verbludvogne,other,
zhitely_vrn,other,
veratag_freelance,other,
verapochueva,other,
mosmetroru,other,
venskie,other,
Svetatalking,other,
moskvago,other,
Sychevskaya1,other,
moskva_fishki,other,
velikiyNovgorod_sobitie,other,
Soldaten_und_Reservisten,other,
vesna_chelyabinsk,other,
vestikbr,other,
odincovo1_Moy_Dom,other,
Cheboxaryao,other,
Sho_Shebekino,other,
CheboksaryNovosty,other,
odesa_infoo,other,
moypolk,other,
moydagestan05,other,
Silvasha,other,
zhemchyzhinazelenograda_MoyDom,other,
zhenyalavrinenko,other,
vesti_tambov,other,
zherikhin,other,
Simvol_Donstroy_official,other,
SirdaryoSadosi,other,
vesti_ko,other,
Cheboksari_crazy,other,
odesyty,other,
vesti_gazeta,other,
ChP_Kaliningrad,other,
omskwillnotleave,other,
odin_ru,other,
po_nazars,other,
vesti_dagestan,other,
California_Reklama,other,
Sochi_crazy,other,
motolkohello,other,
CabinetBelarus,other,
motilek_channel,other,
mostaxidrive,other,
pobr4tski,other,
Ufa_peace,other,
Jizzax,other,
v_zheleznovodske,other,
about_whisky,other,
zpbdnik,other,
a_n_a_t_v_e_r,other,
zpnow,other,
ukrainian_navy,other,
aachekhova,other,
oiveynews,other,
ukrainetv,other,
meta_lyst,other,
ukrainepoland,other,
abaddoyoutube,other,
abakan_sobitie,other,
AndijanBugun_Andijonliklar,other,
AnarProstoSuperOriginal,other,
ukraineindustrial,other,
abubakarsakaev,other,
umar_kremlev,other,
abvmi,other,
abyssinicus,other,
AloyaVeraClub,other,
achpod,other,
achuu_chyndyk,other,
polly_reads,other,
AlexandrKylikoV,other,
acoolbazarit,other,
acreabsorption,other,
act_next,other,
actarandom,other,
olga_b_lyubimova,other,
adamyan27,other,
Alenkinausadba,other,
metkatv,other,
aLooker62,other,
a3esm,other,
metropiket,other,
umalatovamr,other,
Yozyovonliklar_Tv,other,
mikhail_s_gelfand,other,
ulprimenews,other,
ohsevastopol,other,
Yuliia_Yatsyk,other,
ulpravda,other,
mikaprok,other,
ulnovost,other,
ulllyashaa,other,
mihailovski_park_uk,other,
AntonPrednaznachenie,other,
miZanthropy,other,
mgjha,other,
oiiikrisiiioofficial,other,
ZaPoimuRu,other,
Za_Prezidenta,other,
politota_true,other,
mger_77,other,
ZaporizhzhiaNovyny,other,
Anna_akinina,other,
AnnaKnishenkoRT,other,
politrings,other,
Zaxodim_Vezde,other,
Zdolbunyv,other,
mgd_broadcast,other,
mflenov,other,
Zkrymbastion,other,
mfc_reutov,other,
ok_spn,other,
ukr_leaks_de,other,
adbestias,other,
poperechnyi,other,
afanasievatv,other,
AQOSlive,other,
mediaIQBelarus,other,
afisha_u_Lvovi,other,
uanimalsorg,other,
afishalondon,other,
oko_original,other,
APCyabloko,other,
afontovo,other,
ANDUZBEK,other,
AMB_islnd,other,
uaeeventscalendar,other,
agata_lampa,other,
ua_novina,other,
AKhrolenko,other,
mazur_70,other,
oksana_it_switcher,other,
agrobookru,other,
oleganisimov1,other,
poselok_uznyi,other,
aheku,other,
ahunenno,other,
ai_bibilov,other,
ainua_day,other,
mayavinbooks,other,
mayak_help,other,
poslesiest,other,
maxxnikolaev,other,
maxnetua,other,
ubobra,other,
ARTolmachev,other,
meschera,other,
pool_64,other,
olexcity,other,
okbrsm,other,
AgroPolitCom,other,
okhtyrkainfo,other,
zuzinoshtab,other,
oleksii_taimurzin,other,
adm_bryukhovetsky_raion,other,
oleksandrmamay,other,
adm_gelen,other,
adm_severodvinsk,other,
adm_sulin,other,
polyaam,other,
ugra_pravdivaya,other,
adm_yk,other,
polyarnieochi,other,
melhagram,other,
ufmsmsk,other,
meestchina_schedule,other,
Achinsk2018_Zheleznogorsk,other,
meduzapro,other,
ASerikov,other,
pon_hub,other,
admlenin,other,
mediatok52,other,
ASHERprod,other,
admtroitsk,other,
admvolga64,other,
udmbezb,other,
medialeaks,other,
Young_Millionaire_Club,other,
umnayW,other,
Uglo13,other,
mishchyshyn_phil_ua,other,
poleznyichelovek,other,
police_Luganschina,other,
Vartonews,other,
olya_sok,other,
mitinopark_MoyDom,other,
BarnaulAnalytics,other,
olya_penguin,other,
Balashikha_peace,other,
mister_yes,other,
poligraf_red,other,
mister_pilot,other,
olya_montulyak,other,
mishmari,other,
Balashiha_true,other,
ViktorVikarchuk,other,
ohota_na_vedm,other,
uwedsc,other,
Viktor_Murakhovskiy,other,
uvarkina_evgenia,other,
uvaotrends,other,
Vladikavkaz_lyudi,other,
misha_korobka,other,
Vladimir_crazy,other,
officialkuprikova,other,
mirosha6969,other,
Vladimir_true_tg,other,
Balashiha_crazy,other,
polit_eco_news,other,
oltsyaka,other,
Bagdodliklar_Bogdodliklar_Bagdad,other,
VORONOV89,other,
Batman_DNR,other,
mixmartpomich,other,
mkhusnullin,other,
BilmeitinimizJoq,other,
off_shores,other,
Ukraine_NO,other,
UkrainianAction,other,
v_skripko,other,
officersunion,other,
pokrov90avocado,other,
mogulk,other,
mogilkomarina,other,
BeregTime,other,
mnvart,other,
UnitedUkr,other,
Uralhural,other,
polarday51,other,
olyashaachannel,other,
mnikiman,other,
Belgorod_true,other,
zloi_dv,other,
Uzbekistan24HD,other,
UzgenHabar,other,
Belgorod_podslushal,other,
v_almaty_official,other,
vX3VTrgu6vxlZWVi,other,
vikconder,other,
Belgorod_crazy,other,
olyakyoto,other,
uzzoomuz,other,
mkp_chp,other,
VEgerasimov,other,
Vladivostok_peace,other,
usyarshaulova,other,
mir_novo,other,
oh_curva,other,
WWNewsRU,other,
olgakormukhina,other,
zoomama_zen,other,
WarpathTesla,other,
Arhangelsk_podslushal,other,
WomenEnergy,other,
XABAR,other,
upsiderevolution,other,
Archet,other,
zor_jobs,other,
XabardorTv,other,
politics_2_0,other,
YOL_YOLAKAY,other,
YaCifra,other,
milovaeah,other,
Yangiyolliklar,other,
politika,other,
unitedforukraine2022,other,
Yaroslavl_inside,other,
uniqe_ya,other,
zoravonlikka_yol_yoq_netnasiliyu,other,
Yaroslavl_podslushal,other,
unhcr_help_dnipro,other,
unhcr_help_cherkasy,other,
milenator,other,
zorin_igor1105,other,
unclebjorn,other,
milashkina_nekrasova,other,
umyarovabrand,other,
mingkh_mo,other,
Vulgar_Cheat,other,
politanaly,other,
Vsrapcom,other,
offshestakoff,other,
ussuriysk_sobitie,other,
oficialFryazino,other,
Volgograd_crazy,other,
minzdravrh,other,
znai_stavropol,other,
usmanovakaterina,other,
znakcity,other,
minsockbr,other,
olia_chu,other,
politclub_ucu,other,
Avtorskayakomnata,other,
politconsultant,other,
olginonavolge,other,
Volzhsky_true,other,
AvakovArsen,other,
ofigenno_news,other,
Voronej_podslushal,other,
usachevruslan,other,
ogohuzofficial,other,
politessakislitsyna,other,
AsanovEldar,other,
Arzamas_true,other,
Vosstaniya_Square,other,
Artem_true_tg,other,
ogorod_42,other,
urbanvdktg,other,
urban_blog,other,
VostokoVeter,other,
polenevod,other,
mysiagin,other,
RuskiStatek,other,
newsdvk,other,
newsorelgrad,other,
MCHSTYUMEN72,other,
orenburg_vesti,other,
what_happns,other,
MC_LAO,other,
newsnyc,other,
MILASHKINATELEGKA,other,
welset,other,
MINGBULOQLIKLAR_TV,other,
novgorodlife,other,
HEMOCKBA,other,
newsgelen,other,
weather66,other,
yurazaslonov,other,
Magnitogorsk_peace,other,
Lyubertsy_true,other,
newsblackout,other,
Makin36,other,
we_cidreria,other,
Mannerheimline,other,
Gurgurme,other,
Margilonliklar_24,other,
paid_task,other,
was_shot,other,
Mariya_Allabyan,other,
Maryanaro,other,
painpleasure,other,
Gulistonliklar_uz,other,
novoper,other,
news_ukraine_hpm,other,
MATywka,other,
newspoland,other,
vsemposobake_volunteer,other,
winroman,other,
LazarevLAV,other,
LePindos,other,
nfedkoo,other,
Lena_mom,other,
Leninskiy42,other,
LesyaLitvinova,other,
LevberD,other,
woinof,other,
LianaTsorieva,other,
nezhurka,other,
notindifferent,other,
withlovealika,other,
nezagooglish,other,
orflenobl,other,
Lipetsk_peace,other,
oyanqazaqstan,other,
Haronstg,other,
notivicationArciz,other,
yulia_beautyinsider,other,
HalfOfTheReporter,other,
Lipezk_true,other,
novdal,other,
LizaArzamasova,other,
whymatilda,other,
yuliasavicheva,other,
whyerikacryy,other,
owglobal,other,
yulka_simm,other,
whiteheadfm,other,
novgazetaby,other,
warfakerostov,other,
MazhidovAslan,other,
novoselym,other,
NKruk,other,
news247h,other,
news1520,other,
Murmansk_insaid,other,
vvernoe_reshenie_tut,other,
Murmansk_lyudi,other,
MyGovUz,other,
vulfcanseeyou,other,
MyronivkaOnline,other,
GoncharenkoCentreKrop,other,
novosti_spbrf,other,
newrasia,other,
novosti_trade,other,
z_v_pobeda,other,
vszhis,other,
orbita_4,other,
MeetHarkov,other,
NMFTE,other,
newgorodvrn,other,
NSZU_gov,other,
new_global_order,other,
orangepisya,other,
Gilticus,other,
vsrataya_zhurnalistika,other,
parfhospital,other,
orangeparkkotelniki,other,
Geosiyosatuz,other,
orange_park_MoyDom,other,
nevangano,other,
Nalchik_crazy,other,
vseomoskve,other,
parad_planet_inform,other,
Mumishka_chat,other,
Motoninja_youtube,other,
news_24krasnodar,other,
Group_etalon,other,
Mefisto_Studio,other,
MiddleEastinUkrainian,other,
GrodnoMediaGroup,other,
yuryshevtsov,other,
MinchenkoTrump,other,
wallley,other,
Minenergo_by,other,
Minsk_kudaGo,other,
Mintrudri,other,
wadim_manukyan,other,
MiraxUA,other,
MitrofanovaMM,other,
Mmmargaaret,other,
news_saratovv,other,
MolniyaTopNews,other,
Molniyakavkaz,other,
panferoff,other,
MosGorod,other,
MoscowIife,other,
MoscowME,other,
panfipanfi,other,
GovoritRossiya,other,
Goruchca,other,
Gorod_Reutov,other,
Moscowparks,other,
novosti_penza,other,
news_molniya,other,
yvbauer,other,
world_rt,other,
yug_peterburga,other,
world_wr3,other,
yangiariq_bugun_tg,other,
yarmolyntsi,other,
yarmedved,other,
nizhnov,other,
yarkompot,other,
norilsk_sluh,other,
Kemerovo_podslushal,other,
oruzhejnyj_master,other,
yapatriotrf,other,
nizh_adm,other,
niyanika_tg,other,
nixel2007_thoughts,other,
KhantyMansiysk_true,other,
yoponya,other,
yangiliklar_eng_sungi_xabarlar,other,
Khmelnytskyi_Dopomoga,other,
nikulino,other,
norilsk_tv_online,other,
yanapost,other,
Irinaagibalova,other,
otarkushanashvili,other,
nitakusiprozvanka,other,
yana_rusaya,other,
niss_gov_ua,other,
yana_churikova,other,
KievOblNews,other,
yamamatvienko,other,
Kirov_crazy,other,
nornickel_official,other,
IrinaSmirnova1,other,
yalta_news_media,other,
nkodex_2021,other,
ostrovetsby,other,
Kazina_World,other,
Kazaninside,other,
Jurnalist24uz,other,
nomerok777,other,
yeniseyskiydozor,other,
JOYESHOP,other,
KARAGODINorg,other,
noinstagramplease,other,
KakieLudi_IL,other,
Kaliningrad_crazy,other,
IzumrudnyGorod,other,
Kaliningrad_peace,other,
noghay_halk,other,
nochlezhka,other,
nop_rectors,other,
yeahgoah,other,
osip_kray,other,
Izhevsk_peace,other,
Kalmgame08,other,
ossetica,other,
no_well,other,
no_sleeping,other,
ykbp2,other,
no_feminism,other,
KarauLnet,other,
yasya_kaminitskaya,other,
osterok,other,
nnomercyhstr,other,
osetia_biz,other,
nmo_help_oficial,other,
yarushinstas,other,
nina_belyaeva,other,
yalexer,other,
HikoyaNew,other,
Kursk_true,other,
Kuplinov_Telegram,other,
Kurbech,other,
xmovero,other,
nicetomatchyou,other,
Kurgan_peace,other,
Kurgan_podslushal,other,
xfedorova,other,
Kurgan_true,other,
xchernihiv,other,
xavfsizlik_uz,other,
xarplace,other,
Kursk_crazy,other,
xabarlar,other,
yshkyinik,other,
outsideexit,other,
nikomunenuzhnykolya,other,
niceandeasyme,other,
nia_kuban,other,
LHVC_info,other,
wtflibertarian,other,
overhear_Obukhiv,other,
wrongtech,other,
LIVEnewsam,other,
wp_ns,other,
HouseofcardsUdm,other,
Himki_true,other,
ormr_gov_ua,other,
LSP_NEWS,other,
Larinpost,other,
orly_rs,other,
xutor,other,
Kulturnaya_Prachechnaya,other,
not_croissant,other,
nickiezimov,other,
nikolaynovichkoff,other,
otradnoe_moskva,other,
Kolomna_true,other,
yakubovsky_live,other,
yaksenya_tg,other,
nikolaisapsan,other,
nikolaevsherlock,other,
ortcom_kz,other,
Kopeysk_true,other,
Imperat0p,other,
nikolaevka_online,other,
Kostroma_crazy,other,
yourbeastyslife,other,
yagudin_official,other,
nikitanagornyy,other,
otvsnz,other,
Kovalenkosvyat,other,
Kovrov_true,other,
ITHard,other,
IF112,other,
ya_vdele,other,
Krasnodar_cult,other,
Krasnodar_inside,other,
niketasfm,other,
nikastrizhak,other,
Krasnogorsk_true,other,
nikakkoval,other,
Krasnoyarsk_vesti,other,
night_stav26,other,
netukituk,other,
paroslov,other,
Chugunovmedia,other,
DmitriiGlushko,other,
vldmrsrkn,other,
ntnzn,other,
nadia_i_istorii,other,
DomerGrief,other,
nadezhda_orex_life,other,
peter_kuleshov,other,
zapototskaya,other,
petitions_by,other,
zapovednik,other,
PorkChopExpress_by_Frankee,other,
vladmuseum33,other,
zapovednoe_podlemorye,other,
PortNews_ru,other,
nvdchk,other,
Posrednik_News,other,
nadyaotto_home,other,
PostanyukV,other,
zaraznow,other,
DimaMakuper,other,
vladimirlukan,other,
nvodolaga,other,
nabchelny_crazy,other,
petropavlovskKam_sobitie,other,
nvrskadm,other,
openbelgorod,other,
o14rf,other,
Pro_Analitika,other,
vladbmw530public,other,
DianaDeleva,other,
zasekinru,other,
Polit_tgtop,other,
nadym_region,other,
GargaOfficial,other,
vnizgolovoi,other,
zapKMTM,other,
Payshanbaliklar_N1,other,
Ekaterinburg_cult,other,
namvilhok,other,
vodokanalSMR,other,
vodka_babi_patefon,other,
vodavdnr,other,
Penza_podslushal,other,
nsk54_official,other,
voblack,other,
namhorosho,other,
Perm_crazy,other,
namechtala_tyt,other,
namanganim24,other,
EgovKzBot2_01,other,
pertsevisthere,other,
Petrazavodsk_true,other,
PetropavlovskKamchatsky_true,other,
East_Watchman,other,
PikComfort_novoross,other,
persik00000,other,
nsk54nsk54,other,
nsk_vesna,other,
nalchiknews1,other,
personalgrowthtemmi,other,
PiterskayaBulka,other,
EKB_international,other,
nalchik_sobitie,other,
nst_itsme,other,
Dzerzhinsk_true,other,
na_kovresamolete,other,
zatonovosti,other,
Prostozotovatelega,other,
Crexcrexcrex,other,
obo_vsem_v_mire,other,
RamusicRu,other,
mysochelper,other,
oskol_novosti,other,
DUNYO_YANGILIKLARI_UZBEKISTON,other,
viralload,other,
zekyiv2019,other,
violetta_chikovani,other,
zel_official,other,
RedLine1917,other,
Red_Cross_Cherkasy,other,
RedmansKitchenOfficial,other,
ReinerLive,other,
pingvinovairina,other,
RightKey,other,
na_dne_nayki,other,
RobbReport,other,
RocketWolfOwo,other,
ClosET_iPhone,other,
viluchinsk_live,other,
villageua,other,
Rogachuk,other,
mycity_Moscow,other,
myakinino_park,other,
my_tat,other,
piskenthayoti,other,
viksiandmoms,other,
my_nevinnomyssk,other,
Chuv_today,other,
viki_europaplus,other,
mysredainfo,other,
R_4an,other,
RSGOVArmenia,other,
zeigarnikeffect,other,
pgfam,other,
Pskov_true,other,
opa_da_squad,other,
vizovvremeni,other,
o25rf,other,
n4z4v0d,other,
vizekb1,other,
viwaaa,other,
o64rf,other,
o_donetsk,other,
DeminNikitka,other,
Putin_V_V,other,
onlydevua,other,
mzefirov,other,
Deep_Karelia,other,
Day_Zed,other,
philipp_o7,other,
myunpublished,other,
Pyatigorsk_sobitie,other,
mytnycyatapodatkova,other,
QResMinistrlerKenesi,other,
DaryaPinzar86,other,
mytishchi_sluh,other,
Qashqadaryo_Chiroqchi_Koson,other,
o_zanko,other,
D_of_P72,other,
vit_prof,other,
DV_Sablin,other,
oblomoffspb,other,
operator_mcs,other,
PavelAvdokushyn,other,
nrromanova,other,
voskresensk_today,other,
oprichninks23,other,
FreshKarta,other,
pavlograd_dopomoga,other,
NizhegorodskyDyatel,other,
Nizhnekamsk_crazy,other,
necodernotes,other,
FranceProvence,other,
Nizhnekamsk_sobitie,other,
ne_propaganda,other,
ndnews,other,
votegd,other,
pbikni,other,
vostochnoe_butovo_uk,other,
Felix_Dz,other,
NizniyNovgorod_cult,other,
nauhub,other,
Noginsk_true,other,
voskanapat,other,
novostiorenburga56,other,
nazaccent,other,
vorukh22,other,
vorsobin,other,
vorsin_alexey,other,
voroshilov_dm,other,
navoiy_kanaluz,other,
FanslyFromGinger,other,
pospikasya,other,
navimaga,other,
zakharevich_igor,other,
FSBRyazan,other,
zagrant,other,
Nik_lalife,other,
nedaleko,other,
zagranju_21,other,
Namanganim_Bugun,other,
vse_skidki_wb,other,
NarodnayaRyazan,other,
Narpay_tuman_hokimligi,other,
Nastavnik_vbiznes,other,
NataliaKox,other,
nesteliza,other,
novostiinstagram777,other,
neomarazm,other,
partyofthedead,other,
neneboga,other,
GPMofficial,other,
nemeromska,other,
nemchinovkairomashkovo,other,
zabuldiga3000,other,
optyumen,other,
patrolpolicesumy,other,
nekolchak,other,
Nevrotique,other,
NewFBK,other,
NewVatutinki_Official,other,
negr_7775,other,
neemaign,other,
pavelbagryancev,other,
GORBACHEVAGORBACHEVA,other,
zaeelo,other,
nedostoverkin,other,
pavelvereshagin,other,
vpainer,other,
nauinformal,other,
Novomoskovskiy_moscow,other,
narthorius,other,
Orenburg_peace,other,
novostnik_sng,other,
Olyashop13,other,
volkdays,other,
zamon_zamontv_markaziytv,other,
Omsk_tg_crazy,other,
Omsk_true,other,
peredelkinostyle,other,
nasozhidaut,other,
zamonuz,other,
peregluppilovka,other,
nasos51,other,
Orel_peace,other,
nashi_ne_serie_budni,other,
Orenburg_inside,other,
Orenburg_podslushal,other,
nauchan_news,other,
Orenburg_true,other,
zampolitnews,other,
OsariaAllyeidSpeak,other,
pereulokmatveeva,other,
PJournalist,other,
voikovs,other,
PPDKRSK24,other,
nrjrussia,other,
Electrocable,other,
voiceofisengard,other,
nashaniva,other,
nash_Varshavsky,other,
Parshoota,other,
nascharussia,other,
volkovajs,other,
nastyajackson2,other,
ErikArutunov,other,
OleksandrMenzul,other,
zaklad4ikvzone,other,
Novosibirsk_inside,other,
natsionalKharkiv,other,
natpodolskaya,other,
pel_video,other,
EvteevVlad,other,
opolzenzhittya,other,
Novosti_SanktPeterburga,other,
novostivRussia,other,
volshebstvo_vkysno,other,
OURKRD,other,
EvgeniyGorbunovER,other,
EurointegrationUA,other,
volrada,other,
Obninsk_true,other,
volosyankov_nik,other,
volokolamskiigo,other,
zaksru,other,
Observers_Notes,other,
October_true,other,
Odessa_polit,other,
penza_manwithhorse,other,
OldBoyTelegram,other,
natali_mommy2,other,
zakulisye,other,
novostnews,other,
volnybel,other,
penzaonline1,other,
Essentuki_true,other,
Novokraskovo,other,
ikko42,other,
akcent_ag,other,
smstrel,other,
rk11_YK,other,
eterehova,other,
katerimodel,other,
estlatlitv,other,
katerina_pivovarova,other,
esaultalk,other,
smshvets,other,
katerockstyle,other,
kateclapp_tg,other,
smys_live,other,
katiamargolisvenezia,other,
katienotes,other,
riverpark_life,other,
katya_na_laite_lifehack,other,
katyabuslovalife,other,
erkrasnoyarsk,other,
etogrenka,other,
etoyana,other,
katyagorod7,other,
smart_courses_me,other,
kartanarusheniy,other,
evgrafov_today,other,
evgof,other,
evgenysova,other,
slyx_mrn,other,
kartelega,other,
robert_magyar,other,
kartoshka_Frei,other,
rklichuk,other,
road2china,other,
smarteka2you,other,
eveliinushka,other,
rmtg_official,other,
euromag_ru,other,
eugenesagaz_official,other,
smila2022,other,
eraa_ays,other,
sng_perm,other,
ekonomika_tochka,other,
eleonoraji,other,
social_mos_news,other,
elizaveta_anikhovskaya_tg,other,
elifolen,other,
elfianchannel,other,
kehhshakakeshovna,other,
socnovosti,other,
elevatorist,other,
elenpudova,other,
richdeenews,other,
elenaraytman,other,
elena_ercheva_blog,other,
kemprokuratura,other,
elektrostal_shchelkovo,other,
kentstandoff2,other,
soliha_ayollarga,other,
electionelection,other,
elizavetagerson,other,
ellenvaiiio,other,
er_lipetsk,other,
sobakov,other,
er_59,other,
snklive,other,
eptitmedia,other,
epanchintsev,other,
enzeshkaperm,other,
katyaillustrator,other,
enterengineeringpteltd,other,
katyasvami,other,
rigel_news,other,
soboleva_invest,other,
engels_sluh,other,
rikanime,other,
energylandinfo,other,
kaukasianmimino,other,
emcmo,other,
kavkaz_pravda_official,other,
evrazpeople,other,
slutskgorodby,other,
evropakipr,other,
skazburlaka,other,
siuzannadaily,other,
kaliningradka1931,other,
floristikanaiznanky,other,
flights2russia,other,
flashpoint_news,other,
kaluzhskaya,other,
flaffyxandbaby,other,
roobelayarus,other,
situaciavukraine,other,
roo_soi,other,
kamchatskymacho,other,
skipetrrf,other,
first_lady_nikolaeva,other,
firsov_e,other,
films74,other,
feya_skidok,other,
rosich_admin,other,
fond_khamovniki,other,
evvolynkin,other,
fotovyatka,other,
freedom_square,other,
free_navalny_ivanovo,other,
fredstoydaeveryday,other,
kadavrcontent,other,
sindeeva_news,other,
kadinew,other,
fpgasystems_events,other,
kadyrovaonline,other,
foodkyiv,other,
fotoblog_vdk,other,
kak_na_samom_to_dele,other,
rosmolodezgrants,other,
forexbiblioteka,other,
forelperm59,other,
foodyallen,other,
foodonfoot,other,
ferberstas,other,
skrebeykoru,other,
kanalnekiy,other,
extra_vaganza,other,
sleepylife,other,
slepobrag,other,
karnava1l,other,
faktorinfo,other,
fakefact_30,other,
fadzaev,other,
factonim,other,
exspress58,other,
fengshuy,other,
slobodaua,other,
slonimvteme,other,
exler_blog_rss,other,
exitpool2021,other,
exilemusic13,other,
slowlearner,other,
ex_regnum,other,
kargokult,other,
fanflegions,other,
fanslyfromcorgi,other,
karaylystal,other,
feminizm_power,other,
romauvarov,other,
kanevskayaofficial,other,
romanstepanov1,other,
sladkaya_mom,other,
kapeshkaa,other,
romanovblog,other,
karamba_channel,other,
fayzboguz,other,
slavamarlow,other,
romanianpasscom,other,
fasrussia,other,
karantindneprr,other,
karaulpodcast,other,
fashionchain,other,
kgk_oficial,other,
ekbadministration,other,
freepeople2021,other,
komazenok058,other,
komarova_ugra,other,
dmlixxx,other,
dmitryvekshito,other,
dmitryspace_code,other,
dmitry_komarov,other,
dmitriseredin,other,
standknife,other,
komi_7x7,other,
ssonicdashh,other,
djonotes,other,
starayagazeta,other,
komissr,other,
djidareal,other,
diyor24uz,other,
starshijpodomu,other,
start_team21,other,
kolos_vladimir,other,
sso103ovdbr,other,
starukhofficial,other,
remarkidiletanta,other,
sputnik_kgz_main,other,
klassmarket,other,
klikklaktg,other,
klimanovaelena,other,
rentinNewYork,other,
klunyaka,other,
kmvlive_info,other,
srbizaruse,other,
dniprohistory,other,
doclorsanov95,other,
dockahrimanova,other,
knitshopru,other,
dobry,other,
dobrodeevv,other,
srs_knu,other,
kolisnichenko_kate,other,
divanews_peace,other,
discovery_favorites,other,
ekazan,other,
kopvtm,other,
komsorgi,other,
koomaroovaa,other,
reddep,other,
stomahin,other,
devkivbane,other,
stop_msk,other,
koptevo_voykovskaya,other,
desertwitch,other,
komsomolrf,other,
derbloknot,other,
derberart,other,
stopfake_kz,other,
derbentmy_24,other,
redaktorka,other,
deputat_bratsk,other,
storiesofdarkside,other,
stolichnye_polyany,other,
kompromatkz,other,
komitesha,other,
dilalara753,other,
dinablin,other,
region33vladimir,other,
dimani_blog,other,
dima_lavrutov,other,
kommersant_siberia,other,
stavropolye_vibe,other,
stavugli,other,
dikiye_crew,other,
stng_info,other,
dikiidanik,other,
kommersantrf,other,
kommersantufa,other,
digitalfan,other,
digital_kharkiv,other,
reforma_uz,other,
diapazon_1,other,
sputnik_global,other,
reporter_dnepr,other,
kitilampa,other,
khiva_city_press,other,
edroirk,other,
edinstvo_adygeisk,other,
souzdobrovolets,other,
ecoplatform,other,
sovbez95,other,
sovest_09,other,
economist_kg,other,
eco_system_vo,other,
eduardboyakov,other,
khromovasonya,other,
khvtv,other,
e_grishkovets,other,
dzyannica_shchuchin,other,
dzubavictor,other,
dzharakhov1,other,
dzhaku,other,
revolution50,other,
kherson_Donbas,other,
domodedovonline,other,
sorokaanua,other,
ein_fruhling_2,other,
kharkiv_it_news_and_events,other,
rgn_34,other,
egorletov,other,
egorikvtg,other,
egor_beroev,other,
egoizlego,other,
rf200_now88,other,
eeguard,other,
sorokin_le,other,
sosedi60,other,
sosedi_ekaterinburg,other,
sosedi_kaliningrad,other,
rezonans_media,other,
rezkaya1,other,
efremenkovvvva,other,
dzhabrakadabra,other,
spaceoddity2018,other,
dzertv,other,
republikbavaria,other,
kirienko_inspiration,other,
drugoigorod,other,
spiryakov,other,
spiter_live,other,
drimchukov,other,
rerecursion,other,
dreamaero,other,
spoliaalchat,other,
dz_heze,other,
dopomoga_hungary,other,
sportsuspilne,other,
dontgivepapaya,other,
kitchenlaba,other,
donsdan,other,
donetsknovyny,other,
don_blond,other,
dsns_poltava_syrena,other,
dtarankaaaa,other,
dtp_nn,other,
kireevtoday,other,
retailers_ua,other,
kievnovosty,other,
kinanebudet,other,
spb_one,other,
dunyo_uz,other,
spb_vesna,other,
dunichev_as,other,
spbchp78,other,
spbformat,other,
kineshmaspeckor,other,
respublica_crimea,other,
resptatar,other,
spbpogoda,other,
dubrovin8,other,
dtulinov,other,
simona_chernomorskaya,other,
freepivovarov,other,
akhbarefori,other,
sashaicetg,other,
ruslanzagolovatskiy,other,
hahadetkaa,other,
sasa_musol,other,
instrukcia24,other,
integrydkina,other,
internallykursk,other,
gxpnews,other,
rusijavesti,other,
hannover_help,other,
gurievskonline,other,
internetboss_invest,other,
internews_uz,other,
gunblog,other,
gumvd63,other,
interstellar,other,
guarapskypisar,other,
hannakapitanova,other,
rusleto,other,
invadernow,other,
hear_me_sanya,other,
innashakti,other,
innawho,other,
hello_astrakhan,other,
heliman86,other,
insidermap,other,
helicopterreview,other,
helgametamorphos,other,
healthpravda,other,
instabro,other,
saratovlovee,other,
hd4ppl,other,
haydovchilar_uz,other,
has_magomed,other,
sardanuvdumu,other,
harlamov_tg,other,
hardgabar,other,
gtrk_vladimir,other,
gromko7,other,
gorvodokanal54,other,
govorit_tashkent,other,
irinulyaka,other,
gre4kainfo,other,
grandmothershouse,other,
irkdrin,other,
gradusosetii,other,
govoritogu,other,
sechenovs,other,
irkutsk,other,
green_park_MoyDom,other,
sekktor,other,
governmentru,other,
ironloqica,other,
gothstyle_blya,other,
gosha_from_the_block,other,
isaakovsky,other,
selteyev_view,other,
scripiSapi,other,
scourier,other,
savely_vl_tg,other,
gregjgeek,other,
ipustira,other,
iramaryasova,other,
iravan1747,other,
rusbrief_moscow,other,
grigorevgd75,other,
rusarminfo,other,
gregor_zamza,other,
greenpark09,other,
greendriver,other,
greenlegs,other,
rus_med,other,
greenlads,other,
schelkovo_inform,other,
schizoidcorner,other,
schoolnko,other,
irinamyagkov,other,
innafory,other,
hellopolya,other,
inlvivinua,other,
s4illimati,other,
iamskripka,other,
rzd_rzd,other,
ilinskie_luga_YK,other,
iamgodfitness,other,
i_think_uz,other,
russkaja_matica,other,
i_polit,other,
i_jivotnovodstvo,other,
ibarabanch,other,
s_grad_2019,other,
s_permyakova,other,
illusioscope,other,
sadigpoke,other,
imameev,other,
hvatitvrat,other,
safarblog,other,
iamstrannikov,other,
ibnyusupov,other,
inkorr_n,other,
idrak_m,other,
russkydigital,other,
ihatecakes,other,
ikpk59,other,
igoryakovenko,other,
iksrf66,other,
igor_titenkov,other,
ignazbearth,other,
ideya_ye,other,
ryazangov,other,
iksrf74,other,
ict2go,other,
ruwhisper,other,
ruza_today,other,
rvpolitics,other,
ilia_makar,other,
icceeeberg,other,
safinmaxim,other,
inaktaukz,other,
hurozvozlar,other,
infoxvodokanal,other,
hladenko,other,
historynights,other,
hirurgnw,other,
hiphop_shopUz,other,
samburskayan,other,
infotaxme,other,
samnewbuild,other,
samokish,other,
russianfuture,other,
heykatetg,other,
hetmuloqot,other,
samvest,other,
herson_respublika,other,
ingushetiaaa,other,
henrykissfig,other,
helpinireland,other,
information_zvenigorodka,other,
informK,other,
infofilatov_lug,other,
homelandch,other,
incidentbratsk,other,
russianchurch,other,
hsc_gov_ua,other,
howtohelpp,other,
russian_press,other,
salaevaalla,other,
hotnews_peace,other,
salavat_sobitie,other,
indiaanalytics,other,
salibekovafree,other,
salkovmedia,other,
hookahbraine,other,
info_izi,other,
honestpeople_by,other,
info_ss_ds,other,
ruler_pasha,other,
gorshkov_love,other,
freeyanandalex,other,
shnliine,other,
jekakasatkin,other,
jerryheil,other,
gazpromtransgazsaratov,other,
shkolnikov_andrey,other,
gazpromdobychayamburgofficial,other,
shmaromoi,other,
shmelinayausadba,other,
rostrans,other,
gelendzhiknews,other,
gazovikinfo,other,
gazety_v_seti,other,
shortnews56,other,
gazetauz_uzb,other,
gazetaschk,other,
shov_shuvUZ,other,
gazetakemerovo,other,
gelendzhik,other,
shippollino,other,
shoxrux,other,
ghitelaht30,other,
shastoonchannel,other,
gibdd07,other,
shch_anna,other,
shchelkovo,other,
j0kerru,other,
jaadukiichadi0000,other,
jaanikaelife,other,
jannet0207,other,
rotten_v,other,
rovnonovosty,other,
java_interview_tasks,other,
germanskiy_ed,other,
gercberggrabli,other,
rov_s_krokodilom,other,
georgvlive,other,
geoinfonews,other,
john_tomsky_official,other,
gazetaMirt,other,
semenovatut,other,
frontend_engineer_blog,other,
rostmeo,other,
julicosmo,other,
sibirskiivoobragulium,other,
jullboom1,other,
julya_puh,other,
jung_masha,other,
juntax,other,
juventus_zone,other,
gaaale,other,
sieklahti,other,
front_404,other,
fromarcticwithlove,other,
from_venus,other,
frololina,other,
rosreestrinfo,other,
silavpravde125,other,
g_live,other,
gaahmo,other,
johnlegostaev,other,
rostov_donnews,other,
rostovhandball,other,
garnaviation,other,
judgenovikov,other,
ganushchyn,other,
shtabkrsk,other,
gan_islam,other,
games_kazan,other,
shtrihdog,other,
gaevfox,other,
rostourism,other,
galina_barabanova,other,
shumilkazakadrom,other,
galabob_telegram,other,
gal_uskakal,other,
gafaroveric,other,
shvedovaLife,other,
gilevich_channel,other,
izida05,other,
rsinyagovskij,other,
goodtosha,other,
serhiy_hayday,other,
rudovanatalove,other,
israeltzahal,other,
gornyakonline,other,
gornostaevd,other,
gorenie_admina,other,
istinovaa,other,
goodrussianschannel,other,
sergonews,other,
goodobjection,other,
istomin_chef,other,
goodmorningvietnaam,other,
goodforhealth,other,
sevastopol_world,other,
goodalcoholic,other,
istorii_kyky,other,
gorod_st_oskol,other,
rudysayuki,other,
izbirkom40,other,
gorodnebesit,other,
rukuprilozhil,other,
rukumelka,other,
rukazna,other,
ruh666_channel,other,
gorodulanude,other,
gorodplustv,other,
ishkovka,other,
gorodnaladone,other,
ruenergy,other,
gorodmv,other,
ishtixonovozi,other,
serejapussydestroyer,other,
gorodelista08,other,
gorodcnua,other,
israel24info,other,
gorodbratsk,other,
rubizhne_1896,other,
golos_ukr,other,
severniy_adm_moscow,other,
glagol38,other,
glebgrinfeld,other,
ivanzaichenko,other,
glavindex,other,
shahrisabz_shahar_hokimligi,other,
shahti_sluh,other,
glasnarod,other,
rsppnews,other,
ivkolive,other,
istra360,other,
gkpress,other,
iwantmorecoffee,other,
shaltay_kchr,other,
gizhi,other,
girrlloverfam,other,
shaposhnikov_vorkuta,other,
girnykDnUa,other,
glebnikitin_nn,other,
rtc_live,other,
sfrf_95,other,
sfr_ri,other,
it3online,other,
golos_kbr,other,
it_iz_tinder,other,
it_oper,other,
itdoesntmeanwhatyouthink,other,
gnskg,other,
ivan_abramov_standup,other,
sevsaltovka5,other,
glukozamusic,other,
sevstory,other,
ivanhuracan,other,
ivanna_balak,other,
sexmoneylight,other,
seychas_kg,other,
sfr_moskva_i_moskovskayaoblast,other,
korcosru,other,
storymother,other,
stoyakin_v,other,
product_weekdays,other,
proektkino,other,
autosportcomru,other,
aurenchik,other,
aunkeretg,other,
auditgov,other,
atypical_dalnegorsk,other,
producttoday,other,
astsev,other,
avemeliodas_tg,other,
astropolitolog,other,
lizagaitsgroyy,other,
astjakovaleva,other,
lizonnnnn,other,
asskorbinka,other,
asperxmusic,other,
asmrmood1,other,
avdeev_o_vazhnom,other,
profibeer,other,
lluiko,other,
lisagoncharova,other,
babaycalls,other,
b56bug,other,
azerbaycan62,other,
azattyq,other,
projectorsha,other,
projectorpress,other,
projectorperevertailo,other,
ayaznal,other,
tomaefremova,other,
lisandrinaaa,other,
avretouchinglab,other,
avonri_a,other,
progulkipoobninsku,other,
avonmugis,other,
lissamedia,other,
averbukh_ilya,other,
llizaaleksseevna,other,
asalanemesis,other,
luchi_official_uk,other,
lovennov,other,
armavir_sobitie,other,
pro_mossab,other,
trash_channel1,other,
love_new_york,other,
pro_krivoy_rog,other,
traumafactoryy,other,
arina_gonchar,other,
tretiyreich,other,
pro_segodnya,other,
archi71,other,
lro_bobruisk,other,
lubereckii,other,
arapovgk,other,
tricolortv_official,other,
lubertsy_park_uk,other,
trilopati,other,
armenianstories,other,
pro_sk_ru,other,
tot_iam_jeanmichel,other,
artemov_security,other,
arutv,other,
proamurskru,other,
artykovbatyr,other,
arturtruman,other,
artovpishet,other,
artmine,other,
town62,other,
artem_rakhmeev_notes,other,
armycyberukr,other,
locus_equation,other,
artabout,other,
arsenmarkarian,other,
arsenkanokov,other,
arsdvatri,other,
armytatarstan,other,
tradeforaII,other,
linnawin,other,
linadzhebisashviliofficial,other,
bairachnyi,other,
belaseit,other,
thomasmr4zzz,other,
liberal_XXI,other,
libermantranslate,other,
belgorod_best,other,
belgorod01help,other,
belenergo,other,
tihiibiznes,other,
belarusy_zarubezhja,other,
thisisnative,other,
protest_krasnodar,other,
timaischetsvet,other,
belarusseichas,other,
belaruspolls,other,
belaruski_chas,other,
protambov,other,
prosvetlennaya,other,
protokol_band,other,
this_usa,other,
bakaidov,other,
berlinem,other,
betvc_voice,other,
leylameshkovaa,other,
bes_censor,other,
themackers,other,
prozektura,other,
bershad_sos,other,
lezgigazet1,other,
provizordidenko,other,
prototrankov,other,
belynichinews,other,
beltinova,other,
liashko_official,other,
belozerskoye,other,
belousov_andrei,other,
belogorsklife,other,
belogaifedor,other,
life_aurora,other,
timurchicago,other,
belarus_abc,other,
bananatomato,other,
barjayborbana,other,
tipmal1402,other,
baptisthistory,other,
promokodi_yandex_market,other,
ligapm,other,
lightMoscow,other,
prokuraturatmo,other,
tkremen,other,
prosodia,other,
lightmycire,other,
prokrt,other,
balistyka,other,
baldfrombrowser,other,
balashover,other,
prokrdru,other,
prokopyevsk_sluh,other,
lifesokolova,other,
bashmedia,other,
bashwhat,other,
tipichnyi_vladimir,other,
bel_lemon,other,
bekitzer,other,
begunini_blog,other,
tip_berezniki,other,
begovoy_sokol,other,
tipgants,other,
life_in_sweden,other,
lifekarina,other,
beatbarenboim,other,
bbtrussia,other,
bbcuzbek,other,
bazhenowLife,other,
bayraktar_javelin_ua,other,
batyaorekhovchannel,other,
batya_rastyajki,other,
lublinsky_park_uk,other,
apsny_ru,other,
kordons_ukraine,other,
marketingai,other,
alknvlife,other,
tvavrora,other,
pravda_na_telege,other,
pravda_alert,other,
tverdream,other,
alinaumax,other,
tviib,other,
alibekovkz,other,
alkula1,other,
pramayademokratia,other,
alfedovgroup,other,
pqntc1,other,
markovatlt,other,
ppr_cards,other,
tvoiakomsa,other,
alexeenko_alena,other,
alksnis,other,
tv_budennovsk,other,
tvoyats,other,
manshuq,other,
turtkulhokim_uz,other,
altanahaowa,other,
altaikrai,other,
manifestinua,other,
pravding,other,
alokot,other,
tutkpvi,other,
maory_pups,other,
marginalgay,other,
almorozn,other,
almetyevskcity,other,
mapsua,other,
alltimeru,other,
allleriass,other,
allamjonov_ki,other,
all_about_photo,other,
ppilif_chanel,other,
alexandrnaporko,other,
tro229,other,
max_bondofficial,other,
alarmukraine,other,
typical_kzn,other,
matanove_zno,other,
matveybezdar,other,
alania_gov,other,
al_vysotskiy,other,
aktivnye_LP,other,
aksinia_blognews,other,
alena_energizer,other,
maxim2004live,other,
akropub,other,
maximtoury,other,
typoanapa,other,
maxmarmazh,other,
akimat09,other,
akhojanazarov,other,
potrebliay,other,
alena_goldina,other,
tvoyi_muziki,other,
twixi_twins,other,
alexandracrimea,other,
tvrm10,other,
alexanderagri,other,
masha51,other,
masha_on_tour,other,
mashapashuk,other,
tvugresha,other,
twizzru,other,
massmediauz,other,
twotalkgirls,other,
powermani,other,
maslov_as,other,
alenaetoalena,other,
tyl_22,other,
tymoshenko_kyrylo,other,
tyoplystan,other,
manfromsib,other,
manevichsquare,other,
manarenewal,other,
antiUSSR,other,
antinarkotik_sk,other,
m4kx1m2OO3,other,
maccins,other,
truepolitsib,other,
madaniyatvazirligi,other,
antigost_true,other,
antifake_samara,other,
anonim_kb,other,
prim_kriminal,other,
annybakhireva_official,other,
annsemenovich,other,
annisi,other,
madsecurity,other,
madworkdays,other,
anna_ustyuzhanina,other,
anna_jane,other,
truemisha,other,
truemamed,other,
pravitelstvo_kchr,other,
anya_mama1,other,
lusaban,other,
troickiy_moscow,other,
troitsk_channel,other,
troitsk_city,other,
apasov_ua,other,
anyuta_rai_channel,other,
luzhniki_life,other,
lviv_vakansii,other,
truelaputin,other,
lvivoblenergo,other,
true_tavrika,other,
anutti_doctor,other,
anunakiNLO,other,
lyalechkareal,other,
lyubertsy_life,other,
anton_bogoslavich,other,
prigorod_novosti,other,
anna_donbass,other,
truvoganmr,other,
amursiespasateli,other,
anasstashya,other,
tuapsevesti,other,
mamalapatundeley,other,
anaparegionnews,other,
mamavera92,other,
mamayavtoronto,other,
amurvolny,other,
amina_alarm_bot,other,
prifopfo,other,
amerikanec046,other,
ambrusfrance,other,
tumenka,other,
tunduk_kg,other,
mamina_nezhnost,other,
mamkini_budni,other,
alyonashvetsz,other,
ttepllotta,other,
pressadomodedovo,other,
anasteisha,other,
andijon_bugun,other,
anita_ssss,other,
animenews_web,other,
tsarevnablog,other,
andreyzaytsev_ggo,other,
magomedov_mus,other,
andreyflor,other,
andrey_funt,other,
main_aerodrome,other,
ijustwannaphil,other,
andrew_kots,other,
pressuzb,other,
tsoylitalife,other,
makhachkala_01,other,
andijonv,other,
andijonaxborotmakoni,other,
prudisimon,other,
lexa_sniper,other,
bgtodays,other,
kryuq,other,
krvchkwar,other,
krymskij,other,
churapchinsky,other,
svobodasmi,other,
chumaaaaaaa,other,
chuguyiv911,other,
chuguevskayadmin,other,
ramblerway,other,
sviblovo_babushkinskaya,other,
ksanabol,other,
chrezvychaino,other,
ksenia_shoigu,other,
kseniyavostrikova,other,
chpmsk,other,
radutg,other,
chp_sevastopol_82,other,
chystoslivja,other,
cikrossii,other,
chp_chechenya,other,
kropotkintv,other,
kristychaaaaaa,other,
sv_lj,other,
coldmannvox,other,
coffiYT,other,
svbezdenezhnykh,other,
krolikmun,other,
sveta_alexx,other,
krsel,other,
circuslove,other,
svetaihappy,other,
cmblog,other,
svetloeutro_Olga,other,
kruzhochkii,other,
cloveri,other,
citysakhru,other,
citilink_official,other,
raduntseva,other,
svrgnpub,other,
pryamiy,other,
taganrogonline,other,
tactical_13,other,
chelnynews,other,
cheh_artur23,other,
chefirru,other,
kuzbassofficial,other,
checkyourall,other,
chebotarevlife,other,
che_yar,other,
cheremooshki,other,
taglitfamily,other,
taigapost,other,
kwonvyacheslav,other,
taisia_sss,other,
chaltyr_online,other,
cgrushcm,other,
kyiv_pro_office,other,
kushugumrada,other,
radio_trufanov,other,
ksu_gladysheva,other,
chichardio,other,
swedenofficial,other,
ksuksu_life1,other,
sychewa,other,
chistyj_istochnik,other,
kubanec,other,
kubanoid_news,other,
china_insider,other,
ABGMTEANEWS,other,
cherkasy_rada,other,
chesnok33,other,
chervenby,other,
system108,other,
chernyicooperative,other,
syzran_sluh,other,
chernobaevka,other,
cherkesbogotov,other,
commerage,other,
rassledovaniya_news,other,
krispitdk,other,
studentbureau,other,
data_new_gold,other,
strnews_online,other,
strogeeno,other,
kostitg,other,
kostroma_news_media,other,
kotelniki_moscow,other,
kotovskRU,other,
darkprapor,other,
dataarm,other,
kovrov_sobitie,other,
dariabondar,other,
darakchi,other,
kozhemiakoofficial,other,
danyaromanov1,other,
danila_gorilla,other,
subforcherald,other,
strimsuka,other,
kostanaynews,other,
ratmirmavliev,other,
koshiokrug,other,
denderty_channel,other,
rebyesod,other,
strana_turma,other,
korgoliev_k,other,
korrespondent_news,other,
delakrasnoyarsk,other,
realspaininsideout,other,
kosmatenochka,other,
stretch_nadya,other,
realnewsmaker,other,
deatshow,other,
deaddyrat,other,
ddma_official,other,
daysofbers,other,
realknp,other,
stremobzorTG,other,
subnazar,other,
kozqarass,other,
sudarchnl,other,
kreidapishet,other,
susaninudm,other,
sushkovainna,other,
curlypishke,other,
cuprumpete,other,
kravchulia,other,
suspilne_eurovision_ukraine,other,
cudnews,other,
krekshino,other,
danchoooos,other,
cryptaplatonica,other,
crisispr,other,
kremenkop,other,
crimea_onlinee,other,
crazzzydaisssy,other,
raya_rogozina,other,
cp_pab,other,
cvdev,other,
cvk_news,other,
krasnokamensk_75,other,
cyber_csd,other,
danache,other,
damir_fattakhov,other,
daily_rozhok,other,
kprfaltay,other,
kpsaratov,other,
dadyboris,other,
kraftmuesli,other,
d_boykov,other,
krapkakrapka,other,
sun_smile_s,other,
kraskrai,other,
super_mamocka,other,
superagronomcom,other,
cyprusnews,other,
cyberfront_ua,other,
center_msp,other,
kyiv_to_day,other,
kyivpatrol,other,
bogdee,other,
pulatov_kh,other,
lenadexter,other,
terebovlya_city,other,
bolshegruz40rus,other,
lenny_kravets_INFP,other,
bogorodskoe_news,other,
pubs_and_bars,other,
bogdandevisu,other,
bondmerche,other,
bodyasaur69,other,
boburakmalov,other,
terobupt,other,
bobruisknews,other,
bobrmr,other,
terzdrsm,other,
tesak_all_videos,other,
bondartss,other,
bookandroll,other,
leaksff,other,
pustie_dni,other,
leekei28,other,
braslavonline,other,
brai_sa,other,
telegamera,other,
bpsnews,other,
boyars7,other,
boyarovayulya,other,
legalexecutives,other,
lena_ashnina_live,other,
pushnoypro,other,
borshtatiana,other,
borshagivka_online,other,
legend24tv,other,
borodina_blog,other,
temamonaco,other,
bookfairyyyy,other,
ptrkkz,other,
bluganews,other,
bluepillar,other,
lesonaval,other,
the_nesya,other,
bknovosti,other,
bjork_hookah,other,
pskov_sluh,other,
lerakryuk,other,
thearseny,other,
leruinisays,other,
lesyayellow,other,
ptichka_news,other,
letniysad_info,other,
bionic_russia,other,
levlevitsky_channel,other,
levoborin,other,
bigmirnetofficial,other,
thedise,other,
prytulafoundation,other,
pskov_sobitie,other,
lera_tumanova,other,
blackmamba_psy,other,
the_bakiroo,other,
lenta_rf,other,
lentadna,other,
text_ura,other,
tezkor24_xabarla,other,
bloknot_samara,other,
tezkor_uz_yangiliklar,other,
psychostory,other,
blogeruzofficial,other,
blogded,other,
blogMarreti,other,
bleynar_channel,other,
leontyev_ilya,other,
theEuropeanUnion,other,
blacksmolensk,other,
the_Right_People,other,
telega_slame,other,
teleg_Taganski,other,
r0xieee,other,
bw_mir,other,
qonandoylex,other,
qiziltepa_hokimligi,other,
bydeanon,other,
byauthervstihah,other,
by_pit_stop,other,
by_dashalaw,other,
bwlsimvol,other,
tasjoly,other,
qonundoirasidauz,other,
taskira13,other,
buzhnet,other,
butrimov,other,
qazpress_kz,other,
tatarstan_da,other,
butovak,other,
busru,other,
qonunchilikpalatasi,other,
qoqsik,other,
teleg_Basmannyi,other,
tankies,other,
tambovnews068,other,
caymanestate,other,
qurbonova_a,other,
case212,other,
cardiolognovikova,other,
tania_vlasova_virshi,other,
quqonuy_bozori,other,
kyivtopnews,other,
tapoboma,other,
quickhuntik,other,
cabarasia,other,
tanya_velsveys,other,
tanyadobri,other,
tanyajpg,other,
cab_24,other,
qqwelj,other,
tatiLIFE16,other,
tatianamelnik777,other,
qazaqbrokz,other,
tec_peresvet1,other,
landscrona33,other,
lankarra,other,
brovarytoday,other,
teamerlin,other,
lapuliklas,other,
brokefc,other,
lavrant,other,
putin_peace,other,
kz_press,other,
le_fortovo,other,
brest38sso,other,
breathemoscow,other,
breakingteam,other,
breakingmadme,other,
breaking_vtv,other,
brdvzp,other,
tcneglinnaya,other,
tcellpublic,other,
pvouz,other,
lana_home,other,
lada_pro_online,other,
tatneft_telegram,other,
bumermedia,other,
tatparkinfo,other,
bulvarBaku,other,
pwnewsnet,other,
bulavkavshoke,other,
bukazoed_channel,other,
buhonlineru,other,
buhani,other,
taxivmoskve,other,
buh_mcfr,other,
pvruBunker,other,
budniby,other,
bubblegunshownews,other,
andrey_burenok,other,
